{
  "distribution" : {
    "1" : 3,
    "2" : 108,
    "3" : 394,
    "4" : 677,
    "5" : 969,
    "6" : 1051,
    "7" : 1099,
    "8" : 1029,
    "9" : 1088,
    "10" : 886,
    "11" : 766,
    "12" : 682,
    "13" : 607,
    "14" : 449,
    "15" : 437,
    "16" : 407,
    "17" : 302,
    "18" : 268,
    "19" : 221,
    "20" : 177,
    "21" : 162,
    "22" : 110,
    "23" : 109,
    "24" : 106,
    "25" : 84,
    "26" : 56,
    "27" : 62,
    "28" : 59,
    "29" : 31,
    "30" : 48,
    "31" : 20,
    "32" : 18,
    "33" : 13,
    "34" : 18,
    "35" : 16,
    "36" : 14,
    "37" : 10,
    "38" : 6,
    "39" : 4,
    "40" : 5,
    "42" : 4,
    "43" : 3,
    "44" : 2,
    "46" : 1,
    "47" : 3,
    "48" : 2,
    "49" : 1,
    "50" : 1,
    "51" : 1,
    "52" : 1,
    "53" : 2,
    "58" : 1
  },
  "mean" : 10.860875089335345,
  "stdDev" : 6.217917997324455
}