{
  "distribution" : {
    "2" : 8,
    "3" : 41,
    "4" : 170,
    "5" : 342,
    "6" : 533,
    "7" : 637,
    "8" : 710,
    "9" : 796,
    "10" : 745,
    "11" : 730,
    "12" : 680,
    "13" : 623,
    "14" : 568,
    "15" : 513,
    "16" : 465,
    "17" : 436,
    "18" : 366,
    "19" : 302,
    "20" : 288,
    "21" : 255,
    "22" : 219,
    "23" : 160,
    "24" : 146,
    "25" : 136,
    "26" : 124,
    "27" : 100,
    "28" : 80,
    "29" : 72,
    "30" : 59,
    "31" : 59,
    "32" : 43,
    "33" : 34,
    "34" : 29,
    "35" : 35,
    "36" : 22,
    "37" : 20,
    "38" : 20,
    "39" : 15,
    "40" : 17,
    "41" : 11,
    "42" : 8,
    "43" : 12,
    "44" : 5,
    "45" : 9,
    "46" : 3,
    "47" : 5,
    "48" : 7,
    "49" : 2,
    "50" : 1,
    "51" : 2,
    "52" : 2,
    "53" : 4,
    "54" : 2,
    "56" : 1,
    "57" : 3,
    "58" : 1,
    "59" : 1,
    "61" : 1,
    "66" : 1,
    "69" : 1,
    "86" : 1
  },
  "mean" : 14.059076865462035,
  "stdDev" : 7.41261023500207
}