{
  "distribution" : {
    "2" : 6,
    "3" : 51,
    "4" : 163,
    "5" : 303,
    "6" : 462,
    "7" : 601,
    "8" : 686,
    "9" : 709,
    "10" : 755,
    "11" : 740,
    "12" : 691,
    "13" : 661,
    "14" : 575,
    "15" : 522,
    "16" : 501,
    "17" : 445,
    "18" : 358,
    "19" : 319,
    "20" : 295,
    "21" : 231,
    "22" : 199,
    "23" : 187,
    "24" : 136,
    "25" : 123,
    "26" : 109,
    "27" : 132,
    "28" : 81,
    "29" : 79,
    "30" : 69,
    "31" : 58,
    "32" : 40,
    "33" : 48,
    "34" : 28,
    "35" : 30,
    "36" : 22,
    "37" : 20,
    "38" : 23,
    "39" : 16,
    "40" : 10,
    "41" : 16,
    "42" : 12,
    "43" : 9,
    "44" : 5,
    "45" : 10,
    "46" : 6,
    "47" : 4,
    "48" : 4,
    "49" : 5,
    "50" : 5,
    "51" : 4,
    "52" : 1,
    "53" : 2,
    "54" : 3,
    "55" : 1,
    "56" : 1,
    "57" : 2,
    "58" : 1,
    "59" : 3,
    "60" : 1,
    "61" : 1,
    "63" : 2,
    "64" : 1,
    "69" : 1
  },
  "mean" : 14.299225245653817,
  "stdDev" : 7.505425632996451
}