{
  "distribution" : {
    "3" : 3,
    "4" : 23,
    "5" : 55,
    "6" : 99,
    "7" : 167,
    "8" : 276,
    "9" : 319,
    "10" : 418,
    "11" : 438,
    "12" : 506,
    "13" : 535,
    "14" : 513,
    "15" : 551,
    "16" : 480,
    "17" : 502,
    "18" : 393,
    "19" : 391,
    "20" : 395,
    "21" : 364,
    "22" : 324,
    "23" : 304,
    "24" : 282,
    "25" : 232,
    "26" : 268,
    "27" : 220,
    "28" : 166,
    "29" : 166,
    "30" : 164,
    "31" : 134,
    "32" : 135,
    "33" : 133,
    "34" : 100,
    "35" : 98,
    "36" : 89,
    "37" : 99,
    "38" : 47,
    "39" : 48,
    "40" : 53,
    "41" : 37,
    "42" : 43,
    "43" : 44,
    "44" : 42,
    "45" : 34,
    "46" : 35,
    "47" : 34,
    "48" : 17,
    "49" : 18,
    "50" : 20,
    "51" : 21,
    "52" : 8,
    "53" : 14,
    "54" : 8,
    "55" : 15,
    "56" : 10,
    "57" : 4,
    "58" : 9,
    "59" : 8,
    "60" : 5,
    "61" : 2,
    "62" : 9,
    "63" : 1,
    "64" : 4,
    "65" : 3,
    "66" : 2,
    "67" : 5,
    "68" : 3,
    "69" : 1,
    "70" : 1,
    "71" : 3,
    "72" : 2,
    "73" : 2,
    "74" : 2,
    "75" : 4,
    "76" : 1,
    "79" : 1,
    "80" : 1,
    "82" : 1,
    "84" : 1
  },
  "mean" : 20.13948820873056,
  "stdDev" : 10.256838743326828
}