{
  "distribution" : {
    "2" : 7,
    "3" : 64,
    "4" : 239,
    "5" : 450,
    "6" : 615,
    "7" : 747,
    "8" : 845,
    "9" : 815,
    "10" : 812,
    "11" : 746,
    "12" : 659,
    "13" : 641,
    "14" : 575,
    "15" : 462,
    "16" : 425,
    "17" : 392,
    "18" : 320,
    "19" : 259,
    "20" : 225,
    "21" : 186,
    "22" : 170,
    "23" : 146,
    "24" : 111,
    "25" : 109,
    "26" : 76,
    "27" : 72,
    "28" : 47,
    "29" : 58,
    "30" : 42,
    "31" : 47,
    "32" : 42,
    "33" : 23,
    "34" : 15,
    "35" : 24,
    "36" : 12,
    "37" : 15,
    "38" : 9,
    "39" : 5,
    "40" : 7,
    "41" : 8,
    "42" : 11,
    "43" : 9,
    "44" : 4,
    "45" : 2,
    "46" : 1,
    "47" : 2,
    "48" : 1,
    "49" : 3,
    "50" : 3,
    "51" : 3,
    "52" : 1,
    "54" : 3,
    "58" : 1,
    "59" : 1,
    "60" : 1,
    "62" : 1,
    "77" : 1
  },
  "mean" : 12.91523178807947,
  "stdDev" : 6.77452754468506
}