{
  "distribution" : {
    "3" : 6,
    "4" : 4,
    "5" : 28,
    "6" : 71,
    "7" : 130,
    "8" : 184,
    "9" : 273,
    "10" : 322,
    "11" : 354,
    "12" : 418,
    "13" : 416,
    "14" : 455,
    "15" : 473,
    "16" : 440,
    "17" : 490,
    "18" : 434,
    "19" : 444,
    "20" : 415,
    "21" : 374,
    "22" : 338,
    "23" : 339,
    "24" : 301,
    "25" : 278,
    "26" : 280,
    "27" : 269,
    "28" : 249,
    "29" : 204,
    "30" : 209,
    "31" : 175,
    "32" : 176,
    "33" : 160,
    "34" : 119,
    "35" : 133,
    "36" : 118,
    "37" : 116,
    "38" : 102,
    "39" : 74,
    "40" : 75,
    "41" : 56,
    "42" : 55,
    "43" : 53,
    "44" : 48,
    "45" : 59,
    "46" : 51,
    "47" : 47,
    "48" : 44,
    "49" : 34,
    "50" : 35,
    "51" : 26,
    "52" : 23,
    "53" : 24,
    "54" : 15,
    "55" : 19,
    "56" : 20,
    "57" : 13,
    "58" : 24,
    "59" : 19,
    "60" : 9,
    "61" : 14,
    "62" : 7,
    "63" : 8,
    "64" : 5,
    "65" : 7,
    "66" : 9,
    "67" : 6,
    "68" : 5,
    "69" : 5,
    "70" : 4,
    "71" : 5,
    "72" : 6,
    "73" : 1,
    "75" : 3,
    "77" : 1,
    "78" : 3,
    "79" : 2,
    "80" : 2,
    "81" : 1,
    "82" : 2,
    "85" : 2,
    "89" : 2,
    "91" : 2,
    "93" : 1,
    "94" : 2,
    "95" : 2
  },
  "mean" : 22.533294221179233,
  "stdDev" : 11.626393715804575
}