{
  "distribution" : {
    "2" : 14,
    "3" : 116,
    "4" : 305,
    "5" : 583,
    "6" : 759,
    "7" : 868,
    "8" : 921,
    "9" : 876,
    "10" : 856,
    "11" : 778,
    "12" : 677,
    "13" : 553,
    "14" : 509,
    "15" : 384,
    "16" : 322,
    "17" : 306,
    "18" : 243,
    "19" : 196,
    "20" : 179,
    "21" : 160,
    "22" : 112,
    "23" : 111,
    "24" : 95,
    "25" : 64,
    "26" : 66,
    "27" : 46,
    "28" : 44,
    "29" : 32,
    "30" : 26,
    "31" : 26,
    "32" : 20,
    "33" : 22,
    "34" : 9,
    "35" : 13,
    "36" : 9,
    "37" : 14,
    "38" : 10,
    "39" : 3,
    "41" : 2,
    "42" : 1,
    "43" : 1,
    "44" : 1,
    "45" : 2,
    "46" : 2,
    "47" : 1,
    "48" : 2,
    "49" : 2,
    "50" : 3,
    "51" : 1,
    "57" : 1
  },
  "mean" : 11.701237193118113,
  "stdDev" : 6.072396515038835
}