{
  "distribution" : {
    "3" : 3,
    "4" : 19,
    "5" : 59,
    "6" : 105,
    "7" : 176,
    "8" : 262,
    "9" : 269,
    "10" : 422,
    "11" : 444,
    "12" : 502,
    "13" : 487,
    "14" : 472,
    "15" : 496,
    "16" : 516,
    "17" : 471,
    "18" : 490,
    "19" : 506,
    "20" : 425,
    "21" : 384,
    "22" : 347,
    "23" : 369,
    "24" : 326,
    "25" : 268,
    "26" : 253,
    "27" : 235,
    "28" : 218,
    "29" : 199,
    "30" : 199,
    "31" : 171,
    "32" : 147,
    "33" : 126,
    "34" : 138,
    "35" : 117,
    "36" : 90,
    "37" : 93,
    "38" : 74,
    "39" : 81,
    "40" : 59,
    "41" : 66,
    "42" : 67,
    "43" : 40,
    "44" : 40,
    "45" : 45,
    "46" : 44,
    "47" : 30,
    "48" : 35,
    "49" : 27,
    "50" : 27,
    "51" : 20,
    "52" : 15,
    "53" : 17,
    "54" : 17,
    "55" : 14,
    "56" : 14,
    "57" : 15,
    "58" : 12,
    "59" : 18,
    "60" : 12,
    "61" : 6,
    "62" : 8,
    "63" : 2,
    "64" : 7,
    "65" : 5,
    "66" : 7,
    "67" : 6,
    "68" : 4,
    "69" : 4,
    "70" : 2,
    "71" : 2,
    "72" : 4,
    "73" : 5,
    "74" : 2,
    "75" : 1,
    "76" : 1,
    "77" : 1,
    "78" : 4,
    "79" : 1,
    "80" : 1,
    "81" : 1,
    "82" : 2,
    "83" : 2,
    "84" : 2,
    "85" : 1,
    "86" : 3,
    "87" : 1,
    "88" : 1,
    "90" : 1,
    "97" : 1,
    "109" : 1,
    "120" : 1
  },
  "mean" : 21.21950762894318,
  "stdDev" : 11.1896982949518
}