{
  "distribution" : {
    "2" : 10,
    "3" : 35,
    "4" : 118,
    "5" : 218,
    "6" : 389,
    "7" : 553,
    "8" : 618,
    "9" : 687,
    "10" : 697,
    "11" : 725,
    "12" : 697,
    "13" : 618,
    "14" : 538,
    "15" : 520,
    "16" : 455,
    "17" : 411,
    "18" : 364,
    "19" : 340,
    "20" : 279,
    "21" : 251,
    "22" : 232,
    "23" : 205,
    "24" : 167,
    "25" : 159,
    "26" : 116,
    "27" : 114,
    "28" : 80,
    "29" : 85,
    "30" : 80,
    "31" : 47,
    "32" : 45,
    "33" : 53,
    "34" : 29,
    "35" : 32,
    "36" : 33,
    "37" : 24,
    "38" : 21,
    "39" : 29,
    "40" : 18,
    "41" : 15,
    "42" : 13,
    "43" : 12,
    "44" : 5,
    "45" : 12,
    "46" : 2,
    "47" : 7,
    "48" : 3,
    "49" : 6,
    "50" : 3,
    "51" : 4,
    "52" : 1,
    "53" : 3,
    "54" : 1,
    "55" : 1,
    "56" : 1,
    "57" : 3,
    "58" : 3,
    "59" : 2,
    "61" : 1
  },
  "mean" : 14.803925417075565,
  "stdDev" : 7.6239664454857055
}