{
  "distribution" : {
    "2" : 2,
    "3" : 20,
    "4" : 71,
    "5" : 143,
    "6" : 266,
    "7" : 345,
    "8" : 443,
    "9" : 554,
    "10" : 587,
    "11" : 600,
    "12" : 578,
    "13" : 587,
    "14" : 616,
    "15" : 547,
    "16" : 520,
    "17" : 478,
    "18" : 415,
    "19" : 376,
    "20" : 331,
    "21" : 343,
    "22" : 273,
    "23" : 296,
    "24" : 231,
    "25" : 225,
    "26" : 197,
    "27" : 166,
    "28" : 138,
    "29" : 131,
    "30" : 126,
    "31" : 102,
    "32" : 108,
    "33" : 75,
    "34" : 75,
    "35" : 54,
    "36" : 52,
    "37" : 40,
    "38" : 42,
    "39" : 45,
    "40" : 33,
    "41" : 29,
    "42" : 27,
    "43" : 25,
    "44" : 23,
    "45" : 13,
    "46" : 16,
    "47" : 12,
    "48" : 10,
    "49" : 10,
    "50" : 9,
    "51" : 14,
    "52" : 6,
    "53" : 7,
    "54" : 8,
    "55" : 8,
    "56" : 4,
    "57" : 3,
    "58" : 3,
    "59" : 1,
    "60" : 2,
    "61" : 3,
    "63" : 3,
    "64" : 1,
    "65" : 4,
    "67" : 2,
    "69" : 1,
    "71" : 1,
    "72" : 1,
    "78" : 1,
    "81" : 1,
    "84" : 1
  },
  "mean" : 17.266793893129773,
  "stdDev" : 9.018362179778004
}