{
  "distribution" : {
    "1" : 2,
    "2" : 51,
    "3" : 216,
    "4" : 490,
    "5" : 763,
    "6" : 897,
    "7" : 1017,
    "8" : 1032,
    "9" : 884,
    "10" : 883,
    "11" : 723,
    "12" : 638,
    "13" : 565,
    "14" : 443,
    "15" : 408,
    "16" : 338,
    "17" : 270,
    "18" : 240,
    "19" : 195,
    "20" : 171,
    "21" : 131,
    "22" : 113,
    "23" : 78,
    "24" : 71,
    "25" : 63,
    "26" : 49,
    "27" : 32,
    "28" : 28,
    "29" : 31,
    "30" : 28,
    "31" : 12,
    "32" : 15,
    "33" : 12,
    "34" : 10,
    "35" : 11,
    "36" : 8,
    "37" : 4,
    "38" : 4,
    "39" : 6,
    "40" : 3,
    "41" : 3,
    "42" : 5,
    "43" : 3,
    "44" : 1,
    "45" : 1,
    "46" : 1,
    "47" : 2,
    "48" : 2,
    "50" : 1,
    "51" : 1,
    "53" : 1
  },
  "mean" : 10.917853231106243,
  "stdDev" : 5.830467106725694
}