{
  "distribution" : {
    "2" : 3,
    "3" : 10,
    "4" : 47,
    "5" : 110,
    "6" : 187,
    "7" : 278,
    "8" : 388,
    "9" : 429,
    "10" : 444,
    "11" : 560,
    "12" : 532,
    "13" : 592,
    "14" : 547,
    "15" : 563,
    "16" : 489,
    "17" : 470,
    "18" : 451,
    "19" : 404,
    "20" : 422,
    "21" : 355,
    "22" : 296,
    "23" : 307,
    "24" : 281,
    "25" : 236,
    "26" : 188,
    "27" : 189,
    "28" : 180,
    "29" : 159,
    "30" : 154,
    "31" : 118,
    "32" : 119,
    "33" : 107,
    "34" : 117,
    "35" : 83,
    "36" : 80,
    "37" : 63,
    "38" : 64,
    "39" : 51,
    "40" : 45,
    "41" : 34,
    "42" : 35,
    "43" : 40,
    "44" : 31,
    "45" : 21,
    "46" : 21,
    "47" : 17,
    "48" : 14,
    "49" : 11,
    "50" : 22,
    "51" : 13,
    "52" : 5,
    "53" : 10,
    "54" : 7,
    "55" : 6,
    "56" : 7,
    "57" : 2,
    "58" : 4,
    "59" : 5,
    "60" : 4,
    "61" : 3,
    "62" : 3,
    "63" : 5,
    "64" : 3,
    "66" : 1,
    "67" : 2,
    "68" : 1,
    "69" : 1,
    "70" : 1,
    "71" : 1,
    "72" : 2,
    "73" : 2,
    "74" : 1,
    "75" : 1,
    "76" : 1,
    "77" : 1,
    "78" : 2,
    "79" : 1,
    "80" : 1,
    "109" : 1,
    "127" : 1
  },
  "mean" : 18.713821449053718,
  "stdDev" : 9.765177052256274
}