{
  "distribution" : {
    "2" : 3,
    "3" : 20,
    "4" : 114,
    "5" : 233,
    "6" : 336,
    "7" : 502,
    "8" : 598,
    "9" : 670,
    "10" : 708,
    "11" : 697,
    "12" : 715,
    "13" : 635,
    "14" : 599,
    "15" : 502,
    "16" : 495,
    "17" : 397,
    "18" : 393,
    "19" : 314,
    "20" : 328,
    "21" : 264,
    "22" : 227,
    "23" : 193,
    "24" : 211,
    "25" : 152,
    "26" : 134,
    "27" : 113,
    "28" : 101,
    "29" : 101,
    "30" : 86,
    "31" : 60,
    "32" : 60,
    "33" : 49,
    "34" : 61,
    "35" : 33,
    "36" : 36,
    "37" : 31,
    "38" : 27,
    "39" : 19,
    "40" : 21,
    "41" : 22,
    "42" : 13,
    "43" : 19,
    "44" : 8,
    "45" : 12,
    "46" : 8,
    "47" : 5,
    "48" : 7,
    "49" : 3,
    "50" : 7,
    "51" : 4,
    "52" : 3,
    "53" : 3,
    "54" : 1,
    "57" : 5,
    "58" : 1,
    "59" : 1,
    "60" : 1,
    "62" : 2,
    "64" : 1,
    "66" : 1,
    "70" : 1,
    "72" : 1
  },
  "mean" : 15.261020545963152,
  "stdDev" : 7.9279365613652955
}