{
  "distribution" : {
    "3" : 6,
    "4" : 26,
    "5" : 59,
    "6" : 136,
    "7" : 199,
    "8" : 307,
    "9" : 345,
    "10" : 391,
    "11" : 469,
    "12" : 496,
    "13" : 538,
    "14" : 508,
    "15" : 516,
    "16" : 513,
    "17" : 500,
    "18" : 484,
    "19" : 448,
    "20" : 399,
    "21" : 374,
    "22" : 365,
    "23" : 313,
    "24" : 269,
    "25" : 283,
    "26" : 243,
    "27" : 221,
    "28" : 193,
    "29" : 166,
    "30" : 165,
    "31" : 143,
    "32" : 114,
    "33" : 137,
    "34" : 102,
    "35" : 96,
    "36" : 98,
    "37" : 70,
    "38" : 65,
    "39" : 74,
    "40" : 56,
    "41" : 45,
    "42" : 45,
    "43" : 46,
    "44" : 42,
    "45" : 45,
    "46" : 40,
    "47" : 16,
    "48" : 23,
    "49" : 18,
    "50" : 19,
    "51" : 20,
    "52" : 19,
    "53" : 13,
    "54" : 14,
    "55" : 15,
    "56" : 12,
    "57" : 8,
    "58" : 9,
    "59" : 9,
    "60" : 6,
    "61" : 3,
    "62" : 6,
    "63" : 1,
    "64" : 5,
    "65" : 4,
    "66" : 2,
    "67" : 2,
    "68" : 1,
    "69" : 5,
    "71" : 2,
    "72" : 1,
    "73" : 3,
    "74" : 2,
    "75" : 1,
    "76" : 1,
    "77" : 4,
    "79" : 2,
    "81" : 1,
    "82" : 1,
    "84" : 1,
    "85" : 1,
    "86" : 1,
    "92" : 1,
    "98" : 1,
    "123" : 1
  },
  "mean" : 20.176470588235293,
  "stdDev" : 10.500161353314562
}