{
  "distribution" : {
    "3" : 5,
    "4" : 27,
    "5" : 37,
    "6" : 101,
    "7" : 135,
    "8" : 192,
    "9" : 277,
    "10" : 352,
    "11" : 440,
    "12" : 434,
    "13" : 497,
    "14" : 499,
    "15" : 506,
    "16" : 525,
    "17" : 445,
    "18" : 474,
    "19" : 417,
    "20" : 392,
    "21" : 411,
    "22" : 389,
    "23" : 329,
    "24" : 316,
    "25" : 283,
    "26" : 267,
    "27" : 235,
    "28" : 214,
    "29" : 206,
    "30" : 173,
    "31" : 195,
    "32" : 191,
    "33" : 147,
    "34" : 137,
    "35" : 148,
    "36" : 113,
    "37" : 102,
    "38" : 85,
    "39" : 92,
    "40" : 90,
    "41" : 70,
    "42" : 69,
    "43" : 51,
    "44" : 57,
    "45" : 63,
    "46" : 47,
    "47" : 32,
    "48" : 25,
    "49" : 32,
    "50" : 35,
    "51" : 24,
    "52" : 23,
    "53" : 23,
    "54" : 17,
    "55" : 18,
    "56" : 18,
    "57" : 12,
    "58" : 20,
    "59" : 8,
    "60" : 8,
    "61" : 8,
    "62" : 7,
    "63" : 10,
    "64" : 5,
    "65" : 8,
    "66" : 7,
    "67" : 5,
    "68" : 5,
    "69" : 4,
    "70" : 3,
    "71" : 5,
    "72" : 2,
    "73" : 7,
    "74" : 1,
    "75" : 2,
    "76" : 5,
    "77" : 4,
    "78" : 2,
    "79" : 2,
    "81" : 3,
    "82" : 3,
    "83" : 2,
    "86" : 1,
    "87" : 1,
    "89" : 1,
    "90" : 1,
    "92" : 1,
    "95" : 1,
    "96" : 1,
    "98" : 1,
    "101" : 2,
    "104" : 1
  },
  "mean" : 22.03749647589512,
  "stdDev" : 11.598215926561569
}