{
  "distribution" : {
    "3" : 4,
    "4" : 24,
    "5" : 57,
    "6" : 127,
    "7" : 201,
    "8" : 283,
    "9" : 343,
    "10" : 431,
    "11" : 440,
    "12" : 474,
    "13" : 509,
    "14" : 577,
    "15" : 517,
    "16" : 529,
    "17" : 490,
    "18" : 450,
    "19" : 430,
    "20" : 426,
    "21" : 378,
    "22" : 365,
    "23" : 314,
    "24" : 286,
    "25" : 280,
    "26" : 215,
    "27" : 216,
    "28" : 210,
    "29" : 166,
    "30" : 166,
    "31" : 156,
    "32" : 142,
    "33" : 123,
    "34" : 126,
    "35" : 122,
    "36" : 107,
    "37" : 92,
    "38" : 80,
    "39" : 74,
    "40" : 64,
    "41" : 52,
    "42" : 51,
    "43" : 44,
    "44" : 30,
    "45" : 37,
    "46" : 32,
    "47" : 30,
    "48" : 23,
    "49" : 20,
    "50" : 19,
    "51" : 30,
    "52" : 17,
    "53" : 19,
    "54" : 14,
    "55" : 9,
    "56" : 16,
    "57" : 6,
    "58" : 8,
    "59" : 7,
    "60" : 5,
    "61" : 7,
    "62" : 9,
    "63" : 7,
    "64" : 4,
    "65" : 3,
    "66" : 4,
    "67" : 6,
    "68" : 2,
    "69" : 3,
    "70" : 1,
    "71" : 2,
    "72" : 4,
    "73" : 3,
    "74" : 3,
    "75" : 1,
    "76" : 2,
    "77" : 1,
    "78" : 1,
    "80" : 1,
    "81" : 2,
    "84" : 1,
    "85" : 2,
    "86" : 1,
    "87" : 1,
    "96" : 1,
    "98" : 1,
    "101" : 1
  },
  "mean" : 20.49890860776312,
  "stdDev" : 10.735951413690238
}