{
  "distribution" : {
    "3" : 5,
    "4" : 16,
    "5" : 64,
    "6" : 109,
    "7" : 209,
    "8" : 299,
    "9" : 352,
    "10" : 443,
    "11" : 456,
    "12" : 496,
    "13" : 549,
    "14" : 532,
    "15" : 503,
    "16" : 525,
    "17" : 470,
    "18" : 462,
    "19" : 439,
    "20" : 404,
    "21" : 368,
    "22" : 328,
    "23" : 298,
    "24" : 257,
    "25" : 244,
    "26" : 251,
    "27" : 224,
    "28" : 210,
    "29" : 170,
    "30" : 144,
    "31" : 150,
    "32" : 103,
    "33" : 128,
    "34" : 81,
    "35" : 97,
    "36" : 95,
    "37" : 63,
    "38" : 71,
    "39" : 72,
    "40" : 50,
    "41" : 50,
    "42" : 49,
    "43" : 49,
    "44" : 32,
    "45" : 31,
    "46" : 33,
    "47" : 21,
    "48" : 27,
    "49" : 17,
    "50" : 21,
    "51" : 16,
    "52" : 15,
    "53" : 13,
    "54" : 16,
    "55" : 15,
    "56" : 11,
    "57" : 4,
    "58" : 8,
    "59" : 1,
    "60" : 3,
    "61" : 7,
    "62" : 5,
    "63" : 5,
    "64" : 2,
    "66" : 6,
    "67" : 2,
    "68" : 2,
    "69" : 1,
    "71" : 2,
    "72" : 1,
    "73" : 1,
    "74" : 3,
    "75" : 2,
    "76" : 1,
    "78" : 1,
    "84" : 2,
    "85" : 3,
    "89" : 1,
    "92" : 1,
    "93" : 1,
    "94" : 1
  },
  "mean" : 19.945102260495155,
  "stdDev" : 10.286102046881636
}