{
  "distribution" : {
    "3" : 13,
    "4" : 46,
    "5" : 91,
    "6" : 172,
    "7" : 243,
    "8" : 370,
    "9" : 410,
    "10" : 453,
    "11" : 528,
    "12" : 527,
    "13" : 553,
    "14" : 544,
    "15" : 523,
    "16" : 515,
    "17" : 502,
    "18" : 471,
    "19" : 407,
    "20" : 417,
    "21" : 345,
    "22" : 379,
    "23" : 278,
    "24" : 256,
    "25" : 230,
    "26" : 223,
    "27" : 196,
    "28" : 190,
    "29" : 165,
    "30" : 158,
    "31" : 147,
    "32" : 122,
    "33" : 108,
    "34" : 87,
    "35" : 92,
    "36" : 74,
    "37" : 67,
    "38" : 67,
    "39" : 50,
    "40" : 51,
    "41" : 40,
    "42" : 31,
    "43" : 39,
    "44" : 22,
    "45" : 35,
    "46" : 19,
    "47" : 30,
    "48" : 23,
    "49" : 19,
    "50" : 16,
    "51" : 14,
    "52" : 11,
    "53" : 10,
    "54" : 9,
    "55" : 4,
    "56" : 10,
    "57" : 11,
    "58" : 3,
    "59" : 6,
    "60" : 8,
    "61" : 3,
    "62" : 4,
    "63" : 3,
    "64" : 2,
    "65" : 3,
    "66" : 4,
    "67" : 1,
    "68" : 5,
    "69" : 1,
    "71" : 2,
    "72" : 2,
    "73" : 1,
    "75" : 4,
    "77" : 1,
    "82" : 1,
    "84" : 1,
    "85" : 2,
    "89" : 1
  },
  "mean" : 19.122146881864197,
  "stdDev" : 9.982988271880036
}