{
  "distribution" : {
    "2" : 1,
    "3" : 6,
    "4" : 59,
    "5" : 147,
    "6" : 253,
    "7" : 380,
    "8" : 527,
    "9" : 564,
    "10" : 619,
    "11" : 635,
    "12" : 595,
    "13" : 594,
    "14" : 558,
    "15" : 556,
    "16" : 508,
    "17" : 457,
    "18" : 416,
    "19" : 386,
    "20" : 337,
    "21" : 300,
    "22" : 271,
    "23" : 258,
    "24" : 251,
    "25" : 172,
    "26" : 164,
    "27" : 140,
    "28" : 125,
    "29" : 105,
    "30" : 104,
    "31" : 87,
    "32" : 63,
    "33" : 77,
    "34" : 59,
    "35" : 52,
    "36" : 60,
    "37" : 40,
    "38" : 34,
    "39" : 36,
    "40" : 36,
    "41" : 24,
    "42" : 19,
    "43" : 18,
    "44" : 14,
    "45" : 18,
    "46" : 10,
    "47" : 13,
    "48" : 10,
    "49" : 8,
    "50" : 8,
    "51" : 2,
    "52" : 5,
    "53" : 6,
    "54" : 6,
    "55" : 5,
    "56" : 5,
    "57" : 1,
    "58" : 3,
    "59" : 6,
    "60" : 2,
    "61" : 1,
    "62" : 3,
    "63" : 1,
    "66" : 1,
    "70" : 1,
    "83" : 1,
    "85" : 1
  },
  "mean" : 16.66637323943662,
  "stdDev" : 8.597496838320891
}