{
  "distribution" : {
    "2" : 2,
    "3" : 24,
    "4" : 104,
    "5" : 194,
    "6" : 340,
    "7" : 474,
    "8" : 606,
    "9" : 693,
    "10" : 699,
    "11" : 673,
    "12" : 663,
    "13" : 611,
    "14" : 531,
    "15" : 518,
    "16" : 500,
    "17" : 448,
    "18" : 401,
    "19" : 326,
    "20" : 292,
    "21" : 280,
    "22" : 242,
    "23" : 210,
    "24" : 182,
    "25" : 170,
    "26" : 151,
    "27" : 129,
    "28" : 114,
    "29" : 91,
    "30" : 83,
    "31" : 64,
    "32" : 66,
    "33" : 54,
    "34" : 34,
    "35" : 35,
    "36" : 43,
    "37" : 34,
    "38" : 27,
    "39" : 27,
    "40" : 17,
    "41" : 14,
    "42" : 17,
    "43" : 10,
    "44" : 15,
    "45" : 6,
    "46" : 7,
    "47" : 7,
    "48" : 11,
    "49" : 5,
    "50" : 6,
    "51" : 4,
    "52" : 1,
    "53" : 2,
    "54" : 3,
    "55" : 2,
    "56" : 2,
    "57" : 2,
    "58" : 2,
    "59" : 1,
    "60" : 1,
    "62" : 1,
    "64" : 1,
    "66" : 1,
    "70" : 1,
    "73" : 1,
    "75" : 1
  },
  "mean" : 15.409887115609186,
  "stdDev" : 7.970087358559563
}