{
  "distribution" : {
    "2" : 5,
    "3" : 43,
    "4" : 130,
    "5" : 307,
    "6" : 425,
    "7" : 585,
    "8" : 723,
    "9" : 764,
    "10" : 730,
    "11" : 698,
    "12" : 651,
    "13" : 636,
    "14" : 582,
    "15" : 481,
    "16" : 501,
    "17" : 388,
    "18" : 354,
    "19" : 315,
    "20" : 249,
    "21" : 209,
    "22" : 199,
    "23" : 152,
    "24" : 162,
    "25" : 137,
    "26" : 112,
    "27" : 77,
    "28" : 81,
    "29" : 74,
    "30" : 60,
    "31" : 44,
    "32" : 39,
    "33" : 32,
    "34" : 23,
    "35" : 23,
    "36" : 20,
    "37" : 21,
    "38" : 23,
    "39" : 19,
    "40" : 12,
    "41" : 9,
    "42" : 11,
    "43" : 3,
    "44" : 9,
    "45" : 5,
    "46" : 4,
    "47" : 2,
    "48" : 9,
    "49" : 1,
    "50" : 4,
    "51" : 2,
    "52" : 2,
    "53" : 2,
    "54" : 1,
    "55" : 2,
    "56" : 1,
    "57" : 1,
    "58" : 1,
    "59" : 2,
    "63" : 1,
    "65" : 1
  },
  "mean" : 14.069298159267644,
  "stdDev" : 7.23492120680403
}