{
  "distribution" : {
    "4" : 18,
    "5" : 42,
    "6" : 80,
    "7" : 148,
    "8" : 205,
    "9" : 259,
    "10" : 342,
    "11" : 354,
    "12" : 419,
    "13" : 467,
    "14" : 444,
    "15" : 496,
    "16" : 504,
    "17" : 453,
    "18" : 434,
    "19" : 419,
    "20" : 395,
    "21" : 377,
    "22" : 385,
    "23" : 326,
    "24" : 309,
    "25" : 272,
    "26" : 278,
    "27" : 276,
    "28" : 228,
    "29" : 192,
    "30" : 192,
    "31" : 181,
    "32" : 153,
    "33" : 178,
    "34" : 113,
    "35" : 134,
    "36" : 134,
    "37" : 117,
    "38" : 102,
    "39" : 95,
    "40" : 83,
    "41" : 67,
    "42" : 66,
    "43" : 51,
    "44" : 60,
    "45" : 54,
    "46" : 41,
    "47" : 39,
    "48" : 41,
    "49" : 32,
    "50" : 22,
    "51" : 21,
    "52" : 23,
    "53" : 24,
    "54" : 15,
    "55" : 16,
    "56" : 9,
    "57" : 20,
    "58" : 12,
    "59" : 11,
    "60" : 11,
    "61" : 7,
    "62" : 10,
    "63" : 14,
    "64" : 9,
    "65" : 7,
    "66" : 6,
    "67" : 8,
    "68" : 6,
    "69" : 2,
    "70" : 4,
    "71" : 3,
    "72" : 2,
    "73" : 7,
    "74" : 3,
    "75" : 3,
    "77" : 1,
    "78" : 5,
    "79" : 2,
    "80" : 4,
    "84" : 1,
    "85" : 1,
    "86" : 2,
    "87" : 1,
    "88" : 2,
    "92" : 2,
    "95" : 1,
    "96" : 2
  },
  "mean" : 22.291288390960016,
  "stdDev" : 11.572788698106661
}