{
  "distribution" : {
    "2" : 3,
    "3" : 8,
    "4" : 37,
    "5" : 92,
    "6" : 195,
    "7" : 304,
    "8" : 379,
    "9" : 441,
    "10" : 500,
    "11" : 530,
    "12" : 590,
    "13" : 600,
    "14" : 540,
    "15" : 542,
    "16" : 530,
    "17" : 461,
    "18" : 444,
    "19" : 382,
    "20" : 362,
    "21" : 369,
    "22" : 336,
    "23" : 276,
    "24" : 245,
    "25" : 243,
    "26" : 221,
    "27" : 188,
    "28" : 199,
    "29" : 158,
    "30" : 146,
    "31" : 127,
    "32" : 112,
    "33" : 76,
    "34" : 100,
    "35" : 73,
    "36" : 67,
    "37" : 57,
    "38" : 55,
    "39" : 54,
    "40" : 50,
    "41" : 29,
    "42" : 22,
    "43" : 33,
    "44" : 26,
    "45" : 28,
    "46" : 27,
    "47" : 12,
    "48" : 13,
    "49" : 16,
    "50" : 13,
    "51" : 14,
    "52" : 13,
    "53" : 10,
    "54" : 9,
    "55" : 7,
    "56" : 9,
    "57" : 4,
    "58" : 8,
    "59" : 7,
    "60" : 2,
    "61" : 4,
    "62" : 3,
    "64" : 4,
    "65" : 1,
    "66" : 5,
    "67" : 3,
    "71" : 1,
    "74" : 3,
    "75" : 2,
    "78" : 1,
    "81" : 2,
    "84" : 1,
    "93" : 1
  },
  "mean" : 18.52345323741007,
  "stdDev" : 9.648655736894701
}