{
  "distribution" : {
    "3" : 10,
    "4" : 38,
    "5" : 114,
    "6" : 182,
    "7" : 254,
    "8" : 409,
    "9" : 438,
    "10" : 519,
    "11" : 572,
    "12" : 580,
    "13" : 608,
    "14" : 534,
    "15" : 556,
    "16" : 513,
    "17" : 526,
    "18" : 481,
    "19" : 421,
    "20" : 393,
    "21" : 353,
    "22" : 290,
    "23" : 286,
    "24" : 250,
    "25" : 212,
    "26" : 207,
    "27" : 185,
    "28" : 170,
    "29" : 139,
    "30" : 141,
    "31" : 106,
    "32" : 110,
    "33" : 99,
    "34" : 92,
    "35" : 78,
    "36" : 64,
    "37" : 57,
    "38" : 49,
    "39" : 39,
    "40" : 53,
    "41" : 41,
    "42" : 46,
    "43" : 35,
    "44" : 26,
    "45" : 23,
    "46" : 23,
    "47" : 30,
    "48" : 19,
    "49" : 13,
    "50" : 19,
    "51" : 12,
    "52" : 8,
    "53" : 15,
    "54" : 8,
    "55" : 9,
    "56" : 7,
    "57" : 6,
    "58" : 5,
    "59" : 5,
    "60" : 6,
    "61" : 1,
    "62" : 4,
    "63" : 4,
    "65" : 4,
    "66" : 3,
    "68" : 1,
    "69" : 2,
    "70" : 1,
    "72" : 2,
    "78" : 1,
    "79" : 3,
    "97" : 1
  },
  "mean" : 18.468747026924174,
  "stdDev" : 9.659943499362695
}