{
  "distribution" : {
    "3" : 3,
    "4" : 14,
    "5" : 42,
    "6" : 99,
    "7" : 158,
    "8" : 228,
    "9" : 298,
    "10" : 346,
    "11" : 377,
    "12" : 469,
    "13" : 482,
    "14" : 495,
    "15" : 527,
    "16" : 472,
    "17" : 495,
    "18" : 446,
    "19" : 422,
    "20" : 395,
    "21" : 397,
    "22" : 366,
    "23" : 340,
    "24" : 297,
    "25" : 281,
    "26" : 262,
    "27" : 278,
    "28" : 212,
    "29" : 201,
    "30" : 181,
    "31" : 154,
    "32" : 141,
    "33" : 136,
    "34" : 143,
    "35" : 113,
    "36" : 128,
    "37" : 107,
    "38" : 102,
    "39" : 93,
    "40" : 65,
    "41" : 80,
    "42" : 63,
    "43" : 52,
    "44" : 43,
    "45" : 51,
    "46" : 44,
    "47" : 35,
    "48" : 25,
    "49" : 25,
    "50" : 29,
    "51" : 37,
    "52" : 21,
    "53" : 14,
    "54" : 22,
    "55" : 13,
    "56" : 16,
    "57" : 24,
    "58" : 12,
    "59" : 10,
    "60" : 9,
    "61" : 12,
    "62" : 10,
    "63" : 11,
    "64" : 14,
    "65" : 3,
    "66" : 5,
    "67" : 4,
    "68" : 2,
    "69" : 4,
    "70" : 8,
    "71" : 1,
    "72" : 2,
    "73" : 2,
    "74" : 4,
    "75" : 3,
    "76" : 2,
    "77" : 2,
    "81" : 1,
    "83" : 1,
    "84" : 1,
    "85" : 2,
    "86" : 3,
    "88" : 1,
    "89" : 1,
    "90" : 1,
    "103" : 1,
    "107" : 1
  },
  "mean" : 21.780404117422798,
  "stdDev" : 11.38258536341723
}