{
  "distribution" : {
    "2" : 12,
    "3" : 89,
    "4" : 246,
    "5" : 442,
    "6" : 580,
    "7" : 705,
    "8" : 847,
    "9" : 896,
    "10" : 853,
    "11" : 782,
    "12" : 682,
    "13" : 654,
    "14" : 545,
    "15" : 549,
    "16" : 418,
    "17" : 388,
    "18" : 334,
    "19" : 305,
    "20" : 248,
    "21" : 222,
    "22" : 172,
    "23" : 151,
    "24" : 137,
    "25" : 112,
    "26" : 117,
    "27" : 86,
    "28" : 69,
    "29" : 65,
    "30" : 53,
    "31" : 44,
    "32" : 42,
    "33" : 37,
    "34" : 25,
    "35" : 32,
    "36" : 19,
    "37" : 17,
    "38" : 11,
    "39" : 14,
    "40" : 10,
    "41" : 17,
    "42" : 8,
    "43" : 7,
    "44" : 4,
    "45" : 3,
    "46" : 3,
    "47" : 3,
    "48" : 4,
    "49" : 2,
    "50" : 4,
    "51" : 2,
    "52" : 2,
    "53" : 2,
    "54" : 3,
    "56" : 1,
    "58" : 1,
    "60" : 1,
    "62" : 1,
    "66" : 1,
    "67" : 1,
    "87" : 1
  },
  "mean" : 13.281472791264326,
  "stdDev" : 7.133152669077342
}