{
  "distribution" : {
    "3" : 8,
    "4" : 53,
    "5" : 133,
    "6" : 258,
    "7" : 369,
    "8" : 484,
    "9" : 495,
    "10" : 576,
    "11" : 584,
    "12" : 620,
    "13" : 613,
    "14" : 601,
    "15" : 547,
    "16" : 528,
    "17" : 508,
    "18" : 443,
    "19" : 388,
    "20" : 319,
    "21" : 318,
    "22" : 256,
    "23" : 262,
    "24" : 244,
    "25" : 197,
    "26" : 173,
    "27" : 149,
    "28" : 138,
    "29" : 128,
    "30" : 107,
    "31" : 93,
    "32" : 78,
    "33" : 62,
    "34" : 68,
    "35" : 48,
    "36" : 47,
    "37" : 44,
    "38" : 41,
    "39" : 38,
    "40" : 35,
    "41" : 31,
    "42" : 19,
    "43" : 22,
    "44" : 23,
    "45" : 18,
    "46" : 10,
    "47" : 10,
    "48" : 5,
    "49" : 12,
    "50" : 7,
    "51" : 12,
    "52" : 6,
    "53" : 4,
    "54" : 3,
    "55" : 3,
    "56" : 6,
    "57" : 5,
    "58" : 1,
    "60" : 3,
    "61" : 3,
    "62" : 2,
    "63" : 1,
    "64" : 1,
    "65" : 1,
    "66" : 3,
    "68" : 2,
    "69" : 2,
    "70" : 1,
    "74" : 1,
    "77" : 2,
    "82" : 1,
    "91" : 1
  },
  "mean" : 17.00321199143469,
  "stdDev" : 8.79319320079086
}