{
  "distribution" : {
    "2" : 1,
    "3" : 12,
    "4" : 56,
    "5" : 149,
    "6" : 290,
    "7" : 401,
    "8" : 518,
    "9" : 622,
    "10" : 610,
    "11" : 674,
    "12" : 615,
    "13" : 642,
    "14" : 570,
    "15" : 530,
    "16" : 526,
    "17" : 448,
    "18" : 405,
    "19" : 410,
    "20" : 358,
    "21" : 301,
    "22" : 284,
    "23" : 227,
    "24" : 208,
    "25" : 179,
    "26" : 175,
    "27" : 144,
    "28" : 137,
    "29" : 111,
    "30" : 124,
    "31" : 91,
    "32" : 74,
    "33" : 82,
    "34" : 59,
    "35" : 47,
    "36" : 49,
    "37" : 40,
    "38" : 40,
    "39" : 29,
    "40" : 28,
    "41" : 35,
    "42" : 22,
    "43" : 21,
    "44" : 19,
    "45" : 19,
    "46" : 15,
    "47" : 9,
    "48" : 8,
    "49" : 11,
    "50" : 6,
    "51" : 6,
    "52" : 6,
    "53" : 2,
    "54" : 2,
    "55" : 4,
    "56" : 3,
    "57" : 2,
    "58" : 2,
    "60" : 6,
    "61" : 4,
    "62" : 3,
    "63" : 1,
    "64" : 2,
    "66" : 2,
    "68" : 1,
    "71" : 3,
    "78" : 1,
    "82" : 1
  },
  "mean" : 16.60580041976722,
  "stdDev" : 8.673850384998214
}