{
  "distribution" : {
    "3" : 4,
    "4" : 27,
    "5" : 54,
    "6" : 120,
    "7" : 164,
    "8" : 257,
    "9" : 330,
    "10" : 405,
    "11" : 444,
    "12" : 494,
    "13" : 510,
    "14" : 507,
    "15" : 537,
    "16" : 490,
    "17" : 492,
    "18" : 453,
    "19" : 412,
    "20" : 451,
    "21" : 405,
    "22" : 383,
    "23" : 332,
    "24" : 317,
    "25" : 287,
    "26" : 257,
    "27" : 210,
    "28" : 206,
    "29" : 195,
    "30" : 180,
    "31" : 169,
    "32" : 137,
    "33" : 136,
    "34" : 115,
    "35" : 106,
    "36" : 87,
    "37" : 89,
    "38" : 72,
    "39" : 71,
    "40" : 58,
    "41" : 67,
    "42" : 63,
    "43" : 56,
    "44" : 40,
    "45" : 36,
    "46" : 44,
    "47" : 32,
    "48" : 30,
    "49" : 27,
    "50" : 33,
    "51" : 16,
    "52" : 22,
    "53" : 16,
    "54" : 24,
    "55" : 8,
    "56" : 12,
    "57" : 11,
    "58" : 7,
    "59" : 11,
    "60" : 7,
    "61" : 2,
    "62" : 7,
    "63" : 7,
    "64" : 6,
    "65" : 3,
    "66" : 5,
    "67" : 5,
    "68" : 3,
    "69" : 6,
    "70" : 4,
    "71" : 2,
    "72" : 1,
    "73" : 1,
    "74" : 3,
    "75" : 2,
    "76" : 2,
    "77" : 1,
    "78" : 3,
    "79" : 2,
    "80" : 2,
    "81" : 2,
    "82" : 1,
    "83" : 1,
    "84" : 1,
    "85" : 2,
    "86" : 2,
    "88" : 1,
    "90" : 1,
    "91" : 1,
    "103" : 1,
    "105" : 1
  },
  "mean" : 20.92117669243824,
  "stdDev" : 10.992767343677324
}