{
  "distribution" : {
    "1" : 1,
    "2" : 26,
    "3" : 150,
    "4" : 366,
    "5" : 626,
    "6" : 769,
    "7" : 907,
    "8" : 976,
    "9" : 934,
    "10" : 817,
    "11" : 734,
    "12" : 703,
    "13" : 568,
    "14" : 507,
    "15" : 449,
    "16" : 351,
    "17" : 308,
    "18" : 272,
    "19" : 213,
    "20" : 179,
    "21" : 126,
    "22" : 120,
    "23" : 117,
    "24" : 95,
    "25" : 82,
    "26" : 51,
    "27" : 37,
    "28" : 57,
    "29" : 30,
    "30" : 49,
    "31" : 19,
    "32" : 18,
    "33" : 16,
    "34" : 9,
    "35" : 17,
    "36" : 9,
    "37" : 13,
    "38" : 12,
    "39" : 4,
    "40" : 6,
    "41" : 3,
    "42" : 3,
    "43" : 2,
    "44" : 6,
    "46" : 2,
    "48" : 1,
    "49" : 2,
    "52" : 1,
    "62" : 1,
    "66" : 1
  },
  "mean" : 11.647189967487227,
  "stdDev" : 6.165423866875818
}