{
  "distribution" : {
    "2" : 5,
    "3" : 42,
    "4" : 149,
    "5" : 329,
    "6" : 501,
    "7" : 663,
    "8" : 682,
    "9" : 738,
    "10" : 728,
    "11" : 749,
    "12" : 705,
    "13" : 672,
    "14" : 558,
    "15" : 486,
    "16" : 429,
    "17" : 379,
    "18" : 354,
    "19" : 273,
    "20" : 264,
    "21" : 217,
    "22" : 197,
    "23" : 169,
    "24" : 150,
    "25" : 126,
    "26" : 111,
    "27" : 79,
    "28" : 66,
    "29" : 63,
    "30" : 58,
    "31" : 41,
    "32" : 38,
    "33" : 22,
    "34" : 29,
    "35" : 26,
    "36" : 32,
    "37" : 30,
    "38" : 19,
    "39" : 16,
    "40" : 15,
    "41" : 6,
    "42" : 6,
    "43" : 6,
    "45" : 9,
    "46" : 4,
    "47" : 1,
    "48" : 4,
    "49" : 2,
    "50" : 4,
    "51" : 3,
    "52" : 2,
    "54" : 2,
    "57" : 2,
    "59" : 1,
    "60" : 2,
    "61" : 2
  },
  "mean" : 13.834599649327878,
  "stdDev" : 7.151380671893102
}