{
  "distribution" : {
    "3" : 8,
    "4" : 48,
    "5" : 100,
    "6" : 174,
    "7" : 274,
    "8" : 371,
    "9" : 484,
    "10" : 530,
    "11" : 523,
    "12" : 597,
    "13" : 558,
    "14" : 523,
    "15" : 535,
    "16" : 496,
    "17" : 482,
    "18" : 444,
    "19" : 414,
    "20" : 335,
    "21" : 352,
    "22" : 271,
    "23" : 265,
    "24" : 241,
    "25" : 214,
    "26" : 197,
    "27" : 155,
    "28" : 133,
    "29" : 133,
    "30" : 128,
    "31" : 114,
    "32" : 100,
    "33" : 82,
    "34" : 64,
    "35" : 70,
    "36" : 56,
    "37" : 48,
    "38" : 44,
    "39" : 32,
    "40" : 41,
    "41" : 23,
    "42" : 23,
    "43" : 23,
    "44" : 27,
    "45" : 17,
    "46" : 18,
    "47" : 14,
    "48" : 17,
    "49" : 11,
    "50" : 10,
    "51" : 9,
    "52" : 6,
    "53" : 4,
    "54" : 7,
    "55" : 4,
    "56" : 5,
    "57" : 6,
    "58" : 1,
    "59" : 3,
    "60" : 3,
    "61" : 7,
    "62" : 1,
    "64" : 2,
    "65" : 3,
    "69" : 1,
    "70" : 1,
    "71" : 1,
    "72" : 1,
    "73" : 1,
    "76" : 1,
    "82" : 1,
    "83" : 1
  },
  "mean" : 17.845368122977348,
  "stdDev" : 9.053466975268645
}