{
  "distribution" : {
    "2" : 7,
    "3" : 51,
    "4" : 187,
    "5" : 387,
    "6" : 538,
    "7" : 717,
    "8" : 761,
    "9" : 833,
    "10" : 788,
    "11" : 724,
    "12" : 678,
    "13" : 638,
    "14" : 580,
    "15" : 492,
    "16" : 419,
    "17" : 385,
    "18" : 347,
    "19" : 287,
    "20" : 243,
    "21" : 219,
    "22" : 172,
    "23" : 150,
    "24" : 138,
    "25" : 102,
    "26" : 98,
    "27" : 82,
    "28" : 78,
    "29" : 61,
    "30" : 36,
    "31" : 43,
    "32" : 31,
    "33" : 36,
    "34" : 29,
    "35" : 28,
    "36" : 20,
    "37" : 9,
    "38" : 16,
    "39" : 16,
    "40" : 11,
    "41" : 10,
    "42" : 17,
    "43" : 6,
    "44" : 5,
    "45" : 2,
    "46" : 6,
    "47" : 3,
    "48" : 5,
    "49" : 3,
    "50" : 1,
    "51" : 2,
    "53" : 1,
    "56" : 2,
    "59" : 1,
    "60" : 1,
    "61" : 1,
    "72" : 1
  },
  "mean" : 13.42564737242955,
  "stdDev" : 7.020162001754897
}