{
  "distribution" : {
    "3" : 20,
    "4" : 44,
    "5" : 105,
    "6" : 196,
    "7" : 319,
    "8" : 412,
    "9" : 515,
    "10" : 517,
    "11" : 612,
    "12" : 582,
    "13" : 610,
    "14" : 569,
    "15" : 543,
    "16" : 510,
    "17" : 473,
    "18" : 440,
    "19" : 397,
    "20" : 344,
    "21" : 349,
    "22" : 300,
    "23" : 288,
    "24" : 249,
    "25" : 236,
    "26" : 209,
    "27" : 173,
    "28" : 151,
    "29" : 150,
    "30" : 109,
    "31" : 114,
    "32" : 99,
    "33" : 94,
    "34" : 64,
    "35" : 69,
    "36" : 55,
    "37" : 57,
    "38" : 45,
    "39" : 45,
    "40" : 36,
    "41" : 29,
    "42" : 32,
    "43" : 28,
    "44" : 21,
    "45" : 20,
    "46" : 15,
    "47" : 18,
    "48" : 11,
    "49" : 16,
    "50" : 9,
    "51" : 9,
    "52" : 12,
    "53" : 6,
    "54" : 8,
    "55" : 7,
    "56" : 4,
    "57" : 4,
    "58" : 6,
    "59" : 2,
    "60" : 3,
    "61" : 4,
    "62" : 2,
    "63" : 3,
    "64" : 1,
    "65" : 2,
    "66" : 1,
    "67" : 1,
    "69" : 2,
    "71" : 3,
    "72" : 1,
    "74" : 2,
    "75" : 2,
    "76" : 1,
    "78" : 1,
    "79" : 1,
    "83" : 1
  },
  "mean" : 17.85127069695803,
  "stdDev" : 9.282953075075316
}