{
  "distribution" : {
    "2" : 1,
    "3" : 10,
    "4" : 39,
    "5" : 90,
    "6" : 151,
    "7" : 241,
    "8" : 378,
    "9" : 439,
    "10" : 484,
    "11" : 546,
    "12" : 588,
    "13" : 586,
    "14" : 509,
    "15" : 495,
    "16" : 517,
    "17" : 496,
    "18" : 462,
    "19" : 415,
    "20" : 357,
    "21" : 344,
    "22" : 322,
    "23" : 265,
    "24" : 238,
    "25" : 216,
    "26" : 192,
    "27" : 193,
    "28" : 168,
    "29" : 151,
    "30" : 139,
    "31" : 126,
    "32" : 99,
    "33" : 75,
    "34" : 87,
    "35" : 74,
    "36" : 55,
    "37" : 67,
    "38" : 55,
    "39" : 58,
    "40" : 38,
    "41" : 33,
    "42" : 29,
    "43" : 28,
    "44" : 19,
    "45" : 26,
    "46" : 24,
    "47" : 11,
    "48" : 19,
    "49" : 8,
    "50" : 14,
    "51" : 9,
    "52" : 11,
    "53" : 7,
    "54" : 7,
    "55" : 7,
    "56" : 6,
    "57" : 9,
    "58" : 2,
    "59" : 2,
    "60" : 1,
    "61" : 3,
    "62" : 2,
    "63" : 4,
    "64" : 3,
    "65" : 5,
    "66" : 1,
    "67" : 1,
    "68" : 2,
    "69" : 1,
    "70" : 2,
    "71" : 1,
    "73" : 2,
    "75" : 1,
    "77" : 1,
    "80" : 1,
    "83" : 1,
    "86" : 1
  },
  "mean" : 18.43167825223436,
  "stdDev" : 9.436010030474572
}