{
  "distribution" : {
    "3" : 3,
    "4" : 24,
    "5" : 46,
    "6" : 88,
    "7" : 167,
    "8" : 254,
    "9" : 288,
    "10" : 400,
    "11" : 424,
    "12" : 464,
    "13" : 523,
    "14" : 533,
    "15" : 536,
    "16" : 487,
    "17" : 452,
    "18" : 438,
    "19" : 419,
    "20" : 412,
    "21" : 366,
    "22" : 338,
    "23" : 313,
    "24" : 334,
    "25" : 264,
    "26" : 275,
    "27" : 222,
    "28" : 230,
    "29" : 210,
    "30" : 176,
    "31" : 164,
    "32" : 145,
    "33" : 150,
    "34" : 110,
    "35" : 105,
    "36" : 107,
    "37" : 90,
    "38" : 71,
    "39" : 75,
    "40" : 62,
    "41" : 58,
    "42" : 47,
    "43" : 51,
    "44" : 47,
    "45" : 31,
    "46" : 30,
    "47" : 36,
    "48" : 29,
    "49" : 23,
    "50" : 29,
    "51" : 28,
    "52" : 19,
    "53" : 16,
    "54" : 14,
    "55" : 14,
    "56" : 15,
    "57" : 9,
    "58" : 15,
    "59" : 8,
    "60" : 11,
    "61" : 5,
    "62" : 8,
    "63" : 6,
    "64" : 3,
    "65" : 2,
    "66" : 6,
    "67" : 3,
    "68" : 7,
    "69" : 6,
    "70" : 4,
    "72" : 2,
    "73" : 1,
    "74" : 2,
    "75" : 2,
    "76" : 2,
    "77" : 1,
    "79" : 2,
    "80" : 2,
    "81" : 2,
    "84" : 2,
    "85" : 1,
    "87" : 1,
    "88" : 2,
    "95" : 1,
    "106" : 1,
    "107" : 1
  },
  "mean" : 21.07280617164899,
  "stdDev" : 10.947908075415
}