{
  "distribution" : {
    "2" : 1,
    "3" : 24,
    "4" : 92,
    "5" : 271,
    "6" : 402,
    "7" : 542,
    "8" : 649,
    "9" : 725,
    "10" : 706,
    "11" : 691,
    "12" : 697,
    "13" : 642,
    "14" : 593,
    "15" : 506,
    "16" : 471,
    "17" : 442,
    "18" : 364,
    "19" : 319,
    "20" : 303,
    "21" : 267,
    "22" : 231,
    "23" : 200,
    "24" : 164,
    "25" : 151,
    "26" : 156,
    "27" : 120,
    "28" : 95,
    "29" : 74,
    "30" : 69,
    "31" : 58,
    "32" : 60,
    "33" : 55,
    "34" : 49,
    "35" : 38,
    "36" : 30,
    "37" : 27,
    "38" : 27,
    "39" : 20,
    "40" : 16,
    "41" : 15,
    "42" : 17,
    "43" : 10,
    "44" : 5,
    "45" : 10,
    "46" : 9,
    "47" : 8,
    "48" : 8,
    "49" : 6,
    "50" : 1,
    "51" : 3,
    "52" : 2,
    "53" : 6,
    "54" : 2,
    "55" : 1,
    "56" : 1,
    "57" : 1,
    "59" : 1,
    "61" : 2,
    "63" : 3,
    "64" : 2,
    "65" : 1,
    "66" : 1
  },
  "mean" : 14.945421525520933,
  "stdDev" : 7.7991947435270115
}