{
  "distribution" : {
    "2" : 4,
    "3" : 25,
    "4" : 58,
    "5" : 167,
    "6" : 263,
    "7" : 387,
    "8" : 482,
    "9" : 599,
    "10" : 627,
    "11" : 622,
    "12" : 633,
    "13" : 619,
    "14" : 590,
    "15" : 517,
    "16" : 463,
    "17" : 455,
    "18" : 444,
    "19" : 373,
    "20" : 338,
    "21" : 303,
    "22" : 265,
    "23" : 271,
    "24" : 190,
    "25" : 187,
    "26" : 171,
    "27" : 141,
    "28" : 139,
    "29" : 114,
    "30" : 90,
    "31" : 81,
    "32" : 76,
    "33" : 68,
    "34" : 58,
    "35" : 52,
    "36" : 39,
    "37" : 34,
    "38" : 34,
    "39" : 27,
    "40" : 27,
    "41" : 20,
    "42" : 19,
    "43" : 10,
    "44" : 22,
    "45" : 9,
    "46" : 11,
    "47" : 11,
    "48" : 8,
    "49" : 7,
    "50" : 5,
    "51" : 9,
    "52" : 2,
    "53" : 2,
    "54" : 4,
    "55" : 3,
    "56" : 2,
    "57" : 2,
    "58" : 3,
    "59" : 2,
    "60" : 3,
    "61" : 2,
    "62" : 4,
    "63" : 2,
    "64" : 1,
    "65" : 2,
    "67" : 1,
    "68" : 2,
    "72" : 1,
    "75" : 1,
    "77" : 1,
    "80" : 1
  },
  "mean" : 16.431161195492404,
  "stdDev" : 8.46875463400281
}