{
  "distribution" : {
    "2" : 3,
    "3" : 23,
    "4" : 70,
    "5" : 160,
    "6" : 303,
    "7" : 427,
    "8" : 511,
    "9" : 588,
    "10" : 658,
    "11" : 664,
    "12" : 655,
    "13" : 623,
    "14" : 584,
    "15" : 584,
    "16" : 497,
    "17" : 472,
    "18" : 374,
    "19" : 410,
    "20" : 357,
    "21" : 286,
    "22" : 290,
    "23" : 232,
    "24" : 219,
    "25" : 195,
    "26" : 195,
    "27" : 148,
    "28" : 145,
    "29" : 135,
    "30" : 120,
    "31" : 99,
    "32" : 75,
    "33" : 88,
    "34" : 65,
    "35" : 72,
    "36" : 48,
    "37" : 41,
    "38" : 52,
    "39" : 29,
    "40" : 39,
    "41" : 30,
    "42" : 24,
    "43" : 34,
    "44" : 21,
    "45" : 19,
    "46" : 16,
    "47" : 16,
    "48" : 11,
    "49" : 9,
    "50" : 5,
    "51" : 6,
    "52" : 9,
    "53" : 5,
    "54" : 2,
    "55" : 8,
    "56" : 2,
    "57" : 4,
    "58" : 1,
    "59" : 3,
    "60" : 3,
    "61" : 2,
    "63" : 1,
    "66" : 1,
    "67" : 2,
    "70" : 1,
    "71" : 2,
    "72" : 1,
    "76" : 1,
    "82" : 1
  },
  "mean" : 16.7615998515219,
  "stdDev" : 8.87729474280754
}