{
  "distribution" : {
    "2" : 2,
    "3" : 19,
    "4" : 68,
    "5" : 162,
    "6" : 236,
    "7" : 357,
    "8" : 459,
    "9" : 566,
    "10" : 575,
    "11" : 592,
    "12" : 616,
    "13" : 592,
    "14" : 574,
    "15" : 552,
    "16" : 514,
    "17" : 482,
    "18" : 423,
    "19" : 389,
    "20" : 368,
    "21" : 302,
    "22" : 285,
    "23" : 269,
    "24" : 240,
    "25" : 202,
    "26" : 196,
    "27" : 140,
    "28" : 142,
    "29" : 123,
    "30" : 118,
    "31" : 101,
    "32" : 91,
    "33" : 83,
    "34" : 67,
    "35" : 62,
    "36" : 46,
    "37" : 37,
    "38" : 42,
    "39" : 35,
    "40" : 38,
    "41" : 27,
    "42" : 25,
    "43" : 21,
    "44" : 17,
    "45" : 16,
    "46" : 11,
    "47" : 20,
    "48" : 9,
    "49" : 7,
    "50" : 10,
    "51" : 9,
    "52" : 10,
    "53" : 7,
    "54" : 7,
    "55" : 7,
    "56" : 2,
    "57" : 3,
    "58" : 3,
    "59" : 2,
    "60" : 2,
    "61" : 1,
    "62" : 2,
    "63" : 1,
    "64" : 1,
    "65" : 2,
    "66" : 1,
    "67" : 1,
    "68" : 2,
    "69" : 1,
    "71" : 1,
    "74" : 1,
    "82" : 1,
    "89" : 1
  },
  "mean" : 17.095998460946518,
  "stdDev" : 8.893427017252964
}