{
  "distribution" : {
    "2" : 1,
    "3" : 4,
    "4" : 16,
    "5" : 68,
    "6" : 100,
    "7" : 185,
    "8" : 241,
    "9" : 310,
    "10" : 353,
    "11" : 378,
    "12" : 431,
    "13" : 497,
    "14" : 500,
    "15" : 516,
    "16" : 496,
    "17" : 456,
    "18" : 457,
    "19" : 466,
    "20" : 409,
    "21" : 364,
    "22" : 396,
    "23" : 331,
    "24" : 315,
    "25" : 281,
    "26" : 282,
    "27" : 242,
    "28" : 212,
    "29" : 198,
    "30" : 171,
    "31" : 174,
    "32" : 161,
    "33" : 135,
    "34" : 128,
    "35" : 112,
    "36" : 111,
    "37" : 93,
    "38" : 73,
    "39" : 74,
    "40" : 62,
    "41" : 69,
    "42" : 58,
    "43" : 61,
    "44" : 39,
    "45" : 45,
    "46" : 37,
    "47" : 28,
    "48" : 27,
    "49" : 20,
    "50" : 20,
    "51" : 23,
    "52" : 23,
    "53" : 26,
    "54" : 7,
    "55" : 12,
    "56" : 14,
    "57" : 10,
    "58" : 11,
    "59" : 10,
    "60" : 7,
    "61" : 11,
    "62" : 9,
    "63" : 14,
    "64" : 5,
    "65" : 5,
    "66" : 3,
    "67" : 6,
    "68" : 3,
    "69" : 1,
    "70" : 2,
    "71" : 4,
    "72" : 2,
    "73" : 1,
    "74" : 2,
    "75" : 4,
    "76" : 3,
    "77" : 1,
    "78" : 2,
    "79" : 3,
    "80" : 1,
    "81" : 3,
    "82" : 1,
    "83" : 1,
    "85" : 1,
    "86" : 1,
    "87" : 4,
    "94" : 2,
    "100" : 1,
    "106" : 1
  },
  "mean" : 21.32002298190175,
  "stdDev" : 11.115827657707182
}