{
  "distribution" : {
    "130" : 1,
    "3" : 1,
    "4" : 9,
    "5" : 25,
    "6" : 80,
    "7" : 130,
    "8" : 213,
    "9" : 266,
    "10" : 305,
    "11" : 403,
    "12" : 402,
    "13" : 423,
    "14" : 471,
    "15" : 473,
    "16" : 472,
    "17" : 460,
    "18" : 424,
    "19" : 407,
    "20" : 434,
    "21" : 403,
    "22" : 369,
    "23" : 311,
    "24" : 323,
    "25" : 339,
    "26" : 319,
    "27" : 241,
    "28" : 213,
    "29" : 228,
    "30" : 197,
    "31" : 151,
    "32" : 124,
    "33" : 144,
    "34" : 142,
    "35" : 135,
    "36" : 123,
    "37" : 86,
    "38" : 76,
    "39" : 76,
    "40" : 88,
    "41" : 77,
    "42" : 57,
    "43" : 57,
    "44" : 54,
    "45" : 53,
    "46" : 42,
    "47" : 42,
    "48" : 28,
    "49" : 29,
    "50" : 32,
    "51" : 24,
    "52" : 21,
    "53" : 23,
    "54" : 15,
    "55" : 21,
    "56" : 22,
    "57" : 17,
    "58" : 18,
    "59" : 14,
    "60" : 12,
    "61" : 7,
    "62" : 13,
    "63" : 10,
    "64" : 4,
    "65" : 10,
    "66" : 6,
    "67" : 4,
    "68" : 6,
    "69" : 5,
    "70" : 7,
    "71" : 3,
    "72" : 4,
    "73" : 3,
    "74" : 1,
    "75" : 2,
    "76" : 2,
    "77" : 1,
    "79" : 3,
    "80" : 3,
    "82" : 1,
    "83" : 1,
    "84" : 2,
    "88" : 1,
    "89" : 1,
    "91" : 1,
    "95" : 1,
    "97" : 1,
    "105" : 1
  },
  "mean" : 22.287735388818422,
  "stdDev" : 11.511900591313122
}