{
  "distribution" : {
    "2" : 2,
    "3" : 23,
    "4" : 101,
    "5" : 195,
    "6" : 284,
    "7" : 386,
    "8" : 495,
    "9" : 592,
    "10" : 643,
    "11" : 636,
    "12" : 667,
    "13" : 600,
    "14" : 588,
    "15" : 600,
    "16" : 532,
    "17" : 483,
    "18" : 448,
    "19" : 386,
    "20" : 387,
    "21" : 348,
    "22" : 283,
    "23" : 270,
    "24" : 235,
    "25" : 171,
    "26" : 189,
    "27" : 170,
    "28" : 154,
    "29" : 127,
    "30" : 96,
    "31" : 90,
    "32" : 67,
    "33" : 78,
    "34" : 63,
    "35" : 70,
    "36" : 43,
    "37" : 47,
    "38" : 43,
    "39" : 38,
    "40" : 25,
    "41" : 27,
    "42" : 24,
    "43" : 21,
    "44" : 17,
    "45" : 20,
    "46" : 14,
    "47" : 12,
    "48" : 15,
    "49" : 7,
    "50" : 9,
    "51" : 9,
    "52" : 10,
    "53" : 3,
    "54" : 6,
    "55" : 10,
    "56" : 7,
    "57" : 2,
    "58" : 4,
    "59" : 4,
    "60" : 2,
    "61" : 1,
    "62" : 1,
    "63" : 2,
    "64" : 1,
    "65" : 4,
    "66" : 3,
    "67" : 2,
    "70" : 1,
    "71" : 1,
    "72" : 2,
    "74" : 1,
    "76" : 1,
    "85" : 1,
    "94" : 1
  },
  "mean" : 16.791009174311927,
  "stdDev" : 8.944086845706497
}