{
  "distribution" : {
    "3" : 8,
    "4" : 31,
    "5" : 104,
    "6" : 146,
    "7" : 246,
    "8" : 358,
    "9" : 422,
    "10" : 449,
    "11" : 565,
    "12" : 563,
    "13" : 557,
    "14" : 565,
    "15" : 539,
    "16" : 504,
    "17" : 504,
    "18" : 432,
    "19" : 410,
    "20" : 373,
    "21" : 361,
    "22" : 297,
    "23" : 255,
    "24" : 282,
    "25" : 261,
    "26" : 240,
    "27" : 196,
    "28" : 185,
    "29" : 169,
    "30" : 153,
    "31" : 102,
    "32" : 109,
    "33" : 91,
    "34" : 79,
    "35" : 80,
    "36" : 74,
    "37" : 71,
    "38" : 63,
    "39" : 62,
    "40" : 69,
    "41" : 34,
    "42" : 40,
    "43" : 27,
    "44" : 35,
    "45" : 28,
    "46" : 26,
    "47" : 19,
    "48" : 24,
    "49" : 15,
    "50" : 12,
    "51" : 8,
    "52" : 11,
    "53" : 8,
    "54" : 8,
    "55" : 8,
    "56" : 3,
    "57" : 1,
    "58" : 5,
    "59" : 5,
    "60" : 4,
    "61" : 7,
    "62" : 5,
    "63" : 5,
    "64" : 3,
    "65" : 3,
    "66" : 2,
    "67" : 6,
    "68" : 1,
    "69" : 1,
    "73" : 6,
    "75" : 1,
    "77" : 2,
    "78" : 1,
    "81" : 1,
    "85" : 1,
    "92" : 1
  },
  "mean" : 18.933571842970412,
  "stdDev" : 9.823268409695613
}