{
  "distribution" : {
    "2" : 2,
    "3" : 20,
    "4" : 74,
    "5" : 142,
    "6" : 218,
    "7" : 379,
    "8" : 458,
    "9" : 525,
    "10" : 579,
    "11" : 626,
    "12" : 614,
    "13" : 575,
    "14" : 632,
    "15" : 558,
    "16" : 518,
    "17" : 440,
    "18" : 448,
    "19" : 391,
    "20" : 363,
    "21" : 298,
    "22" : 246,
    "23" : 290,
    "24" : 247,
    "25" : 192,
    "26" : 162,
    "27" : 145,
    "28" : 143,
    "29" : 128,
    "30" : 104,
    "31" : 93,
    "32" : 96,
    "33" : 70,
    "34" : 59,
    "35" : 64,
    "36" : 58,
    "37" : 47,
    "38" : 43,
    "39" : 38,
    "40" : 29,
    "41" : 26,
    "42" : 22,
    "43" : 18,
    "44" : 20,
    "45" : 20,
    "46" : 11,
    "47" : 13,
    "48" : 14,
    "49" : 13,
    "50" : 9,
    "51" : 5,
    "52" : 8,
    "53" : 8,
    "54" : 1,
    "55" : 7,
    "56" : 7,
    "57" : 4,
    "58" : 5,
    "59" : 1,
    "61" : 4,
    "62" : 4,
    "63" : 1,
    "65" : 2,
    "67" : 2,
    "68" : 1,
    "69" : 1,
    "74" : 1,
    "80" : 1
  },
  "mean" : 17.050758967417575,
  "stdDev" : 8.847219262644607
}