{
  "distribution" : {
    "3" : 5,
    "4" : 26,
    "5" : 73,
    "6" : 154,
    "7" : 201,
    "8" : 295,
    "9" : 408,
    "10" : 410,
    "11" : 474,
    "12" : 508,
    "13" : 580,
    "14" : 547,
    "15" : 555,
    "16" : 529,
    "17" : 500,
    "18" : 430,
    "19" : 420,
    "20" : 432,
    "21" : 378,
    "22" : 354,
    "23" : 288,
    "24" : 279,
    "25" : 283,
    "26" : 230,
    "27" : 198,
    "28" : 207,
    "29" : 183,
    "30" : 159,
    "31" : 162,
    "32" : 126,
    "33" : 114,
    "34" : 101,
    "35" : 109,
    "36" : 104,
    "37" : 74,
    "38" : 74,
    "39" : 80,
    "40" : 61,
    "41" : 40,
    "42" : 52,
    "43" : 44,
    "44" : 28,
    "45" : 27,
    "46" : 35,
    "47" : 26,
    "48" : 24,
    "49" : 28,
    "50" : 22,
    "51" : 15,
    "52" : 13,
    "53" : 13,
    "54" : 21,
    "55" : 9,
    "56" : 9,
    "57" : 9,
    "58" : 10,
    "59" : 3,
    "60" : 6,
    "61" : 5,
    "62" : 5,
    "63" : 6,
    "64" : 4,
    "65" : 10,
    "66" : 6,
    "67" : 3,
    "68" : 1,
    "69" : 3,
    "70" : 2,
    "71" : 1,
    "72" : 1,
    "74" : 2,
    "75" : 1,
    "78" : 2,
    "80" : 1,
    "81" : 2,
    "83" : 1,
    "84" : 1,
    "88" : 1,
    "89" : 3,
    "98" : 1,
    "120" : 1
  },
  "mean" : 20.010369532428356,
  "stdDev" : 10.515015770158847
}