{
  "distribution" : {
    "3" : 3,
    "4" : 26,
    "5" : 57,
    "6" : 138,
    "7" : 233,
    "8" : 287,
    "9" : 332,
    "10" : 428,
    "11" : 459,
    "12" : 520,
    "13" : 527,
    "14" : 529,
    "15" : 537,
    "16" : 505,
    "17" : 496,
    "18" : 441,
    "19" : 397,
    "20" : 403,
    "21" : 363,
    "22" : 331,
    "23" : 304,
    "24" : 242,
    "25" : 250,
    "26" : 234,
    "27" : 217,
    "28" : 189,
    "29" : 154,
    "30" : 145,
    "31" : 131,
    "32" : 117,
    "33" : 114,
    "34" : 113,
    "35" : 79,
    "36" : 79,
    "37" : 59,
    "38" : 73,
    "39" : 54,
    "40" : 50,
    "41" : 47,
    "42" : 36,
    "43" : 40,
    "44" : 37,
    "45" : 26,
    "46" : 36,
    "47" : 17,
    "48" : 20,
    "49" : 14,
    "50" : 11,
    "51" : 18,
    "52" : 16,
    "53" : 7,
    "54" : 12,
    "55" : 13,
    "56" : 9,
    "57" : 9,
    "58" : 7,
    "59" : 4,
    "60" : 4,
    "61" : 4,
    "62" : 4,
    "63" : 9,
    "64" : 3,
    "65" : 4,
    "66" : 3,
    "67" : 3,
    "68" : 2,
    "69" : 1,
    "71" : 3,
    "73" : 2,
    "74" : 1,
    "78" : 1,
    "82" : 1,
    "87" : 1,
    "98" : 1,
    "100" : 1
  },
  "mean" : 19.63019018221647,
  "stdDev" : 10.036790153034772
}