{
  "distribution" : {
    "3" : 9,
    "4" : 30,
    "5" : 82,
    "6" : 141,
    "7" : 223,
    "8" : 340,
    "9" : 422,
    "10" : 474,
    "11" : 527,
    "12" : 538,
    "13" : 539,
    "14" : 535,
    "15" : 496,
    "16" : 498,
    "17" : 464,
    "18" : 463,
    "19" : 389,
    "20" : 402,
    "21" : 350,
    "22" : 322,
    "23" : 266,
    "24" : 248,
    "25" : 241,
    "26" : 190,
    "27" : 179,
    "28" : 179,
    "29" : 152,
    "30" : 143,
    "31" : 116,
    "32" : 89,
    "33" : 73,
    "34" : 72,
    "35" : 68,
    "36" : 88,
    "37" : 58,
    "38" : 51,
    "39" : 52,
    "40" : 36,
    "41" : 40,
    "42" : 28,
    "43" : 18,
    "44" : 24,
    "45" : 28,
    "46" : 13,
    "47" : 19,
    "48" : 9,
    "49" : 13,
    "50" : 9,
    "51" : 19,
    "52" : 5,
    "53" : 8,
    "54" : 12,
    "55" : 5,
    "56" : 4,
    "57" : 10,
    "58" : 4,
    "59" : 3,
    "60" : 1,
    "61" : 5,
    "63" : 4,
    "64" : 2,
    "65" : 1,
    "66" : 2,
    "67" : 2,
    "68" : 2,
    "69" : 3,
    "70" : 1,
    "72" : 2,
    "77" : 2,
    "80" : 2,
    "88" : 1,
    "89" : 1
  },
  "mean" : 18.61125215801767,
  "stdDev" : 9.422529484115513
}