{
  "distribution" : {
    "2" : 35,
    "3" : 247,
    "4" : 493,
    "5" : 762,
    "6" : 933,
    "7" : 1053,
    "8" : 972,
    "9" : 961,
    "10" : 848,
    "11" : 769,
    "12" : 654,
    "13" : 520,
    "14" : 414,
    "15" : 371,
    "16" : 283,
    "17" : 276,
    "18" : 206,
    "19" : 182,
    "20" : 134,
    "21" : 125,
    "22" : 95,
    "23" : 75,
    "24" : 69,
    "25" : 44,
    "26" : 39,
    "27" : 35,
    "28" : 27,
    "29" : 29,
    "30" : 22,
    "31" : 9,
    "32" : 17,
    "33" : 11,
    "34" : 8,
    "35" : 7,
    "36" : 6,
    "37" : 4,
    "38" : 7,
    "39" : 1,
    "40" : 1,
    "41" : 3,
    "44" : 1,
    "45" : 1,
    "46" : 4,
    "47" : 1,
    "48" : 1,
    "49" : 1,
    "51" : 2,
    "53" : 1,
    "58" : 1
  },
  "mean" : 10.644795539033458,
  "stdDev" : 5.633411875305659
}