{
  "distribution" : {
    "2" : 4,
    "3" : 30,
    "4" : 118,
    "5" : 222,
    "6" : 354,
    "7" : 485,
    "8" : 559,
    "9" : 733,
    "10" : 698,
    "11" : 651,
    "12" : 676,
    "13" : 618,
    "14" : 586,
    "15" : 560,
    "16" : 494,
    "17" : 415,
    "18" : 385,
    "19" : 348,
    "20" : 293,
    "21" : 243,
    "22" : 264,
    "23" : 197,
    "24" : 191,
    "25" : 162,
    "26" : 124,
    "27" : 122,
    "28" : 122,
    "29" : 109,
    "30" : 84,
    "31" : 76,
    "32" : 53,
    "33" : 45,
    "34" : 50,
    "35" : 41,
    "36" : 31,
    "37" : 20,
    "38" : 19,
    "39" : 19,
    "40" : 14,
    "41" : 18,
    "42" : 10,
    "43" : 8,
    "44" : 12,
    "45" : 9,
    "46" : 9,
    "47" : 5,
    "48" : 5,
    "49" : 5,
    "50" : 5,
    "51" : 5,
    "52" : 3,
    "53" : 3,
    "54" : 4,
    "55" : 5,
    "56" : 1,
    "57" : 2,
    "58" : 1,
    "59" : 1,
    "60" : 1,
    "61" : 1,
    "62" : 1,
    "63" : 2,
    "66" : 1,
    "68" : 2,
    "71" : 1,
    "85" : 1
  },
  "mean" : 15.247291021671826,
  "stdDev" : 7.908658052810548
}