{
  "distribution" : {
    "2" : 2,
    "3" : 12,
    "4" : 58,
    "5" : 164,
    "6" : 263,
    "7" : 417,
    "8" : 490,
    "9" : 573,
    "10" : 679,
    "11" : 623,
    "12" : 657,
    "13" : 627,
    "14" : 601,
    "15" : 531,
    "16" : 470,
    "17" : 465,
    "18" : 425,
    "19" : 376,
    "20" : 320,
    "21" : 297,
    "22" : 257,
    "23" : 231,
    "24" : 188,
    "25" : 178,
    "26" : 143,
    "27" : 127,
    "28" : 137,
    "29" : 122,
    "30" : 94,
    "31" : 71,
    "32" : 77,
    "33" : 64,
    "34" : 58,
    "35" : 39,
    "36" : 44,
    "37" : 37,
    "38" : 32,
    "39" : 23,
    "40" : 17,
    "41" : 22,
    "42" : 28,
    "43" : 16,
    "44" : 16,
    "45" : 16,
    "46" : 8,
    "47" : 7,
    "48" : 3,
    "49" : 13,
    "50" : 6,
    "51" : 6,
    "52" : 3,
    "53" : 3,
    "54" : 2,
    "55" : 4,
    "56" : 1,
    "57" : 8,
    "58" : 2,
    "60" : 1,
    "61" : 1,
    "62" : 3,
    "63" : 3,
    "64" : 1,
    "66" : 3,
    "67" : 2,
    "76" : 1,
    "77" : 1
  },
  "mean" : 16.25518733405448,
  "stdDev" : 8.362936600418823
}