{
  "distribution" : {
    "2" : 3,
    "3" : 17,
    "4" : 31,
    "5" : 106,
    "6" : 191,
    "7" : 255,
    "8" : 323,
    "9" : 412,
    "10" : 455,
    "11" : 539,
    "12" : 541,
    "13" : 581,
    "14" : 547,
    "15" : 483,
    "16" : 519,
    "17" : 467,
    "18" : 457,
    "19" : 404,
    "20" : 400,
    "21" : 341,
    "22" : 326,
    "23" : 275,
    "24" : 266,
    "25" : 226,
    "26" : 198,
    "27" : 198,
    "28" : 175,
    "29" : 156,
    "30" : 168,
    "31" : 125,
    "32" : 122,
    "33" : 111,
    "34" : 87,
    "35" : 87,
    "36" : 74,
    "37" : 61,
    "38" : 66,
    "39" : 57,
    "40" : 40,
    "41" : 43,
    "42" : 22,
    "43" : 35,
    "44" : 32,
    "45" : 22,
    "46" : 20,
    "47" : 18,
    "48" : 20,
    "49" : 14,
    "50" : 9,
    "51" : 17,
    "52" : 13,
    "53" : 10,
    "54" : 4,
    "55" : 7,
    "56" : 3,
    "57" : 6,
    "58" : 4,
    "59" : 5,
    "60" : 3,
    "61" : 7,
    "62" : 1,
    "63" : 1,
    "64" : 1,
    "66" : 2,
    "67" : 2,
    "68" : 3,
    "69" : 3,
    "70" : 1,
    "71" : 1,
    "72" : 2,
    "74" : 1,
    "75" : 2,
    "81" : 1,
    "82" : 1,
    "83" : 1,
    "89" : 1,
    "112" : 1
  },
  "mean" : 18.813667025124644,
  "stdDev" : 9.707659030636204
}