{
  "distribution" : {
    "2" : 2,
    "3" : 6,
    "4" : 25,
    "5" : 55,
    "6" : 130,
    "7" : 211,
    "8" : 309,
    "9" : 377,
    "10" : 431,
    "11" : 489,
    "12" : 462,
    "13" : 529,
    "14" : 527,
    "15" : 511,
    "16" : 512,
    "17" : 506,
    "18" : 422,
    "19" : 406,
    "20" : 386,
    "21" : 381,
    "22" : 354,
    "23" : 330,
    "24" : 294,
    "25" : 264,
    "26" : 256,
    "27" : 216,
    "28" : 161,
    "29" : 198,
    "30" : 154,
    "31" : 167,
    "32" : 133,
    "33" : 114,
    "34" : 113,
    "35" : 91,
    "36" : 80,
    "37" : 86,
    "38" : 78,
    "39" : 68,
    "40" : 59,
    "41" : 53,
    "42" : 32,
    "43" : 49,
    "44" : 49,
    "45" : 23,
    "46" : 26,
    "47" : 27,
    "48" : 24,
    "49" : 28,
    "50" : 31,
    "51" : 19,
    "52" : 13,
    "53" : 16,
    "54" : 9,
    "55" : 7,
    "56" : 14,
    "57" : 10,
    "58" : 6,
    "59" : 7,
    "60" : 7,
    "61" : 5,
    "62" : 5,
    "63" : 5,
    "65" : 5,
    "66" : 4,
    "67" : 5,
    "69" : 3,
    "70" : 4,
    "71" : 3,
    "72" : 3,
    "73" : 2,
    "74" : 1,
    "75" : 1,
    "76" : 1,
    "78" : 2,
    "80" : 2,
    "82" : 1,
    "88" : 1,
    "92" : 1,
    "110" : 1
  },
  "mean" : 20.122235045201002,
  "stdDev" : 10.468829320799811
}