{
  "distribution" : {
    "2" : 11,
    "3" : 82,
    "4" : 248,
    "5" : 514,
    "6" : 663,
    "7" : 807,
    "8" : 867,
    "9" : 821,
    "10" : 803,
    "11" : 809,
    "12" : 688,
    "13" : 612,
    "14" : 554,
    "15" : 488,
    "16" : 436,
    "17" : 335,
    "18" : 316,
    "19" : 255,
    "20" : 203,
    "21" : 182,
    "22" : 177,
    "23" : 137,
    "24" : 111,
    "25" : 96,
    "26" : 102,
    "27" : 67,
    "28" : 68,
    "29" : 50,
    "30" : 48,
    "31" : 50,
    "32" : 33,
    "33" : 29,
    "34" : 23,
    "35" : 22,
    "36" : 17,
    "37" : 12,
    "38" : 21,
    "39" : 7,
    "40" : 12,
    "41" : 4,
    "42" : 4,
    "43" : 4,
    "44" : 8,
    "45" : 3,
    "46" : 2,
    "47" : 2,
    "48" : 1,
    "49" : 2,
    "50" : 3,
    "51" : 1,
    "52" : 2,
    "53" : 1,
    "54" : 1,
    "76" : 1
  },
  "mean" : 12.758391123439667,
  "stdDev" : 6.769116844343266
}