{
  "distribution" : {
    "2" : 2,
    "3" : 57,
    "4" : 167,
    "5" : 351,
    "6" : 505,
    "7" : 690,
    "8" : 757,
    "9" : 766,
    "10" : 716,
    "11" : 706,
    "12" : 727,
    "13" : 612,
    "14" : 545,
    "15" : 479,
    "16" : 445,
    "17" : 389,
    "18" : 323,
    "19" : 273,
    "20" : 221,
    "21" : 199,
    "22" : 182,
    "23" : 160,
    "24" : 138,
    "25" : 104,
    "26" : 105,
    "27" : 80,
    "28" : 74,
    "29" : 56,
    "30" : 56,
    "31" : 31,
    "32" : 24,
    "33" : 23,
    "34" : 28,
    "35" : 12,
    "36" : 20,
    "37" : 21,
    "38" : 14,
    "39" : 16,
    "40" : 15,
    "41" : 4,
    "42" : 5,
    "43" : 5,
    "44" : 4,
    "45" : 6,
    "46" : 2,
    "47" : 5,
    "48" : 3,
    "49" : 1,
    "50" : 3,
    "51" : 3,
    "52" : 1,
    "53" : 2,
    "54" : 2,
    "59" : 1,
    "74" : 1
  },
  "mean" : 13.455065601262701,
  "stdDev" : 6.911049615351488
}