{
  "distribution" : {
    "2" : 1,
    "3" : 40,
    "4" : 106,
    "5" : 264,
    "6" : 439,
    "7" : 574,
    "8" : 660,
    "9" : 719,
    "10" : 738,
    "11" : 695,
    "12" : 664,
    "13" : 624,
    "14" : 612,
    "15" : 496,
    "16" : 531,
    "17" : 403,
    "18" : 379,
    "19" : 310,
    "20" : 268,
    "21" : 237,
    "22" : 242,
    "23" : 168,
    "24" : 163,
    "25" : 151,
    "26" : 125,
    "27" : 105,
    "28" : 99,
    "29" : 90,
    "30" : 64,
    "31" : 53,
    "32" : 53,
    "33" : 42,
    "34" : 30,
    "35" : 40,
    "36" : 41,
    "37" : 27,
    "38" : 28,
    "39" : 9,
    "40" : 12,
    "41" : 16,
    "42" : 15,
    "43" : 13,
    "44" : 4,
    "45" : 13,
    "46" : 7,
    "47" : 5,
    "48" : 7,
    "49" : 8,
    "50" : 3,
    "51" : 2,
    "53" : 2,
    "54" : 2,
    "55" : 1,
    "56" : 1,
    "59" : 1,
    "60" : 1,
    "61" : 1,
    "63" : 1,
    "65" : 1,
    "66" : 1,
    "76" : 1
  },
  "mean" : 14.649596464258263,
  "stdDev" : 7.625186466979503
}