{
  "distribution" : {
    "2" : 1,
    "3" : 18,
    "4" : 58,
    "5" : 139,
    "6" : 252,
    "7" : 342,
    "8" : 453,
    "9" : 489,
    "10" : 569,
    "11" : 594,
    "12" : 616,
    "13" : 624,
    "14" : 613,
    "15" : 558,
    "16" : 500,
    "17" : 489,
    "18" : 424,
    "19" : 439,
    "20" : 343,
    "21" : 326,
    "22" : 291,
    "23" : 236,
    "24" : 238,
    "25" : 212,
    "26" : 211,
    "27" : 170,
    "28" : 131,
    "29" : 113,
    "30" : 113,
    "31" : 98,
    "32" : 90,
    "33" : 96,
    "34" : 67,
    "35" : 55,
    "36" : 56,
    "37" : 34,
    "38" : 41,
    "39" : 28,
    "40" : 17,
    "41" : 28,
    "42" : 26,
    "43" : 22,
    "44" : 21,
    "45" : 17,
    "46" : 14,
    "47" : 12,
    "48" : 12,
    "49" : 11,
    "50" : 14,
    "51" : 8,
    "52" : 7,
    "53" : 5,
    "54" : 6,
    "55" : 7,
    "56" : 7,
    "57" : 6,
    "58" : 4,
    "59" : 5,
    "60" : 6,
    "61" : 2,
    "62" : 1,
    "64" : 1,
    "66" : 3,
    "67" : 4,
    "68" : 1,
    "70" : 1,
    "74" : 2,
    "92" : 1,
    "93" : 1
  },
  "mean" : 17.230695259159535,
  "stdDev" : 8.96490111585449
}