{
  "distribution" : {
    "1" : 1,
    "2" : 72,
    "3" : 347,
    "4" : 670,
    "5" : 959,
    "6" : 1123,
    "7" : 1083,
    "8" : 1038,
    "9" : 979,
    "10" : 811,
    "11" : 649,
    "12" : 639,
    "13" : 499,
    "14" : 374,
    "15" : 316,
    "16" : 257,
    "17" : 225,
    "18" : 185,
    "19" : 139,
    "20" : 112,
    "21" : 109,
    "22" : 76,
    "23" : 58,
    "24" : 61,
    "25" : 35,
    "26" : 43,
    "27" : 27,
    "28" : 15,
    "29" : 17,
    "30" : 10,
    "31" : 12,
    "32" : 5,
    "33" : 11,
    "34" : 7,
    "35" : 4,
    "36" : 2,
    "37" : 4,
    "38" : 1,
    "39" : 2,
    "40" : 2,
    "41" : 1,
    "42" : 2,
    "43" : 2,
    "45" : 1,
    "48" : 1,
    "50" : 1,
    "51" : 1
  },
  "mean" : 9.866308700400436,
  "stdDev" : 5.276556677984198
}