{
  "distribution" : {
    "3" : 2,
    "4" : 12,
    "5" : 56,
    "6" : 104,
    "7" : 152,
    "8" : 260,
    "9" : 321,
    "10" : 380,
    "11" : 403,
    "12" : 472,
    "13" : 496,
    "14" : 547,
    "15" : 503,
    "16" : 506,
    "17" : 481,
    "18" : 455,
    "19" : 432,
    "20" : 441,
    "21" : 353,
    "22" : 342,
    "23" : 329,
    "24" : 277,
    "25" : 297,
    "26" : 247,
    "27" : 238,
    "28" : 203,
    "29" : 225,
    "30" : 171,
    "31" : 158,
    "32" : 143,
    "33" : 147,
    "34" : 127,
    "35" : 116,
    "36" : 93,
    "37" : 85,
    "38" : 69,
    "39" : 69,
    "40" : 63,
    "41" : 59,
    "42" : 44,
    "43" : 37,
    "44" : 29,
    "45" : 41,
    "46" : 38,
    "47" : 29,
    "48" : 34,
    "49" : 22,
    "50" : 26,
    "51" : 22,
    "52" : 18,
    "53" : 11,
    "54" : 13,
    "55" : 19,
    "56" : 13,
    "57" : 9,
    "58" : 11,
    "59" : 11,
    "60" : 8,
    "61" : 5,
    "62" : 9,
    "63" : 10,
    "64" : 2,
    "65" : 5,
    "66" : 6,
    "67" : 3,
    "68" : 6,
    "69" : 3,
    "70" : 4,
    "71" : 3,
    "72" : 6,
    "73" : 3,
    "74" : 1,
    "75" : 1,
    "76" : 1,
    "77" : 2,
    "78" : 1,
    "79" : 2,
    "80" : 1,
    "81" : 1,
    "84" : 1,
    "87" : 3,
    "88" : 1,
    "89" : 1,
    "93" : 1,
    "94" : 1,
    "96" : 1
  },
  "mean" : 20.97961943398049,
  "stdDev" : 10.89115878203914
}