{
  "distribution" : {
    "2" : 7,
    "3" : 61,
    "4" : 196,
    "5" : 386,
    "6" : 542,
    "7" : 673,
    "8" : 754,
    "9" : 828,
    "10" : 849,
    "11" : 779,
    "12" : 703,
    "13" : 612,
    "14" : 555,
    "15" : 495,
    "16" : 437,
    "17" : 389,
    "18" : 351,
    "19" : 279,
    "20" : 249,
    "21" : 195,
    "22" : 183,
    "23" : 151,
    "24" : 131,
    "25" : 124,
    "26" : 90,
    "27" : 85,
    "28" : 62,
    "29" : 57,
    "30" : 56,
    "31" : 44,
    "32" : 37,
    "33" : 42,
    "34" : 33,
    "35" : 20,
    "36" : 21,
    "37" : 13,
    "38" : 12,
    "39" : 14,
    "40" : 9,
    "41" : 11,
    "42" : 12,
    "43" : 9,
    "44" : 5,
    "45" : 6,
    "46" : 2,
    "47" : 1,
    "48" : 5,
    "49" : 1,
    "50" : 3,
    "52" : 1,
    "53" : 5,
    "54" : 1,
    "58" : 1,
    "59" : 1,
    "60" : 1,
    "65" : 1,
    "67" : 1,
    "76" : 1
  },
  "mean" : 13.431929758308158,
  "stdDev" : 7.053011039307064
}