{
  "distribution" : {
    "2" : 6,
    "3" : 31,
    "4" : 94,
    "5" : 196,
    "6" : 353,
    "7" : 481,
    "8" : 595,
    "9" : 703,
    "10" : 617,
    "11" : 644,
    "12" : 672,
    "13" : 610,
    "14" : 601,
    "15" : 537,
    "16" : 483,
    "17" : 472,
    "18" : 416,
    "19" : 331,
    "20" : 308,
    "21" : 286,
    "22" : 265,
    "23" : 237,
    "24" : 201,
    "25" : 137,
    "26" : 144,
    "27" : 136,
    "28" : 100,
    "29" : 101,
    "30" : 83,
    "31" : 63,
    "32" : 65,
    "33" : 53,
    "34" : 53,
    "35" : 56,
    "36" : 38,
    "37" : 40,
    "38" : 27,
    "39" : 28,
    "40" : 19,
    "41" : 21,
    "42" : 18,
    "43" : 19,
    "44" : 7,
    "45" : 15,
    "46" : 7,
    "47" : 4,
    "48" : 7,
    "49" : 3,
    "50" : 7,
    "51" : 5,
    "52" : 1,
    "53" : 4,
    "54" : 4,
    "55" : 9,
    "56" : 2,
    "57" : 3,
    "58" : 1,
    "59" : 2,
    "60" : 1,
    "61" : 1,
    "63" : 1,
    "65" : 1,
    "92" : 1
  },
  "mean" : 15.602340303088432,
  "stdDev" : 8.127976985091548
}