{
  "distribution" : {
    "2" : 1,
    "3" : 6,
    "4" : 23,
    "5" : 62,
    "6" : 123,
    "7" : 174,
    "8" : 269,
    "9" : 313,
    "10" : 442,
    "11" : 471,
    "12" : 454,
    "13" : 551,
    "14" : 532,
    "15" : 518,
    "16" : 539,
    "17" : 486,
    "18" : 432,
    "19" : 434,
    "20" : 379,
    "21" : 369,
    "22" : 342,
    "23" : 344,
    "24" : 315,
    "25" : 297,
    "26" : 226,
    "27" : 203,
    "28" : 204,
    "29" : 203,
    "30" : 158,
    "31" : 144,
    "32" : 140,
    "33" : 120,
    "34" : 142,
    "35" : 119,
    "36" : 88,
    "37" : 101,
    "38" : 61,
    "39" : 61,
    "40" : 56,
    "41" : 51,
    "42" : 45,
    "43" : 48,
    "44" : 46,
    "45" : 40,
    "46" : 27,
    "47" : 28,
    "48" : 26,
    "49" : 26,
    "50" : 23,
    "51" : 19,
    "52" : 26,
    "53" : 11,
    "54" : 20,
    "55" : 11,
    "56" : 12,
    "57" : 9,
    "58" : 13,
    "59" : 8,
    "60" : 1,
    "61" : 4,
    "62" : 2,
    "63" : 5,
    "64" : 4,
    "65" : 7,
    "66" : 1,
    "67" : 4,
    "68" : 3,
    "69" : 2,
    "70" : 4,
    "71" : 3,
    "72" : 3,
    "73" : 2,
    "74" : 4,
    "75" : 2,
    "76" : 3,
    "77" : 1,
    "78" : 1,
    "79" : 1,
    "82" : 1,
    "87" : 2,
    "89" : 1,
    "91" : 1,
    "96" : 2,
    "98" : 2
  },
  "mean" : 20.53036243664531,
  "stdDev" : 10.711207876353786
}