{
  "distribution" : {
    "3" : 5,
    "4" : 55,
    "5" : 97,
    "6" : 199,
    "7" : 280,
    "8" : 429,
    "9" : 471,
    "10" : 505,
    "11" : 554,
    "12" : 621,
    "13" : 592,
    "14" : 545,
    "15" : 519,
    "16" : 562,
    "17" : 512,
    "18" : 482,
    "19" : 421,
    "20" : 352,
    "21" : 338,
    "22" : 322,
    "23" : 294,
    "24" : 281,
    "25" : 241,
    "26" : 216,
    "27" : 173,
    "28" : 144,
    "29" : 137,
    "30" : 143,
    "31" : 100,
    "32" : 89,
    "33" : 99,
    "34" : 98,
    "35" : 76,
    "36" : 71,
    "37" : 74,
    "38" : 56,
    "39" : 38,
    "40" : 52,
    "41" : 46,
    "42" : 39,
    "43" : 45,
    "44" : 24,
    "45" : 26,
    "46" : 22,
    "47" : 16,
    "48" : 18,
    "49" : 10,
    "50" : 16,
    "51" : 13,
    "52" : 9,
    "53" : 6,
    "54" : 8,
    "55" : 6,
    "56" : 8,
    "57" : 5,
    "58" : 1,
    "59" : 9,
    "60" : 2,
    "61" : 4,
    "62" : 4,
    "64" : 2,
    "65" : 4,
    "66" : 3,
    "67" : 2,
    "69" : 2,
    "70" : 3,
    "71" : 2,
    "72" : 2,
    "73" : 1,
    "75" : 3,
    "78" : 3,
    "80" : 1,
    "86" : 1
  },
  "mean" : 18.375812988971628,
  "stdDev" : 9.656675384851775
}