{
  "distribution" : {
    "3" : 22,
    "4" : 59,
    "5" : 159,
    "6" : 257,
    "7" : 366,
    "8" : 493,
    "9" : 576,
    "10" : 589,
    "11" : 644,
    "12" : 641,
    "13" : 611,
    "14" : 560,
    "15" : 492,
    "16" : 517,
    "17" : 482,
    "18" : 434,
    "19" : 364,
    "20" : 362,
    "21" : 320,
    "22" : 296,
    "23" : 236,
    "24" : 202,
    "25" : 227,
    "26" : 164,
    "27" : 166,
    "28" : 142,
    "29" : 124,
    "30" : 119,
    "31" : 108,
    "32" : 96,
    "33" : 67,
    "34" : 62,
    "35" : 64,
    "36" : 48,
    "37" : 53,
    "38" : 36,
    "39" : 26,
    "40" : 32,
    "41" : 21,
    "42" : 16,
    "43" : 26,
    "44" : 17,
    "45" : 16,
    "46" : 11,
    "47" : 11,
    "48" : 10,
    "49" : 9,
    "50" : 6,
    "51" : 5,
    "52" : 6,
    "53" : 9,
    "54" : 8,
    "55" : 4,
    "56" : 2,
    "57" : 5,
    "58" : 2,
    "59" : 3,
    "60" : 1,
    "61" : 5,
    "62" : 1,
    "63" : 2,
    "64" : 1,
    "65" : 3,
    "66" : 1,
    "67" : 2,
    "69" : 2,
    "71" : 1,
    "81" : 1,
    "90" : 1
  },
  "mean" : 16.896968534151956,
  "stdDev" : 8.801549235460035
}