{
  "distribution" : {
    "3" : 5,
    "4" : 20,
    "5" : 47,
    "6" : 122,
    "7" : 201,
    "8" : 267,
    "9" : 323,
    "10" : 387,
    "11" : 445,
    "12" : 505,
    "13" : 538,
    "14" : 498,
    "15" : 516,
    "16" : 490,
    "17" : 511,
    "18" : 437,
    "19" : 409,
    "20" : 376,
    "21" : 383,
    "22" : 354,
    "23" : 315,
    "24" : 264,
    "25" : 279,
    "26" : 216,
    "27" : 220,
    "28" : 186,
    "29" : 180,
    "30" : 187,
    "31" : 139,
    "32" : 132,
    "33" : 112,
    "34" : 102,
    "35" : 112,
    "36" : 79,
    "37" : 87,
    "38" : 60,
    "39" : 69,
    "40" : 65,
    "41" : 53,
    "42" : 41,
    "43" : 45,
    "44" : 34,
    "45" : 39,
    "46" : 32,
    "47" : 18,
    "48" : 29,
    "49" : 22,
    "50" : 22,
    "51" : 15,
    "52" : 13,
    "53" : 10,
    "54" : 13,
    "55" : 9,
    "56" : 13,
    "57" : 11,
    "58" : 9,
    "59" : 10,
    "60" : 9,
    "61" : 4,
    "62" : 4,
    "63" : 3,
    "64" : 6,
    "65" : 4,
    "66" : 2,
    "67" : 2,
    "68" : 2,
    "69" : 2,
    "70" : 2,
    "71" : 2,
    "72" : 2,
    "73" : 2,
    "74" : 2,
    "76" : 1,
    "77" : 1,
    "78" : 1,
    "82" : 1,
    "83" : 1,
    "85" : 2,
    "86" : 1,
    "88" : 1,
    "113" : 1
  },
  "mean" : 20.28231695283205,
  "stdDev" : 10.417094992098573
}