{
  "distribution" : {
    "1" : 9,
    "2" : 97,
    "3" : 353,
    "4" : 710,
    "5" : 923,
    "6" : 1029,
    "7" : 1088,
    "8" : 1014,
    "9" : 870,
    "10" : 739,
    "11" : 633,
    "12" : 534,
    "13" : 430,
    "14" : 357,
    "15" : 268,
    "16" : 253,
    "17" : 172,
    "18" : 132,
    "19" : 108,
    "20" : 102,
    "21" : 69,
    "22" : 50,
    "23" : 39,
    "24" : 41,
    "25" : 24,
    "26" : 16,
    "27" : 18,
    "28" : 10,
    "29" : 9,
    "30" : 4,
    "31" : 7,
    "32" : 5,
    "33" : 2,
    "34" : 4,
    "35" : 2,
    "36" : 2,
    "37" : 1,
    "40" : 2,
    "41" : 1,
    "43" : 2
  },
  "mean" : 9.360845098232797,
  "stdDev" : 4.806670251493391
}