{
  "distribution" : {
    "2" : 2,
    "3" : 50,
    "4" : 155,
    "5" : 295,
    "6" : 457,
    "7" : 602,
    "8" : 703,
    "9" : 783,
    "10" : 726,
    "11" : 672,
    "12" : 700,
    "13" : 619,
    "14" : 596,
    "15" : 501,
    "16" : 491,
    "17" : 419,
    "18" : 370,
    "19" : 308,
    "20" : 280,
    "21" : 243,
    "22" : 189,
    "23" : 187,
    "24" : 143,
    "25" : 132,
    "26" : 105,
    "27" : 81,
    "28" : 88,
    "29" : 57,
    "30" : 46,
    "31" : 47,
    "32" : 57,
    "33" : 40,
    "34" : 22,
    "35" : 25,
    "36" : 23,
    "37" : 20,
    "38" : 20,
    "39" : 17,
    "40" : 11,
    "41" : 14,
    "42" : 4,
    "43" : 11,
    "44" : 12,
    "45" : 9,
    "46" : 5,
    "47" : 3,
    "48" : 4,
    "49" : 4,
    "50" : 2,
    "51" : 3,
    "52" : 1,
    "53" : 2,
    "54" : 3,
    "62" : 1,
    "65" : 2,
    "71" : 1,
    "72" : 1,
    "75" : 1,
    "85" : 1
  },
  "mean" : 14.109878448774841,
  "stdDev" : 7.329103602665571
}