{
  "distribution" : {
    "2" : 6,
    "3" : 18,
    "4" : 70,
    "5" : 165,
    "6" : 291,
    "7" : 399,
    "8" : 454,
    "9" : 580,
    "10" : 572,
    "11" : 607,
    "12" : 669,
    "13" : 633,
    "14" : 602,
    "15" : 529,
    "16" : 512,
    "17" : 434,
    "18" : 456,
    "19" : 418,
    "20" : 355,
    "21" : 297,
    "22" : 287,
    "23" : 239,
    "24" : 230,
    "25" : 194,
    "26" : 138,
    "27" : 163,
    "28" : 133,
    "29" : 120,
    "30" : 127,
    "31" : 105,
    "32" : 78,
    "33" : 75,
    "34" : 70,
    "35" : 54,
    "36" : 55,
    "37" : 54,
    "38" : 36,
    "39" : 42,
    "40" : 37,
    "41" : 32,
    "42" : 23,
    "43" : 26,
    "44" : 19,
    "45" : 14,
    "46" : 13,
    "47" : 20,
    "48" : 7,
    "49" : 7,
    "50" : 11,
    "51" : 7,
    "52" : 9,
    "53" : 7,
    "54" : 5,
    "55" : 3,
    "56" : 4,
    "57" : 1,
    "58" : 2,
    "59" : 5,
    "60" : 2,
    "62" : 1,
    "63" : 3,
    "64" : 1,
    "66" : 1,
    "67" : 1,
    "75" : 1,
    "76" : 1,
    "77" : 1,
    "80" : 1
  },
  "mean" : 16.863653627041398,
  "stdDev" : 8.82974039864141
}