{
  "distribution" : {
    "1" : 1,
    "2" : 52,
    "3" : 261,
    "4" : 526,
    "5" : 754,
    "6" : 877,
    "7" : 1042,
    "8" : 1088,
    "9" : 963,
    "10" : 935,
    "11" : 861,
    "12" : 775,
    "13" : 658,
    "14" : 619,
    "15" : 565,
    "16" : 468,
    "17" : 413,
    "18" : 370,
    "19" : 323,
    "20" : 257,
    "21" : 239,
    "22" : 190,
    "23" : 170,
    "24" : 146,
    "25" : 132,
    "26" : 99,
    "27" : 87,
    "28" : 81,
    "29" : 66,
    "30" : 42,
    "31" : 42,
    "32" : 62,
    "33" : 45,
    "34" : 37,
    "35" : 34,
    "36" : 36,
    "37" : 23,
    "38" : 20,
    "39" : 19,
    "40" : 19,
    "41" : 11,
    "42" : 12,
    "43" : 14,
    "44" : 7,
    "45" : 5,
    "46" : 5,
    "47" : 3,
    "48" : 5,
    "49" : 6,
    "50" : 3,
    "51" : 3,
    "52" : 3,
    "53" : 5,
    "54" : 1,
    "55" : 3,
    "57" : 1,
    "58" : 3,
    "62" : 1,
    "67" : 1,
    "70" : 1,
    "76" : 1,
    "84" : 1
  },
  "mean" : 12.554402608953454,
  "stdDev" : 7.4401576645963265
}