{
  "distribution" : {
    "2" : 2,
    "3" : 40,
    "4" : 171,
    "5" : 259,
    "6" : 463,
    "7" : 593,
    "8" : 731,
    "9" : 742,
    "10" : 724,
    "11" : 744,
    "12" : 733,
    "13" : 661,
    "14" : 574,
    "15" : 534,
    "16" : 501,
    "17" : 432,
    "18" : 365,
    "19" : 325,
    "20" : 254,
    "21" : 223,
    "22" : 194,
    "23" : 186,
    "24" : 138,
    "25" : 120,
    "26" : 120,
    "27" : 107,
    "28" : 78,
    "29" : 69,
    "30" : 68,
    "31" : 56,
    "32" : 40,
    "33" : 53,
    "34" : 27,
    "35" : 21,
    "36" : 26,
    "37" : 19,
    "38" : 16,
    "39" : 22,
    "40" : 14,
    "41" : 14,
    "42" : 12,
    "43" : 9,
    "44" : 6,
    "45" : 12,
    "46" : 2,
    "47" : 1,
    "48" : 7,
    "49" : 6,
    "50" : 2,
    "51" : 6,
    "52" : 3,
    "53" : 1,
    "54" : 1,
    "56" : 4,
    "59" : 1,
    "61" : 1,
    "62" : 2,
    "63" : 3,
    "64" : 1,
    "65" : 1,
    "67" : 1,
    "69" : 1
  },
  "mean" : 14.237241510149877,
  "stdDev" : 7.457826014518727
}