{
  "distribution" : {
    "1" : 1,
    "2" : 9,
    "3" : 80,
    "4" : 249,
    "5" : 474,
    "6" : 701,
    "7" : 821,
    "8" : 836,
    "9" : 845,
    "10" : 886,
    "11" : 717,
    "12" : 684,
    "13" : 617,
    "14" : 551,
    "15" : 482,
    "16" : 420,
    "17" : 401,
    "18" : 303,
    "19" : 262,
    "20" : 191,
    "21" : 191,
    "22" : 145,
    "23" : 115,
    "24" : 117,
    "25" : 100,
    "26" : 83,
    "27" : 72,
    "28" : 55,
    "29" : 50,
    "30" : 52,
    "31" : 35,
    "32" : 32,
    "33" : 30,
    "34" : 28,
    "35" : 15,
    "36" : 23,
    "37" : 18,
    "38" : 13,
    "39" : 8,
    "40" : 6,
    "41" : 4,
    "42" : 12,
    "43" : 4,
    "44" : 6,
    "45" : 1,
    "47" : 3,
    "48" : 1,
    "49" : 1,
    "50" : 3,
    "51" : 1,
    "53" : 2,
    "54" : 1,
    "55" : 1,
    "56" : 1,
    "58" : 1,
    "59" : 1,
    "63" : 1
  },
  "mean" : 12.68732577587809,
  "stdDev" : 6.7146829366313305
}