{
  "distribution" : {
    "3" : 2,
    "4" : 12,
    "5" : 39,
    "6" : 89,
    "7" : 125,
    "8" : 177,
    "9" : 261,
    "10" : 322,
    "11" : 403,
    "12" : 441,
    "13" : 476,
    "14" : 473,
    "15" : 530,
    "16" : 470,
    "17" : 439,
    "18" : 426,
    "19" : 447,
    "20" : 415,
    "21" : 414,
    "22" : 369,
    "23" : 354,
    "24" : 325,
    "25" : 303,
    "26" : 274,
    "27" : 247,
    "28" : 246,
    "29" : 223,
    "30" : 191,
    "31" : 172,
    "32" : 169,
    "33" : 169,
    "34" : 136,
    "35" : 130,
    "36" : 105,
    "37" : 81,
    "38" : 95,
    "39" : 85,
    "40" : 88,
    "41" : 64,
    "42" : 66,
    "43" : 66,
    "44" : 70,
    "45" : 67,
    "46" : 43,
    "47" : 40,
    "48" : 41,
    "49" : 30,
    "50" : 26,
    "51" : 25,
    "52" : 26,
    "53" : 17,
    "54" : 25,
    "55" : 21,
    "56" : 24,
    "57" : 12,
    "58" : 14,
    "59" : 17,
    "60" : 13,
    "61" : 7,
    "62" : 9,
    "63" : 12,
    "64" : 12,
    "65" : 9,
    "66" : 7,
    "67" : 8,
    "68" : 7,
    "69" : 7,
    "70" : 2,
    "71" : 1,
    "72" : 4,
    "73" : 4,
    "74" : 7,
    "75" : 3,
    "76" : 2,
    "78" : 5,
    "79" : 4,
    "80" : 2,
    "81" : 1,
    "82" : 3,
    "83" : 1,
    "84" : 2,
    "86" : 1,
    "87" : 1,
    "88" : 1,
    "94" : 1,
    "95" : 1,
    "99" : 1,
    "105" : 1,
    "108" : 1
  },
  "mean" : 22.45107511603675,
  "stdDev" : 11.768384874715753
}