{
  "distribution" : {
    "2" : 59,
    "3" : 309,
    "4" : 656,
    "5" : 864,
    "6" : 1056,
    "7" : 1115,
    "8" : 1038,
    "9" : 919,
    "10" : 803,
    "11" : 673,
    "12" : 592,
    "13" : 447,
    "14" : 389,
    "15" : 331,
    "16" : 276,
    "17" : 190,
    "18" : 157,
    "19" : 110,
    "20" : 120,
    "21" : 70,
    "22" : 67,
    "23" : 55,
    "24" : 43,
    "25" : 36,
    "26" : 32,
    "27" : 31,
    "28" : 12,
    "29" : 12,
    "30" : 15,
    "31" : 7,
    "32" : 10,
    "33" : 8,
    "34" : 4,
    "35" : 5,
    "36" : 3,
    "37" : 1,
    "38" : 3,
    "39" : 2,
    "40" : 1,
    "41" : 1,
    "42" : 1,
    "48" : 1,
    "49" : 1,
    "51" : 1,
    "57" : 1
  },
  "mean" : 9.798328108672937,
  "stdDev" : 5.1290106265339235
}