{
  "distribution" : {
    "3" : 13,
    "4" : 47,
    "5" : 88,
    "6" : 184,
    "7" : 303,
    "8" : 362,
    "9" : 483,
    "10" : 518,
    "11" : 568,
    "12" : 613,
    "13" : 557,
    "14" : 573,
    "15" : 577,
    "16" : 565,
    "17" : 504,
    "18" : 438,
    "19" : 392,
    "20" : 410,
    "21" : 361,
    "22" : 337,
    "23" : 283,
    "24" : 266,
    "25" : 256,
    "26" : 220,
    "27" : 202,
    "28" : 167,
    "29" : 159,
    "30" : 142,
    "31" : 129,
    "32" : 131,
    "33" : 107,
    "34" : 87,
    "35" : 81,
    "36" : 83,
    "37" : 80,
    "38" : 59,
    "39" : 55,
    "40" : 47,
    "41" : 34,
    "42" : 49,
    "43" : 30,
    "44" : 31,
    "45" : 29,
    "46" : 23,
    "47" : 25,
    "48" : 20,
    "49" : 10,
    "50" : 9,
    "51" : 16,
    "52" : 18,
    "53" : 6,
    "54" : 5,
    "55" : 12,
    "56" : 12,
    "57" : 8,
    "58" : 6,
    "59" : 5,
    "60" : 9,
    "61" : 4,
    "62" : 9,
    "63" : 1,
    "65" : 6,
    "66" : 2,
    "67" : 2,
    "68" : 1,
    "69" : 2,
    "70" : 1,
    "71" : 2,
    "76" : 2,
    "79" : 2,
    "81" : 3,
    "82" : 1,
    "83" : 1,
    "87" : 1,
    "88" : 1,
    "89" : 1,
    "94" : 1
  },
  "mean" : 18.76887618696414,
  "stdDev" : 9.972771211974509
}