{
  "distribution" : {
    "3" : 5,
    "4" : 13,
    "5" : 64,
    "6" : 111,
    "7" : 199,
    "8" : 302,
    "9" : 360,
    "10" : 416,
    "11" : 474,
    "12" : 431,
    "13" : 515,
    "14" : 470,
    "15" : 551,
    "16" : 484,
    "17" : 492,
    "18" : 473,
    "19" : 398,
    "20" : 361,
    "21" : 368,
    "22" : 336,
    "23" : 332,
    "24" : 261,
    "25" : 282,
    "26" : 215,
    "27" : 248,
    "28" : 165,
    "29" : 178,
    "30" : 177,
    "31" : 165,
    "32" : 126,
    "33" : 108,
    "34" : 98,
    "35" : 89,
    "36" : 81,
    "37" : 82,
    "38" : 78,
    "39" : 56,
    "40" : 56,
    "41" : 40,
    "42" : 47,
    "43" : 35,
    "44" : 38,
    "45" : 30,
    "46" : 28,
    "47" : 29,
    "48" : 34,
    "49" : 18,
    "50" : 22,
    "51" : 13,
    "52" : 20,
    "53" : 14,
    "54" : 9,
    "55" : 13,
    "56" : 9,
    "57" : 8,
    "58" : 11,
    "59" : 4,
    "60" : 5,
    "61" : 7,
    "62" : 4,
    "63" : 3,
    "64" : 4,
    "65" : 2,
    "66" : 5,
    "67" : 4,
    "68" : 4,
    "70" : 1,
    "71" : 2,
    "74" : 4,
    "76" : 2,
    "79" : 3,
    "80" : 2,
    "82" : 1,
    "83" : 1,
    "84" : 1
  },
  "mean" : 20.11963949688026,
  "stdDev" : 10.314812270127092
}