{
  "distribution" : {
    "3" : 7,
    "4" : 32,
    "5" : 122,
    "6" : 190,
    "7" : 275,
    "8" : 362,
    "9" : 461,
    "10" : 517,
    "11" : 562,
    "12" : 574,
    "13" : 583,
    "14" : 593,
    "15" : 563,
    "16" : 515,
    "17" : 502,
    "18" : 467,
    "19" : 459,
    "20" : 386,
    "21" : 349,
    "22" : 360,
    "23" : 340,
    "24" : 275,
    "25" : 242,
    "26" : 223,
    "27" : 184,
    "28" : 193,
    "29" : 152,
    "30" : 150,
    "31" : 125,
    "32" : 126,
    "33" : 80,
    "34" : 86,
    "35" : 101,
    "36" : 76,
    "37" : 69,
    "38" : 63,
    "39" : 63,
    "40" : 49,
    "41" : 44,
    "42" : 32,
    "43" : 33,
    "44" : 29,
    "45" : 23,
    "46" : 22,
    "47" : 26,
    "48" : 32,
    "49" : 14,
    "50" : 10,
    "51" : 20,
    "52" : 12,
    "53" : 12,
    "54" : 9,
    "55" : 17,
    "56" : 12,
    "57" : 9,
    "58" : 4,
    "59" : 7,
    "60" : 3,
    "61" : 1,
    "62" : 4,
    "63" : 3,
    "64" : 1,
    "65" : 1,
    "66" : 1,
    "67" : 3,
    "68" : 5,
    "69" : 3,
    "70" : 3,
    "71" : 1,
    "73" : 3,
    "74" : 3,
    "75" : 2,
    "77" : 1,
    "78" : 1,
    "80" : 1,
    "82" : 1,
    "83" : 1,
    "85" : 3,
    "101" : 1,
    "106" : 1
  },
  "mean" : 18.88696051423324,
  "stdDev" : 10.055735249367157
}