{
  "distribution" : {
    "2" : 4,
    "3" : 18,
    "4" : 58,
    "5" : 151,
    "6" : 279,
    "7" : 373,
    "8" : 472,
    "9" : 538,
    "10" : 624,
    "11" : 639,
    "12" : 666,
    "13" : 618,
    "14" : 620,
    "15" : 596,
    "16" : 505,
    "17" : 521,
    "18" : 443,
    "19" : 406,
    "20" : 355,
    "21" : 321,
    "22" : 294,
    "23" : 257,
    "24" : 248,
    "25" : 211,
    "26" : 148,
    "27" : 178,
    "28" : 116,
    "29" : 138,
    "30" : 96,
    "31" : 86,
    "32" : 79,
    "33" : 82,
    "34" : 54,
    "35" : 62,
    "36" : 53,
    "37" : 42,
    "38" : 40,
    "39" : 48,
    "40" : 35,
    "41" : 29,
    "42" : 27,
    "43" : 19,
    "44" : 15,
    "45" : 17,
    "46" : 16,
    "47" : 16,
    "48" : 12,
    "49" : 11,
    "50" : 8,
    "51" : 6,
    "52" : 12,
    "53" : 7,
    "54" : 3,
    "55" : 5,
    "56" : 7,
    "57" : 4,
    "58" : 7,
    "59" : 5,
    "60" : 4,
    "61" : 5,
    "64" : 3,
    "65" : 1,
    "67" : 3,
    "68" : 1,
    "69" : 1,
    "70" : 2,
    "83" : 1,
    "84" : 1,
    "97" : 1,
    "99" : 1
  },
  "mean" : 16.985546437896307,
  "stdDev" : 8.974316299566144
}