{
  "distribution" : {
    "3" : 21,
    "4" : 65,
    "5" : 170,
    "6" : 259,
    "7" : 366,
    "8" : 426,
    "9" : 488,
    "10" : 579,
    "11" : 620,
    "12" : 608,
    "13" : 593,
    "14" : 591,
    "15" : 497,
    "16" : 503,
    "17" : 476,
    "18" : 404,
    "19" : 355,
    "20" : 356,
    "21" : 307,
    "22" : 309,
    "23" : 248,
    "24" : 243,
    "25" : 223,
    "26" : 199,
    "27" : 145,
    "28" : 121,
    "29" : 136,
    "30" : 118,
    "31" : 95,
    "32" : 56,
    "33" : 76,
    "34" : 63,
    "35" : 56,
    "36" : 43,
    "37" : 47,
    "38" : 36,
    "39" : 38,
    "40" : 31,
    "41" : 22,
    "42" : 19,
    "43" : 18,
    "44" : 16,
    "45" : 17,
    "46" : 4,
    "47" : 9,
    "48" : 12,
    "49" : 9,
    "50" : 9,
    "51" : 11,
    "52" : 11,
    "53" : 8,
    "55" : 6,
    "56" : 4,
    "57" : 6,
    "58" : 4,
    "59" : 1,
    "61" : 2,
    "62" : 2,
    "64" : 1,
    "65" : 2,
    "67" : 2,
    "69" : 1,
    "71" : 1,
    "72" : 2,
    "75" : 1
  },
  "mean" : 16.96124717222386,
  "stdDev" : 8.725009175114307
}