{
  "distribution" : {
    "2" : 4,
    "3" : 32,
    "4" : 90,
    "5" : 202,
    "6" : 319,
    "7" : 447,
    "8" : 540,
    "9" : 628,
    "10" : 696,
    "11" : 650,
    "12" : 666,
    "13" : 578,
    "14" : 639,
    "15" : 504,
    "16" : 482,
    "17" : 449,
    "18" : 388,
    "19" : 356,
    "20" : 309,
    "21" : 305,
    "22" : 246,
    "23" : 184,
    "24" : 186,
    "25" : 167,
    "26" : 164,
    "27" : 140,
    "28" : 110,
    "29" : 109,
    "30" : 100,
    "31" : 75,
    "32" : 75,
    "33" : 66,
    "34" : 58,
    "35" : 48,
    "36" : 39,
    "37" : 29,
    "38" : 42,
    "39" : 23,
    "40" : 25,
    "41" : 18,
    "42" : 9,
    "43" : 19,
    "44" : 10,
    "45" : 14,
    "46" : 8,
    "47" : 9,
    "48" : 10,
    "49" : 7,
    "50" : 1,
    "51" : 2,
    "52" : 5,
    "53" : 1,
    "54" : 2,
    "55" : 2,
    "56" : 1,
    "58" : 3,
    "59" : 2,
    "60" : 1,
    "61" : 1,
    "64" : 1,
    "71" : 3,
    "81" : 1,
    "82" : 1
  },
  "mean" : 15.784001553247258,
  "stdDev" : 8.172974666462533
}