{
  "distribution" : {
    "2" : 3,
    "3" : 20,
    "4" : 96,
    "5" : 191,
    "6" : 345,
    "7" : 428,
    "8" : 584,
    "9" : 589,
    "10" : 648,
    "11" : 701,
    "12" : 654,
    "13" : 633,
    "14" : 582,
    "15" : 536,
    "16" : 517,
    "17" : 463,
    "18" : 422,
    "19" : 380,
    "20" : 316,
    "21" : 268,
    "22" : 257,
    "23" : 219,
    "24" : 204,
    "25" : 196,
    "26" : 151,
    "27" : 151,
    "28" : 124,
    "29" : 109,
    "30" : 82,
    "31" : 90,
    "32" : 57,
    "33" : 66,
    "34" : 73,
    "35" : 44,
    "36" : 42,
    "37" : 37,
    "38" : 32,
    "39" : 28,
    "40" : 22,
    "41" : 20,
    "42" : 17,
    "43" : 16,
    "44" : 13,
    "45" : 7,
    "46" : 8,
    "47" : 8,
    "48" : 12,
    "49" : 9,
    "50" : 8,
    "51" : 5,
    "52" : 8,
    "53" : 7,
    "54" : 3,
    "55" : 3,
    "56" : 2,
    "57" : 4,
    "58" : 2,
    "60" : 1,
    "61" : 2,
    "62" : 2,
    "64" : 2,
    "65" : 1,
    "67" : 1,
    "70" : 1,
    "72" : 2,
    "74" : 1
  },
  "mean" : 15.983087885985748,
  "stdDev" : 8.365288350497737
}