{
  "distribution" : {
    "2" : 2,
    "3" : 19,
    "4" : 73,
    "5" : 186,
    "6" : 327,
    "7" : 403,
    "8" : 521,
    "9" : 524,
    "10" : 627,
    "11" : 689,
    "12" : 649,
    "13" : 619,
    "14" : 597,
    "15" : 578,
    "16" : 525,
    "17" : 472,
    "18" : 427,
    "19" : 405,
    "20" : 351,
    "21" : 312,
    "22" : 287,
    "23" : 265,
    "24" : 203,
    "25" : 208,
    "26" : 199,
    "27" : 176,
    "28" : 135,
    "29" : 120,
    "30" : 98,
    "31" : 83,
    "32" : 63,
    "33" : 71,
    "34" : 70,
    "35" : 58,
    "36" : 54,
    "37" : 48,
    "38" : 31,
    "39" : 36,
    "40" : 32,
    "41" : 30,
    "42" : 21,
    "43" : 18,
    "44" : 20,
    "45" : 21,
    "46" : 13,
    "47" : 13,
    "48" : 6,
    "49" : 9,
    "50" : 11,
    "51" : 6,
    "52" : 4,
    "53" : 6,
    "54" : 8,
    "55" : 7,
    "56" : 4,
    "57" : 4,
    "58" : 4,
    "59" : 2,
    "60" : 1,
    "61" : 1,
    "62" : 4,
    "63" : 2,
    "64" : 1,
    "65" : 2,
    "66" : 1,
    "69" : 2,
    "70" : 1,
    "74" : 1,
    "75" : 1,
    "76" : 1,
    "94" : 1,
    "103" : 1
  },
  "mean" : 16.676415970287838,
  "stdDev" : 8.830032734920794
}