{
  "distribution" : {
    "2" : 1,
    "3" : 7,
    "4" : 54,
    "5" : 122,
    "6" : 216,
    "7" : 326,
    "8" : 429,
    "9" : 532,
    "10" : 536,
    "11" : 544,
    "12" : 595,
    "13" : 611,
    "14" : 526,
    "15" : 513,
    "16" : 504,
    "17" : 472,
    "18" : 424,
    "19" : 406,
    "20" : 358,
    "21" : 321,
    "22" : 314,
    "23" : 248,
    "24" : 214,
    "25" : 207,
    "26" : 169,
    "27" : 164,
    "28" : 139,
    "29" : 149,
    "30" : 120,
    "31" : 100,
    "32" : 93,
    "33" : 80,
    "34" : 80,
    "35" : 64,
    "36" : 54,
    "37" : 28,
    "38" : 41,
    "39" : 40,
    "40" : 32,
    "41" : 32,
    "42" : 22,
    "43" : 32,
    "44" : 23,
    "45" : 18,
    "46" : 18,
    "47" : 10,
    "48" : 10,
    "49" : 8,
    "50" : 9,
    "51" : 11,
    "52" : 9,
    "53" : 7,
    "54" : 2,
    "55" : 5,
    "56" : 1,
    "57" : 3,
    "58" : 3,
    "59" : 4,
    "60" : 3,
    "62" : 2,
    "63" : 2,
    "64" : 1,
    "65" : 1,
    "67" : 1,
    "68" : 1,
    "69" : 1,
    "70" : 1,
    "71" : 1,
    "74" : 3,
    "77" : 1
  },
  "mean" : 17.439670569557453,
  "stdDev" : 8.93225259496134
}