{
  "distribution" : {
    "3" : 6,
    "4" : 32,
    "5" : 65,
    "6" : 119,
    "7" : 200,
    "8" : 293,
    "9" : 389,
    "10" : 427,
    "11" : 454,
    "12" : 510,
    "13" : 558,
    "14" : 499,
    "15" : 492,
    "16" : 483,
    "17" : 485,
    "18" : 456,
    "19" : 396,
    "20" : 405,
    "21" : 381,
    "22" : 371,
    "23" : 316,
    "24" : 321,
    "25" : 236,
    "26" : 244,
    "27" : 205,
    "28" : 184,
    "29" : 166,
    "30" : 177,
    "31" : 151,
    "32" : 122,
    "33" : 112,
    "34" : 113,
    "35" : 88,
    "36" : 79,
    "37" : 70,
    "38" : 64,
    "39" : 71,
    "40" : 49,
    "41" : 45,
    "42" : 54,
    "43" : 37,
    "44" : 29,
    "45" : 27,
    "46" : 30,
    "47" : 24,
    "48" : 30,
    "49" : 22,
    "50" : 18,
    "51" : 17,
    "52" : 18,
    "53" : 14,
    "54" : 16,
    "55" : 11,
    "56" : 6,
    "57" : 7,
    "58" : 4,
    "59" : 7,
    "60" : 7,
    "61" : 7,
    "62" : 8,
    "63" : 6,
    "64" : 3,
    "65" : 5,
    "66" : 1,
    "68" : 2,
    "69" : 2,
    "72" : 4,
    "73" : 1,
    "74" : 1,
    "75" : 3,
    "76" : 2,
    "77" : 1,
    "80" : 1,
    "81" : 2,
    "85" : 1,
    "88" : 1,
    "90" : 2,
    "96" : 1
  },
  "mean" : 19.959088252483927,
  "stdDev" : 10.317506094419436
}