{
  "distribution" : {
    "3" : 3,
    "4" : 13,
    "5" : 55,
    "6" : 128,
    "7" : 162,
    "8" : 297,
    "9" : 324,
    "10" : 397,
    "11" : 437,
    "12" : 485,
    "13" : 519,
    "14" : 522,
    "15" : 501,
    "16" : 489,
    "17" : 480,
    "18" : 464,
    "19" : 397,
    "20" : 406,
    "21" : 376,
    "22" : 343,
    "23" : 296,
    "24" : 311,
    "25" : 264,
    "26" : 236,
    "27" : 243,
    "28" : 197,
    "29" : 174,
    "30" : 174,
    "31" : 161,
    "32" : 122,
    "33" : 98,
    "34" : 98,
    "35" : 111,
    "36" : 91,
    "37" : 73,
    "38" : 63,
    "39" : 51,
    "40" : 53,
    "41" : 47,
    "42" : 41,
    "43" : 49,
    "44" : 30,
    "45" : 29,
    "46" : 38,
    "47" : 32,
    "48" : 31,
    "49" : 16,
    "50" : 17,
    "51" : 19,
    "52" : 10,
    "53" : 15,
    "54" : 22,
    "55" : 10,
    "56" : 10,
    "57" : 8,
    "58" : 6,
    "59" : 9,
    "60" : 4,
    "61" : 5,
    "62" : 2,
    "63" : 5,
    "64" : 1,
    "65" : 5,
    "66" : 4,
    "67" : 1,
    "68" : 2,
    "69" : 5,
    "70" : 1,
    "71" : 2,
    "72" : 2,
    "73" : 1,
    "74" : 1,
    "75" : 3,
    "76" : 3,
    "80" : 2,
    "81" : 1,
    "83" : 3,
    "86" : 1,
    "87" : 1,
    "89" : 1,
    "93" : 1,
    "94" : 1
  },
  "mean" : 20.281574522796955,
  "stdDev" : 10.404420412879913
}