{
  "distribution" : {
    "2" : 25,
    "3" : 170,
    "4" : 361,
    "5" : 596,
    "6" : 786,
    "7" : 942,
    "8" : 919,
    "9" : 913,
    "10" : 771,
    "11" : 679,
    "12" : 703,
    "13" : 597,
    "14" : 465,
    "15" : 389,
    "16" : 282,
    "17" : 253,
    "18" : 213,
    "19" : 192,
    "20" : 138,
    "21" : 119,
    "22" : 95,
    "23" : 92,
    "24" : 69,
    "25" : 66,
    "26" : 56,
    "27" : 48,
    "28" : 29,
    "29" : 31,
    "30" : 20,
    "31" : 17,
    "32" : 17,
    "33" : 17,
    "34" : 6,
    "35" : 3,
    "36" : 3,
    "37" : 8,
    "38" : 4,
    "40" : 1,
    "42" : 5,
    "43" : 3,
    "44" : 2,
    "45" : 1,
    "46" : 1,
    "47" : 1,
    "50" : 1,
    "54" : 1,
    "57" : 1
  },
  "mean" : 11.173573335970724,
  "stdDev" : 5.732069008071251
}