{
  "distribution" : {
    "1" : 2,
    "2" : 30,
    "3" : 129,
    "4" : 324,
    "5" : 543,
    "6" : 782,
    "7" : 852,
    "8" : 848,
    "9" : 926,
    "10" : 820,
    "11" : 785,
    "12" : 659,
    "13" : 604,
    "14" : 518,
    "15" : 404,
    "16" : 373,
    "17" : 363,
    "18" : 278,
    "19" : 241,
    "20" : 188,
    "21" : 163,
    "22" : 149,
    "23" : 135,
    "24" : 92,
    "25" : 71,
    "26" : 85,
    "27" : 63,
    "28" : 50,
    "29" : 46,
    "30" : 25,
    "31" : 33,
    "32" : 23,
    "33" : 30,
    "34" : 13,
    "35" : 15,
    "36" : 11,
    "37" : 7,
    "38" : 12,
    "39" : 6,
    "40" : 12,
    "41" : 4,
    "42" : 4,
    "43" : 8,
    "45" : 3,
    "46" : 2,
    "48" : 1,
    "49" : 1,
    "50" : 1,
    "52" : 1,
    "53" : 1,
    "54" : 1
  },
  "mean" : 12.066405886187948,
  "stdDev" : 6.3791328367714275
}