{
  "distribution" : {
    "2" : 5,
    "3" : 50,
    "4" : 207,
    "5" : 399,
    "6" : 592,
    "7" : 732,
    "8" : 796,
    "9" : 831,
    "10" : 821,
    "11" : 730,
    "12" : 725,
    "13" : 591,
    "14" : 570,
    "15" : 501,
    "16" : 442,
    "17" : 385,
    "18" : 315,
    "19" : 270,
    "20" : 249,
    "21" : 201,
    "22" : 172,
    "23" : 138,
    "24" : 136,
    "25" : 114,
    "26" : 94,
    "27" : 83,
    "28" : 64,
    "29" : 57,
    "30" : 61,
    "31" : 45,
    "32" : 31,
    "33" : 31,
    "34" : 26,
    "35" : 24,
    "36" : 24,
    "37" : 13,
    "38" : 12,
    "39" : 7,
    "40" : 6,
    "41" : 8,
    "42" : 7,
    "43" : 6,
    "44" : 3,
    "45" : 3,
    "46" : 4,
    "47" : 6,
    "48" : 7,
    "49" : 1,
    "51" : 1,
    "52" : 2,
    "53" : 4,
    "59" : 1,
    "60" : 1,
    "63" : 2,
    "64" : 1,
    "69" : 1,
    "75" : 1
  },
  "mean" : 13.247242906965784,
  "stdDev" : 6.961652136995202
}