{
  "distribution" : {
    "2" : 4,
    "3" : 26,
    "4" : 105,
    "5" : 227,
    "6" : 431,
    "7" : 522,
    "8" : 625,
    "9" : 677,
    "10" : 743,
    "11" : 726,
    "12" : 710,
    "13" : 641,
    "14" : 590,
    "15" : 546,
    "16" : 496,
    "17" : 435,
    "18" : 367,
    "19" : 363,
    "20" : 303,
    "21" : 286,
    "22" : 242,
    "23" : 212,
    "24" : 190,
    "25" : 161,
    "26" : 137,
    "27" : 117,
    "28" : 103,
    "29" : 95,
    "30" : 86,
    "31" : 62,
    "32" : 49,
    "33" : 61,
    "34" : 37,
    "35" : 49,
    "36" : 35,
    "37" : 27,
    "38" : 36,
    "39" : 23,
    "40" : 30,
    "41" : 15,
    "42" : 16,
    "43" : 12,
    "44" : 10,
    "45" : 7,
    "46" : 7,
    "47" : 8,
    "48" : 11,
    "49" : 5,
    "50" : 3,
    "51" : 2,
    "52" : 1,
    "53" : 4,
    "55" : 4,
    "56" : 1,
    "57" : 4,
    "58" : 3,
    "59" : 3,
    "62" : 1,
    "63" : 1,
    "64" : 2,
    "68" : 2,
    "72" : 1,
    "87" : 1,
    "94" : 1
  },
  "mean" : 15.19252336448598,
  "stdDev" : 8.01802694764771
}