{
  "distribution" : {
    "2" : 3,
    "3" : 29,
    "4" : 80,
    "5" : 210,
    "6" : 301,
    "7" : 423,
    "8" : 545,
    "9" : 631,
    "10" : 689,
    "11" : 691,
    "12" : 652,
    "13" : 650,
    "14" : 569,
    "15" : 584,
    "16" : 494,
    "17" : 476,
    "18" : 394,
    "19" : 386,
    "20" : 371,
    "21" : 298,
    "22" : 227,
    "23" : 213,
    "24" : 207,
    "25" : 183,
    "26" : 163,
    "27" : 142,
    "28" : 114,
    "29" : 118,
    "30" : 89,
    "31" : 73,
    "32" : 74,
    "33" : 68,
    "34" : 56,
    "35" : 48,
    "36" : 48,
    "37" : 46,
    "38" : 30,
    "39" : 27,
    "40" : 22,
    "41" : 14,
    "42" : 16,
    "43" : 14,
    "44" : 14,
    "45" : 16,
    "46" : 15,
    "47" : 10,
    "48" : 9,
    "49" : 4,
    "50" : 4,
    "51" : 9,
    "52" : 5,
    "53" : 11,
    "54" : 4,
    "55" : 7,
    "56" : 4,
    "58" : 3,
    "59" : 2,
    "60" : 3,
    "61" : 2,
    "62" : 1,
    "63" : 1,
    "66" : 2,
    "72" : 1,
    "75" : 1,
    "83" : 2
  },
  "mean" : 16.048027929798074,
  "stdDev" : 8.428308448059106
}