{
  "distribution" : {
    "2" : 4,
    "3" : 23,
    "4" : 82,
    "5" : 171,
    "6" : 343,
    "7" : 394,
    "8" : 528,
    "9" : 613,
    "10" : 662,
    "11" : 654,
    "12" : 647,
    "13" : 644,
    "14" : 641,
    "15" : 618,
    "16" : 525,
    "17" : 488,
    "18" : 441,
    "19" : 411,
    "20" : 366,
    "21" : 294,
    "22" : 253,
    "23" : 242,
    "24" : 234,
    "25" : 177,
    "26" : 161,
    "27" : 124,
    "28" : 132,
    "29" : 119,
    "30" : 97,
    "31" : 95,
    "32" : 78,
    "33" : 76,
    "34" : 61,
    "35" : 65,
    "36" : 52,
    "37" : 33,
    "38" : 27,
    "39" : 43,
    "40" : 34,
    "41" : 18,
    "42" : 16,
    "43" : 21,
    "44" : 15,
    "45" : 21,
    "46" : 11,
    "47" : 10,
    "48" : 16,
    "49" : 7,
    "50" : 7,
    "51" : 13,
    "52" : 8,
    "53" : 3,
    "54" : 3,
    "55" : 1,
    "56" : 3,
    "57" : 2,
    "58" : 6,
    "59" : 1,
    "60" : 4,
    "62" : 3,
    "63" : 1,
    "64" : 2,
    "65" : 2,
    "66" : 2,
    "67" : 1,
    "68" : 2,
    "70" : 1,
    "71" : 1,
    "75" : 1,
    "76" : 1,
    "77" : 1,
    "80" : 2,
    "83" : 1,
    "84" : 1
  },
  "mean" : 16.43121546961326,
  "stdDev" : 8.735745722843271
}