{
  "distribution" : {
    "2" : 11,
    "3" : 95,
    "4" : 252,
    "5" : 506,
    "6" : 645,
    "7" : 703,
    "8" : 850,
    "9" : 874,
    "10" : 873,
    "11" : 770,
    "12" : 686,
    "13" : 586,
    "14" : 576,
    "15" : 476,
    "16" : 384,
    "17" : 340,
    "18" : 287,
    "19" : 242,
    "20" : 228,
    "21" : 181,
    "22" : 154,
    "23" : 139,
    "24" : 117,
    "25" : 87,
    "26" : 82,
    "27" : 71,
    "28" : 55,
    "29" : 48,
    "30" : 36,
    "31" : 43,
    "32" : 31,
    "33" : 20,
    "34" : 20,
    "35" : 20,
    "36" : 15,
    "37" : 17,
    "38" : 9,
    "39" : 10,
    "40" : 8,
    "41" : 12,
    "42" : 4,
    "43" : 5,
    "44" : 8,
    "45" : 4,
    "46" : 2,
    "47" : 1,
    "49" : 2,
    "50" : 3,
    "54" : 1,
    "56" : 2,
    "61" : 1
  },
  "mean" : 12.636046072507552,
  "stdDev" : 6.635014099873163
}