{
  "distribution" : {
    "2" : 7,
    "3" : 68,
    "4" : 212,
    "5" : 391,
    "6" : 600,
    "7" : 758,
    "8" : 765,
    "9" : 806,
    "10" : 833,
    "11" : 755,
    "12" : 693,
    "13" : 655,
    "14" : 605,
    "15" : 488,
    "16" : 445,
    "17" : 357,
    "18" : 328,
    "19" : 283,
    "20" : 222,
    "21" : 238,
    "22" : 178,
    "23" : 156,
    "24" : 140,
    "25" : 106,
    "26" : 91,
    "27" : 75,
    "28" : 93,
    "29" : 54,
    "30" : 69,
    "31" : 45,
    "32" : 30,
    "33" : 33,
    "34" : 37,
    "35" : 30,
    "36" : 21,
    "37" : 15,
    "38" : 14,
    "39" : 18,
    "40" : 8,
    "41" : 11,
    "42" : 13,
    "43" : 4,
    "44" : 3,
    "45" : 11,
    "46" : 5,
    "47" : 3,
    "48" : 3,
    "49" : 2,
    "51" : 2,
    "52" : 2,
    "54" : 1,
    "58" : 1,
    "59" : 1,
    "63" : 1,
    "69" : 1,
    "72" : 1
  },
  "mean" : 13.369518865300826,
  "stdDev" : 7.084501603555978
}