{
  "distribution" : {
    "3" : 4,
    "4" : 5,
    "5" : 49,
    "6" : 98,
    "7" : 175,
    "8" : 201,
    "9" : 281,
    "10" : 366,
    "11" : 421,
    "12" : 458,
    "13" : 449,
    "14" : 495,
    "15" : 476,
    "16" : 468,
    "17" : 499,
    "18" : 444,
    "19" : 397,
    "20" : 409,
    "21" : 380,
    "22" : 327,
    "23" : 348,
    "24" : 306,
    "25" : 268,
    "26" : 252,
    "27" : 213,
    "28" : 225,
    "29" : 198,
    "30" : 176,
    "31" : 171,
    "32" : 143,
    "33" : 115,
    "34" : 124,
    "35" : 106,
    "36" : 69,
    "37" : 73,
    "38" : 67,
    "39" : 78,
    "40" : 80,
    "41" : 58,
    "42" : 48,
    "43" : 51,
    "44" : 41,
    "45" : 40,
    "46" : 30,
    "47" : 28,
    "48" : 24,
    "49" : 26,
    "50" : 14,
    "51" : 24,
    "52" : 15,
    "53" : 19,
    "54" : 19,
    "55" : 8,
    "56" : 8,
    "57" : 9,
    "58" : 11,
    "59" : 7,
    "60" : 7,
    "61" : 7,
    "62" : 7,
    "63" : 6,
    "64" : 3,
    "65" : 5,
    "66" : 2,
    "67" : 4,
    "68" : 2,
    "69" : 4,
    "70" : 1,
    "71" : 1,
    "72" : 4,
    "73" : 1,
    "74" : 3,
    "75" : 1,
    "76" : 1,
    "77" : 2,
    "78" : 2,
    "79" : 1,
    "80" : 4,
    "81" : 1,
    "85" : 1,
    "86" : 2,
    "88" : 2,
    "98" : 1,
    "106" : 1
  },
  "mean" : 21.044834503510533,
  "stdDev" : 10.721213719112535
}