{
  "distribution" : {
    "2" : 2,
    "3" : 16,
    "4" : 44,
    "5" : 130,
    "6" : 236,
    "7" : 296,
    "8" : 387,
    "9" : 453,
    "10" : 546,
    "11" : 564,
    "12" : 634,
    "13" : 546,
    "14" : 585,
    "15" : 546,
    "16" : 482,
    "17" : 475,
    "18" : 398,
    "19" : 423,
    "20" : 348,
    "21" : 341,
    "22" : 282,
    "23" : 272,
    "24" : 250,
    "25" : 205,
    "26" : 180,
    "27" : 161,
    "28" : 140,
    "29" : 154,
    "30" : 109,
    "31" : 111,
    "32" : 101,
    "33" : 83,
    "34" : 71,
    "35" : 75,
    "36" : 59,
    "37" : 47,
    "38" : 38,
    "39" : 46,
    "40" : 42,
    "41" : 42,
    "42" : 32,
    "43" : 25,
    "44" : 19,
    "45" : 18,
    "46" : 16,
    "47" : 15,
    "48" : 11,
    "49" : 7,
    "50" : 7,
    "51" : 10,
    "52" : 5,
    "53" : 7,
    "54" : 2,
    "55" : 4,
    "56" : 10,
    "57" : 3,
    "58" : 3,
    "59" : 5,
    "60" : 1,
    "62" : 2,
    "67" : 1,
    "68" : 2,
    "69" : 1,
    "70" : 1,
    "73" : 2,
    "74" : 1,
    "76" : 1,
    "78" : 2,
    "80" : 1,
    "90" : 1
  },
  "mean" : 17.677750370004933,
  "stdDev" : 9.080063657275389
}