{
  "distribution" : {
    "2" : 1,
    "3" : 12,
    "4" : 72,
    "5" : 184,
    "6" : 295,
    "7" : 452,
    "8" : 526,
    "9" : 646,
    "10" : 631,
    "11" : 645,
    "12" : 645,
    "13" : 705,
    "14" : 628,
    "15" : 554,
    "16" : 503,
    "17" : 432,
    "18" : 376,
    "19" : 358,
    "20" : 305,
    "21" : 292,
    "22" : 242,
    "23" : 240,
    "24" : 193,
    "25" : 173,
    "26" : 162,
    "27" : 136,
    "28" : 113,
    "29" : 101,
    "30" : 99,
    "31" : 78,
    "32" : 56,
    "33" : 69,
    "34" : 42,
    "35" : 47,
    "36" : 44,
    "37" : 37,
    "38" : 39,
    "39" : 27,
    "40" : 25,
    "41" : 22,
    "42" : 21,
    "43" : 11,
    "44" : 16,
    "45" : 12,
    "46" : 10,
    "47" : 8,
    "48" : 5,
    "49" : 7,
    "50" : 6,
    "51" : 7,
    "52" : 2,
    "53" : 6,
    "54" : 3,
    "55" : 4,
    "56" : 1,
    "57" : 2,
    "58" : 1,
    "59" : 1,
    "60" : 4,
    "62" : 2,
    "64" : 1,
    "65" : 2,
    "66" : 1,
    "67" : 1,
    "70" : 2,
    "72" : 1,
    "73" : 1,
    "74" : 1
  },
  "mean" : 15.979315677556544,
  "stdDev" : 8.29268589177604
}