{
  "distribution" : {
    "2" : 5,
    "3" : 34,
    "4" : 114,
    "5" : 245,
    "6" : 363,
    "7" : 543,
    "8" : 638,
    "9" : 638,
    "10" : 781,
    "11" : 699,
    "12" : 638,
    "13" : 588,
    "14" : 573,
    "15" : 529,
    "16" : 441,
    "17" : 387,
    "18" : 395,
    "19" : 344,
    "20" : 318,
    "21" : 259,
    "22" : 225,
    "23" : 184,
    "24" : 181,
    "25" : 152,
    "26" : 125,
    "27" : 84,
    "28" : 78,
    "29" : 70,
    "30" : 85,
    "31" : 49,
    "32" : 56,
    "33" : 45,
    "34" : 40,
    "35" : 28,
    "36" : 36,
    "37" : 17,
    "38" : 24,
    "39" : 25,
    "40" : 16,
    "41" : 14,
    "42" : 22,
    "43" : 11,
    "44" : 7,
    "45" : 7,
    "46" : 6,
    "47" : 4,
    "48" : 9,
    "49" : 3,
    "50" : 2,
    "53" : 3,
    "54" : 1,
    "55" : 1,
    "56" : 1,
    "57" : 2,
    "58" : 1,
    "59" : 3,
    "61" : 1,
    "63" : 1,
    "66" : 1,
    "70" : 1
  },
  "mean" : 14.805476213926918,
  "stdDev" : 7.61082303161287
}