{
  "distribution" : {
    "2" : 1,
    "3" : 22,
    "4" : 45,
    "5" : 111,
    "6" : 205,
    "7" : 330,
    "8" : 398,
    "9" : 475,
    "10" : 533,
    "11" : 572,
    "12" : 601,
    "13" : 608,
    "14" : 563,
    "15" : 503,
    "16" : 530,
    "17" : 465,
    "18" : 424,
    "19" : 387,
    "20" : 366,
    "21" : 327,
    "22" : 314,
    "23" : 269,
    "24" : 201,
    "25" : 235,
    "26" : 200,
    "27" : 180,
    "28" : 152,
    "29" : 155,
    "30" : 126,
    "31" : 103,
    "32" : 91,
    "33" : 76,
    "34" : 70,
    "35" : 50,
    "36" : 42,
    "37" : 43,
    "38" : 42,
    "39" : 28,
    "40" : 28,
    "41" : 30,
    "42" : 28,
    "43" : 23,
    "44" : 26,
    "45" : 18,
    "46" : 11,
    "47" : 16,
    "48" : 19,
    "49" : 10,
    "50" : 6,
    "51" : 7,
    "52" : 13,
    "53" : 4,
    "54" : 12,
    "55" : 5,
    "56" : 6,
    "57" : 2,
    "58" : 6,
    "59" : 6,
    "60" : 3,
    "61" : 6,
    "62" : 5,
    "63" : 1,
    "64" : 6,
    "65" : 1,
    "66" : 1,
    "69" : 1,
    "90" : 1
  },
  "mean" : 17.624704258675077,
  "stdDev" : 9.056464288666279
}