{
  "distribution" : {
    "3" : 3,
    "4" : 25,
    "5" : 42,
    "6" : 116,
    "7" : 168,
    "8" : 251,
    "9" : 338,
    "10" : 374,
    "11" : 485,
    "12" : 497,
    "13" : 501,
    "14" : 542,
    "15" : 535,
    "16" : 536,
    "17" : 483,
    "18" : 502,
    "19" : 432,
    "20" : 432,
    "21" : 404,
    "22" : 401,
    "23" : 384,
    "24" : 281,
    "25" : 270,
    "26" : 260,
    "27" : 245,
    "28" : 233,
    "29" : 213,
    "30" : 191,
    "31" : 159,
    "32" : 161,
    "33" : 151,
    "34" : 131,
    "35" : 114,
    "36" : 102,
    "37" : 89,
    "38" : 87,
    "39" : 59,
    "40" : 62,
    "41" : 76,
    "42" : 65,
    "43" : 70,
    "44" : 52,
    "45" : 45,
    "46" : 30,
    "47" : 41,
    "48" : 38,
    "49" : 24,
    "50" : 15,
    "51" : 24,
    "52" : 23,
    "53" : 22,
    "54" : 21,
    "55" : 15,
    "56" : 6,
    "57" : 14,
    "58" : 12,
    "59" : 17,
    "60" : 4,
    "61" : 6,
    "62" : 10,
    "63" : 15,
    "64" : 6,
    "65" : 5,
    "66" : 11,
    "67" : 8,
    "68" : 10,
    "69" : 4,
    "70" : 6,
    "71" : 5,
    "72" : 4,
    "73" : 2,
    "74" : 4,
    "75" : 1,
    "76" : 1,
    "77" : 2,
    "78" : 2,
    "79" : 2,
    "80" : 3,
    "82" : 3,
    "83" : 3,
    "84" : 2,
    "85" : 1,
    "89" : 1,
    "90" : 2,
    "91" : 1,
    "93" : 1,
    "97" : 1,
    "103" : 1,
    "125" : 1
  },
  "mean" : 21.33918341365827,
  "stdDev" : 11.41714122123444
}