{
  "distribution" : {
    "2" : 24,
    "3" : 153,
    "4" : 374,
    "5" : 672,
    "6" : 789,
    "7" : 892,
    "8" : 894,
    "9" : 904,
    "10" : 819,
    "11" : 771,
    "12" : 648,
    "13" : 598,
    "14" : 504,
    "15" : 428,
    "16" : 344,
    "17" : 307,
    "18" : 257,
    "19" : 204,
    "20" : 156,
    "21" : 145,
    "22" : 136,
    "23" : 109,
    "24" : 77,
    "25" : 54,
    "26" : 58,
    "27" : 53,
    "28" : 44,
    "29" : 31,
    "30" : 34,
    "31" : 30,
    "32" : 16,
    "33" : 15,
    "34" : 10,
    "35" : 8,
    "36" : 9,
    "37" : 9,
    "38" : 11,
    "39" : 6,
    "40" : 8,
    "41" : 3,
    "42" : 2,
    "43" : 1,
    "44" : 1,
    "45" : 2,
    "47" : 3,
    "48" : 2,
    "51" : 1,
    "52" : 1,
    "57" : 1
  },
  "mean" : 11.534187229233376,
  "stdDev" : 6.063990267410274
}