{
  "distribution" : {
    "2" : 13,
    "3" : 127,
    "4" : 320,
    "5" : 569,
    "6" : 753,
    "7" : 940,
    "8" : 903,
    "9" : 936,
    "10" : 778,
    "11" : 740,
    "12" : 630,
    "13" : 568,
    "14" : 496,
    "15" : 454,
    "16" : 399,
    "17" : 306,
    "18" : 233,
    "19" : 261,
    "20" : 179,
    "21" : 173,
    "22" : 119,
    "23" : 118,
    "24" : 105,
    "25" : 86,
    "26" : 62,
    "27" : 55,
    "28" : 45,
    "29" : 36,
    "30" : 37,
    "31" : 23,
    "32" : 23,
    "33" : 20,
    "34" : 12,
    "35" : 23,
    "36" : 11,
    "37" : 13,
    "38" : 3,
    "39" : 9,
    "40" : 2,
    "41" : 4,
    "42" : 1,
    "43" : 1,
    "44" : 4,
    "46" : 3,
    "47" : 2,
    "48" : 1,
    "49" : 2,
    "50" : 1,
    "54" : 1,
    "55" : 1,
    "57" : 1
  },
  "mean" : 11.896245991322392,
  "stdDev" : 6.249428768088186
}