{
  "distribution" : {
    "3" : 1,
    "4" : 25,
    "5" : 53,
    "6" : 117,
    "7" : 186,
    "8" : 286,
    "9" : 349,
    "10" : 453,
    "11" : 486,
    "12" : 535,
    "13" : 525,
    "14" : 500,
    "15" : 535,
    "16" : 500,
    "17" : 491,
    "18" : 426,
    "19" : 455,
    "20" : 401,
    "21" : 374,
    "22" : 362,
    "23" : 294,
    "24" : 293,
    "25" : 273,
    "26" : 241,
    "27" : 212,
    "28" : 190,
    "29" : 166,
    "30" : 155,
    "31" : 171,
    "32" : 172,
    "33" : 133,
    "34" : 114,
    "35" : 94,
    "36" : 94,
    "37" : 106,
    "38" : 68,
    "39" : 56,
    "40" : 67,
    "41" : 37,
    "42" : 44,
    "43" : 43,
    "44" : 45,
    "45" : 35,
    "46" : 35,
    "47" : 26,
    "48" : 24,
    "49" : 23,
    "50" : 23,
    "51" : 16,
    "52" : 10,
    "53" : 19,
    "54" : 9,
    "55" : 11,
    "56" : 10,
    "57" : 6,
    "58" : 11,
    "59" : 11,
    "60" : 9,
    "61" : 4,
    "62" : 8,
    "63" : 4,
    "64" : 4,
    "65" : 7,
    "66" : 2,
    "67" : 3,
    "68" : 5,
    "69" : 5,
    "70" : 3,
    "72" : 2,
    "73" : 3,
    "74" : 3,
    "76" : 1,
    "79" : 1,
    "80" : 3,
    "81" : 1,
    "82" : 1,
    "83" : 1,
    "84" : 1,
    "88" : 1,
    "95" : 1,
    "98" : 1,
    "116" : 1
  },
  "mean" : 20.319232238349887,
  "stdDev" : 10.608700822970441
}