{
  "distribution" : {
    "2" : 21,
    "3" : 90,
    "4" : 273,
    "5" : 510,
    "6" : 717,
    "7" : 767,
    "8" : 829,
    "9" : 838,
    "10" : 858,
    "11" : 743,
    "12" : 712,
    "13" : 582,
    "14" : 475,
    "15" : 417,
    "16" : 395,
    "17" : 352,
    "18" : 283,
    "19" : 247,
    "20" : 206,
    "21" : 170,
    "22" : 142,
    "23" : 104,
    "24" : 106,
    "25" : 88,
    "26" : 63,
    "27" : 56,
    "28" : 48,
    "29" : 35,
    "30" : 29,
    "31" : 28,
    "32" : 34,
    "33" : 20,
    "34" : 20,
    "35" : 13,
    "36" : 12,
    "37" : 13,
    "38" : 3,
    "39" : 7,
    "40" : 7,
    "41" : 3,
    "42" : 5,
    "43" : 5,
    "45" : 4,
    "46" : 1,
    "47" : 1,
    "50" : 4,
    "52" : 1,
    "54" : 2,
    "55" : 1,
    "57" : 2
  },
  "mean" : 12.247921098433572,
  "stdDev" : 6.354455565328131
}