{
  "distribution" : {
    "2" : 28,
    "3" : 167,
    "4" : 503,
    "5" : 795,
    "6" : 911,
    "7" : 1025,
    "8" : 1025,
    "9" : 932,
    "10" : 866,
    "11" : 736,
    "12" : 627,
    "13" : 553,
    "14" : 468,
    "15" : 348,
    "16" : 282,
    "17" : 208,
    "18" : 206,
    "19" : 181,
    "20" : 149,
    "21" : 113,
    "22" : 88,
    "23" : 91,
    "24" : 62,
    "25" : 54,
    "26" : 41,
    "27" : 30,
    "28" : 28,
    "29" : 16,
    "30" : 20,
    "31" : 24,
    "32" : 14,
    "33" : 15,
    "34" : 8,
    "35" : 7,
    "36" : 8,
    "37" : 4,
    "38" : 4,
    "39" : 2,
    "40" : 4,
    "41" : 4,
    "42" : 2,
    "43" : 1,
    "44" : 1,
    "45" : 3,
    "46" : 1,
    "50" : 1,
    "52" : 1,
    "61" : 1
  },
  "mean" : 10.683242634640646,
  "stdDev" : 5.627105568693253
}