{
  "distribution" : {
    "2" : 3,
    "3" : 14,
    "4" : 60,
    "5" : 163,
    "6" : 282,
    "7" : 387,
    "8" : 473,
    "9" : 597,
    "10" : 647,
    "11" : 598,
    "12" : 658,
    "13" : 595,
    "14" : 600,
    "15" : 512,
    "16" : 511,
    "17" : 452,
    "18" : 441,
    "19" : 380,
    "20" : 341,
    "21" : 277,
    "22" : 271,
    "23" : 236,
    "24" : 224,
    "25" : 207,
    "26" : 156,
    "27" : 152,
    "28" : 138,
    "29" : 122,
    "30" : 100,
    "31" : 86,
    "32" : 69,
    "33" : 60,
    "34" : 59,
    "35" : 50,
    "36" : 40,
    "37" : 43,
    "38" : 38,
    "39" : 22,
    "40" : 30,
    "41" : 21,
    "42" : 16,
    "43" : 21,
    "44" : 17,
    "45" : 11,
    "46" : 13,
    "47" : 12,
    "48" : 4,
    "49" : 8,
    "50" : 8,
    "51" : 8,
    "52" : 4,
    "53" : 6,
    "54" : 5,
    "55" : 5,
    "56" : 3,
    "57" : 3,
    "58" : 4,
    "59" : 1,
    "60" : 2,
    "61" : 3,
    "63" : 1,
    "64" : 1,
    "67" : 1,
    "68" : 2,
    "70" : 1,
    "72" : 1,
    "78" : 1,
    "85" : 1,
    "88" : 1
  },
  "mean" : 16.507539643934233,
  "stdDev" : 8.538291927571661
}