{
  "distribution" : {
    "2" : 7,
    "3" : 55,
    "4" : 178,
    "5" : 310,
    "6" : 477,
    "7" : 607,
    "8" : 702,
    "9" : 747,
    "10" : 793,
    "11" : 702,
    "12" : 681,
    "13" : 616,
    "14" : 544,
    "15" : 529,
    "16" : 471,
    "17" : 386,
    "18" : 360,
    "19" : 308,
    "20" : 267,
    "21" : 235,
    "22" : 186,
    "23" : 180,
    "24" : 158,
    "25" : 139,
    "26" : 135,
    "27" : 93,
    "28" : 97,
    "29" : 73,
    "30" : 67,
    "31" : 51,
    "32" : 42,
    "33" : 42,
    "34" : 30,
    "35" : 30,
    "36" : 26,
    "37" : 23,
    "38" : 18,
    "39" : 14,
    "40" : 18,
    "41" : 13,
    "42" : 5,
    "43" : 4,
    "44" : 8,
    "45" : 7,
    "46" : 3,
    "47" : 9,
    "48" : 2,
    "49" : 4,
    "50" : 5,
    "51" : 2,
    "52" : 1,
    "53" : 1,
    "54" : 2,
    "55" : 2,
    "56" : 1,
    "63" : 2,
    "74" : 1
  },
  "mean" : 14.120355334797974,
  "stdDev" : 7.371160278256142
}