{
  "distribution" : {
    "2" : 2,
    "3" : 13,
    "4" : 44,
    "5" : 116,
    "6" : 225,
    "7" : 310,
    "8" : 424,
    "9" : 506,
    "10" : 561,
    "11" : 557,
    "12" : 602,
    "13" : 603,
    "14" : 571,
    "15" : 575,
    "16" : 496,
    "17" : 479,
    "18" : 430,
    "19" : 402,
    "20" : 351,
    "21" : 325,
    "22" : 298,
    "23" : 244,
    "24" : 270,
    "25" : 211,
    "26" : 204,
    "27" : 175,
    "28" : 153,
    "29" : 151,
    "30" : 120,
    "31" : 100,
    "32" : 94,
    "33" : 98,
    "34" : 72,
    "35" : 66,
    "36" : 67,
    "37" : 43,
    "38" : 50,
    "39" : 53,
    "40" : 39,
    "41" : 32,
    "42" : 32,
    "43" : 28,
    "44" : 23,
    "45" : 14,
    "46" : 17,
    "47" : 16,
    "48" : 12,
    "49" : 13,
    "50" : 12,
    "51" : 12,
    "52" : 7,
    "53" : 6,
    "54" : 7,
    "55" : 5,
    "56" : 4,
    "57" : 5,
    "58" : 8,
    "59" : 6,
    "61" : 4,
    "63" : 4,
    "65" : 1,
    "68" : 1,
    "71" : 1,
    "72" : 1,
    "84" : 2,
    "97" : 1,
    "121" : 1
  },
  "mean" : 17.745734939759036,
  "stdDev" : 9.222070412044175
}