{
  "distribution" : {
    "2" : 7,
    "3" : 49,
    "4" : 159,
    "5" : 311,
    "6" : 459,
    "7" : 616,
    "8" : 729,
    "9" : 753,
    "10" : 777,
    "11" : 785,
    "12" : 743,
    "13" : 697,
    "14" : 633,
    "15" : 635,
    "16" : 567,
    "17" : 508,
    "18" : 428,
    "19" : 388,
    "20" : 396,
    "21" : 337,
    "22" : 283,
    "23" : 245,
    "24" : 256,
    "25" : 191,
    "26" : 178,
    "27" : 174,
    "28" : 127,
    "29" : 126,
    "30" : 110,
    "31" : 112,
    "32" : 70,
    "33" : 94,
    "34" : 58,
    "35" : 55,
    "36" : 53,
    "37" : 49,
    "38" : 45,
    "39" : 35,
    "40" : 34,
    "41" : 29,
    "42" : 31,
    "43" : 23,
    "44" : 21,
    "45" : 12,
    "46" : 13,
    "47" : 9,
    "48" : 17,
    "49" : 9,
    "50" : 3,
    "51" : 13,
    "52" : 10,
    "53" : 14,
    "54" : 8,
    "55" : 9,
    "56" : 6,
    "57" : 7,
    "58" : 6,
    "59" : 5,
    "60" : 1,
    "61" : 6,
    "62" : 4,
    "63" : 3,
    "65" : 2,
    "66" : 3,
    "67" : 4,
    "68" : 3,
    "69" : 1,
    "71" : 1,
    "76" : 1,
    "83" : 1,
    "95" : 1,
    "97" : 1
  },
  "mean" : 15.922862379472468,
  "stdDev" : 9.100242804087586
}