{
  "distribution" : {
    "3" : 8,
    "4" : 46,
    "5" : 107,
    "6" : 182,
    "7" : 262,
    "8" : 356,
    "9" : 469,
    "10" : 532,
    "11" : 572,
    "12" : 576,
    "13" : 578,
    "14" : 584,
    "15" : 572,
    "16" : 553,
    "17" : 475,
    "18" : 478,
    "19" : 408,
    "20" : 382,
    "21" : 364,
    "22" : 331,
    "23" : 306,
    "24" : 252,
    "25" : 240,
    "26" : 196,
    "27" : 205,
    "28" : 197,
    "29" : 163,
    "30" : 156,
    "31" : 131,
    "32" : 109,
    "33" : 116,
    "34" : 90,
    "35" : 71,
    "36" : 80,
    "37" : 52,
    "38" : 51,
    "39" : 41,
    "40" : 47,
    "41" : 44,
    "42" : 33,
    "43" : 36,
    "44" : 28,
    "45" : 26,
    "46" : 20,
    "47" : 14,
    "48" : 18,
    "49" : 17,
    "50" : 15,
    "51" : 19,
    "52" : 13,
    "53" : 11,
    "54" : 13,
    "55" : 10,
    "56" : 6,
    "57" : 7,
    "58" : 6,
    "59" : 5,
    "60" : 5,
    "61" : 5,
    "62" : 4,
    "63" : 2,
    "64" : 4,
    "65" : 3,
    "67" : 5,
    "68" : 1,
    "69" : 5,
    "70" : 1,
    "71" : 2,
    "72" : 2,
    "74" : 1,
    "75" : 1,
    "76" : 1,
    "78" : 1,
    "79" : 1,
    "82" : 1,
    "83" : 1,
    "84" : 2,
    "93" : 1,
    "105" : 1
  },
  "mean" : 18.699785627737906,
  "stdDev" : 9.88218258174514
}