{
  "distribution" : {
    "3" : 6,
    "4" : 32,
    "5" : 74,
    "6" : 125,
    "7" : 229,
    "8" : 316,
    "9" : 393,
    "10" : 449,
    "11" : 522,
    "12" : 535,
    "13" : 534,
    "14" : 545,
    "15" : 554,
    "16" : 500,
    "17" : 537,
    "18" : 492,
    "19" : 433,
    "20" : 405,
    "21" : 374,
    "22" : 355,
    "23" : 310,
    "24" : 285,
    "25" : 290,
    "26" : 255,
    "27" : 212,
    "28" : 173,
    "29" : 191,
    "30" : 151,
    "31" : 155,
    "32" : 142,
    "33" : 115,
    "34" : 118,
    "35" : 98,
    "36" : 90,
    "37" : 74,
    "38" : 76,
    "39" : 74,
    "40" : 46,
    "41" : 41,
    "42" : 43,
    "43" : 48,
    "44" : 33,
    "45" : 46,
    "46" : 33,
    "47" : 23,
    "48" : 30,
    "49" : 19,
    "50" : 15,
    "51" : 15,
    "52" : 19,
    "53" : 19,
    "54" : 11,
    "55" : 12,
    "56" : 7,
    "57" : 10,
    "58" : 11,
    "59" : 9,
    "60" : 6,
    "61" : 6,
    "62" : 3,
    "63" : 8,
    "64" : 2,
    "65" : 6,
    "66" : 4,
    "67" : 5,
    "68" : 3,
    "69" : 3,
    "70" : 3,
    "71" : 5,
    "72" : 2,
    "74" : 2,
    "75" : 2,
    "76" : 3,
    "77" : 2,
    "78" : 1,
    "81" : 1,
    "82" : 3,
    "83" : 1,
    "92" : 2,
    "95" : 1,
    "96" : 1,
    "100" : 1
  },
  "mean" : 19.96689847009736,
  "stdDev" : 10.579469923427324
}