{
  "distribution" : {
    "2" : 12,
    "3" : 64,
    "4" : 194,
    "5" : 349,
    "6" : 555,
    "7" : 654,
    "8" : 785,
    "9" : 781,
    "10" : 785,
    "11" : 749,
    "12" : 714,
    "13" : 630,
    "14" : 591,
    "15" : 519,
    "16" : 445,
    "17" : 418,
    "18" : 349,
    "19" : 295,
    "20" : 270,
    "21" : 225,
    "22" : 199,
    "23" : 193,
    "24" : 158,
    "25" : 122,
    "26" : 110,
    "27" : 98,
    "28" : 73,
    "29" : 79,
    "30" : 55,
    "31" : 56,
    "32" : 51,
    "33" : 37,
    "34" : 33,
    "35" : 37,
    "36" : 20,
    "37" : 20,
    "38" : 24,
    "39" : 21,
    "40" : 21,
    "41" : 12,
    "42" : 6,
    "43" : 4,
    "44" : 6,
    "45" : 6,
    "46" : 8,
    "47" : 4,
    "48" : 1,
    "49" : 5,
    "50" : 6,
    "51" : 1,
    "52" : 3,
    "53" : 3,
    "55" : 1,
    "56" : 1,
    "59" : 1,
    "61" : 1,
    "63" : 1,
    "66" : 1,
    "68" : 1
  },
  "mean" : 13.870753935376968,
  "stdDev" : 7.3756588982867655
}