{
  "distribution" : {
    "3" : 8,
    "4" : 52,
    "5" : 127,
    "6" : 236,
    "7" : 335,
    "8" : 478,
    "9" : 531,
    "10" : 555,
    "11" : 589,
    "12" : 669,
    "13" : 601,
    "14" : 602,
    "15" : 538,
    "16" : 540,
    "17" : 450,
    "18" : 430,
    "19" : 359,
    "20" : 340,
    "21" : 321,
    "22" : 294,
    "23" : 242,
    "24" : 264,
    "25" : 188,
    "26" : 190,
    "27" : 153,
    "28" : 150,
    "29" : 118,
    "30" : 115,
    "31" : 103,
    "32" : 89,
    "33" : 77,
    "34" : 75,
    "35" : 62,
    "36" : 43,
    "37" : 46,
    "38" : 39,
    "39" : 29,
    "40" : 31,
    "41" : 22,
    "42" : 31,
    "43" : 25,
    "44" : 21,
    "45" : 16,
    "46" : 16,
    "47" : 15,
    "48" : 9,
    "49" : 13,
    "50" : 7,
    "51" : 8,
    "52" : 14,
    "53" : 4,
    "54" : 5,
    "55" : 5,
    "56" : 6,
    "57" : 6,
    "58" : 3,
    "59" : 3,
    "60" : 2,
    "61" : 3,
    "62" : 5,
    "63" : 2,
    "65" : 1,
    "68" : 1,
    "70" : 1,
    "71" : 2,
    "73" : 1,
    "74" : 1,
    "79" : 1
  },
  "mean" : 17.214964140337276,
  "stdDev" : 8.920970637825203
}