{
  "distribution" : {
    "2" : 8,
    "3" : 50,
    "4" : 168,
    "5" : 366,
    "6" : 511,
    "7" : 654,
    "8" : 716,
    "9" : 783,
    "10" : 831,
    "11" : 729,
    "12" : 720,
    "13" : 617,
    "14" : 555,
    "15" : 521,
    "16" : 420,
    "17" : 377,
    "18" : 315,
    "19" : 290,
    "20" : 241,
    "21" : 222,
    "22" : 181,
    "23" : 156,
    "24" : 143,
    "25" : 119,
    "26" : 109,
    "27" : 76,
    "28" : 76,
    "29" : 46,
    "30" : 55,
    "31" : 50,
    "32" : 33,
    "33" : 28,
    "34" : 33,
    "35" : 27,
    "36" : 14,
    "37" : 10,
    "38" : 20,
    "39" : 10,
    "40" : 10,
    "41" : 13,
    "42" : 8,
    "43" : 6,
    "44" : 6,
    "45" : 3,
    "47" : 5,
    "48" : 3,
    "49" : 3,
    "50" : 1,
    "51" : 2,
    "52" : 1,
    "53" : 2,
    "55" : 3,
    "56" : 1,
    "60" : 1,
    "61" : 1,
    "62" : 1,
    "65" : 1,
    "94" : 1
  },
  "mean" : 13.560085007727976,
  "stdDev" : 7.039221221814309
}