{
  "distribution" : {
    "2" : 22,
    "3" : 158,
    "4" : 397,
    "5" : 653,
    "6" : 874,
    "7" : 955,
    "8" : 980,
    "9" : 892,
    "10" : 830,
    "11" : 706,
    "12" : 658,
    "13" : 572,
    "14" : 468,
    "15" : 401,
    "16" : 349,
    "17" : 291,
    "18" : 257,
    "19" : 181,
    "20" : 180,
    "21" : 153,
    "22" : 132,
    "23" : 98,
    "24" : 84,
    "25" : 62,
    "26" : 60,
    "27" : 42,
    "28" : 33,
    "29" : 31,
    "30" : 27,
    "31" : 10,
    "32" : 14,
    "33" : 13,
    "34" : 16,
    "35" : 12,
    "36" : 11,
    "37" : 8,
    "38" : 6,
    "39" : 9,
    "40" : 6,
    "41" : 5,
    "42" : 2,
    "43" : 1,
    "46" : 1,
    "47" : 1,
    "48" : 1,
    "49" : 1,
    "50" : 1,
    "53" : 3
  },
  "mean" : 11.342083059904377,
  "stdDev" : 5.976646366658132
}