{
  "distribution" : {
    "2" : 1,
    "3" : 9,
    "4" : 40,
    "5" : 98,
    "6" : 177,
    "7" : 261,
    "8" : 330,
    "9" : 432,
    "10" : 508,
    "11" : 580,
    "12" : 575,
    "13" : 562,
    "14" : 604,
    "15" : 548,
    "16" : 549,
    "17" : 504,
    "18" : 496,
    "19" : 412,
    "20" : 396,
    "21" : 353,
    "22" : 335,
    "23" : 315,
    "24" : 272,
    "25" : 227,
    "26" : 195,
    "27" : 192,
    "28" : 175,
    "29" : 154,
    "30" : 151,
    "31" : 128,
    "32" : 112,
    "33" : 91,
    "34" : 88,
    "35" : 94,
    "36" : 77,
    "37" : 72,
    "38" : 59,
    "39" : 53,
    "40" : 36,
    "41" : 38,
    "42" : 42,
    "43" : 38,
    "44" : 24,
    "45" : 36,
    "46" : 28,
    "47" : 18,
    "48" : 27,
    "49" : 16,
    "50" : 13,
    "51" : 13,
    "52" : 13,
    "53" : 8,
    "54" : 8,
    "55" : 7,
    "56" : 6,
    "57" : 10,
    "58" : 3,
    "59" : 4,
    "60" : 6,
    "61" : 5,
    "62" : 9,
    "63" : 5,
    "64" : 2,
    "65" : 4,
    "66" : 2,
    "67" : 1,
    "68" : 1,
    "69" : 3,
    "70" : 2,
    "71" : 2,
    "72" : 2,
    "73" : 1,
    "76" : 3,
    "77" : 1,
    "78" : 3,
    "79" : 1,
    "85" : 2,
    "90" : 1,
    "101" : 1
  },
  "mean" : 18.850890346766636,
  "stdDev" : 9.934784849166215
}