{
  "distribution" : {
    "2" : 1,
    "3" : 5,
    "4" : 19,
    "5" : 66,
    "6" : 149,
    "7" : 249,
    "8" : 322,
    "9" : 406,
    "10" : 464,
    "11" : 548,
    "12" : 534,
    "13" : 555,
    "14" : 564,
    "15" : 528,
    "16" : 522,
    "17" : 485,
    "18" : 451,
    "19" : 432,
    "20" : 378,
    "21" : 369,
    "22" : 327,
    "23" : 271,
    "24" : 270,
    "25" : 216,
    "26" : 219,
    "27" : 179,
    "28" : 181,
    "29" : 167,
    "30" : 140,
    "31" : 131,
    "32" : 116,
    "33" : 107,
    "34" : 108,
    "35" : 75,
    "36" : 73,
    "37" : 58,
    "38" : 53,
    "39" : 42,
    "40" : 67,
    "41" : 50,
    "42" : 48,
    "43" : 27,
    "44" : 29,
    "45" : 19,
    "46" : 26,
    "47" : 21,
    "48" : 28,
    "49" : 13,
    "50" : 19,
    "51" : 8,
    "52" : 8,
    "53" : 10,
    "54" : 10,
    "55" : 3,
    "56" : 10,
    "57" : 4,
    "58" : 6,
    "59" : 5,
    "60" : 1,
    "61" : 5,
    "62" : 2,
    "63" : 4,
    "64" : 3,
    "65" : 3,
    "66" : 4,
    "67" : 2,
    "68" : 4,
    "69" : 1,
    "70" : 2,
    "71" : 1,
    "72" : 1,
    "75" : 1,
    "76" : 1,
    "79" : 1,
    "80" : 1,
    "81" : 1,
    "85" : 1,
    "89" : 1,
    "92" : 1,
    "95" : 1,
    "104" : 1
  },
  "mean" : 19.078463943717022,
  "stdDev" : 9.846907849698253
}