{
  "distribution" : {
    "2" : 1,
    "3" : 2,
    "4" : 17,
    "5" : 54,
    "6" : 96,
    "7" : 165,
    "8" : 245,
    "9" : 315,
    "10" : 422,
    "11" : 440,
    "12" : 506,
    "13" : 477,
    "14" : 515,
    "15" : 532,
    "16" : 494,
    "17" : 473,
    "18" : 465,
    "19" : 472,
    "20" : 419,
    "21" : 396,
    "22" : 349,
    "23" : 333,
    "24" : 306,
    "25" : 270,
    "26" : 271,
    "27" : 226,
    "28" : 187,
    "29" : 170,
    "30" : 178,
    "31" : 177,
    "32" : 136,
    "33" : 127,
    "34" : 115,
    "35" : 108,
    "36" : 79,
    "37" : 101,
    "38" : 67,
    "39" : 61,
    "40" : 59,
    "41" : 66,
    "42" : 61,
    "43" : 34,
    "44" : 37,
    "45" : 43,
    "46" : 33,
    "47" : 32,
    "48" : 30,
    "49" : 22,
    "50" : 20,
    "51" : 22,
    "52" : 26,
    "53" : 19,
    "54" : 13,
    "55" : 11,
    "56" : 14,
    "57" : 13,
    "58" : 15,
    "59" : 6,
    "60" : 9,
    "61" : 9,
    "62" : 8,
    "63" : 6,
    "64" : 6,
    "65" : 2,
    "66" : 4,
    "67" : 7,
    "68" : 5,
    "69" : 2,
    "70" : 2,
    "71" : 2,
    "72" : 2,
    "74" : 2,
    "75" : 1,
    "76" : 1,
    "77" : 4,
    "78" : 2,
    "79" : 1,
    "80" : 1,
    "81" : 3,
    "82" : 1,
    "84" : 1,
    "85" : 2,
    "86" : 2,
    "94" : 1,
    "99" : 1,
    "106" : 1
  },
  "mean" : 20.851404467452785,
  "stdDev" : 10.865258950164405
}