{
  "distribution" : {
    "2" : 32,
    "3" : 206,
    "4" : 447,
    "5" : 780,
    "6" : 994,
    "7" : 1027,
    "8" : 1023,
    "9" : 985,
    "10" : 783,
    "11" : 684,
    "12" : 609,
    "13" : 530,
    "14" : 408,
    "15" : 385,
    "16" : 306,
    "17" : 249,
    "18" : 233,
    "19" : 170,
    "20" : 147,
    "21" : 116,
    "22" : 99,
    "23" : 69,
    "24" : 66,
    "25" : 47,
    "26" : 48,
    "27" : 48,
    "28" : 35,
    "29" : 19,
    "30" : 24,
    "31" : 19,
    "32" : 10,
    "33" : 14,
    "34" : 4,
    "35" : 12,
    "36" : 2,
    "37" : 11,
    "38" : 4,
    "39" : 4,
    "40" : 3,
    "41" : 2,
    "45" : 1,
    "47" : 1,
    "48" : 1,
    "57" : 1
  },
  "mean" : 10.693563520360293,
  "stdDev" : 5.632260546895407
}