{
  "distribution" : {
    "2" : 15,
    "3" : 85,
    "4" : 209,
    "5" : 356,
    "6" : 523,
    "7" : 660,
    "8" : 734,
    "9" : 801,
    "10" : 837,
    "11" : 799,
    "12" : 777,
    "13" : 698,
    "14" : 643,
    "15" : 581,
    "16" : 529,
    "17" : 436,
    "18" : 398,
    "19" : 385,
    "20" : 337,
    "21" : 299,
    "22" : 287,
    "23" : 258,
    "24" : 215,
    "25" : 191,
    "26" : 151,
    "27" : 139,
    "28" : 117,
    "29" : 129,
    "30" : 123,
    "31" : 77,
    "32" : 91,
    "33" : 83,
    "34" : 67,
    "35" : 45,
    "36" : 52,
    "37" : 44,
    "38" : 34,
    "39" : 45,
    "40" : 34,
    "41" : 30,
    "42" : 25,
    "43" : 12,
    "44" : 15,
    "45" : 13,
    "46" : 11,
    "47" : 12,
    "48" : 14,
    "49" : 11,
    "50" : 6,
    "51" : 15,
    "52" : 6,
    "53" : 6,
    "54" : 2,
    "55" : 8,
    "56" : 1,
    "57" : 2,
    "58" : 2,
    "59" : 3,
    "60" : 1,
    "61" : 1,
    "62" : 1,
    "63" : 1,
    "64" : 3,
    "65" : 1,
    "67" : 1,
    "68" : 2,
    "70" : 1,
    "71" : 1,
    "73" : 1,
    "74" : 1,
    "78" : 1,
    "93" : 1
  },
  "mean" : 15.281952781112444,
  "stdDev" : 8.715353921515772
}