{
  "distribution" : {
    "2" : 2,
    "3" : 3,
    "4" : 21,
    "5" : 65,
    "6" : 92,
    "7" : 179,
    "8" : 258,
    "9" : 376,
    "10" : 374,
    "11" : 455,
    "12" : 443,
    "13" : 534,
    "14" : 557,
    "15" : 572,
    "16" : 521,
    "17" : 449,
    "18" : 481,
    "19" : 432,
    "20" : 413,
    "21" : 434,
    "22" : 340,
    "23" : 342,
    "24" : 289,
    "25" : 282,
    "26" : 252,
    "27" : 243,
    "28" : 212,
    "29" : 179,
    "30" : 167,
    "31" : 166,
    "32" : 145,
    "33" : 131,
    "34" : 115,
    "35" : 109,
    "36" : 100,
    "37" : 86,
    "38" : 92,
    "39" : 66,
    "40" : 76,
    "41" : 71,
    "42" : 54,
    "43" : 50,
    "44" : 48,
    "45" : 34,
    "46" : 27,
    "47" : 34,
    "48" : 31,
    "49" : 32,
    "50" : 37,
    "51" : 20,
    "52" : 27,
    "53" : 15,
    "54" : 24,
    "55" : 13,
    "56" : 8,
    "57" : 15,
    "58" : 15,
    "59" : 9,
    "60" : 11,
    "61" : 8,
    "62" : 7,
    "63" : 6,
    "64" : 8,
    "65" : 5,
    "66" : 10,
    "67" : 3,
    "68" : 2,
    "69" : 4,
    "70" : 2,
    "71" : 1,
    "72" : 3,
    "73" : 1,
    "74" : 3,
    "75" : 1,
    "76" : 2,
    "77" : 2,
    "78" : 2,
    "79" : 2,
    "80" : 1,
    "81" : 1,
    "82" : 3,
    "83" : 2,
    "85" : 2,
    "88" : 1,
    "89" : 1,
    "94" : 1,
    "100" : 1
  },
  "mean" : 20.986185008867732,
  "stdDev" : 11.082503229694735
}