{
  "distribution" : {
    "128" : 1,
    "2" : 2,
    "3" : 23,
    "4" : 96,
    "5" : 235,
    "6" : 378,
    "7" : 570,
    "8" : 645,
    "9" : 748,
    "10" : 686,
    "11" : 776,
    "12" : 740,
    "13" : 655,
    "14" : 616,
    "15" : 589,
    "16" : 510,
    "17" : 449,
    "18" : 403,
    "19" : 370,
    "20" : 318,
    "21" : 274,
    "22" : 234,
    "23" : 236,
    "24" : 200,
    "25" : 172,
    "26" : 177,
    "27" : 134,
    "28" : 101,
    "29" : 92,
    "30" : 98,
    "31" : 83,
    "32" : 74,
    "33" : 57,
    "34" : 46,
    "35" : 33,
    "36" : 45,
    "37" : 48,
    "38" : 34,
    "39" : 23,
    "40" : 22,
    "41" : 16,
    "42" : 26,
    "43" : 14,
    "44" : 11,
    "45" : 10,
    "46" : 12,
    "47" : 6,
    "48" : 9,
    "49" : 8,
    "50" : 8,
    "51" : 6,
    "52" : 2,
    "53" : 1,
    "54" : 4,
    "55" : 5,
    "56" : 2,
    "57" : 3,
    "58" : 2,
    "60" : 1,
    "61" : 1,
    "62" : 2,
    "63" : 4,
    "64" : 1,
    "65" : 5,
    "66" : 1,
    "71" : 1,
    "77" : 1,
    "78" : 1,
    "86" : 1
  },
  "mean" : 15.474410683875593,
  "stdDev" : 8.338966363290446
}