{
  "distribution" : {
    "1" : 5,
    "2" : 24,
    "3" : 181,
    "4" : 473,
    "5" : 713,
    "6" : 881,
    "7" : 1062,
    "8" : 1033,
    "9" : 915,
    "10" : 816,
    "11" : 735,
    "12" : 662,
    "13" : 555,
    "14" : 466,
    "15" : 419,
    "16" : 369,
    "17" : 284,
    "18" : 247,
    "19" : 180,
    "20" : 174,
    "21" : 116,
    "22" : 105,
    "23" : 90,
    "24" : 71,
    "25" : 63,
    "26" : 50,
    "27" : 47,
    "28" : 36,
    "29" : 26,
    "30" : 24,
    "31" : 17,
    "32" : 20,
    "33" : 12,
    "34" : 18,
    "35" : 7,
    "36" : 6,
    "37" : 9,
    "38" : 6,
    "39" : 1,
    "40" : 5,
    "41" : 4,
    "42" : 4,
    "43" : 2,
    "44" : 1,
    "45" : 3,
    "47" : 2,
    "49" : 2,
    "51" : 1,
    "56" : 1,
    "63" : 1,
    "67" : 1
  },
  "mean" : 11.07089995431704,
  "stdDev" : 5.908916514436825
}