{
  "distribution" : {
    "2" : 2,
    "3" : 28,
    "4" : 110,
    "5" : 210,
    "6" : 352,
    "7" : 459,
    "8" : 572,
    "9" : 639,
    "10" : 657,
    "11" : 688,
    "12" : 655,
    "13" : 589,
    "14" : 586,
    "15" : 536,
    "16" : 473,
    "17" : 418,
    "18" : 387,
    "19" : 340,
    "20" : 341,
    "21" : 277,
    "22" : 221,
    "23" : 222,
    "24" : 180,
    "25" : 148,
    "26" : 158,
    "27" : 118,
    "28" : 99,
    "29" : 87,
    "30" : 69,
    "31" : 72,
    "32" : 52,
    "33" : 63,
    "34" : 45,
    "35" : 42,
    "36" : 27,
    "37" : 31,
    "38" : 22,
    "39" : 16,
    "40" : 22,
    "41" : 14,
    "42" : 15,
    "43" : 17,
    "44" : 9,
    "45" : 11,
    "46" : 8,
    "47" : 6,
    "48" : 4,
    "49" : 4,
    "50" : 5,
    "51" : 4,
    "52" : 1,
    "53" : 4,
    "54" : 2,
    "55" : 4,
    "57" : 4,
    "58" : 1,
    "59" : 3,
    "60" : 1,
    "70" : 1,
    "72" : 1,
    "85" : 1
  },
  "mean" : 15.356459094049146,
  "stdDev" : 7.886823240589074
}