{
  "distribution" : {
    "3" : 6,
    "4" : 31,
    "5" : 62,
    "6" : 112,
    "7" : 169,
    "8" : 236,
    "9" : 319,
    "10" : 422,
    "11" : 415,
    "12" : 448,
    "13" : 477,
    "14" : 449,
    "15" : 497,
    "16" : 494,
    "17" : 484,
    "18" : 493,
    "19" : 476,
    "20" : 424,
    "21" : 415,
    "22" : 377,
    "23" : 399,
    "24" : 306,
    "25" : 284,
    "26" : 245,
    "27" : 260,
    "28" : 218,
    "29" : 199,
    "30" : 182,
    "31" : 181,
    "32" : 145,
    "33" : 140,
    "34" : 141,
    "35" : 121,
    "36" : 98,
    "37" : 108,
    "38" : 93,
    "39" : 81,
    "40" : 85,
    "41" : 71,
    "42" : 46,
    "43" : 60,
    "44" : 66,
    "45" : 28,
    "46" : 37,
    "47" : 31,
    "48" : 21,
    "49" : 33,
    "50" : 23,
    "51" : 21,
    "52" : 20,
    "53" : 18,
    "54" : 20,
    "55" : 17,
    "56" : 16,
    "57" : 9,
    "58" : 8,
    "59" : 10,
    "60" : 9,
    "61" : 13,
    "62" : 6,
    "63" : 11,
    "64" : 14,
    "65" : 3,
    "66" : 5,
    "67" : 6,
    "68" : 10,
    "69" : 3,
    "70" : 7,
    "71" : 3,
    "72" : 3,
    "73" : 4,
    "74" : 3,
    "75" : 3,
    "76" : 2,
    "77" : 2,
    "78" : 3,
    "81" : 2,
    "82" : 2,
    "84" : 1,
    "85" : 1,
    "86" : 1,
    "87" : 3,
    "88" : 1,
    "89" : 2,
    "93" : 2,
    "96" : 1,
    "101" : 1,
    "106" : 1
  },
  "mean" : 21.488445475638052,
  "stdDev" : 11.380007772164952
}