{
  "distribution" : {
    "2" : 41,
    "3" : 239,
    "4" : 501,
    "5" : 778,
    "6" : 966,
    "7" : 1056,
    "8" : 1029,
    "9" : 943,
    "10" : 874,
    "11" : 715,
    "12" : 653,
    "13" : 586,
    "14" : 442,
    "15" : 409,
    "16" : 315,
    "17" : 238,
    "18" : 220,
    "19" : 192,
    "20" : 150,
    "21" : 120,
    "22" : 100,
    "23" : 95,
    "24" : 78,
    "25" : 71,
    "26" : 44,
    "27" : 44,
    "28" : 24,
    "29" : 23,
    "30" : 25,
    "31" : 18,
    "32" : 11,
    "33" : 17,
    "34" : 13,
    "35" : 9,
    "36" : 2,
    "37" : 7,
    "38" : 12,
    "39" : 3,
    "40" : 6,
    "41" : 2,
    "42" : 2,
    "43" : 1,
    "44" : 1,
    "46" : 3,
    "47" : 2,
    "48" : 1,
    "49" : 1,
    "51" : 1,
    "52" : 1
  },
  "mean" : 10.799891735835438,
  "stdDev" : 5.801166937697987
}