{
  "distribution" : {
    "2" : 2,
    "3" : 13,
    "4" : 54,
    "5" : 147,
    "6" : 235,
    "7" : 346,
    "8" : 419,
    "9" : 503,
    "10" : 557,
    "11" : 597,
    "12" : 629,
    "13" : 570,
    "14" : 617,
    "15" : 538,
    "16" : 511,
    "17" : 497,
    "18" : 445,
    "19" : 383,
    "20" : 342,
    "21" : 350,
    "22" : 305,
    "23" : 239,
    "24" : 243,
    "25" : 190,
    "26" : 194,
    "27" : 164,
    "28" : 141,
    "29" : 127,
    "30" : 108,
    "31" : 103,
    "32" : 86,
    "33" : 86,
    "34" : 64,
    "35" : 67,
    "36" : 59,
    "37" : 46,
    "38" : 37,
    "39" : 35,
    "40" : 37,
    "41" : 36,
    "42" : 24,
    "43" : 23,
    "44" : 18,
    "45" : 19,
    "46" : 13,
    "47" : 19,
    "48" : 6,
    "49" : 15,
    "50" : 10,
    "51" : 5,
    "52" : 3,
    "53" : 4,
    "54" : 6,
    "55" : 4,
    "56" : 8,
    "57" : 4,
    "58" : 2,
    "59" : 2,
    "60" : 4,
    "61" : 2,
    "62" : 3,
    "63" : 3,
    "64" : 4,
    "65" : 3,
    "68" : 2,
    "69" : 2,
    "71" : 1,
    "75" : 1,
    "76" : 1,
    "78" : 1,
    "85" : 1
  },
  "mean" : 17.337300435413642,
  "stdDev" : 8.992578981856873
}