{
  "distribution" : {
    "2" : 32,
    "3" : 190,
    "4" : 482,
    "5" : 716,
    "6" : 924,
    "7" : 1018,
    "8" : 979,
    "9" : 874,
    "10" : 804,
    "11" : 705,
    "12" : 665,
    "13" : 526,
    "14" : 457,
    "15" : 389,
    "16" : 295,
    "17" : 237,
    "18" : 240,
    "19" : 176,
    "20" : 152,
    "21" : 138,
    "22" : 111,
    "23" : 64,
    "24" : 58,
    "25" : 50,
    "26" : 38,
    "27" : 43,
    "28" : 27,
    "29" : 20,
    "30" : 22,
    "31" : 17,
    "32" : 16,
    "33" : 11,
    "34" : 6,
    "35" : 4,
    "36" : 8,
    "37" : 7,
    "38" : 8,
    "39" : 2,
    "40" : 1,
    "41" : 2,
    "42" : 2,
    "43" : 2,
    "44" : 1,
    "45" : 1,
    "47" : 3,
    "49" : 1,
    "57" : 1
  },
  "mean" : 10.803895486935867,
  "stdDev" : 5.654730987698522
}