{
  "distribution" : {
    "2" : 14,
    "3" : 113,
    "4" : 296,
    "5" : 542,
    "6" : 691,
    "7" : 831,
    "8" : 867,
    "9" : 883,
    "10" : 832,
    "11" : 769,
    "12" : 667,
    "13" : 585,
    "14" : 490,
    "15" : 467,
    "16" : 409,
    "17" : 348,
    "18" : 271,
    "19" : 260,
    "20" : 233,
    "21" : 187,
    "22" : 146,
    "23" : 129,
    "24" : 110,
    "25" : 91,
    "26" : 78,
    "27" : 68,
    "28" : 61,
    "29" : 50,
    "30" : 30,
    "31" : 29,
    "32" : 32,
    "33" : 26,
    "34" : 18,
    "35" : 25,
    "36" : 16,
    "37" : 13,
    "38" : 9,
    "39" : 9,
    "40" : 2,
    "41" : 9,
    "42" : 5,
    "43" : 3,
    "44" : 3,
    "45" : 2,
    "46" : 5,
    "47" : 1,
    "48" : 1,
    "51" : 2,
    "54" : 1,
    "55" : 2,
    "59" : 1
  },
  "mean" : 12.385296310100633,
  "stdDev" : 6.545965869156767
}