{
  "distribution" : {
    "2" : 4,
    "3" : 67,
    "4" : 161,
    "5" : 316,
    "6" : 538,
    "7" : 662,
    "8" : 852,
    "9" : 736,
    "10" : 718,
    "11" : 685,
    "12" : 766,
    "13" : 598,
    "14" : 575,
    "15" : 473,
    "16" : 479,
    "17" : 385,
    "18" : 321,
    "19" : 289,
    "20" : 235,
    "21" : 225,
    "22" : 194,
    "23" : 165,
    "24" : 153,
    "25" : 122,
    "26" : 110,
    "27" : 66,
    "28" : 81,
    "29" : 68,
    "30" : 70,
    "31" : 46,
    "32" : 45,
    "33" : 33,
    "34" : 36,
    "35" : 25,
    "36" : 22,
    "37" : 19,
    "38" : 14,
    "39" : 17,
    "40" : 11,
    "41" : 4,
    "42" : 6,
    "43" : 3,
    "44" : 8,
    "45" : 2,
    "46" : 4,
    "47" : 4,
    "48" : 1,
    "49" : 6,
    "50" : 1,
    "51" : 4,
    "52" : 4,
    "53" : 3,
    "56" : 1,
    "59" : 1,
    "60" : 2,
    "67" : 1
  },
  "mean" : 13.704991855897289,
  "stdDev" : 7.14360627215084
}