{
  "distribution" : {
    "2" : 2,
    "3" : 29,
    "4" : 94,
    "5" : 181,
    "6" : 315,
    "7" : 411,
    "8" : 481,
    "9" : 578,
    "10" : 603,
    "11" : 635,
    "12" : 652,
    "13" : 623,
    "14" : 646,
    "15" : 611,
    "16" : 561,
    "17" : 558,
    "18" : 493,
    "19" : 462,
    "20" : 446,
    "21" : 378,
    "22" : 333,
    "23" : 310,
    "24" : 284,
    "25" : 263,
    "26" : 229,
    "27" : 248,
    "28" : 192,
    "29" : 168,
    "30" : 173,
    "31" : 121,
    "32" : 145,
    "33" : 121,
    "34" : 102,
    "35" : 90,
    "36" : 96,
    "37" : 73,
    "38" : 64,
    "39" : 68,
    "40" : 61,
    "41" : 50,
    "42" : 50,
    "43" : 50,
    "44" : 33,
    "45" : 26,
    "46" : 30,
    "47" : 38,
    "48" : 13,
    "49" : 22,
    "50" : 21,
    "51" : 20,
    "52" : 23,
    "53" : 9,
    "54" : 11,
    "55" : 10,
    "56" : 14,
    "57" : 6,
    "58" : 10,
    "59" : 8,
    "60" : 12,
    "61" : 9,
    "62" : 7,
    "63" : 2,
    "64" : 8,
    "65" : 7,
    "66" : 6,
    "67" : 2,
    "68" : 4,
    "69" : 2,
    "70" : 3,
    "71" : 3,
    "72" : 1,
    "73" : 1,
    "74" : 3,
    "75" : 3,
    "76" : 3,
    "82" : 2,
    "83" : 3,
    "84" : 1,
    "85" : 1,
    "86" : 1,
    "90" : 1,
    "97" : 1
  },
  "mean" : 18.553097345132745,
  "stdDev" : 10.553460544653243
}