{
  "distribution" : {
    "1" : 1,
    "2" : 30,
    "3" : 181,
    "4" : 362,
    "5" : 580,
    "6" : 796,
    "7" : 861,
    "8" : 910,
    "9" : 925,
    "10" : 879,
    "11" : 770,
    "12" : 661,
    "13" : 605,
    "14" : 510,
    "15" : 422,
    "16" : 395,
    "17" : 304,
    "18" : 262,
    "19" : 247,
    "20" : 208,
    "21" : 165,
    "22" : 109,
    "23" : 116,
    "24" : 113,
    "25" : 82,
    "26" : 76,
    "27" : 61,
    "28" : 49,
    "29" : 27,
    "30" : 31,
    "31" : 36,
    "32" : 23,
    "33" : 18,
    "34" : 18,
    "35" : 14,
    "36" : 11,
    "37" : 15,
    "38" : 1,
    "39" : 5,
    "40" : 6,
    "41" : 2,
    "42" : 5,
    "43" : 4,
    "44" : 3,
    "45" : 2,
    "46" : 2,
    "49" : 2,
    "50" : 1,
    "51" : 1,
    "52" : 2,
    "53" : 1,
    "55" : 1,
    "58" : 1,
    "61" : 1
  },
  "mean" : 11.841381838174653,
  "stdDev" : 6.311112017217515
}