{
  "distribution" : {
    "2" : 12,
    "3" : 107,
    "4" : 301,
    "5" : 468,
    "6" : 729,
    "7" : 809,
    "8" : 838,
    "9" : 861,
    "10" : 852,
    "11" : 745,
    "12" : 671,
    "13" : 622,
    "14" : 501,
    "15" : 462,
    "16" : 396,
    "17" : 334,
    "18" : 261,
    "19" : 237,
    "20" : 236,
    "21" : 176,
    "22" : 161,
    "23" : 116,
    "24" : 102,
    "25" : 86,
    "26" : 82,
    "27" : 60,
    "28" : 47,
    "29" : 34,
    "30" : 40,
    "31" : 32,
    "32" : 30,
    "33" : 23,
    "34" : 20,
    "35" : 22,
    "36" : 16,
    "37" : 11,
    "38" : 14,
    "39" : 6,
    "40" : 10,
    "41" : 5,
    "42" : 3,
    "43" : 6,
    "44" : 4,
    "45" : 2,
    "46" : 3,
    "47" : 2,
    "48" : 1,
    "49" : 1,
    "56" : 1,
    "65" : 1
  },
  "mean" : 12.357609622123308,
  "stdDev" : 6.478531042551184
}