{
  "distribution" : {
    "2" : 1,
    "3" : 17,
    "4" : 72,
    "5" : 119,
    "6" : 259,
    "7" : 382,
    "8" : 480,
    "9" : 562,
    "10" : 616,
    "11" : 622,
    "12" : 617,
    "13" : 688,
    "14" : 552,
    "15" : 561,
    "16" : 502,
    "17" : 441,
    "18" : 458,
    "19" : 402,
    "20" : 337,
    "21" : 346,
    "22" : 267,
    "23" : 240,
    "24" : 228,
    "25" : 230,
    "26" : 173,
    "27" : 164,
    "28" : 140,
    "29" : 140,
    "30" : 106,
    "31" : 113,
    "32" : 81,
    "33" : 82,
    "34" : 68,
    "35" : 73,
    "36" : 41,
    "37" : 40,
    "38" : 33,
    "39" : 44,
    "40" : 35,
    "41" : 37,
    "42" : 18,
    "43" : 19,
    "44" : 25,
    "45" : 20,
    "46" : 8,
    "47" : 14,
    "48" : 11,
    "49" : 14,
    "50" : 7,
    "51" : 4,
    "52" : 6,
    "53" : 12,
    "54" : 8,
    "55" : 3,
    "56" : 4,
    "57" : 4,
    "58" : 3,
    "59" : 3,
    "60" : 2,
    "61" : 5,
    "62" : 4,
    "64" : 2,
    "65" : 2,
    "67" : 1,
    "68" : 2,
    "69" : 1,
    "70" : 2,
    "76" : 1,
    "82" : 1,
    "94" : 1
  },
  "mean" : 17.06647125567322,
  "stdDev" : 8.954776163731323
}