{
  "distribution" : {
    "2" : 19,
    "3" : 96,
    "4" : 216,
    "5" : 398,
    "6" : 602,
    "7" : 683,
    "8" : 798,
    "9" : 798,
    "10" : 762,
    "11" : 759,
    "12" : 708,
    "13" : 634,
    "14" : 566,
    "15" : 529,
    "16" : 431,
    "17" : 383,
    "18" : 351,
    "19" : 272,
    "20" : 261,
    "21" : 221,
    "22" : 198,
    "23" : 157,
    "24" : 127,
    "25" : 103,
    "26" : 109,
    "27" : 72,
    "28" : 70,
    "29" : 62,
    "30" : 62,
    "31" : 41,
    "32" : 36,
    "33" : 40,
    "34" : 33,
    "35" : 19,
    "36" : 15,
    "37" : 12,
    "38" : 19,
    "39" : 21,
    "40" : 8,
    "41" : 11,
    "42" : 1,
    "43" : 4,
    "44" : 6,
    "45" : 6,
    "46" : 6,
    "47" : 4,
    "48" : 3,
    "49" : 2,
    "50" : 1,
    "51" : 2,
    "52" : 4,
    "54" : 4,
    "58" : 1,
    "59" : 1,
    "61" : 1,
    "62" : 1,
    "63" : 1
  },
  "mean" : 13.358511627906976,
  "stdDev" : 7.066002617045642
}