{
  "distribution" : {
    "2" : 4,
    "3" : 32,
    "4" : 157,
    "5" : 332,
    "6" : 482,
    "7" : 626,
    "8" : 750,
    "9" : 719,
    "10" : 767,
    "11" : 762,
    "12" : 675,
    "13" : 595,
    "14" : 571,
    "15" : 479,
    "16" : 449,
    "17" : 410,
    "18" : 342,
    "19" : 301,
    "20" : 262,
    "21" : 222,
    "22" : 177,
    "23" : 169,
    "24" : 130,
    "25" : 108,
    "26" : 106,
    "27" : 76,
    "28" : 66,
    "29" : 65,
    "30" : 50,
    "31" : 42,
    "32" : 30,
    "33" : 36,
    "34" : 29,
    "35" : 26,
    "36" : 18,
    "37" : 19,
    "38" : 17,
    "39" : 18,
    "40" : 14,
    "41" : 13,
    "42" : 9,
    "43" : 8,
    "44" : 3,
    "45" : 2,
    "46" : 4,
    "47" : 7,
    "48" : 4,
    "49" : 4,
    "50" : 2,
    "51" : 2,
    "52" : 1,
    "53" : 1,
    "54" : 2,
    "57" : 1,
    "60" : 1,
    "61" : 1,
    "66" : 2
  },
  "mean" : 13.772941176470589,
  "stdDev" : 7.0967024581462725
}