{
  "distribution" : {
    "2" : 26,
    "3" : 166,
    "4" : 372,
    "5" : 570,
    "6" : 727,
    "7" : 915,
    "8" : 937,
    "9" : 909,
    "10" : 841,
    "11" : 756,
    "12" : 716,
    "13" : 619,
    "14" : 494,
    "15" : 468,
    "16" : 409,
    "17" : 318,
    "18" : 255,
    "19" : 239,
    "20" : 183,
    "21" : 172,
    "22" : 140,
    "23" : 126,
    "24" : 118,
    "25" : 58,
    "26" : 67,
    "27" : 58,
    "28" : 42,
    "29" : 39,
    "30" : 32,
    "31" : 26,
    "32" : 26,
    "33" : 20,
    "34" : 16,
    "35" : 16,
    "36" : 11,
    "37" : 13,
    "38" : 8,
    "39" : 10,
    "40" : 7,
    "41" : 12,
    "42" : 3,
    "43" : 3,
    "44" : 1,
    "45" : 3,
    "46" : 1,
    "47" : 3,
    "48" : 2,
    "49" : 1,
    "52" : 1,
    "53" : 2,
    "58" : 1,
    "59" : 1,
    "61" : 1
  },
  "mean" : 11.922262773722627,
  "stdDev" : 6.368076749367116
}