{
  "distribution" : {
    "3" : 10,
    "4" : 30,
    "5" : 83,
    "6" : 158,
    "7" : 227,
    "8" : 316,
    "9" : 370,
    "10" : 428,
    "11" : 466,
    "12" : 510,
    "13" : 543,
    "14" : 509,
    "15" : 569,
    "16" : 514,
    "17" : 461,
    "18" : 452,
    "19" : 447,
    "20" : 400,
    "21" : 353,
    "22" : 347,
    "23" : 277,
    "24" : 256,
    "25" : 254,
    "26" : 207,
    "27" : 220,
    "28" : 170,
    "29" : 182,
    "30" : 165,
    "31" : 161,
    "32" : 126,
    "33" : 99,
    "34" : 104,
    "35" : 83,
    "36" : 83,
    "37" : 76,
    "38" : 71,
    "39" : 58,
    "40" : 57,
    "41" : 43,
    "42" : 60,
    "43" : 38,
    "44" : 32,
    "45" : 28,
    "46" : 27,
    "47" : 25,
    "48" : 30,
    "49" : 18,
    "50" : 19,
    "51" : 15,
    "52" : 9,
    "53" : 5,
    "54" : 10,
    "55" : 15,
    "56" : 15,
    "57" : 9,
    "58" : 6,
    "59" : 1,
    "60" : 4,
    "61" : 5,
    "62" : 3,
    "63" : 6,
    "64" : 7,
    "65" : 4,
    "66" : 3,
    "68" : 3,
    "69" : 2,
    "70" : 1,
    "71" : 3,
    "73" : 1,
    "74" : 2,
    "75" : 1,
    "76" : 1,
    "82" : 1,
    "85" : 1,
    "86" : 1,
    "90" : 1
  },
  "mean" : 19.6310575895892,
  "stdDev" : 10.16274613821571
}