{
  "distribution" : {
    "1" : 1,
    "2" : 47,
    "3" : 220,
    "4" : 467,
    "5" : 723,
    "6" : 858,
    "7" : 981,
    "8" : 984,
    "9" : 925,
    "10" : 837,
    "11" : 738,
    "12" : 672,
    "13" : 528,
    "14" : 494,
    "15" : 373,
    "16" : 304,
    "17" : 235,
    "18" : 225,
    "19" : 179,
    "20" : 152,
    "21" : 122,
    "22" : 124,
    "23" : 95,
    "24" : 72,
    "25" : 50,
    "26" : 48,
    "27" : 28,
    "28" : 31,
    "29" : 27,
    "30" : 17,
    "31" : 18,
    "32" : 9,
    "33" : 7,
    "34" : 11,
    "35" : 6,
    "36" : 5,
    "37" : 7,
    "38" : 5,
    "39" : 5,
    "40" : 3,
    "41" : 5,
    "42" : 1,
    "43" : 1,
    "44" : 2,
    "45" : 2,
    "47" : 2,
    "48" : 1,
    "49" : 1,
    "50" : 2,
    "51" : 1
  },
  "mean" : 10.868463055112196,
  "stdDev" : 5.722591067008695
}