{
  "distribution" : {
    "1" : 1,
    "2" : 26,
    "3" : 192,
    "4" : 466,
    "5" : 744,
    "6" : 963,
    "7" : 1005,
    "8" : 964,
    "9" : 916,
    "10" : 862,
    "11" : 761,
    "12" : 623,
    "13" : 520,
    "14" : 441,
    "15" : 414,
    "16" : 298,
    "17" : 247,
    "18" : 214,
    "19" : 204,
    "20" : 159,
    "21" : 138,
    "22" : 119,
    "23" : 76,
    "24" : 76,
    "25" : 55,
    "26" : 40,
    "27" : 35,
    "28" : 23,
    "29" : 34,
    "30" : 24,
    "31" : 19,
    "32" : 15,
    "33" : 9,
    "34" : 12,
    "35" : 7,
    "36" : 6,
    "37" : 7,
    "38" : 4,
    "39" : 3,
    "40" : 6,
    "41" : 3,
    "43" : 3,
    "44" : 2,
    "45" : 1,
    "46" : 2,
    "48" : 1,
    "55" : 1,
    "63" : 1
  },
  "mean" : 10.883634332526531,
  "stdDev" : 5.755051398675944
}