{
  "distribution" : {
    "3" : 9,
    "4" : 40,
    "5" : 105,
    "6" : 205,
    "7" : 305,
    "8" : 363,
    "9" : 443,
    "10" : 517,
    "11" : 617,
    "12" : 598,
    "13" : 564,
    "14" : 588,
    "15" : 540,
    "16" : 533,
    "17" : 519,
    "18" : 478,
    "19" : 432,
    "20" : 459,
    "21" : 382,
    "22" : 342,
    "23" : 328,
    "24" : 303,
    "25" : 251,
    "26" : 228,
    "27" : 210,
    "28" : 204,
    "29" : 176,
    "30" : 155,
    "31" : 167,
    "32" : 128,
    "33" : 110,
    "34" : 109,
    "35" : 96,
    "36" : 95,
    "37" : 92,
    "38" : 70,
    "39" : 60,
    "40" : 55,
    "41" : 54,
    "42" : 50,
    "43" : 41,
    "44" : 57,
    "45" : 52,
    "46" : 26,
    "47" : 16,
    "48" : 23,
    "49" : 16,
    "50" : 19,
    "51" : 20,
    "52" : 21,
    "53" : 25,
    "54" : 17,
    "55" : 13,
    "56" : 9,
    "57" : 12,
    "58" : 10,
    "59" : 7,
    "60" : 9,
    "61" : 13,
    "62" : 4,
    "63" : 3,
    "64" : 2,
    "65" : 1,
    "66" : 6,
    "67" : 6,
    "68" : 1,
    "69" : 6,
    "70" : 1,
    "71" : 4,
    "72" : 1,
    "73" : 4,
    "74" : 2,
    "75" : 3,
    "76" : 1,
    "78" : 1,
    "80" : 1,
    "82" : 2,
    "84" : 1,
    "87" : 1,
    "88" : 1,
    "92" : 2
  },
  "mean" : 19.487674825174825,
  "stdDev" : 10.633949719135714
}