{
  "distribution" : {
    "3" : 2,
    "4" : 20,
    "5" : 55,
    "6" : 144,
    "7" : 208,
    "8" : 289,
    "9" : 415,
    "10" : 454,
    "11" : 482,
    "12" : 529,
    "13" : 576,
    "14" : 523,
    "15" : 548,
    "16" : 534,
    "17" : 505,
    "18" : 467,
    "19" : 458,
    "20" : 370,
    "21" : 371,
    "22" : 332,
    "23" : 333,
    "24" : 306,
    "25" : 256,
    "26" : 223,
    "27" : 202,
    "28" : 179,
    "29" : 191,
    "30" : 163,
    "31" : 110,
    "32" : 123,
    "33" : 112,
    "34" : 84,
    "35" : 81,
    "36" : 76,
    "37" : 87,
    "38" : 49,
    "39" : 55,
    "40" : 45,
    "41" : 41,
    "42" : 35,
    "43" : 42,
    "44" : 39,
    "45" : 36,
    "46" : 29,
    "47" : 28,
    "48" : 26,
    "49" : 25,
    "50" : 27,
    "51" : 12,
    "52" : 12,
    "53" : 14,
    "54" : 9,
    "55" : 13,
    "56" : 3,
    "57" : 10,
    "58" : 12,
    "59" : 4,
    "60" : 5,
    "61" : 7,
    "62" : 4,
    "63" : 6,
    "64" : 2,
    "65" : 3,
    "66" : 3,
    "67" : 3,
    "68" : 3,
    "69" : 5,
    "70" : 4,
    "71" : 1,
    "72" : 1,
    "73" : 2,
    "74" : 2,
    "75" : 1,
    "79" : 1,
    "81" : 1,
    "82" : 1,
    "84" : 1,
    "86" : 2,
    "90" : 1,
    "96" : 1,
    "120" : 1
  },
  "mean" : 19.655582175371347,
  "stdDev" : 10.244285551535722
}