{
  "distribution" : {
    "2" : 1,
    "3" : 18,
    "4" : 55,
    "5" : 142,
    "6" : 252,
    "7" : 355,
    "8" : 486,
    "9" : 546,
    "10" : 627,
    "11" : 653,
    "12" : 663,
    "13" : 628,
    "14" : 547,
    "15" : 554,
    "16" : 477,
    "17" : 458,
    "18" : 399,
    "19" : 404,
    "20" : 375,
    "21" : 325,
    "22" : 259,
    "23" : 255,
    "24" : 224,
    "25" : 218,
    "26" : 169,
    "27" : 143,
    "28" : 135,
    "29" : 93,
    "30" : 103,
    "31" : 94,
    "32" : 72,
    "33" : 62,
    "34" : 64,
    "35" : 57,
    "36" : 49,
    "37" : 51,
    "38" : 48,
    "39" : 33,
    "40" : 33,
    "41" : 19,
    "42" : 17,
    "43" : 20,
    "44" : 20,
    "45" : 11,
    "46" : 19,
    "47" : 16,
    "48" : 10,
    "49" : 4,
    "50" : 5,
    "51" : 5,
    "52" : 4,
    "53" : 2,
    "54" : 6,
    "55" : 3,
    "56" : 5,
    "57" : 2,
    "58" : 5,
    "59" : 1,
    "60" : 1,
    "61" : 1,
    "63" : 3,
    "64" : 4,
    "65" : 3,
    "66" : 1,
    "67" : 1,
    "68" : 1,
    "72" : 1,
    "73" : 1,
    "74" : 2,
    "77" : 1,
    "78" : 1,
    "87" : 1
  },
  "mean" : 16.781265136103844,
  "stdDev" : 8.699008403700162
}