{
  "distribution" : {
    "3" : 13,
    "4" : 48,
    "5" : 114,
    "6" : 245,
    "7" : 354,
    "8" : 473,
    "9" : 592,
    "10" : 608,
    "11" : 631,
    "12" : 671,
    "13" : 588,
    "14" : 603,
    "15" : 587,
    "16" : 515,
    "17" : 491,
    "18" : 439,
    "19" : 390,
    "20" : 371,
    "21" : 342,
    "22" : 291,
    "23" : 238,
    "24" : 245,
    "25" : 216,
    "26" : 170,
    "27" : 142,
    "28" : 130,
    "29" : 135,
    "30" : 121,
    "31" : 93,
    "32" : 74,
    "33" : 77,
    "34" : 74,
    "35" : 65,
    "36" : 48,
    "37" : 41,
    "38" : 44,
    "39" : 42,
    "40" : 38,
    "41" : 26,
    "42" : 25,
    "43" : 21,
    "44" : 20,
    "45" : 21,
    "46" : 18,
    "47" : 15,
    "48" : 18,
    "49" : 12,
    "50" : 7,
    "51" : 8,
    "52" : 10,
    "53" : 4,
    "54" : 9,
    "55" : 2,
    "56" : 2,
    "57" : 5,
    "58" : 4,
    "59" : 3,
    "60" : 5,
    "61" : 2,
    "62" : 4,
    "63" : 2,
    "64" : 2,
    "65" : 1,
    "66" : 2,
    "67" : 4,
    "68" : 2,
    "69" : 2,
    "70" : 1,
    "71" : 1,
    "73" : 1,
    "74" : 2,
    "86" : 1
  },
  "mean" : 17.174559834290555,
  "stdDev" : 9.030125173364508
}