{
  "distribution" : {
    "3" : 6,
    "4" : 22,
    "5" : 59,
    "6" : 123,
    "7" : 224,
    "8" : 273,
    "9" : 367,
    "10" : 463,
    "11" : 468,
    "12" : 528,
    "13" : 551,
    "14" : 501,
    "15" : 500,
    "16" : 481,
    "17" : 481,
    "18" : 443,
    "19" : 437,
    "20" : 377,
    "21" : 353,
    "22" : 330,
    "23" : 330,
    "24" : 307,
    "25" : 255,
    "26" : 240,
    "27" : 204,
    "28" : 199,
    "29" : 178,
    "30" : 138,
    "31" : 133,
    "32" : 107,
    "33" : 84,
    "34" : 109,
    "35" : 76,
    "36" : 85,
    "37" : 56,
    "38" : 65,
    "39" : 46,
    "40" : 54,
    "41" : 51,
    "42" : 50,
    "43" : 33,
    "44" : 38,
    "45" : 35,
    "46" : 24,
    "47" : 26,
    "48" : 13,
    "49" : 24,
    "50" : 17,
    "51" : 22,
    "52" : 12,
    "53" : 11,
    "54" : 11,
    "55" : 8,
    "56" : 2,
    "57" : 7,
    "58" : 6,
    "59" : 6,
    "60" : 10,
    "61" : 7,
    "62" : 9,
    "63" : 3,
    "64" : 2,
    "65" : 3,
    "66" : 6,
    "67" : 3,
    "68" : 1,
    "69" : 1,
    "70" : 3,
    "72" : 1,
    "73" : 1,
    "74" : 3,
    "77" : 1,
    "80" : 2,
    "85" : 1,
    "86" : 1,
    "103" : 1
  },
  "mean" : 19.674713098535815,
  "stdDev" : 10.092157013822563
}