{
  "distribution" : {
    "2" : 34,
    "3" : 188,
    "4" : 473,
    "5" : 777,
    "6" : 940,
    "7" : 1020,
    "8" : 1019,
    "9" : 960,
    "10" : 862,
    "11" : 757,
    "12" : 596,
    "13" : 526,
    "14" : 469,
    "15" : 413,
    "16" : 334,
    "17" : 294,
    "18" : 230,
    "19" : 163,
    "20" : 139,
    "21" : 134,
    "22" : 111,
    "23" : 99,
    "24" : 72,
    "25" : 76,
    "26" : 49,
    "27" : 31,
    "28" : 39,
    "29" : 23,
    "30" : 27,
    "31" : 17,
    "32" : 13,
    "33" : 10,
    "34" : 13,
    "35" : 3,
    "36" : 7,
    "37" : 6,
    "38" : 7,
    "39" : 4,
    "40" : 2,
    "42" : 4,
    "43" : 1,
    "44" : 1,
    "46" : 1,
    "48" : 7,
    "49" : 3,
    "50" : 1,
    "51" : 1,
    "52" : 1,
    "55" : 1
  },
  "mean" : 10.920514692462127,
  "stdDev" : 5.832452477137582
}