{
  "distribution" : {
    "1" : 4,
    "2" : 98,
    "3" : 386,
    "4" : 793,
    "5" : 1039,
    "6" : 1157,
    "7" : 1067,
    "8" : 1058,
    "9" : 854,
    "10" : 757,
    "11" : 634,
    "12" : 544,
    "13" : 390,
    "14" : 328,
    "15" : 251,
    "16" : 218,
    "17" : 169,
    "18" : 123,
    "19" : 103,
    "20" : 82,
    "21" : 59,
    "22" : 61,
    "23" : 33,
    "24" : 39,
    "25" : 26,
    "26" : 21,
    "27" : 17,
    "28" : 10,
    "29" : 13,
    "30" : 3,
    "31" : 4,
    "32" : 4,
    "33" : 5,
    "34" : 1,
    "35" : 1,
    "36" : 4,
    "37" : 3,
    "39" : 1,
    "41" : 1
  },
  "mean" : 9.116494546858412,
  "stdDev" : 4.734132112773291
}