{
  "distribution" : {
    "2" : 4,
    "3" : 24,
    "4" : 90,
    "5" : 180,
    "6" : 342,
    "7" : 399,
    "8" : 552,
    "9" : 638,
    "10" : 658,
    "11" : 678,
    "12" : 684,
    "13" : 663,
    "14" : 626,
    "15" : 589,
    "16" : 502,
    "17" : 462,
    "18" : 438,
    "19" : 404,
    "20" : 349,
    "21" : 282,
    "22" : 276,
    "23" : 243,
    "24" : 200,
    "25" : 197,
    "26" : 169,
    "27" : 155,
    "28" : 122,
    "29" : 120,
    "30" : 99,
    "31" : 81,
    "32" : 88,
    "33" : 50,
    "34" : 59,
    "35" : 51,
    "36" : 48,
    "37" : 37,
    "38" : 19,
    "39" : 44,
    "40" : 35,
    "41" : 23,
    "42" : 25,
    "43" : 21,
    "44" : 17,
    "45" : 6,
    "46" : 14,
    "47" : 15,
    "48" : 14,
    "49" : 9,
    "50" : 11,
    "51" : 5,
    "52" : 9,
    "53" : 4,
    "54" : 4,
    "55" : 4,
    "56" : 4,
    "57" : 1,
    "58" : 2,
    "59" : 2,
    "60" : 5,
    "61" : 2,
    "62" : 7,
    "63" : 1,
    "64" : 2,
    "66" : 1,
    "67" : 1,
    "69" : 1,
    "70" : 1,
    "71" : 2,
    "73" : 1,
    "75" : 1,
    "77" : 1
  },
  "mean" : 16.296054446794813,
  "stdDev" : 8.669765114834993
}