{
  "distribution" : {
    "2" : 3,
    "3" : 32,
    "4" : 73,
    "5" : 184,
    "6" : 310,
    "7" : 401,
    "8" : 527,
    "9" : 589,
    "10" : 607,
    "11" : 644,
    "12" : 628,
    "13" : 648,
    "14" : 615,
    "15" : 548,
    "16" : 497,
    "17" : 467,
    "18" : 374,
    "19" : 368,
    "20" : 341,
    "21" : 318,
    "22" : 293,
    "23" : 237,
    "24" : 172,
    "25" : 176,
    "26" : 158,
    "27" : 156,
    "28" : 128,
    "29" : 107,
    "30" : 80,
    "31" : 92,
    "32" : 68,
    "33" : 74,
    "34" : 53,
    "35" : 58,
    "36" : 46,
    "37" : 50,
    "38" : 48,
    "39" : 34,
    "40" : 20,
    "41" : 14,
    "42" : 25,
    "43" : 20,
    "44" : 13,
    "45" : 15,
    "46" : 12,
    "47" : 9,
    "48" : 6,
    "49" : 7,
    "50" : 3,
    "51" : 7,
    "52" : 6,
    "53" : 7,
    "54" : 2,
    "55" : 4,
    "56" : 2,
    "57" : 2,
    "58" : 1,
    "60" : 1,
    "61" : 1,
    "62" : 2,
    "64" : 4,
    "65" : 1,
    "68" : 2,
    "69" : 1,
    "72" : 2,
    "79" : 1
  },
  "mean" : 16.28612661150664,
  "stdDev" : 8.471237493095444
}