{
  "distribution" : {
    "2" : 20,
    "3" : 148,
    "4" : 392,
    "5" : 642,
    "6" : 858,
    "7" : 980,
    "8" : 967,
    "9" : 868,
    "10" : 817,
    "11" : 744,
    "12" : 639,
    "13" : 581,
    "14" : 506,
    "15" : 441,
    "16" : 349,
    "17" : 282,
    "18" : 234,
    "19" : 198,
    "20" : 221,
    "21" : 141,
    "22" : 117,
    "23" : 105,
    "24" : 89,
    "25" : 55,
    "26" : 75,
    "27" : 45,
    "28" : 51,
    "29" : 33,
    "30" : 25,
    "31" : 25,
    "32" : 23,
    "33" : 22,
    "34" : 13,
    "35" : 11,
    "36" : 10,
    "37" : 7,
    "38" : 7,
    "39" : 4,
    "40" : 4,
    "41" : 4,
    "42" : 1,
    "43" : 2,
    "44" : 4,
    "45" : 2,
    "46" : 4,
    "47" : 1,
    "48" : 1,
    "49" : 1,
    "54" : 1
  },
  "mean" : 11.497678737233056,
  "stdDev" : 6.0879159780153635
}