{
  "distribution" : {
    "3" : 4,
    "4" : 21,
    "5" : 57,
    "6" : 129,
    "7" : 215,
    "8" : 293,
    "9" : 357,
    "10" : 421,
    "11" : 476,
    "12" : 533,
    "13" : 534,
    "14" : 509,
    "15" : 498,
    "16" : 519,
    "17" : 484,
    "18" : 473,
    "19" : 450,
    "20" : 404,
    "21" : 390,
    "22" : 347,
    "23" : 292,
    "24" : 327,
    "25" : 251,
    "26" : 256,
    "27" : 238,
    "28" : 194,
    "29" : 182,
    "30" : 174,
    "31" : 164,
    "32" : 141,
    "33" : 114,
    "34" : 130,
    "35" : 123,
    "36" : 83,
    "37" : 89,
    "38" : 76,
    "39" : 63,
    "40" : 57,
    "41" : 57,
    "42" : 39,
    "43" : 53,
    "44" : 48,
    "45" : 39,
    "46" : 31,
    "47" : 37,
    "48" : 23,
    "49" : 24,
    "50" : 15,
    "51" : 23,
    "52" : 12,
    "53" : 22,
    "54" : 18,
    "55" : 17,
    "56" : 8,
    "57" : 11,
    "58" : 8,
    "59" : 8,
    "60" : 6,
    "61" : 5,
    "62" : 6,
    "63" : 5,
    "64" : 7,
    "65" : 8,
    "66" : 4,
    "67" : 5,
    "68" : 4,
    "69" : 3,
    "70" : 5,
    "71" : 3,
    "72" : 3,
    "73" : 2,
    "74" : 3,
    "76" : 1,
    "78" : 1,
    "79" : 3,
    "80" : 1,
    "81" : 2,
    "82" : 1,
    "83" : 2,
    "86" : 2,
    "94" : 1
  },
  "mean" : 20.46467493423525,
  "stdDev" : 10.771811331550389
}