{
  "distribution" : {
    "1" : 22,
    "2" : 430,
    "3" : 957,
    "4" : 1325,
    "5" : 1468,
    "6" : 1485,
    "7" : 1348,
    "8" : 1163,
    "9" : 911,
    "10" : 797,
    "11" : 633,
    "12" : 533,
    "13" : 391,
    "14" : 323,
    "15" : 258,
    "16" : 210,
    "17" : 175,
    "18" : 124,
    "19" : 105,
    "20" : 100,
    "21" : 59,
    "22" : 69,
    "23" : 49,
    "24" : 40,
    "25" : 26,
    "26" : 22,
    "27" : 19,
    "28" : 10,
    "29" : 8,
    "30" : 10,
    "31" : 6,
    "32" : 7,
    "33" : 5,
    "34" : 4,
    "35" : 5,
    "36" : 3,
    "37" : 1,
    "38" : 1,
    "39" : 1,
    "40" : 1,
    "43" : 1,
    "47" : 1
  },
  "mean" : 8.258583854723028,
  "stdDev" : 4.8237035495661615
}