{
  "distribution" : {
    "2" : 9,
    "3" : 80,
    "4" : 258,
    "5" : 435,
    "6" : 668,
    "7" : 801,
    "8" : 825,
    "9" : 829,
    "10" : 816,
    "11" : 766,
    "12" : 702,
    "13" : 637,
    "14" : 610,
    "15" : 446,
    "16" : 407,
    "17" : 331,
    "18" : 340,
    "19" : 234,
    "20" : 232,
    "21" : 157,
    "22" : 169,
    "23" : 137,
    "24" : 124,
    "25" : 88,
    "26" : 78,
    "27" : 59,
    "28" : 55,
    "29" : 44,
    "30" : 45,
    "31" : 27,
    "32" : 35,
    "33" : 24,
    "34" : 24,
    "35" : 9,
    "36" : 12,
    "37" : 9,
    "38" : 10,
    "39" : 13,
    "40" : 6,
    "41" : 5,
    "42" : 4,
    "43" : 7,
    "44" : 3,
    "45" : 9,
    "48" : 5,
    "49" : 3,
    "52" : 1,
    "53" : 3,
    "56" : 2,
    "57" : 2,
    "60" : 2,
    "61" : 1,
    "68" : 1,
    "73" : 1
  },
  "mean" : 12.666509433962265,
  "stdDev" : 6.653190295811482
}