{
  "distribution" : {
    "2" : 3,
    "3" : 16,
    "4" : 87,
    "5" : 176,
    "6" : 301,
    "7" : 442,
    "8" : 520,
    "9" : 608,
    "10" : 682,
    "11" : 667,
    "12" : 589,
    "13" : 626,
    "14" : 567,
    "15" : 570,
    "16" : 484,
    "17" : 490,
    "18" : 433,
    "19" : 374,
    "20" : 351,
    "21" : 332,
    "22" : 273,
    "23" : 258,
    "24" : 211,
    "25" : 205,
    "26" : 162,
    "27" : 134,
    "28" : 120,
    "29" : 111,
    "30" : 116,
    "31" : 94,
    "32" : 80,
    "33" : 92,
    "34" : 59,
    "35" : 65,
    "36" : 54,
    "37" : 37,
    "38" : 35,
    "39" : 36,
    "40" : 30,
    "41" : 21,
    "42" : 29,
    "43" : 19,
    "44" : 21,
    "45" : 24,
    "46" : 15,
    "47" : 11,
    "48" : 14,
    "49" : 6,
    "50" : 8,
    "51" : 9,
    "52" : 4,
    "53" : 3,
    "54" : 2,
    "55" : 5,
    "56" : 4,
    "57" : 3,
    "59" : 1,
    "60" : 1,
    "61" : 3,
    "62" : 3,
    "63" : 3,
    "64" : 1,
    "65" : 2,
    "66" : 1,
    "67" : 1,
    "73" : 1,
    "80" : 1,
    "94" : 1
  },
  "mean" : 16.53264219669375,
  "stdDev" : 8.728031275228405
}