{
  "distribution" : {
    "1" : 1,
    "2" : 24,
    "3" : 140,
    "4" : 428,
    "5" : 602,
    "6" : 836,
    "7" : 982,
    "8" : 930,
    "9" : 908,
    "10" : 905,
    "11" : 757,
    "12" : 645,
    "13" : 540,
    "14" : 513,
    "15" : 430,
    "16" : 400,
    "17" : 320,
    "18" : 249,
    "19" : 189,
    "20" : 179,
    "21" : 136,
    "22" : 144,
    "23" : 112,
    "24" : 94,
    "25" : 82,
    "26" : 69,
    "27" : 49,
    "28" : 53,
    "29" : 34,
    "30" : 34,
    "31" : 21,
    "32" : 26,
    "33" : 10,
    "34" : 10,
    "35" : 11,
    "36" : 8,
    "37" : 12,
    "38" : 8,
    "39" : 5,
    "40" : 5,
    "41" : 7,
    "42" : 2,
    "43" : 4,
    "44" : 1,
    "45" : 5,
    "46" : 2,
    "47" : 1,
    "52" : 1,
    "53" : 1,
    "57" : 4
  },
  "mean" : 11.594930917741788,
  "stdDev" : 6.18428674624167
}