{
  "distribution" : {
    "2" : 13,
    "3" : 100,
    "4" : 279,
    "5" : 458,
    "6" : 628,
    "7" : 761,
    "8" : 894,
    "9" : 856,
    "10" : 819,
    "11" : 704,
    "12" : 715,
    "13" : 626,
    "14" : 532,
    "15" : 466,
    "16" : 424,
    "17" : 345,
    "18" : 287,
    "19" : 214,
    "20" : 204,
    "21" : 180,
    "22" : 139,
    "23" : 130,
    "24" : 123,
    "25" : 103,
    "26" : 76,
    "27" : 78,
    "28" : 51,
    "29" : 48,
    "30" : 44,
    "31" : 42,
    "32" : 21,
    "33" : 31,
    "34" : 20,
    "35" : 24,
    "36" : 12,
    "37" : 9,
    "38" : 9,
    "39" : 12,
    "40" : 6,
    "41" : 10,
    "42" : 4,
    "43" : 6,
    "44" : 2,
    "45" : 5,
    "46" : 1,
    "47" : 1,
    "48" : 3,
    "49" : 2,
    "50" : 1,
    "52" : 2,
    "59" : 1
  },
  "mean" : 12.578652219370783,
  "stdDev" : 6.582304060011797
}