{
  "distribution" : {
    "2" : 51,
    "3" : 239,
    "4" : 525,
    "5" : 834,
    "6" : 971,
    "7" : 1009,
    "8" : 1016,
    "9" : 887,
    "10" : 836,
    "11" : 701,
    "12" : 591,
    "13" : 529,
    "14" : 441,
    "15" : 355,
    "16" : 306,
    "17" : 234,
    "18" : 179,
    "19" : 144,
    "20" : 115,
    "21" : 114,
    "22" : 85,
    "23" : 65,
    "24" : 56,
    "25" : 33,
    "26" : 34,
    "27" : 27,
    "28" : 20,
    "29" : 17,
    "30" : 17,
    "31" : 6,
    "32" : 13,
    "33" : 6,
    "34" : 6,
    "35" : 4,
    "36" : 7,
    "37" : 3,
    "38" : 7,
    "39" : 2,
    "40" : 1,
    "41" : 2,
    "42" : 2,
    "43" : 2,
    "45" : 1,
    "46" : 2,
    "48" : 1,
    "49" : 1,
    "52" : 1,
    "59" : 1
  },
  "mean" : 10.320220973426041,
  "stdDev" : 5.395144485954281
}