{
  "distribution" : {
    "2" : 19,
    "3" : 139,
    "4" : 387,
    "5" : 619,
    "6" : 831,
    "7" : 935,
    "8" : 981,
    "9" : 952,
    "10" : 931,
    "11" : 793,
    "12" : 736,
    "13" : 621,
    "14" : 505,
    "15" : 455,
    "16" : 381,
    "17" : 310,
    "18" : 265,
    "19" : 206,
    "20" : 200,
    "21" : 155,
    "22" : 114,
    "23" : 120,
    "24" : 90,
    "25" : 68,
    "26" : 77,
    "27" : 57,
    "28" : 56,
    "29" : 40,
    "30" : 28,
    "31" : 23,
    "32" : 22,
    "33" : 11,
    "34" : 18,
    "35" : 12,
    "36" : 10,
    "37" : 9,
    "38" : 5,
    "39" : 6,
    "40" : 5,
    "41" : 10,
    "42" : 7,
    "43" : 3,
    "44" : 4,
    "45" : 2,
    "46" : 2,
    "47" : 2,
    "48" : 3,
    "51" : 2,
    "52" : 4,
    "55" : 1,
    "56" : 2,
    "57" : 1,
    "59" : 2,
    "61" : 1,
    "62" : 1,
    "82" : 1
  },
  "mean" : 11.729092526690392,
  "stdDev" : 6.344010634178873
}