{
  "distribution" : {
    "2" : 2,
    "3" : 5,
    "4" : 17,
    "5" : 55,
    "6" : 92,
    "7" : 167,
    "8" : 222,
    "9" : 281,
    "10" : 348,
    "11" : 394,
    "12" : 432,
    "13" : 458,
    "14" : 509,
    "15" : 488,
    "16" : 469,
    "17" : 439,
    "18" : 447,
    "19" : 415,
    "20" : 415,
    "21" : 390,
    "22" : 352,
    "23" : 335,
    "24" : 315,
    "25" : 272,
    "26" : 273,
    "27" : 236,
    "28" : 229,
    "29" : 180,
    "30" : 177,
    "31" : 166,
    "32" : 146,
    "33" : 130,
    "34" : 106,
    "35" : 102,
    "36" : 99,
    "37" : 84,
    "38" : 73,
    "39" : 70,
    "40" : 72,
    "41" : 66,
    "42" : 46,
    "43" : 48,
    "44" : 40,
    "45" : 46,
    "46" : 32,
    "47" : 29,
    "48" : 29,
    "49" : 22,
    "50" : 19,
    "51" : 24,
    "52" : 22,
    "53" : 17,
    "54" : 12,
    "55" : 10,
    "56" : 13,
    "57" : 9,
    "58" : 7,
    "59" : 7,
    "60" : 7,
    "61" : 8,
    "62" : 12,
    "63" : 7,
    "64" : 4,
    "65" : 4,
    "66" : 9,
    "67" : 5,
    "69" : 4,
    "70" : 1,
    "71" : 7,
    "72" : 3,
    "74" : 3,
    "75" : 3,
    "76" : 3,
    "77" : 2,
    "78" : 3,
    "79" : 2,
    "80" : 1,
    "82" : 1,
    "85" : 1,
    "86" : 1,
    "87" : 1,
    "89" : 1
  },
  "mean" : 21.224907987665375,
  "stdDev" : 10.85786367776989
}