{
  "distribution" : {
    "1" : 2,
    "2" : 32,
    "3" : 177,
    "4" : 492,
    "5" : 729,
    "6" : 941,
    "7" : 986,
    "8" : 991,
    "9" : 930,
    "10" : 894,
    "11" : 726,
    "12" : 645,
    "13" : 565,
    "14" : 509,
    "15" : 375,
    "16" : 339,
    "17" : 275,
    "18" : 218,
    "19" : 186,
    "20" : 135,
    "21" : 148,
    "22" : 123,
    "23" : 96,
    "24" : 70,
    "25" : 60,
    "26" : 55,
    "27" : 37,
    "28" : 25,
    "29" : 19,
    "30" : 14,
    "31" : 16,
    "32" : 17,
    "33" : 14,
    "34" : 9,
    "35" : 12,
    "36" : 8,
    "37" : 5,
    "38" : 7,
    "39" : 7,
    "40" : 3,
    "41" : 3,
    "42" : 7,
    "43" : 1,
    "44" : 2,
    "45" : 1,
    "46" : 2,
    "47" : 1,
    "48" : 1,
    "49" : 1,
    "50" : 1,
    "56" : 1,
    "63" : 1,
    "66" : 1
  },
  "mean" : 10.97581310123683,
  "stdDev" : 5.850119422423595
}