{
  "distribution" : {
    "2" : 10,
    "3" : 66,
    "4" : 190,
    "5" : 380,
    "6" : 533,
    "7" : 698,
    "8" : 727,
    "9" : 751,
    "10" : 795,
    "11" : 728,
    "12" : 675,
    "13" : 606,
    "14" : 586,
    "15" : 493,
    "16" : 445,
    "17" : 400,
    "18" : 335,
    "19" : 302,
    "20" : 252,
    "21" : 199,
    "22" : 163,
    "23" : 213,
    "24" : 148,
    "25" : 117,
    "26" : 104,
    "27" : 87,
    "28" : 66,
    "29" : 52,
    "30" : 44,
    "31" : 55,
    "32" : 41,
    "33" : 44,
    "34" : 32,
    "35" : 21,
    "36" : 28,
    "37" : 23,
    "38" : 23,
    "39" : 14,
    "40" : 11,
    "41" : 5,
    "42" : 13,
    "43" : 15,
    "44" : 2,
    "45" : 3,
    "46" : 3,
    "47" : 6,
    "48" : 2,
    "49" : 2,
    "52" : 4,
    "53" : 3,
    "56" : 1,
    "57" : 1
  },
  "mean" : 13.634496529428544,
  "stdDev" : 7.133987759194579
}