{
  "distribution" : {
    "3" : 11,
    "4" : 54,
    "5" : 120,
    "6" : 246,
    "7" : 381,
    "8" : 481,
    "9" : 567,
    "10" : 564,
    "11" : 627,
    "12" : 620,
    "13" : 594,
    "14" : 578,
    "15" : 577,
    "16" : 467,
    "17" : 467,
    "18" : 428,
    "19" : 376,
    "20" : 375,
    "21" : 302,
    "22" : 303,
    "23" : 259,
    "24" : 201,
    "25" : 205,
    "26" : 186,
    "27" : 148,
    "28" : 139,
    "29" : 115,
    "30" : 123,
    "31" : 99,
    "32" : 86,
    "33" : 73,
    "34" : 73,
    "35" : 47,
    "36" : 40,
    "37" : 41,
    "38" : 43,
    "39" : 29,
    "40" : 33,
    "41" : 27,
    "42" : 32,
    "43" : 24,
    "44" : 14,
    "45" : 18,
    "46" : 10,
    "47" : 17,
    "48" : 7,
    "49" : 5,
    "50" : 11,
    "51" : 11,
    "52" : 6,
    "53" : 6,
    "54" : 5,
    "55" : 4,
    "56" : 2,
    "57" : 2,
    "58" : 4,
    "59" : 1,
    "61" : 4,
    "62" : 3,
    "63" : 1,
    "64" : 1,
    "65" : 1,
    "66" : 2,
    "67" : 1,
    "68" : 2,
    "69" : 2,
    "70" : 1,
    "72" : 1,
    "74" : 1,
    "76" : 1,
    "88" : 1
  },
  "mean" : 16.998059382883756,
  "stdDev" : 8.804061307478369
}