{
  "distribution" : {
    "2" : 6,
    "3" : 26,
    "4" : 89,
    "5" : 215,
    "6" : 269,
    "7" : 440,
    "8" : 506,
    "9" : 572,
    "10" : 647,
    "11" : 670,
    "12" : 628,
    "13" : 664,
    "14" : 585,
    "15" : 512,
    "16" : 503,
    "17" : 500,
    "18" : 415,
    "19" : 359,
    "20" : 347,
    "21" : 293,
    "22" : 239,
    "23" : 245,
    "24" : 218,
    "25" : 201,
    "26" : 158,
    "27" : 136,
    "28" : 141,
    "29" : 100,
    "30" : 93,
    "31" : 81,
    "32" : 75,
    "33" : 67,
    "34" : 56,
    "35" : 39,
    "36" : 40,
    "37" : 21,
    "38" : 27,
    "39" : 39,
    "40" : 23,
    "41" : 25,
    "42" : 19,
    "43" : 20,
    "44" : 14,
    "45" : 15,
    "46" : 9,
    "47" : 8,
    "48" : 8,
    "49" : 8,
    "50" : 4,
    "51" : 6,
    "52" : 5,
    "53" : 4,
    "54" : 7,
    "55" : 2,
    "56" : 2,
    "57" : 3,
    "58" : 1,
    "59" : 1,
    "60" : 5,
    "61" : 1,
    "63" : 1,
    "64" : 1,
    "65" : 1,
    "66" : 2,
    "68" : 1,
    "69" : 1,
    "76" : 1,
    "77" : 1,
    "83" : 1,
    "87" : 1
  },
  "mean" : 16.1580159263168,
  "stdDev" : 8.41656048981608
}