{
  "distribution" : {
    "2" : 48,
    "3" : 174,
    "4" : 377,
    "5" : 587,
    "6" : 784,
    "7" : 819,
    "8" : 849,
    "9" : 935,
    "10" : 832,
    "11" : 806,
    "12" : 669,
    "13" : 607,
    "14" : 507,
    "15" : 485,
    "16" : 367,
    "17" : 367,
    "18" : 286,
    "19" : 223,
    "20" : 208,
    "21" : 164,
    "22" : 146,
    "23" : 103,
    "24" : 102,
    "25" : 76,
    "26" : 84,
    "27" : 55,
    "28" : 48,
    "29" : 49,
    "30" : 27,
    "31" : 26,
    "32" : 28,
    "33" : 8,
    "34" : 18,
    "35" : 17,
    "36" : 11,
    "37" : 9,
    "38" : 8,
    "39" : 8,
    "40" : 4,
    "41" : 7,
    "42" : 6,
    "43" : 4,
    "44" : 2,
    "45" : 3,
    "47" : 1,
    "48" : 2,
    "49" : 2,
    "50" : 1,
    "52" : 3,
    "53" : 1,
    "61" : 1,
    "76" : 1
  },
  "mean" : 11.93108169785486,
  "stdDev" : 6.371157899034339
}