{
  "distribution" : {
    "3" : 4,
    "4" : 28,
    "5" : 65,
    "6" : 130,
    "7" : 202,
    "8" : 303,
    "9" : 372,
    "10" : 430,
    "11" : 440,
    "12" : 540,
    "13" : 546,
    "14" : 547,
    "15" : 528,
    "16" : 524,
    "17" : 498,
    "18" : 445,
    "19" : 412,
    "20" : 408,
    "21" : 411,
    "22" : 331,
    "23" : 286,
    "24" : 295,
    "25" : 291,
    "26" : 253,
    "27" : 216,
    "28" : 183,
    "29" : 186,
    "30" : 144,
    "31" : 176,
    "32" : 135,
    "33" : 126,
    "34" : 112,
    "35" : 81,
    "36" : 88,
    "37" : 87,
    "38" : 74,
    "39" : 68,
    "40" : 65,
    "41" : 55,
    "42" : 41,
    "43" : 32,
    "44" : 28,
    "45" : 44,
    "46" : 31,
    "47" : 24,
    "48" : 25,
    "49" : 14,
    "50" : 25,
    "51" : 18,
    "52" : 14,
    "53" : 13,
    "54" : 12,
    "55" : 17,
    "56" : 18,
    "57" : 8,
    "58" : 11,
    "59" : 8,
    "60" : 10,
    "61" : 5,
    "62" : 5,
    "63" : 3,
    "64" : 7,
    "65" : 4,
    "66" : 5,
    "67" : 1,
    "68" : 2,
    "69" : 3,
    "70" : 3,
    "71" : 3,
    "72" : 3,
    "73" : 1,
    "74" : 1,
    "75" : 3,
    "83" : 1,
    "85" : 1,
    "87" : 1,
    "91" : 1,
    "92" : 1,
    "93" : 1,
    "96" : 1,
    "102" : 1,
    "103" : 1
  },
  "mean" : 20.13316249050873,
  "stdDev" : 10.543692504993194
}