{
  "distribution" : {
    "2" : 3,
    "3" : 17,
    "4" : 56,
    "5" : 97,
    "6" : 199,
    "7" : 270,
    "8" : 356,
    "9" : 451,
    "10" : 513,
    "11" : 517,
    "12" : 543,
    "13" : 564,
    "14" : 565,
    "15" : 544,
    "16" : 540,
    "17" : 491,
    "18" : 466,
    "19" : 397,
    "20" : 364,
    "21" : 332,
    "22" : 318,
    "23" : 300,
    "24" : 229,
    "25" : 223,
    "26" : 198,
    "27" : 181,
    "28" : 200,
    "29" : 173,
    "30" : 144,
    "31" : 107,
    "32" : 128,
    "33" : 87,
    "34" : 90,
    "35" : 65,
    "36" : 72,
    "37" : 52,
    "38" : 51,
    "39" : 45,
    "40" : 42,
    "41" : 33,
    "42" : 37,
    "43" : 32,
    "44" : 21,
    "45" : 22,
    "46" : 23,
    "47" : 21,
    "48" : 10,
    "49" : 17,
    "50" : 15,
    "51" : 12,
    "52" : 9,
    "53" : 7,
    "54" : 9,
    "55" : 5,
    "56" : 11,
    "57" : 5,
    "58" : 5,
    "59" : 3,
    "60" : 5,
    "61" : 6,
    "63" : 1,
    "64" : 2,
    "65" : 2,
    "66" : 3,
    "67" : 1,
    "68" : 1,
    "69" : 3,
    "71" : 1,
    "72" : 1,
    "73" : 1,
    "75" : 2,
    "82" : 2,
    "86" : 1,
    "98" : 1
  },
  "mean" : 18.433624031007753,
  "stdDev" : 9.553834654747634
}