{
  "distribution" : {
    "2" : 14,
    "3" : 46,
    "4" : 216,
    "5" : 374,
    "6" : 534,
    "7" : 703,
    "8" : 792,
    "9" : 815,
    "10" : 835,
    "11" : 763,
    "12" : 708,
    "13" : 611,
    "14" : 582,
    "15" : 488,
    "16" : 449,
    "17" : 382,
    "18" : 350,
    "19" : 335,
    "20" : 238,
    "21" : 209,
    "22" : 199,
    "23" : 171,
    "24" : 146,
    "25" : 120,
    "26" : 84,
    "27" : 77,
    "28" : 69,
    "29" : 55,
    "30" : 63,
    "31" : 46,
    "32" : 35,
    "33" : 35,
    "34" : 36,
    "35" : 30,
    "36" : 19,
    "37" : 10,
    "38" : 22,
    "39" : 14,
    "40" : 12,
    "41" : 8,
    "42" : 13,
    "43" : 7,
    "44" : 5,
    "45" : 2,
    "46" : 2,
    "47" : 5,
    "48" : 5,
    "49" : 5,
    "50" : 3,
    "51" : 5,
    "52" : 1,
    "54" : 3,
    "55" : 2,
    "56" : 1,
    "58" : 1,
    "62" : 1,
    "68" : 1,
    "70" : 1,
    "71" : 1
  },
  "mean" : 13.536109303838646,
  "stdDev" : 7.163039814767193
}