{
  "distribution" : {
    "1" : 8,
    "2" : 82,
    "3" : 346,
    "4" : 699,
    "5" : 842,
    "6" : 1084,
    "7" : 1146,
    "8" : 1046,
    "9" : 946,
    "10" : 805,
    "11" : 690,
    "12" : 583,
    "13" : 490,
    "14" : 374,
    "15" : 312,
    "16" : 277,
    "17" : 207,
    "18" : 179,
    "19" : 159,
    "20" : 117,
    "21" : 102,
    "22" : 70,
    "23" : 60,
    "24" : 45,
    "25" : 32,
    "26" : 17,
    "27" : 33,
    "28" : 26,
    "29" : 14,
    "30" : 10,
    "31" : 10,
    "32" : 8,
    "33" : 4,
    "34" : 2,
    "35" : 7,
    "36" : 8,
    "37" : 4,
    "38" : 3,
    "39" : 3,
    "40" : 2,
    "41" : 3,
    "43" : 1,
    "44" : 1,
    "55" : 1
  },
  "mean" : 9.837170749677657,
  "stdDev" : 5.229873925192808
}