{
  "distribution" : {
    "2" : 8,
    "3" : 67,
    "4" : 185,
    "5" : 348,
    "6" : 561,
    "7" : 709,
    "8" : 763,
    "9" : 791,
    "10" : 761,
    "11" : 764,
    "12" : 781,
    "13" : 645,
    "14" : 569,
    "15" : 522,
    "16" : 471,
    "17" : 432,
    "18" : 346,
    "19" : 281,
    "20" : 276,
    "21" : 230,
    "22" : 209,
    "23" : 149,
    "24" : 137,
    "25" : 131,
    "26" : 140,
    "27" : 101,
    "28" : 83,
    "29" : 70,
    "30" : 68,
    "31" : 57,
    "32" : 57,
    "33" : 49,
    "34" : 28,
    "35" : 28,
    "36" : 32,
    "37" : 22,
    "38" : 16,
    "39" : 17,
    "40" : 12,
    "41" : 12,
    "42" : 16,
    "43" : 12,
    "44" : 8,
    "45" : 3,
    "46" : 7,
    "47" : 3,
    "48" : 4,
    "49" : 4,
    "50" : 3,
    "51" : 6,
    "52" : 1,
    "53" : 1,
    "54" : 1,
    "55" : 2,
    "56" : 1,
    "57" : 2,
    "58" : 2,
    "62" : 1,
    "63" : 1,
    "64" : 1,
    "65" : 1
  },
  "mean" : 13.908248546511627,
  "stdDev" : 7.4451895091832965
}