{
  "distribution" : {
    "2" : 17,
    "3" : 101,
    "4" : 256,
    "5" : 433,
    "6" : 579,
    "7" : 730,
    "8" : 822,
    "9" : 785,
    "10" : 747,
    "11" : 739,
    "12" : 696,
    "13" : 635,
    "14" : 520,
    "15" : 493,
    "16" : 450,
    "17" : 375,
    "18" : 346,
    "19" : 284,
    "20" : 247,
    "21" : 201,
    "22" : 181,
    "23" : 145,
    "24" : 126,
    "25" : 112,
    "26" : 111,
    "27" : 90,
    "28" : 59,
    "29" : 51,
    "30" : 56,
    "31" : 33,
    "32" : 31,
    "33" : 26,
    "34" : 25,
    "35" : 14,
    "36" : 20,
    "37" : 14,
    "38" : 17,
    "39" : 13,
    "40" : 10,
    "41" : 11,
    "42" : 9,
    "43" : 4,
    "44" : 4,
    "45" : 5,
    "46" : 3,
    "47" : 3,
    "48" : 4,
    "49" : 3,
    "50" : 2,
    "51" : 2,
    "52" : 1,
    "60" : 2,
    "62" : 1
  },
  "mean" : 13.126644118752349,
  "stdDev" : 6.909294632500469
}