{
  "distribution" : {
    "3" : 4,
    "4" : 22,
    "5" : 69,
    "6" : 154,
    "7" : 211,
    "8" : 301,
    "9" : 409,
    "10" : 457,
    "11" : 469,
    "12" : 503,
    "13" : 573,
    "14" : 533,
    "15" : 558,
    "16" : 511,
    "17" : 510,
    "18" : 458,
    "19" : 461,
    "20" : 444,
    "21" : 349,
    "22" : 334,
    "23" : 300,
    "24" : 277,
    "25" : 218,
    "26" : 242,
    "27" : 236,
    "28" : 203,
    "29" : 157,
    "30" : 138,
    "31" : 153,
    "32" : 118,
    "33" : 112,
    "34" : 95,
    "35" : 75,
    "36" : 76,
    "37" : 66,
    "38" : 85,
    "39" : 57,
    "40" : 63,
    "41" : 31,
    "42" : 43,
    "43" : 40,
    "44" : 37,
    "45" : 32,
    "46" : 26,
    "47" : 34,
    "48" : 28,
    "49" : 25,
    "50" : 14,
    "51" : 14,
    "52" : 15,
    "53" : 18,
    "54" : 13,
    "55" : 8,
    "56" : 9,
    "57" : 11,
    "58" : 5,
    "59" : 6,
    "60" : 6,
    "61" : 5,
    "62" : 5,
    "63" : 5,
    "64" : 6,
    "65" : 2,
    "66" : 3,
    "67" : 4,
    "68" : 1,
    "69" : 3,
    "71" : 2,
    "73" : 1,
    "74" : 2,
    "75" : 1,
    "76" : 1,
    "77" : 3,
    "78" : 3,
    "79" : 1,
    "80" : 1,
    "83" : 1,
    "86" : 1,
    "87" : 1,
    "89" : 1,
    "92" : 1
  },
  "mean" : 19.680993314231138,
  "stdDev" : 10.274773629004368
}