{
  "distribution" : {
    "3" : 5,
    "4" : 26,
    "5" : 78,
    "6" : 124,
    "7" : 237,
    "8" : 322,
    "9" : 379,
    "10" : 480,
    "11" : 514,
    "12" : 547,
    "13" : 581,
    "14" : 554,
    "15" : 550,
    "16" : 547,
    "17" : 505,
    "18" : 449,
    "19" : 445,
    "20" : 415,
    "21" : 399,
    "22" : 330,
    "23" : 314,
    "24" : 274,
    "25" : 237,
    "26" : 229,
    "27" : 231,
    "28" : 206,
    "29" : 178,
    "30" : 129,
    "31" : 156,
    "32" : 106,
    "33" : 108,
    "34" : 100,
    "35" : 70,
    "36" : 80,
    "37" : 73,
    "38" : 61,
    "39" : 73,
    "40" : 58,
    "41" : 35,
    "42" : 32,
    "43" : 40,
    "44" : 34,
    "45" : 26,
    "46" : 32,
    "47" : 32,
    "48" : 22,
    "49" : 23,
    "50" : 17,
    "51" : 22,
    "52" : 15,
    "53" : 12,
    "54" : 13,
    "55" : 7,
    "56" : 11,
    "57" : 9,
    "58" : 3,
    "59" : 8,
    "60" : 5,
    "61" : 5,
    "62" : 3,
    "63" : 4,
    "64" : 4,
    "65" : 4,
    "66" : 6,
    "67" : 4,
    "68" : 4,
    "70" : 1,
    "71" : 3,
    "72" : 1,
    "74" : 1,
    "75" : 1,
    "77" : 2,
    "79" : 2,
    "80" : 1,
    "81" : 1,
    "82" : 1,
    "83" : 2,
    "84" : 1,
    "85" : 1,
    "86" : 1,
    "89" : 1,
    "90" : 1,
    "93" : 1,
    "95" : 2
  },
  "mean" : 19.548466026726896,
  "stdDev" : 10.281210915159685
}