{
  "distribution" : {
    "2" : 1,
    "3" : 14,
    "4" : 41,
    "5" : 117,
    "6" : 220,
    "7" : 325,
    "8" : 422,
    "9" : 523,
    "10" : 590,
    "11" : 595,
    "12" : 598,
    "13" : 600,
    "14" : 560,
    "15" : 564,
    "16" : 491,
    "17" : 419,
    "18" : 459,
    "19" : 398,
    "20" : 396,
    "21" : 313,
    "22" : 317,
    "23" : 275,
    "24" : 249,
    "25" : 224,
    "26" : 178,
    "27" : 168,
    "28" : 130,
    "29" : 145,
    "30" : 127,
    "31" : 113,
    "32" : 99,
    "33" : 71,
    "34" : 70,
    "35" : 60,
    "36" : 60,
    "37" : 52,
    "38" : 58,
    "39" : 35,
    "40" : 42,
    "41" : 36,
    "42" : 32,
    "43" : 15,
    "44" : 16,
    "45" : 22,
    "46" : 15,
    "47" : 14,
    "48" : 10,
    "49" : 12,
    "50" : 18,
    "51" : 9,
    "52" : 6,
    "53" : 6,
    "54" : 4,
    "55" : 4,
    "56" : 3,
    "57" : 3,
    "58" : 9,
    "59" : 3,
    "60" : 5,
    "61" : 3,
    "62" : 2,
    "63" : 2,
    "64" : 2,
    "65" : 2,
    "67" : 2,
    "68" : 3,
    "71" : 1,
    "73" : 1,
    "76" : 1,
    "77" : 1,
    "78" : 1,
    "84" : 1,
    "90" : 1
  },
  "mean" : 17.616043913713405,
  "stdDev" : 9.158424409043642
}