{
  "distribution" : {
    "64" : 1,
    "2" : 43,
    "3" : 268,
    "4" : 551,
    "5" : 889,
    "6" : 993,
    "7" : 1115,
    "8" : 1012,
    "9" : 925,
    "10" : 835,
    "11" : 701,
    "12" : 596,
    "13" : 530,
    "14" : 447,
    "15" : 366,
    "16" : 292,
    "17" : 240,
    "18" : 225,
    "19" : 146,
    "20" : 104,
    "21" : 100,
    "22" : 76,
    "23" : 68,
    "24" : 55,
    "25" : 35,
    "26" : 37,
    "27" : 38,
    "28" : 15,
    "29" : 23,
    "30" : 19,
    "31" : 13,
    "32" : 12,
    "33" : 10,
    "34" : 11,
    "35" : 8,
    "36" : 4,
    "37" : 2,
    "38" : 4,
    "39" : 3,
    "40" : 5,
    "41" : 3,
    "42" : 3,
    "43" : 1,
    "44" : 1,
    "46" : 1,
    "47" : 2
  },
  "mean" : 10.288511267085335,
  "stdDev" : 5.46228739771047
}