{
  "distribution" : {
    "2" : 4,
    "3" : 57,
    "4" : 175,
    "5" : 343,
    "6" : 532,
    "7" : 585,
    "8" : 735,
    "9" : 793,
    "10" : 761,
    "11" : 760,
    "12" : 720,
    "13" : 655,
    "14" : 611,
    "15" : 566,
    "16" : 467,
    "17" : 417,
    "18" : 328,
    "19" : 290,
    "20" : 289,
    "21" : 226,
    "22" : 217,
    "23" : 178,
    "24" : 152,
    "25" : 119,
    "26" : 102,
    "27" : 98,
    "28" : 90,
    "29" : 64,
    "30" : 71,
    "31" : 52,
    "32" : 44,
    "33" : 41,
    "34" : 23,
    "35" : 25,
    "36" : 28,
    "37" : 23,
    "38" : 15,
    "39" : 20,
    "40" : 17,
    "41" : 13,
    "42" : 9,
    "43" : 13,
    "44" : 9,
    "45" : 10,
    "46" : 2,
    "47" : 1,
    "48" : 7,
    "49" : 2,
    "50" : 2,
    "51" : 1,
    "52" : 1,
    "53" : 2,
    "54" : 4,
    "55" : 5,
    "56" : 2,
    "57" : 3,
    "58" : 4,
    "63" : 1,
    "71" : 1,
    "77" : 1
  },
  "mean" : 14.017893565733358,
  "stdDev" : 7.427857615542623
}