{
  "distribution" : {
    "2" : 2,
    "3" : 28,
    "4" : 118,
    "5" : 268,
    "6" : 458,
    "7" : 517,
    "8" : 620,
    "9" : 705,
    "10" : 718,
    "11" : 701,
    "12" : 698,
    "13" : 652,
    "14" : 602,
    "15" : 563,
    "16" : 452,
    "17" : 422,
    "18" : 390,
    "19" : 326,
    "20" : 293,
    "21" : 266,
    "22" : 216,
    "23" : 158,
    "24" : 183,
    "25" : 125,
    "26" : 106,
    "27" : 135,
    "28" : 76,
    "29" : 73,
    "30" : 72,
    "31" : 65,
    "32" : 54,
    "33" : 59,
    "34" : 39,
    "35" : 37,
    "36" : 25,
    "37" : 23,
    "38" : 32,
    "39" : 19,
    "40" : 20,
    "41" : 9,
    "42" : 17,
    "43" : 6,
    "44" : 8,
    "45" : 5,
    "46" : 12,
    "47" : 2,
    "48" : 4,
    "49" : 3,
    "50" : 2,
    "51" : 3,
    "52" : 2,
    "53" : 3,
    "54" : 1,
    "57" : 1,
    "59" : 4,
    "62" : 1,
    "63" : 1,
    "64" : 1,
    "65" : 2,
    "67" : 1,
    "68" : 1,
    "69" : 1,
    "71" : 1,
    "77" : 1
  },
  "mean" : 14.721272098385857,
  "stdDev" : 7.662216511410084
}