{
  "distribution" : {
    "2" : 4,
    "3" : 22,
    "4" : 68,
    "5" : 197,
    "6" : 359,
    "7" : 491,
    "8" : 562,
    "9" : 633,
    "10" : 680,
    "11" : 639,
    "12" : 623,
    "13" : 653,
    "14" : 568,
    "15" : 513,
    "16" : 493,
    "17" : 406,
    "18" : 399,
    "19" : 328,
    "20" : 302,
    "21" : 244,
    "22" : 206,
    "23" : 224,
    "24" : 178,
    "25" : 162,
    "26" : 136,
    "27" : 135,
    "28" : 92,
    "29" : 78,
    "30" : 75,
    "31" : 54,
    "32" : 47,
    "33" : 48,
    "34" : 41,
    "35" : 43,
    "36" : 37,
    "37" : 33,
    "38" : 22,
    "39" : 25,
    "40" : 19,
    "41" : 16,
    "42" : 16,
    "43" : 6,
    "44" : 5,
    "45" : 12,
    "46" : 11,
    "47" : 7,
    "48" : 2,
    "49" : 2,
    "50" : 3,
    "51" : 2,
    "52" : 2,
    "53" : 2,
    "54" : 1,
    "55" : 4,
    "56" : 2,
    "57" : 2,
    "59" : 2,
    "60" : 1,
    "61" : 1,
    "62" : 1,
    "63" : 1,
    "64" : 1,
    "65" : 1,
    "69" : 1
  },
  "mean" : 15.275369606758524,
  "stdDev" : 7.771311655944682
}