{
  "distribution" : {
    "3" : 3,
    "4" : 30,
    "5" : 71,
    "6" : 136,
    "7" : 206,
    "8" : 307,
    "9" : 372,
    "10" : 449,
    "11" : 471,
    "12" : 535,
    "13" : 539,
    "14" : 534,
    "15" : 518,
    "16" : 493,
    "17" : 489,
    "18" : 493,
    "19" : 435,
    "20" : 429,
    "21" : 359,
    "22" : 317,
    "23" : 329,
    "24" : 275,
    "25" : 277,
    "26" : 229,
    "27" : 244,
    "28" : 208,
    "29" : 173,
    "30" : 158,
    "31" : 157,
    "32" : 119,
    "33" : 111,
    "34" : 112,
    "35" : 101,
    "36" : 85,
    "37" : 70,
    "38" : 65,
    "39" : 58,
    "40" : 47,
    "41" : 45,
    "42" : 31,
    "43" : 38,
    "44" : 34,
    "45" : 36,
    "46" : 25,
    "47" : 18,
    "48" : 21,
    "49" : 17,
    "50" : 19,
    "51" : 17,
    "52" : 10,
    "53" : 8,
    "54" : 13,
    "55" : 12,
    "56" : 13,
    "57" : 7,
    "58" : 7,
    "59" : 7,
    "60" : 7,
    "61" : 4,
    "62" : 4,
    "63" : 7,
    "64" : 7,
    "65" : 5,
    "66" : 4,
    "67" : 2,
    "68" : 2,
    "69" : 2,
    "70" : 2,
    "71" : 4,
    "72" : 2,
    "73" : 1,
    "74" : 1,
    "75" : 2,
    "77" : 3,
    "78" : 1,
    "79" : 2,
    "80" : 1,
    "81" : 1,
    "82" : 1,
    "84" : 1,
    "90" : 1,
    "96" : 1,
    "101" : 2,
    "110" : 1
  },
  "mean" : 19.82579163876399,
  "stdDev" : 10.34190553991553
}