{
  "distribution" : {
    "2" : 1,
    "3" : 25,
    "4" : 80,
    "5" : 189,
    "6" : 312,
    "7" : 398,
    "8" : 576,
    "9" : 675,
    "10" : 651,
    "11" : 670,
    "12" : 668,
    "13" : 633,
    "14" : 541,
    "15" : 549,
    "16" : 508,
    "17" : 448,
    "18" : 426,
    "19" : 358,
    "20" : 283,
    "21" : 299,
    "22" : 256,
    "23" : 241,
    "24" : 177,
    "25" : 171,
    "26" : 132,
    "27" : 143,
    "28" : 102,
    "29" : 127,
    "30" : 88,
    "31" : 76,
    "32" : 62,
    "33" : 67,
    "34" : 53,
    "35" : 40,
    "36" : 29,
    "37" : 32,
    "38" : 28,
    "39" : 28,
    "40" : 23,
    "41" : 12,
    "42" : 13,
    "43" : 8,
    "44" : 14,
    "45" : 9,
    "46" : 13,
    "47" : 8,
    "48" : 4,
    "49" : 6,
    "50" : 5,
    "51" : 2,
    "52" : 7,
    "53" : 4,
    "54" : 3,
    "55" : 2,
    "56" : 1,
    "57" : 3,
    "58" : 3,
    "59" : 3,
    "60" : 1,
    "61" : 2,
    "63" : 1,
    "64" : 1,
    "66" : 1,
    "68" : 1,
    "69" : 1,
    "71" : 2,
    "73" : 1,
    "77" : 1,
    "81" : 1,
    "82" : 1
  },
  "mean" : 15.7884260607826,
  "stdDev" : 8.174834912606084
}