{
  "distribution" : {
    "1" : 1,
    "2" : 43,
    "3" : 171,
    "4" : 414,
    "5" : 711,
    "6" : 870,
    "7" : 923,
    "8" : 947,
    "9" : 886,
    "10" : 818,
    "11" : 769,
    "12" : 709,
    "13" : 539,
    "14" : 526,
    "15" : 434,
    "16" : 353,
    "17" : 293,
    "18" : 210,
    "19" : 206,
    "20" : 188,
    "21" : 155,
    "22" : 112,
    "23" : 100,
    "24" : 85,
    "25" : 68,
    "26" : 63,
    "27" : 38,
    "28" : 39,
    "29" : 25,
    "30" : 30,
    "31" : 23,
    "32" : 21,
    "33" : 20,
    "34" : 14,
    "35" : 13,
    "36" : 8,
    "37" : 5,
    "38" : 10,
    "39" : 3,
    "40" : 10,
    "41" : 5,
    "42" : 4,
    "43" : 1,
    "44" : 1,
    "45" : 1,
    "46" : 1,
    "47" : 2,
    "48" : 1,
    "50" : 1,
    "61" : 1
  },
  "mean" : 11.355257106062,
  "stdDev" : 6.040297039190612
}