{
  "distribution" : {
    "1" : 1,
    "2" : 43,
    "3" : 161,
    "4" : 386,
    "5" : 625,
    "6" : 783,
    "7" : 893,
    "8" : 939,
    "9" : 914,
    "10" : 808,
    "11" : 707,
    "12" : 681,
    "13" : 614,
    "14" : 528,
    "15" : 429,
    "16" : 376,
    "17" : 309,
    "18" : 272,
    "19" : 225,
    "20" : 173,
    "21" : 129,
    "22" : 127,
    "23" : 108,
    "24" : 77,
    "25" : 65,
    "26" : 66,
    "27" : 57,
    "28" : 45,
    "29" : 36,
    "30" : 28,
    "31" : 34,
    "32" : 19,
    "33" : 14,
    "34" : 15,
    "35" : 10,
    "36" : 6,
    "37" : 5,
    "38" : 6,
    "39" : 5,
    "40" : 6,
    "41" : 6,
    "42" : 5,
    "43" : 2,
    "44" : 4,
    "45" : 3,
    "46" : 3,
    "47" : 1,
    "48" : 2,
    "49" : 3,
    "58" : 1
  },
  "mean" : 11.614132961413295,
  "stdDev" : 6.144974191166683
}