{
  "distribution" : {
    "2" : 55,
    "3" : 281,
    "4" : 618,
    "5" : 931,
    "6" : 1006,
    "7" : 1059,
    "8" : 1079,
    "9" : 936,
    "10" : 803,
    "11" : 662,
    "12" : 587,
    "13" : 478,
    "14" : 370,
    "15" : 307,
    "16" : 254,
    "17" : 204,
    "18" : 166,
    "19" : 124,
    "20" : 96,
    "21" : 77,
    "22" : 72,
    "23" : 61,
    "24" : 46,
    "25" : 34,
    "26" : 29,
    "27" : 25,
    "28" : 26,
    "29" : 17,
    "30" : 11,
    "31" : 16,
    "32" : 10,
    "33" : 8,
    "34" : 4,
    "35" : 4,
    "36" : 1,
    "37" : 2,
    "38" : 1,
    "40" : 1,
    "41" : 1,
    "43" : 1,
    "51" : 1,
    "54" : 1,
    "55" : 1
  },
  "mean" : 9.84731511561246,
  "stdDev" : 5.139933960980824
}