{
  "distribution" : {
    "2" : 3,
    "3" : 41,
    "4" : 100,
    "5" : 232,
    "6" : 378,
    "7" : 531,
    "8" : 574,
    "9" : 675,
    "10" : 701,
    "11" : 663,
    "12" : 632,
    "13" : 642,
    "14" : 595,
    "15" : 512,
    "16" : 462,
    "17" : 440,
    "18" : 377,
    "19" : 310,
    "20" : 316,
    "21" : 243,
    "22" : 247,
    "23" : 205,
    "24" : 183,
    "25" : 155,
    "26" : 122,
    "27" : 128,
    "28" : 103,
    "29" : 81,
    "30" : 75,
    "31" : 66,
    "32" : 59,
    "33" : 58,
    "34" : 47,
    "35" : 25,
    "36" : 27,
    "37" : 34,
    "38" : 21,
    "39" : 16,
    "40" : 18,
    "41" : 23,
    "42" : 10,
    "43" : 9,
    "44" : 9,
    "45" : 8,
    "46" : 6,
    "47" : 4,
    "48" : 7,
    "50" : 5,
    "51" : 1,
    "52" : 1,
    "53" : 5,
    "55" : 4,
    "56" : 4,
    "58" : 1,
    "59" : 1,
    "60" : 3,
    "61" : 1,
    "62" : 2,
    "71" : 2
  },
  "mean" : 15.070763500931099,
  "stdDev" : 7.766596831502335
}