{
  "distribution" : {
    "3" : 10,
    "4" : 22,
    "5" : 49,
    "6" : 113,
    "7" : 183,
    "8" : 234,
    "9" : 337,
    "10" : 389,
    "11" : 424,
    "12" : 477,
    "13" : 471,
    "14" : 495,
    "15" : 516,
    "16" : 511,
    "17" : 468,
    "18" : 441,
    "19" : 403,
    "20" : 430,
    "21" : 371,
    "22" : 325,
    "23" : 332,
    "24" : 287,
    "25" : 266,
    "26" : 231,
    "27" : 195,
    "28" : 183,
    "29" : 162,
    "30" : 181,
    "31" : 136,
    "32" : 118,
    "33" : 122,
    "34" : 97,
    "35" : 97,
    "36" : 94,
    "37" : 69,
    "38" : 75,
    "39" : 51,
    "40" : 43,
    "41" : 53,
    "42" : 47,
    "43" : 19,
    "44" : 37,
    "45" : 41,
    "46" : 38,
    "47" : 31,
    "48" : 30,
    "49" : 15,
    "50" : 20,
    "51" : 18,
    "52" : 22,
    "53" : 19,
    "54" : 11,
    "55" : 10,
    "56" : 13,
    "57" : 10,
    "58" : 9,
    "59" : 10,
    "60" : 3,
    "61" : 5,
    "62" : 3,
    "63" : 3,
    "64" : 2,
    "65" : 3,
    "66" : 1,
    "67" : 3,
    "68" : 6,
    "69" : 2,
    "70" : 3,
    "71" : 1,
    "72" : 3,
    "73" : 2,
    "74" : 1,
    "75" : 2,
    "76" : 1,
    "79" : 1,
    "81" : 1,
    "86" : 1
  },
  "mean" : 20.296225272507066,
  "stdDev" : 10.307112004374302
}