{
  "distribution" : {
    "2" : 2,
    "3" : 43,
    "4" : 134,
    "5" : 295,
    "6" : 484,
    "7" : 565,
    "8" : 692,
    "9" : 760,
    "10" : 733,
    "11" : 703,
    "12" : 657,
    "13" : 631,
    "14" : 572,
    "15" : 519,
    "16" : 437,
    "17" : 415,
    "18" : 349,
    "19" : 282,
    "20" : 282,
    "21" : 239,
    "22" : 191,
    "23" : 169,
    "24" : 149,
    "25" : 128,
    "26" : 103,
    "27" : 106,
    "28" : 89,
    "29" : 62,
    "30" : 70,
    "31" : 41,
    "32" : 34,
    "33" : 36,
    "34" : 38,
    "35" : 34,
    "36" : 22,
    "37" : 20,
    "38" : 16,
    "39" : 11,
    "40" : 16,
    "41" : 11,
    "42" : 9,
    "43" : 3,
    "44" : 6,
    "45" : 5,
    "46" : 3,
    "47" : 2,
    "48" : 2,
    "49" : 5,
    "50" : 4,
    "52" : 5,
    "53" : 2,
    "54" : 2,
    "55" : 1,
    "57" : 2,
    "58" : 1,
    "60" : 1,
    "61" : 1,
    "64" : 1,
    "65" : 1,
    "67" : 1
  },
  "mean" : 14.1158183779543,
  "stdDev" : 7.272590098543403
}