{
  "distribution" : {
    "2" : 2,
    "3" : 12,
    "4" : 42,
    "5" : 108,
    "6" : 173,
    "7" : 259,
    "8" : 374,
    "9" : 414,
    "10" : 461,
    "11" : 503,
    "12" : 559,
    "13" : 489,
    "14" : 575,
    "15" : 549,
    "16" : 515,
    "17" : 473,
    "18" : 463,
    "19" : 431,
    "20" : 370,
    "21" : 365,
    "22" : 320,
    "23" : 272,
    "24" : 279,
    "25" : 252,
    "26" : 206,
    "27" : 207,
    "28" : 171,
    "29" : 152,
    "30" : 134,
    "31" : 132,
    "32" : 111,
    "33" : 100,
    "34" : 95,
    "35" : 86,
    "36" : 89,
    "37" : 61,
    "38" : 44,
    "39" : 44,
    "40" : 61,
    "41" : 46,
    "42" : 27,
    "43" : 31,
    "44" : 25,
    "45" : 17,
    "46" : 19,
    "47" : 19,
    "48" : 11,
    "49" : 20,
    "50" : 12,
    "51" : 24,
    "52" : 8,
    "53" : 7,
    "54" : 12,
    "55" : 2,
    "56" : 4,
    "57" : 2,
    "58" : 6,
    "59" : 4,
    "60" : 9,
    "61" : 6,
    "62" : 6,
    "63" : 3,
    "64" : 2,
    "65" : 2,
    "66" : 1,
    "67" : 3,
    "68" : 1,
    "69" : 3,
    "71" : 3,
    "74" : 3,
    "75" : 1,
    "76" : 1,
    "78" : 1,
    "79" : 2,
    "106" : 1
  },
  "mean" : 18.800038846265902,
  "stdDev" : 9.73331896405275
}