{
  "distribution" : {
    "2" : 4,
    "3" : 41,
    "4" : 108,
    "5" : 219,
    "6" : 382,
    "7" : 469,
    "8" : 634,
    "9" : 654,
    "10" : 710,
    "11" : 679,
    "12" : 720,
    "13" : 639,
    "14" : 571,
    "15" : 522,
    "16" : 477,
    "17" : 404,
    "18" : 415,
    "19" : 357,
    "20" : 276,
    "21" : 314,
    "22" : 222,
    "23" : 197,
    "24" : 210,
    "25" : 166,
    "26" : 152,
    "27" : 128,
    "28" : 102,
    "29" : 85,
    "30" : 88,
    "31" : 66,
    "32" : 62,
    "33" : 55,
    "34" : 45,
    "35" : 42,
    "36" : 23,
    "37" : 40,
    "38" : 32,
    "39" : 30,
    "40" : 23,
    "41" : 16,
    "42" : 12,
    "43" : 16,
    "44" : 12,
    "45" : 11,
    "46" : 8,
    "47" : 9,
    "48" : 6,
    "49" : 6,
    "50" : 7,
    "51" : 3,
    "52" : 1,
    "54" : 3,
    "55" : 2,
    "56" : 3,
    "57" : 1,
    "59" : 1,
    "62" : 4,
    "65" : 2,
    "66" : 1,
    "68" : 1,
    "69" : 1,
    "70" : 1
  },
  "mean" : 15.332411820781697,
  "stdDev" : 8.01195526745125
}