{
  "distribution" : {
    "3" : 5,
    "4" : 25,
    "5" : 57,
    "6" : 117,
    "7" : 195,
    "8" : 262,
    "9" : 364,
    "10" : 383,
    "11" : 442,
    "12" : 504,
    "13" : 483,
    "14" : 551,
    "15" : 500,
    "16" : 461,
    "17" : 508,
    "18" : 433,
    "19" : 421,
    "20" : 361,
    "21" : 380,
    "22" : 339,
    "23" : 313,
    "24" : 296,
    "25" : 282,
    "26" : 238,
    "27" : 236,
    "28" : 207,
    "29" : 167,
    "30" : 174,
    "31" : 152,
    "32" : 142,
    "33" : 136,
    "34" : 99,
    "35" : 99,
    "36" : 92,
    "37" : 89,
    "38" : 77,
    "39" : 55,
    "40" : 56,
    "41" : 64,
    "42" : 65,
    "43" : 48,
    "44" : 35,
    "45" : 40,
    "46" : 31,
    "47" : 30,
    "48" : 27,
    "49" : 19,
    "50" : 19,
    "51" : 10,
    "52" : 22,
    "53" : 19,
    "54" : 17,
    "55" : 15,
    "56" : 14,
    "57" : 12,
    "58" : 8,
    "59" : 8,
    "60" : 7,
    "61" : 4,
    "62" : 6,
    "63" : 4,
    "64" : 1,
    "65" : 4,
    "66" : 2,
    "67" : 1,
    "68" : 1,
    "69" : 5,
    "70" : 3,
    "71" : 1,
    "72" : 2,
    "73" : 1,
    "74" : 1,
    "75" : 2,
    "76" : 1,
    "77" : 1,
    "78" : 2,
    "79" : 1,
    "80" : 3,
    "81" : 1,
    "82" : 1,
    "85" : 1,
    "88" : 1,
    "89" : 1
  },
  "mean" : 20.50048723445722,
  "stdDev" : 10.59503195055651
}