{
  "distribution" : {
    "2" : 3,
    "3" : 19,
    "4" : 51,
    "5" : 134,
    "6" : 211,
    "7" : 363,
    "8" : 429,
    "9" : 506,
    "10" : 536,
    "11" : 597,
    "12" : 598,
    "13" : 608,
    "14" : 572,
    "15" : 481,
    "16" : 493,
    "17" : 431,
    "18" : 405,
    "19" : 381,
    "20" : 363,
    "21" : 341,
    "22" : 298,
    "23" : 263,
    "24" : 223,
    "25" : 202,
    "26" : 169,
    "27" : 165,
    "28" : 166,
    "29" : 133,
    "30" : 122,
    "31" : 105,
    "32" : 79,
    "33" : 86,
    "34" : 74,
    "35" : 70,
    "36" : 53,
    "37" : 42,
    "38" : 32,
    "39" : 38,
    "40" : 28,
    "41" : 23,
    "42" : 21,
    "43" : 19,
    "44" : 23,
    "45" : 8,
    "46" : 19,
    "47" : 15,
    "48" : 7,
    "49" : 11,
    "50" : 5,
    "51" : 7,
    "52" : 8,
    "53" : 9,
    "54" : 5,
    "55" : 3,
    "56" : 2,
    "57" : 5,
    "58" : 4,
    "59" : 2,
    "60" : 1,
    "62" : 2,
    "63" : 1,
    "65" : 2,
    "66" : 1,
    "68" : 1,
    "70" : 1,
    "74" : 1,
    "78" : 1,
    "79" : 1,
    "91" : 1,
    "94" : 1
  },
  "mean" : 17.27777777777778,
  "stdDev" : 8.850525464308134
}