{
  "distribution" : {
    "2" : 9,
    "3" : 38,
    "4" : 108,
    "5" : 234,
    "6" : 390,
    "7" : 489,
    "8" : 597,
    "9" : 662,
    "10" : 597,
    "11" : 655,
    "12" : 678,
    "13" : 626,
    "14" : 618,
    "15" : 542,
    "16" : 504,
    "17" : 418,
    "18" : 362,
    "19" : 334,
    "20" : 314,
    "21" : 267,
    "22" : 245,
    "23" : 209,
    "24" : 178,
    "25" : 159,
    "26" : 118,
    "27" : 117,
    "28" : 123,
    "29" : 80,
    "30" : 77,
    "31" : 71,
    "32" : 57,
    "33" : 69,
    "34" : 40,
    "35" : 33,
    "36" : 27,
    "37" : 32,
    "38" : 22,
    "39" : 17,
    "40" : 19,
    "41" : 10,
    "42" : 7,
    "43" : 9,
    "44" : 11,
    "45" : 9,
    "46" : 11,
    "47" : 12,
    "48" : 10,
    "49" : 8,
    "50" : 5,
    "51" : 1,
    "52" : 4,
    "53" : 2,
    "54" : 3,
    "55" : 3,
    "57" : 1,
    "59" : 2,
    "60" : 2,
    "62" : 1,
    "63" : 1,
    "64" : 1,
    "67" : 1
  },
  "mean" : 15.198848668162748,
  "stdDev" : 7.850431120377331
}