{
  "distribution" : {
    "2" : 1,
    "3" : 5,
    "4" : 34,
    "5" : 87,
    "6" : 165,
    "7" : 232,
    "8" : 360,
    "9" : 417,
    "10" : 475,
    "11" : 535,
    "12" : 542,
    "13" : 591,
    "14" : 558,
    "15" : 561,
    "16" : 536,
    "17" : 521,
    "18" : 467,
    "19" : 424,
    "20" : 397,
    "21" : 354,
    "22" : 338,
    "23" : 314,
    "24" : 271,
    "25" : 260,
    "26" : 192,
    "27" : 198,
    "28" : 196,
    "29" : 167,
    "30" : 139,
    "31" : 122,
    "32" : 114,
    "33" : 95,
    "34" : 81,
    "35" : 83,
    "36" : 75,
    "37" : 72,
    "38" : 66,
    "39" : 60,
    "40" : 41,
    "41" : 52,
    "42" : 40,
    "43" : 43,
    "44" : 31,
    "45" : 33,
    "46" : 33,
    "47" : 23,
    "48" : 20,
    "49" : 16,
    "50" : 15,
    "51" : 20,
    "52" : 12,
    "53" : 4,
    "54" : 6,
    "55" : 7,
    "56" : 4,
    "57" : 5,
    "58" : 13,
    "59" : 11,
    "60" : 7,
    "61" : 2,
    "62" : 4,
    "63" : 5,
    "64" : 6,
    "66" : 7,
    "67" : 1,
    "68" : 4,
    "69" : 1,
    "70" : 2,
    "71" : 3,
    "72" : 2,
    "73" : 3,
    "74" : 1,
    "75" : 1,
    "78" : 1,
    "81" : 1,
    "83" : 1,
    "86" : 1,
    "90" : 1,
    "101" : 1
  },
  "mean" : 19.12862404381906,
  "stdDev" : 10.042875660635021
}