{
  "distribution" : {
    "1" : 2,
    "2" : 69,
    "3" : 268,
    "4" : 535,
    "5" : 870,
    "6" : 975,
    "7" : 1044,
    "8" : 993,
    "9" : 917,
    "10" : 819,
    "11" : 713,
    "12" : 629,
    "13" : 517,
    "14" : 424,
    "15" : 318,
    "16" : 300,
    "17" : 252,
    "18" : 181,
    "19" : 150,
    "20" : 141,
    "21" : 99,
    "22" : 78,
    "23" : 71,
    "24" : 52,
    "25" : 42,
    "26" : 28,
    "27" : 25,
    "28" : 22,
    "29" : 24,
    "30" : 9,
    "31" : 9,
    "32" : 18,
    "33" : 13,
    "34" : 4,
    "35" : 12,
    "36" : 4,
    "37" : 2,
    "38" : 4,
    "39" : 3,
    "40" : 1,
    "41" : 2,
    "42" : 2,
    "43" : 1,
    "44" : 1,
    "51" : 1,
    "61" : 1
  },
  "mean" : 10.26322217003288,
  "stdDev" : 5.402638744186481
}