{
  "distribution" : {
    "2" : 23,
    "3" : 179,
    "4" : 430,
    "5" : 717,
    "6" : 856,
    "7" : 972,
    "8" : 963,
    "9" : 928,
    "10" : 863,
    "11" : 738,
    "12" : 655,
    "13" : 536,
    "14" : 446,
    "15" : 408,
    "16" : 345,
    "17" : 292,
    "18" : 259,
    "19" : 165,
    "20" : 173,
    "21" : 115,
    "22" : 106,
    "23" : 94,
    "24" : 63,
    "25" : 52,
    "26" : 54,
    "27" : 39,
    "28" : 36,
    "29" : 28,
    "30" : 25,
    "31" : 17,
    "32" : 14,
    "33" : 15,
    "34" : 13,
    "35" : 10,
    "36" : 7,
    "37" : 2,
    "38" : 10,
    "39" : 5,
    "40" : 7,
    "42" : 2,
    "43" : 4,
    "44" : 1,
    "45" : 4,
    "46" : 2,
    "48" : 1,
    "50" : 2,
    "56" : 1
  },
  "mean" : 11.101620305329213,
  "stdDev" : 5.852523945068969
}