{
  "distribution" : {
    "2" : 8,
    "3" : 47,
    "4" : 153,
    "5" : 307,
    "6" : 473,
    "7" : 599,
    "8" : 697,
    "9" : 754,
    "10" : 756,
    "11" : 729,
    "12" : 711,
    "13" : 597,
    "14" : 573,
    "15" : 509,
    "16" : 455,
    "17" : 396,
    "18" : 398,
    "19" : 314,
    "20" : 265,
    "21" : 254,
    "22" : 225,
    "23" : 194,
    "24" : 144,
    "25" : 139,
    "26" : 125,
    "27" : 110,
    "28" : 103,
    "29" : 68,
    "30" : 55,
    "31" : 52,
    "32" : 44,
    "33" : 55,
    "34" : 28,
    "35" : 28,
    "36" : 28,
    "37" : 26,
    "38" : 17,
    "39" : 19,
    "40" : 18,
    "41" : 12,
    "42" : 12,
    "43" : 11,
    "44" : 8,
    "45" : 6,
    "46" : 6,
    "47" : 7,
    "48" : 3,
    "49" : 5,
    "51" : 5,
    "52" : 1,
    "53" : 4,
    "54" : 3,
    "55" : 2,
    "57" : 2,
    "59" : 1,
    "60" : 2,
    "72" : 1
  },
  "mean" : 14.308595229079893,
  "stdDev" : 7.503137527660605
}