{
  "distribution" : {
    "3" : 14,
    "4" : 60,
    "5" : 158,
    "6" : 270,
    "7" : 393,
    "8" : 493,
    "9" : 589,
    "10" : 604,
    "11" : 648,
    "12" : 640,
    "13" : 605,
    "14" : 576,
    "15" : 555,
    "16" : 525,
    "17" : 480,
    "18" : 444,
    "19" : 373,
    "20" : 333,
    "21" : 325,
    "22" : 266,
    "23" : 223,
    "24" : 236,
    "25" : 201,
    "26" : 137,
    "27" : 178,
    "28" : 141,
    "29" : 133,
    "30" : 97,
    "31" : 84,
    "32" : 70,
    "33" : 68,
    "34" : 69,
    "35" : 47,
    "36" : 37,
    "37" : 35,
    "38" : 24,
    "39" : 35,
    "40" : 27,
    "41" : 27,
    "42" : 13,
    "43" : 17,
    "44" : 13,
    "45" : 18,
    "46" : 16,
    "47" : 11,
    "48" : 8,
    "49" : 8,
    "50" : 6,
    "51" : 3,
    "52" : 12,
    "53" : 8,
    "54" : 4,
    "55" : 4,
    "56" : 7,
    "57" : 5,
    "58" : 3,
    "59" : 3,
    "60" : 2,
    "61" : 3,
    "63" : 2,
    "65" : 3,
    "66" : 2,
    "69" : 1,
    "74" : 1,
    "77" : 1,
    "81" : 2,
    "88" : 1
  },
  "mean" : 16.612099644128115,
  "stdDev" : 8.64211146646268
}