{
  "distribution" : {
    "2" : 9,
    "3" : 27,
    "4" : 107,
    "5" : 197,
    "6" : 362,
    "7" : 495,
    "8" : 531,
    "9" : 629,
    "10" : 699,
    "11" : 699,
    "12" : 699,
    "13" : 669,
    "14" : 604,
    "15" : 554,
    "16" : 509,
    "17" : 440,
    "18" : 399,
    "19" : 370,
    "20" : 296,
    "21" : 282,
    "22" : 248,
    "23" : 226,
    "24" : 213,
    "25" : 171,
    "26" : 152,
    "27" : 127,
    "28" : 104,
    "29" : 99,
    "30" : 119,
    "31" : 78,
    "32" : 60,
    "33" : 62,
    "34" : 61,
    "35" : 48,
    "36" : 30,
    "37" : 39,
    "38" : 31,
    "39" : 36,
    "40" : 27,
    "41" : 16,
    "42" : 23,
    "43" : 15,
    "44" : 16,
    "45" : 8,
    "46" : 14,
    "47" : 8,
    "48" : 8,
    "49" : 3,
    "50" : 7,
    "51" : 9,
    "52" : 3,
    "53" : 3,
    "54" : 5,
    "55" : 4,
    "56" : 4,
    "57" : 1,
    "60" : 1,
    "62" : 1,
    "63" : 1,
    "64" : 4,
    "66" : 1,
    "67" : 1,
    "71" : 1,
    "77" : 1,
    "87" : 1
  },
  "mean" : 15.744820474360177,
  "stdDev" : 8.29620745075302
}