{
  "distribution" : {
    "2" : 3,
    "3" : 34,
    "4" : 90,
    "5" : 199,
    "6" : 315,
    "7" : 430,
    "8" : 562,
    "9" : 643,
    "10" : 616,
    "11" : 647,
    "12" : 653,
    "13" : 638,
    "14" : 567,
    "15" : 562,
    "16" : 535,
    "17" : 453,
    "18" : 417,
    "19" : 374,
    "20" : 350,
    "21" : 302,
    "22" : 258,
    "23" : 253,
    "24" : 244,
    "25" : 183,
    "26" : 167,
    "27" : 149,
    "28" : 134,
    "29" : 128,
    "30" : 94,
    "31" : 88,
    "32" : 68,
    "33" : 63,
    "34" : 65,
    "35" : 56,
    "36" : 46,
    "37" : 42,
    "38" : 24,
    "39" : 33,
    "40" : 26,
    "41" : 24,
    "42" : 16,
    "43" : 19,
    "44" : 16,
    "45" : 12,
    "46" : 14,
    "47" : 14,
    "48" : 6,
    "49" : 5,
    "50" : 7,
    "51" : 8,
    "52" : 8,
    "53" : 5,
    "54" : 5,
    "55" : 6,
    "56" : 1,
    "57" : 2,
    "58" : 3,
    "59" : 1,
    "60" : 1,
    "61" : 3,
    "63" : 4,
    "64" : 2,
    "65" : 2,
    "66" : 1,
    "68" : 1,
    "69" : 1,
    "73" : 2,
    "75" : 1,
    "84" : 1
  },
  "mean" : 16.264997196785647,
  "stdDev" : 8.584929018717439
}