{
  "distribution" : {
    "2" : 13,
    "3" : 53,
    "4" : 201,
    "5" : 320,
    "6" : 501,
    "7" : 662,
    "8" : 743,
    "9" : 787,
    "10" : 793,
    "11" : 754,
    "12" : 681,
    "13" : 670,
    "14" : 606,
    "15" : 539,
    "16" : 472,
    "17" : 428,
    "18" : 390,
    "19" : 341,
    "20" : 302,
    "21" : 244,
    "22" : 218,
    "23" : 200,
    "24" : 174,
    "25" : 143,
    "26" : 128,
    "27" : 85,
    "28" : 88,
    "29" : 85,
    "30" : 59,
    "31" : 65,
    "32" : 42,
    "33" : 48,
    "34" : 40,
    "35" : 29,
    "36" : 36,
    "37" : 31,
    "38" : 25,
    "39" : 16,
    "40" : 21,
    "41" : 10,
    "42" : 12,
    "43" : 8,
    "44" : 9,
    "45" : 12,
    "46" : 9,
    "47" : 9,
    "48" : 10,
    "49" : 2,
    "50" : 3,
    "51" : 5,
    "52" : 1,
    "53" : 3,
    "54" : 1,
    "55" : 5,
    "57" : 1,
    "58" : 2,
    "59" : 2,
    "60" : 1,
    "61" : 1,
    "64" : 1,
    "65" : 2,
    "84" : 1
  },
  "mean" : 14.296867988871938,
  "stdDev" : 7.699794740757355
}