{
  "distribution" : {
    "2" : 1,
    "3" : 12,
    "4" : 23,
    "5" : 85,
    "6" : 142,
    "7" : 229,
    "8" : 334,
    "9" : 380,
    "10" : 452,
    "11" : 498,
    "12" : 576,
    "13" : 572,
    "14" : 566,
    "15" : 546,
    "16" : 531,
    "17" : 459,
    "18" : 447,
    "19" : 445,
    "20" : 396,
    "21" : 362,
    "22" : 369,
    "23" : 316,
    "24" : 308,
    "25" : 248,
    "26" : 234,
    "27" : 215,
    "28" : 185,
    "29" : 177,
    "30" : 130,
    "31" : 153,
    "32" : 116,
    "33" : 109,
    "34" : 98,
    "35" : 102,
    "36" : 83,
    "37" : 86,
    "38" : 58,
    "39" : 62,
    "40" : 53,
    "41" : 51,
    "42" : 36,
    "43" : 30,
    "44" : 35,
    "45" : 30,
    "46" : 26,
    "47" : 23,
    "48" : 23,
    "49" : 22,
    "50" : 20,
    "51" : 15,
    "52" : 11,
    "53" : 13,
    "54" : 14,
    "55" : 7,
    "56" : 14,
    "57" : 9,
    "58" : 9,
    "59" : 14,
    "60" : 8,
    "61" : 3,
    "62" : 5,
    "63" : 4,
    "64" : 6,
    "65" : 4,
    "66" : 6,
    "67" : 2,
    "68" : 1,
    "69" : 6,
    "70" : 4,
    "71" : 2,
    "73" : 2,
    "75" : 1,
    "76" : 1,
    "77" : 1,
    "78" : 1,
    "79" : 1,
    "82" : 1,
    "84" : 1,
    "85" : 1,
    "86" : 1,
    "87" : 1,
    "89" : 1
  },
  "mean" : 19.600056475903614,
  "stdDev" : 10.30740738902468
}