{
  "distribution" : {
    "2" : 1,
    "3" : 8,
    "4" : 55,
    "5" : 126,
    "6" : 243,
    "7" : 349,
    "8" : 473,
    "9" : 550,
    "10" : 594,
    "11" : 618,
    "12" : 629,
    "13" : 649,
    "14" : 555,
    "15" : 577,
    "16" : 526,
    "17" : 503,
    "18" : 418,
    "19" : 385,
    "20" : 346,
    "21" : 323,
    "22" : 276,
    "23" : 252,
    "24" : 231,
    "25" : 208,
    "26" : 212,
    "27" : 167,
    "28" : 142,
    "29" : 144,
    "30" : 100,
    "31" : 111,
    "32" : 98,
    "33" : 79,
    "34" : 70,
    "35" : 79,
    "36" : 68,
    "37" : 43,
    "38" : 34,
    "39" : 51,
    "40" : 38,
    "41" : 30,
    "42" : 28,
    "43" : 18,
    "44" : 16,
    "45" : 20,
    "46" : 15,
    "47" : 9,
    "48" : 15,
    "49" : 13,
    "50" : 7,
    "51" : 8,
    "52" : 6,
    "53" : 3,
    "54" : 3,
    "55" : 4,
    "56" : 2,
    "57" : 4,
    "58" : 5,
    "59" : 3,
    "60" : 6,
    "61" : 4,
    "62" : 2,
    "63" : 4,
    "64" : 1,
    "65" : 3,
    "67" : 1,
    "69" : 2,
    "70" : 1,
    "73" : 1,
    "75" : 1,
    "76" : 1,
    "79" : 2,
    "84" : 1,
    "87" : 1,
    "100" : 1
  },
  "mean" : 17.306186152099887,
  "stdDev" : 9.0785776878186
}