{
  "distribution" : {
    "2" : 27,
    "3" : 101,
    "4" : 244,
    "5" : 399,
    "6" : 650,
    "7" : 710,
    "8" : 697,
    "9" : 838,
    "10" : 797,
    "11" : 796,
    "12" : 737,
    "13" : 710,
    "14" : 636,
    "15" : 614,
    "16" : 542,
    "17" : 479,
    "18" : 371,
    "19" : 371,
    "20" : 314,
    "21" : 331,
    "22" : 250,
    "23" : 215,
    "24" : 193,
    "25" : 187,
    "26" : 177,
    "27" : 140,
    "28" : 114,
    "29" : 97,
    "30" : 94,
    "31" : 83,
    "32" : 83,
    "33" : 77,
    "34" : 65,
    "35" : 47,
    "36" : 39,
    "37" : 31,
    "38" : 38,
    "39" : 29,
    "40" : 29,
    "41" : 28,
    "42" : 16,
    "43" : 20,
    "44" : 17,
    "45" : 19,
    "46" : 11,
    "47" : 9,
    "48" : 7,
    "49" : 7,
    "50" : 9,
    "51" : 9,
    "52" : 8,
    "53" : 4,
    "54" : 2,
    "55" : 2,
    "56" : 2,
    "57" : 5,
    "58" : 2,
    "59" : 1,
    "60" : 2,
    "61" : 1,
    "63" : 1,
    "65" : 1,
    "66" : 1,
    "67" : 1,
    "69" : 2,
    "70" : 1,
    "73" : 1,
    "80" : 1,
    "87" : 1
  },
  "mean" : 14.827473491190306,
  "stdDev" : 8.472561417479705
}