{
  "distribution" : {
    "2" : 11,
    "3" : 76,
    "4" : 182,
    "5" : 373,
    "6" : 548,
    "7" : 695,
    "8" : 792,
    "9" : 698,
    "10" : 793,
    "11" : 778,
    "12" : 699,
    "13" : 609,
    "14" : 551,
    "15" : 502,
    "16" : 438,
    "17" : 411,
    "18" : 341,
    "19" : 319,
    "20" : 246,
    "21" : 188,
    "22" : 180,
    "23" : 157,
    "24" : 120,
    "25" : 125,
    "26" : 89,
    "27" : 81,
    "28" : 73,
    "29" : 73,
    "30" : 45,
    "31" : 39,
    "32" : 40,
    "33" : 34,
    "34" : 34,
    "35" : 14,
    "36" : 14,
    "37" : 19,
    "38" : 9,
    "39" : 11,
    "40" : 10,
    "41" : 10,
    "42" : 9,
    "43" : 10,
    "44" : 8,
    "45" : 5,
    "46" : 3,
    "47" : 5,
    "48" : 2,
    "49" : 3,
    "50" : 1,
    "51" : 2,
    "52" : 4,
    "53" : 2,
    "55" : 4,
    "57" : 1,
    "60" : 1,
    "62" : 1
  },
  "mean" : 13.464149504195271,
  "stdDev" : 7.034715644763965
}