{
  "distribution" : {
    "2" : 2,
    "3" : 15,
    "4" : 73,
    "5" : 155,
    "6" : 248,
    "7" : 354,
    "8" : 466,
    "9" : 559,
    "10" : 595,
    "11" : 570,
    "12" : 610,
    "13" : 608,
    "14" : 584,
    "15" : 548,
    "16" : 530,
    "17" : 470,
    "18" : 419,
    "19" : 406,
    "20" : 352,
    "21" : 310,
    "22" : 275,
    "23" : 265,
    "24" : 200,
    "25" : 226,
    "26" : 176,
    "27" : 177,
    "28" : 130,
    "29" : 154,
    "30" : 108,
    "31" : 106,
    "32" : 91,
    "33" : 86,
    "34" : 72,
    "35" : 57,
    "36" : 57,
    "37" : 44,
    "38" : 39,
    "39" : 33,
    "40" : 34,
    "41" : 17,
    "42" : 25,
    "43" : 29,
    "44" : 24,
    "45" : 22,
    "46" : 17,
    "47" : 14,
    "48" : 10,
    "49" : 6,
    "50" : 4,
    "51" : 4,
    "52" : 6,
    "53" : 7,
    "54" : 5,
    "55" : 4,
    "56" : 1,
    "57" : 2,
    "58" : 2,
    "59" : 6,
    "60" : 5,
    "61" : 6,
    "62" : 3,
    "63" : 2,
    "64" : 3,
    "65" : 3,
    "66" : 2,
    "67" : 1,
    "69" : 2,
    "70" : 1,
    "72" : 1
  },
  "mean" : 17.135083349300633,
  "stdDev" : 8.93170586150185
}