{
  "distribution" : {
    "1" : 3,
    "2" : 57,
    "3" : 236,
    "4" : 539,
    "5" : 769,
    "6" : 987,
    "7" : 1023,
    "8" : 982,
    "9" : 892,
    "10" : 828,
    "11" : 757,
    "12" : 631,
    "13" : 577,
    "14" : 431,
    "15" : 362,
    "16" : 307,
    "17" : 289,
    "18" : 211,
    "19" : 164,
    "20" : 145,
    "21" : 141,
    "22" : 103,
    "23" : 83,
    "24" : 50,
    "25" : 63,
    "26" : 49,
    "27" : 24,
    "28" : 23,
    "29" : 36,
    "30" : 21,
    "31" : 21,
    "32" : 20,
    "33" : 10,
    "34" : 9,
    "35" : 6,
    "36" : 9,
    "37" : 2,
    "38" : 3,
    "39" : 1,
    "40" : 2,
    "41" : 2,
    "43" : 2,
    "44" : 2,
    "46" : 1,
    "47" : 1,
    "48" : 1,
    "49" : 1,
    "54" : 1,
    "62" : 1
  },
  "mean" : 10.668964883250597,
  "stdDev" : 5.677108568091968
}