{
  "distribution" : {
    "2" : 4,
    "3" : 31,
    "4" : 94,
    "5" : 202,
    "6" : 332,
    "7" : 465,
    "8" : 554,
    "9" : 620,
    "10" : 710,
    "11" : 709,
    "12" : 663,
    "13" : 611,
    "14" : 593,
    "15" : 551,
    "16" : 478,
    "17" : 444,
    "18" : 376,
    "19" : 348,
    "20" : 287,
    "21" : 285,
    "22" : 247,
    "23" : 190,
    "24" : 202,
    "25" : 180,
    "26" : 134,
    "27" : 164,
    "28" : 103,
    "29" : 94,
    "30" : 93,
    "31" : 85,
    "32" : 65,
    "33" : 47,
    "34" : 51,
    "35" : 48,
    "36" : 39,
    "37" : 36,
    "38" : 20,
    "39" : 29,
    "40" : 16,
    "41" : 14,
    "42" : 17,
    "43" : 12,
    "44" : 13,
    "45" : 9,
    "46" : 13,
    "47" : 8,
    "48" : 5,
    "49" : 7,
    "50" : 5,
    "51" : 3,
    "52" : 3,
    "53" : 5,
    "54" : 4,
    "55" : 2,
    "56" : 1,
    "57" : 1,
    "59" : 1,
    "60" : 3,
    "62" : 1,
    "63" : 1,
    "64" : 1,
    "65" : 2,
    "66" : 1,
    "70" : 1,
    "71" : 1,
    "72" : 1
  },
  "mean" : 15.603386550556362,
  "stdDev" : 8.092957616559389
}