{
  "distribution" : {
    "3" : 3,
    "4" : 5,
    "5" : 20,
    "6" : 53,
    "7" : 125,
    "8" : 164,
    "9" : 225,
    "10" : 313,
    "11" : 380,
    "12" : 401,
    "13" : 447,
    "14" : 466,
    "15" : 416,
    "16" : 471,
    "17" : 478,
    "18" : 469,
    "19" : 424,
    "20" : 428,
    "21" : 414,
    "22" : 395,
    "23" : 348,
    "24" : 364,
    "25" : 301,
    "26" : 302,
    "27" : 268,
    "28" : 234,
    "29" : 243,
    "30" : 206,
    "31" : 209,
    "32" : 182,
    "33" : 172,
    "34" : 157,
    "35" : 131,
    "36" : 124,
    "37" : 118,
    "38" : 84,
    "39" : 108,
    "40" : 78,
    "41" : 67,
    "42" : 82,
    "43" : 73,
    "44" : 66,
    "45" : 60,
    "46" : 40,
    "47" : 42,
    "48" : 36,
    "49" : 32,
    "50" : 35,
    "51" : 34,
    "52" : 28,
    "53" : 23,
    "54" : 16,
    "55" : 20,
    "56" : 18,
    "57" : 22,
    "58" : 13,
    "59" : 10,
    "60" : 14,
    "61" : 12,
    "62" : 8,
    "63" : 13,
    "64" : 12,
    "65" : 11,
    "66" : 12,
    "67" : 10,
    "68" : 5,
    "69" : 6,
    "70" : 5,
    "71" : 11,
    "72" : 4,
    "73" : 4,
    "74" : 7,
    "75" : 3,
    "76" : 6,
    "77" : 6,
    "78" : 1,
    "79" : 4,
    "80" : 4,
    "81" : 2,
    "83" : 5,
    "84" : 2,
    "85" : 2,
    "86" : 3,
    "87" : 3,
    "88" : 1,
    "89" : 1,
    "91" : 2,
    "92" : 2,
    "93" : 2,
    "94" : 1,
    "95" : 1,
    "96" : 1,
    "99" : 1,
    "107" : 1,
    "121" : 1
  },
  "mean" : 23.238148984198645,
  "stdDev" : 12.225297818892047
}