{
  "distribution" : {
    "3" : 11,
    "4" : 49,
    "5" : 138,
    "6" : 228,
    "7" : 300,
    "8" : 436,
    "9" : 513,
    "10" : 534,
    "11" : 565,
    "12" : 608,
    "13" : 623,
    "14" : 530,
    "15" : 552,
    "16" : 544,
    "17" : 488,
    "18" : 432,
    "19" : 398,
    "20" : 363,
    "21" : 344,
    "22" : 303,
    "23" : 251,
    "24" : 250,
    "25" : 210,
    "26" : 219,
    "27" : 150,
    "28" : 128,
    "29" : 129,
    "30" : 109,
    "31" : 115,
    "32" : 101,
    "33" : 72,
    "34" : 68,
    "35" : 68,
    "36" : 54,
    "37" : 48,
    "38" : 49,
    "39" : 27,
    "40" : 27,
    "41" : 24,
    "42" : 22,
    "43" : 22,
    "44" : 21,
    "45" : 19,
    "46" : 16,
    "47" : 17,
    "48" : 11,
    "49" : 10,
    "50" : 8,
    "51" : 9,
    "52" : 12,
    "53" : 6,
    "54" : 9,
    "55" : 6,
    "56" : 5,
    "57" : 2,
    "58" : 2,
    "59" : 5,
    "60" : 5,
    "61" : 4,
    "62" : 3,
    "63" : 3,
    "64" : 3,
    "65" : 1,
    "66" : 3,
    "67" : 1,
    "71" : 1,
    "74" : 1,
    "76" : 1,
    "82" : 1,
    "88" : 1,
    "91" : 1
  },
  "mean" : 17.50442219846438,
  "stdDev" : 9.058486998499252
}