{
  "distribution" : {
    "2" : 15,
    "3" : 141,
    "4" : 388,
    "5" : 651,
    "6" : 846,
    "7" : 877,
    "8" : 951,
    "9" : 968,
    "10" : 794,
    "11" : 792,
    "12" : 665,
    "13" : 581,
    "14" : 468,
    "15" : 455,
    "16" : 357,
    "17" : 294,
    "18" : 252,
    "19" : 225,
    "20" : 182,
    "21" : 153,
    "22" : 141,
    "23" : 114,
    "24" : 83,
    "25" : 51,
    "26" : 62,
    "27" : 44,
    "28" : 55,
    "29" : 27,
    "30" : 23,
    "31" : 28,
    "32" : 24,
    "33" : 12,
    "34" : 11,
    "35" : 13,
    "36" : 9,
    "37" : 9,
    "38" : 6,
    "39" : 8,
    "40" : 2,
    "41" : 4,
    "42" : 5,
    "43" : 4,
    "44" : 4,
    "45" : 2,
    "46" : 1,
    "47" : 3,
    "48" : 4,
    "50" : 1,
    "53" : 1,
    "59" : 1,
    "66" : 1
  },
  "mean" : 11.5740192450037,
  "stdDev" : 6.138954076857705
}