{
  "distribution" : {
    "3" : 17,
    "4" : 100,
    "5" : 191,
    "6" : 347,
    "7" : 508,
    "8" : 571,
    "9" : 622,
    "10" : 694,
    "11" : 709,
    "12" : 683,
    "13" : 623,
    "14" : 599,
    "15" : 548,
    "16" : 477,
    "17" : 479,
    "18" : 403,
    "19" : 328,
    "20" : 312,
    "21" : 278,
    "22" : 240,
    "23" : 234,
    "24" : 171,
    "25" : 173,
    "26" : 138,
    "27" : 152,
    "28" : 116,
    "29" : 95,
    "30" : 74,
    "31" : 61,
    "32" : 80,
    "33" : 54,
    "34" : 37,
    "35" : 45,
    "36" : 36,
    "37" : 34,
    "38" : 30,
    "39" : 23,
    "40" : 15,
    "41" : 14,
    "42" : 18,
    "43" : 21,
    "44" : 10,
    "45" : 9,
    "46" : 13,
    "47" : 8,
    "48" : 9,
    "49" : 8,
    "50" : 3,
    "51" : 8,
    "52" : 3,
    "53" : 3,
    "54" : 6,
    "55" : 2,
    "58" : 3,
    "59" : 2,
    "60" : 3,
    "63" : 1,
    "65" : 1,
    "69" : 2,
    "72" : 1,
    "73" : 1,
    "77" : 1,
    "79" : 1
  },
  "mean" : 15.569869831546708,
  "stdDev" : 8.119895779997991
}