{
  "distribution" : {
    "2" : 10,
    "3" : 81,
    "4" : 238,
    "5" : 456,
    "6" : 639,
    "7" : 733,
    "8" : 841,
    "9" : 855,
    "10" : 836,
    "11" : 758,
    "12" : 686,
    "13" : 631,
    "14" : 544,
    "15" : 494,
    "16" : 411,
    "17" : 388,
    "18" : 336,
    "19" : 265,
    "20" : 246,
    "21" : 204,
    "22" : 158,
    "23" : 163,
    "24" : 139,
    "25" : 115,
    "26" : 98,
    "27" : 78,
    "28" : 73,
    "29" : 61,
    "30" : 52,
    "31" : 40,
    "32" : 32,
    "33" : 24,
    "34" : 30,
    "35" : 24,
    "36" : 12,
    "37" : 13,
    "38" : 17,
    "39" : 7,
    "40" : 10,
    "41" : 4,
    "42" : 7,
    "43" : 4,
    "44" : 8,
    "45" : 6,
    "46" : 4,
    "47" : 1,
    "48" : 2,
    "49" : 3,
    "50" : 3,
    "51" : 2,
    "53" : 1,
    "54" : 1,
    "56" : 1,
    "57" : 1,
    "59" : 1,
    "61" : 1,
    "64" : 1,
    "67" : 1,
    "70" : 1,
    "71" : 1
  },
  "mean" : 13.057685219314411,
  "stdDev" : 6.939924742930327
}