{
  "distribution" : {
    "2" : 13,
    "3" : 68,
    "4" : 201,
    "5" : 388,
    "6" : 528,
    "7" : 660,
    "8" : 716,
    "9" : 773,
    "10" : 778,
    "11" : 761,
    "12" : 719,
    "13" : 662,
    "14" : 657,
    "15" : 555,
    "16" : 514,
    "17" : 457,
    "18" : 452,
    "19" : 392,
    "20" : 363,
    "21" : 309,
    "22" : 260,
    "23" : 214,
    "24" : 196,
    "25" : 168,
    "26" : 168,
    "27" : 151,
    "28" : 142,
    "29" : 112,
    "30" : 89,
    "31" : 89,
    "32" : 79,
    "33" : 63,
    "34" : 65,
    "35" : 45,
    "36" : 50,
    "37" : 47,
    "38" : 42,
    "39" : 33,
    "40" : 36,
    "41" : 32,
    "42" : 31,
    "43" : 20,
    "44" : 21,
    "45" : 8,
    "46" : 7,
    "47" : 7,
    "48" : 12,
    "49" : 9,
    "50" : 14,
    "51" : 13,
    "52" : 5,
    "53" : 2,
    "54" : 5,
    "55" : 3,
    "56" : 6,
    "57" : 2,
    "59" : 3,
    "63" : 4,
    "67" : 1,
    "68" : 1,
    "69" : 1,
    "70" : 1,
    "74" : 2
  },
  "mean" : 15.25316973415133,
  "stdDev" : 8.604500069103475
}