{
  "distribution" : {
    "2" : 33,
    "3" : 171,
    "4" : 414,
    "5" : 646,
    "6" : 869,
    "7" : 940,
    "8" : 1008,
    "9" : 917,
    "10" : 843,
    "11" : 777,
    "12" : 667,
    "13" : 579,
    "14" : 448,
    "15" : 384,
    "16" : 344,
    "17" : 295,
    "18" : 196,
    "19" : 203,
    "20" : 146,
    "21" : 129,
    "22" : 108,
    "23" : 95,
    "24" : 63,
    "25" : 65,
    "26" : 48,
    "27" : 44,
    "28" : 41,
    "29" : 25,
    "30" : 34,
    "31" : 18,
    "32" : 20,
    "33" : 19,
    "34" : 19,
    "35" : 9,
    "36" : 8,
    "37" : 10,
    "38" : 6,
    "39" : 7,
    "40" : 3,
    "41" : 3,
    "42" : 1,
    "43" : 3,
    "44" : 1,
    "45" : 1,
    "46" : 2,
    "47" : 1,
    "55" : 1
  },
  "mean" : 11.188859714928732,
  "stdDev" : 5.894645676710015
}