{
  "distribution" : {
    "3" : 6,
    "4" : 27,
    "5" : 60,
    "6" : 119,
    "7" : 203,
    "8" : 344,
    "9" : 388,
    "10" : 460,
    "11" : 484,
    "12" : 506,
    "13" : 532,
    "14" : 573,
    "15" : 530,
    "16" : 543,
    "17" : 487,
    "18" : 454,
    "19" : 422,
    "20" : 395,
    "21" : 363,
    "22" : 367,
    "23" : 302,
    "24" : 279,
    "25" : 261,
    "26" : 254,
    "27" : 216,
    "28" : 226,
    "29" : 198,
    "30" : 138,
    "31" : 136,
    "32" : 148,
    "33" : 116,
    "34" : 108,
    "35" : 105,
    "36" : 90,
    "37" : 76,
    "38" : 75,
    "39" : 60,
    "40" : 52,
    "41" : 41,
    "42" : 42,
    "43" : 40,
    "44" : 30,
    "45" : 37,
    "46" : 32,
    "47" : 22,
    "48" : 22,
    "49" : 24,
    "50" : 15,
    "51" : 19,
    "52" : 16,
    "53" : 15,
    "54" : 16,
    "55" : 9,
    "56" : 8,
    "57" : 6,
    "58" : 15,
    "59" : 4,
    "60" : 6,
    "61" : 8,
    "62" : 3,
    "63" : 3,
    "64" : 5,
    "65" : 3,
    "66" : 5,
    "67" : 4,
    "68" : 5,
    "69" : 2,
    "70" : 3,
    "71" : 2,
    "72" : 1,
    "73" : 2,
    "74" : 2,
    "76" : 1,
    "77" : 3,
    "78" : 1,
    "81" : 1,
    "82" : 1,
    "84" : 3,
    "85" : 2,
    "88" : 1,
    "89" : 1,
    "90" : 1,
    "123" : 1
  },
  "mean" : 19.940109578688833,
  "stdDev" : 10.466872091578875
}