{
  "distribution" : {
    "2" : 3,
    "3" : 38,
    "4" : 153,
    "5" : 294,
    "6" : 404,
    "7" : 571,
    "8" : 633,
    "9" : 729,
    "10" : 730,
    "11" : 709,
    "12" : 672,
    "13" : 624,
    "14" : 610,
    "15" : 529,
    "16" : 492,
    "17" : 427,
    "18" : 420,
    "19" : 374,
    "20" : 303,
    "21" : 273,
    "22" : 223,
    "23" : 198,
    "24" : 160,
    "25" : 167,
    "26" : 140,
    "27" : 116,
    "28" : 109,
    "29" : 88,
    "30" : 73,
    "31" : 58,
    "32" : 57,
    "33" : 48,
    "34" : 50,
    "35" : 48,
    "36" : 30,
    "37" : 19,
    "38" : 29,
    "39" : 26,
    "40" : 15,
    "41" : 13,
    "42" : 15,
    "43" : 13,
    "44" : 5,
    "45" : 18,
    "46" : 6,
    "47" : 8,
    "48" : 4,
    "49" : 6,
    "50" : 4,
    "51" : 4,
    "52" : 5,
    "53" : 2,
    "54" : 5,
    "55" : 4,
    "56" : 1,
    "57" : 1,
    "58" : 3,
    "62" : 2,
    "63" : 1,
    "64" : 1,
    "67" : 1,
    "71" : 1,
    "82" : 1
  },
  "mean" : 14.919375812743823,
  "stdDev" : 7.898214642459491
}