{
  "distribution" : {
    "3" : 5,
    "4" : 24,
    "5" : 49,
    "6" : 92,
    "7" : 161,
    "8" : 212,
    "9" : 312,
    "10" : 327,
    "11" : 383,
    "12" : 412,
    "13" : 502,
    "14" : 511,
    "15" : 489,
    "16" : 477,
    "17" : 464,
    "18" : 453,
    "19" : 452,
    "20" : 383,
    "21" : 399,
    "22" : 369,
    "23" : 356,
    "24" : 322,
    "25" : 304,
    "26" : 269,
    "27" : 237,
    "28" : 231,
    "29" : 227,
    "30" : 200,
    "31" : 179,
    "32" : 164,
    "33" : 154,
    "34" : 124,
    "35" : 101,
    "36" : 110,
    "37" : 101,
    "38" : 86,
    "39" : 81,
    "40" : 72,
    "41" : 77,
    "42" : 63,
    "43" : 64,
    "44" : 55,
    "45" : 48,
    "46" : 42,
    "47" : 37,
    "48" : 23,
    "49" : 32,
    "50" : 36,
    "51" : 20,
    "52" : 18,
    "53" : 34,
    "54" : 26,
    "55" : 26,
    "56" : 17,
    "57" : 16,
    "58" : 16,
    "59" : 16,
    "60" : 7,
    "61" : 10,
    "62" : 12,
    "63" : 6,
    "64" : 11,
    "65" : 8,
    "66" : 6,
    "67" : 6,
    "68" : 6,
    "69" : 4,
    "70" : 2,
    "71" : 3,
    "72" : 3,
    "73" : 5,
    "74" : 2,
    "75" : 2,
    "77" : 2,
    "78" : 5,
    "79" : 1,
    "80" : 3,
    "81" : 2,
    "82" : 1,
    "83" : 1,
    "84" : 1,
    "86" : 1,
    "89" : 1,
    "91" : 1,
    "111" : 1,
    "112" : 1
  },
  "mean" : 21.983449971628524,
  "stdDev" : 11.532919765559557
}