{
  "distribution" : {
    "2" : 2,
    "3" : 11,
    "4" : 47,
    "5" : 98,
    "6" : 201,
    "7" : 315,
    "8" : 408,
    "9" : 533,
    "10" : 565,
    "11" : 588,
    "12" : 599,
    "13" : 571,
    "14" : 612,
    "15" : 561,
    "16" : 545,
    "17" : 502,
    "18" : 459,
    "19" : 407,
    "20" : 361,
    "21" : 310,
    "22" : 302,
    "23" : 244,
    "24" : 239,
    "25" : 221,
    "26" : 183,
    "27" : 159,
    "28" : 134,
    "29" : 122,
    "30" : 125,
    "31" : 83,
    "32" : 81,
    "33" : 85,
    "34" : 80,
    "35" : 65,
    "36" : 50,
    "37" : 54,
    "38" : 39,
    "39" : 26,
    "40" : 35,
    "41" : 31,
    "42" : 22,
    "43" : 30,
    "44" : 21,
    "45" : 22,
    "46" : 8,
    "47" : 16,
    "48" : 14,
    "49" : 11,
    "50" : 10,
    "51" : 11,
    "52" : 2,
    "53" : 13,
    "54" : 6,
    "55" : 6,
    "56" : 9,
    "57" : 5,
    "58" : 8,
    "59" : 1,
    "60" : 3,
    "61" : 4,
    "62" : 1,
    "63" : 2,
    "64" : 2,
    "65" : 2,
    "66" : 1,
    "67" : 1,
    "68" : 1,
    "69" : 1,
    "71" : 1,
    "73" : 1,
    "75" : 2,
    "80" : 1,
    "81" : 1,
    "82" : 2
  },
  "mean" : 17.530017485914126,
  "stdDev" : 9.074292205675842
}