{
  "distribution" : {
    "2" : 17,
    "3" : 129,
    "4" : 348,
    "5" : 620,
    "6" : 803,
    "7" : 942,
    "8" : 877,
    "9" : 957,
    "10" : 825,
    "11" : 761,
    "12" : 604,
    "13" : 584,
    "14" : 493,
    "15" : 424,
    "16" : 385,
    "17" : 281,
    "18" : 271,
    "19" : 206,
    "20" : 166,
    "21" : 150,
    "22" : 134,
    "23" : 107,
    "24" : 101,
    "25" : 67,
    "26" : 58,
    "27" : 49,
    "28" : 37,
    "29" : 24,
    "30" : 29,
    "31" : 41,
    "32" : 18,
    "33" : 23,
    "34" : 8,
    "35" : 15,
    "36" : 16,
    "37" : 7,
    "38" : 7,
    "39" : 5,
    "40" : 2,
    "41" : 1,
    "42" : 7,
    "43" : 3,
    "44" : 1,
    "45" : 3,
    "46" : 1,
    "48" : 2,
    "49" : 1,
    "51" : 1,
    "53" : 1,
    "59" : 1
  },
  "mean" : 11.645434844059173,
  "stdDev" : 6.120667281590866
}