{
  "distribution" : {
    "1" : 5,
    "2" : 47,
    "3" : 286,
    "4" : 573,
    "5" : 843,
    "6" : 995,
    "7" : 1097,
    "8" : 1025,
    "9" : 953,
    "10" : 890,
    "11" : 712,
    "12" : 578,
    "13" : 544,
    "14" : 406,
    "15" : 355,
    "16" : 289,
    "17" : 233,
    "18" : 202,
    "19" : 141,
    "20" : 131,
    "21" : 113,
    "22" : 91,
    "23" : 87,
    "24" : 57,
    "25" : 52,
    "26" : 35,
    "27" : 31,
    "28" : 12,
    "29" : 21,
    "30" : 11,
    "31" : 19,
    "32" : 14,
    "33" : 15,
    "34" : 14,
    "35" : 8,
    "36" : 4,
    "37" : 1,
    "38" : 3,
    "39" : 1,
    "40" : 3,
    "41" : 1,
    "42" : 3,
    "44" : 1,
    "45" : 1,
    "47" : 1,
    "52" : 1,
    "53" : 1,
    "60" : 1
  },
  "mean" : 10.30851746584762,
  "stdDev" : 5.492562354526251
}