{
  "distribution" : {
    "3" : 11,
    "4" : 42,
    "5" : 108,
    "6" : 177,
    "7" : 315,
    "8" : 396,
    "9" : 473,
    "10" : 559,
    "11" : 607,
    "12" : 588,
    "13" : 586,
    "14" : 561,
    "15" : 556,
    "16" : 535,
    "17" : 475,
    "18" : 419,
    "19" : 399,
    "20" : 348,
    "21" : 340,
    "22" : 297,
    "23" : 275,
    "24" : 251,
    "25" : 222,
    "26" : 197,
    "27" : 165,
    "28" : 160,
    "29" : 118,
    "30" : 142,
    "31" : 128,
    "32" : 91,
    "33" : 92,
    "34" : 89,
    "35" : 76,
    "36" : 63,
    "37" : 65,
    "38" : 40,
    "39" : 44,
    "40" : 36,
    "41" : 34,
    "42" : 22,
    "43" : 25,
    "44" : 33,
    "45" : 26,
    "46" : 21,
    "47" : 14,
    "48" : 13,
    "49" : 15,
    "50" : 17,
    "51" : 3,
    "52" : 12,
    "53" : 8,
    "54" : 9,
    "55" : 8,
    "56" : 2,
    "57" : 3,
    "58" : 4,
    "59" : 4,
    "60" : 2,
    "61" : 4,
    "62" : 1,
    "63" : 2,
    "64" : 3,
    "65" : 4,
    "66" : 1,
    "67" : 3,
    "70" : 1,
    "72" : 1,
    "73" : 2,
    "74" : 1,
    "75" : 1,
    "80" : 1,
    "95" : 1
  },
  "mean" : 17.99149511935827,
  "stdDev" : 9.337121275353633
}