{
  "distribution" : {
    "2" : 54,
    "3" : 305,
    "4" : 642,
    "5" : 882,
    "6" : 1046,
    "7" : 1136,
    "8" : 1006,
    "9" : 925,
    "10" : 828,
    "11" : 628,
    "12" : 588,
    "13" : 528,
    "14" : 427,
    "15" : 346,
    "16" : 244,
    "17" : 225,
    "18" : 181,
    "19" : 145,
    "20" : 110,
    "21" : 102,
    "22" : 89,
    "23" : 66,
    "24" : 60,
    "25" : 37,
    "26" : 31,
    "27" : 22,
    "28" : 19,
    "29" : 18,
    "30" : 10,
    "31" : 10,
    "32" : 8,
    "33" : 7,
    "34" : 6,
    "35" : 7,
    "36" : 3,
    "37" : 3,
    "38" : 2,
    "39" : 1,
    "40" : 3,
    "42" : 1,
    "45" : 2,
    "47" : 1,
    "49" : 1,
    "51" : 1,
    "53" : 1,
    "59" : 1
  },
  "mean" : 10.006320877486521,
  "stdDev" : 5.295081570037293
}