{
  "distribution" : {
    "2" : 2,
    "3" : 13,
    "4" : 35,
    "5" : 103,
    "6" : 193,
    "7" : 295,
    "8" : 401,
    "9" : 495,
    "10" : 497,
    "11" : 559,
    "12" : 669,
    "13" : 542,
    "14" : 608,
    "15" : 521,
    "16" : 509,
    "17" : 538,
    "18" : 394,
    "19" : 426,
    "20" : 375,
    "21" : 319,
    "22" : 287,
    "23" : 265,
    "24" : 239,
    "25" : 209,
    "26" : 194,
    "27" : 162,
    "28" : 148,
    "29" : 126,
    "30" : 127,
    "31" : 100,
    "32" : 89,
    "33" : 99,
    "34" : 73,
    "35" : 68,
    "36" : 70,
    "37" : 40,
    "38" : 45,
    "39" : 40,
    "40" : 33,
    "41" : 32,
    "42" : 22,
    "43" : 32,
    "44" : 17,
    "45" : 19,
    "46" : 16,
    "47" : 18,
    "48" : 14,
    "49" : 7,
    "50" : 8,
    "51" : 12,
    "52" : 8,
    "53" : 8,
    "54" : 8,
    "55" : 3,
    "56" : 5,
    "57" : 2,
    "58" : 6,
    "59" : 5,
    "60" : 8,
    "61" : 3,
    "62" : 3,
    "63" : 1,
    "64" : 1,
    "65" : 1,
    "66" : 1,
    "67" : 1,
    "70" : 1,
    "71" : 1,
    "73" : 1,
    "74" : 1,
    "76" : 1,
    "77" : 1,
    "78" : 3,
    "92" : 1
  },
  "mean" : 17.789664996561548,
  "stdDev" : 9.157368915720319
}