{
  "distribution" : {
    "2" : 2,
    "3" : 20,
    "4" : 62,
    "5" : 158,
    "6" : 272,
    "7" : 424,
    "8" : 485,
    "9" : 584,
    "10" : 656,
    "11" : 646,
    "12" : 614,
    "13" : 590,
    "14" : 622,
    "15" : 557,
    "16" : 502,
    "17" : 497,
    "18" : 447,
    "19" : 374,
    "20" : 356,
    "21" : 310,
    "22" : 295,
    "23" : 232,
    "24" : 206,
    "25" : 172,
    "26" : 190,
    "27" : 144,
    "28" : 126,
    "29" : 124,
    "30" : 105,
    "31" : 84,
    "32" : 63,
    "33" : 62,
    "34" : 55,
    "35" : 44,
    "36" : 36,
    "37" : 40,
    "38" : 40,
    "39" : 39,
    "40" : 25,
    "41" : 20,
    "42" : 18,
    "43" : 15,
    "44" : 16,
    "45" : 10,
    "46" : 15,
    "47" : 20,
    "48" : 6,
    "49" : 6,
    "50" : 7,
    "51" : 4,
    "52" : 9,
    "53" : 6,
    "54" : 4,
    "55" : 6,
    "56" : 3,
    "57" : 1,
    "58" : 3,
    "59" : 1,
    "60" : 1,
    "61" : 6,
    "62" : 1,
    "63" : 2,
    "64" : 2,
    "65" : 1,
    "66" : 1,
    "67" : 2,
    "69" : 1,
    "70" : 3,
    "71" : 1,
    "72" : 1,
    "76" : 2,
    "90" : 1
  },
  "mean" : 16.502630320420852,
  "stdDev" : 8.608915063108785
}