{
  "distribution" : {
    "2" : 11,
    "3" : 69,
    "4" : 215,
    "5" : 406,
    "6" : 566,
    "7" : 669,
    "8" : 785,
    "9" : 779,
    "10" : 749,
    "11" : 762,
    "12" : 662,
    "13" : 595,
    "14" : 593,
    "15" : 528,
    "16" : 464,
    "17" : 376,
    "18" : 307,
    "19" : 266,
    "20" : 223,
    "21" : 208,
    "22" : 175,
    "23" : 138,
    "24" : 128,
    "25" : 107,
    "26" : 91,
    "27" : 80,
    "28" : 76,
    "29" : 61,
    "30" : 48,
    "31" : 39,
    "32" : 34,
    "33" : 27,
    "34" : 25,
    "35" : 20,
    "36" : 23,
    "37" : 20,
    "38" : 6,
    "39" : 15,
    "40" : 6,
    "41" : 12,
    "42" : 7,
    "43" : 3,
    "44" : 4,
    "45" : 3,
    "46" : 3,
    "47" : 2,
    "48" : 3,
    "49" : 4,
    "50" : 3,
    "51" : 2,
    "52" : 1,
    "53" : 2,
    "55" : 2,
    "57" : 1,
    "59" : 1,
    "61" : 1
  },
  "mean" : 13.259081299250433,
  "stdDev" : 6.900887662833852
}