{
  "distribution" : {
    "2" : 26,
    "3" : 161,
    "4" : 377,
    "5" : 626,
    "6" : 823,
    "7" : 927,
    "8" : 890,
    "9" : 896,
    "10" : 817,
    "11" : 770,
    "12" : 667,
    "13" : 556,
    "14" : 506,
    "15" : 446,
    "16" : 327,
    "17" : 300,
    "18" : 226,
    "19" : 196,
    "20" : 170,
    "21" : 129,
    "22" : 126,
    "23" : 84,
    "24" : 69,
    "25" : 68,
    "26" : 58,
    "27" : 46,
    "28" : 31,
    "29" : 27,
    "30" : 34,
    "31" : 12,
    "32" : 17,
    "33" : 14,
    "34" : 16,
    "35" : 14,
    "36" : 10,
    "37" : 10,
    "38" : 10,
    "39" : 3,
    "40" : 4,
    "41" : 3,
    "42" : 3,
    "43" : 4,
    "44" : 2,
    "45" : 1,
    "46" : 1,
    "49" : 2,
    "50" : 1,
    "60" : 1
  },
  "mean" : 11.397258970210336,
  "stdDev" : 5.960286753642041
}