{
  "distribution" : {
    "1" : 16,
    "2" : 131,
    "3" : 365,
    "4" : 737,
    "5" : 1007,
    "6" : 1063,
    "7" : 1187,
    "8" : 1072,
    "9" : 920,
    "10" : 822,
    "11" : 732,
    "12" : 570,
    "13" : 460,
    "14" : 371,
    "15" : 306,
    "16" : 231,
    "17" : 195,
    "18" : 163,
    "19" : 137,
    "20" : 100,
    "21" : 84,
    "22" : 62,
    "23" : 67,
    "24" : 45,
    "25" : 30,
    "26" : 33,
    "27" : 27,
    "28" : 17,
    "29" : 25,
    "30" : 6,
    "31" : 9,
    "32" : 5,
    "33" : 2,
    "34" : 7,
    "35" : 2,
    "36" : 4,
    "37" : 1,
    "38" : 2,
    "39" : 2,
    "41" : 1,
    "42" : 1,
    "43" : 1,
    "46" : 1,
    "51" : 1,
    "52" : 1,
    "54" : 1
  },
  "mean" : 9.5506260206859,
  "stdDev" : 5.115623919209915
}