{
  "distribution" : {
    "2" : 2,
    "3" : 17,
    "4" : 69,
    "5" : 148,
    "6" : 316,
    "7" : 411,
    "8" : 470,
    "9" : 596,
    "10" : 670,
    "11" : 641,
    "12" : 651,
    "13" : 603,
    "14" : 605,
    "15" : 569,
    "16" : 484,
    "17" : 419,
    "18" : 411,
    "19" : 347,
    "20" : 318,
    "21" : 281,
    "22" : 281,
    "23" : 211,
    "24" : 199,
    "25" : 163,
    "26" : 152,
    "27" : 141,
    "28" : 137,
    "29" : 106,
    "30" : 92,
    "31" : 71,
    "32" : 76,
    "33" : 67,
    "34" : 57,
    "35" : 52,
    "36" : 37,
    "37" : 34,
    "38" : 28,
    "39" : 25,
    "40" : 28,
    "41" : 16,
    "42" : 27,
    "43" : 20,
    "44" : 7,
    "45" : 5,
    "46" : 5,
    "47" : 5,
    "48" : 6,
    "49" : 9,
    "50" : 7,
    "51" : 9,
    "52" : 4,
    "53" : 7,
    "54" : 5,
    "55" : 4,
    "56" : 2,
    "57" : 3,
    "59" : 1,
    "60" : 3,
    "61" : 2,
    "62" : 3,
    "64" : 1,
    "65" : 1,
    "66" : 2,
    "68" : 1,
    "69" : 1
  },
  "mean" : 16.136771521546198,
  "stdDev" : 8.290290998642398
}