{
  "distribution" : {
    "2" : 11,
    "3" : 75,
    "4" : 210,
    "5" : 437,
    "6" : 585,
    "7" : 780,
    "8" : 786,
    "9" : 867,
    "10" : 783,
    "11" : 718,
    "12" : 675,
    "13" : 589,
    "14" : 499,
    "15" : 477,
    "16" : 434,
    "17" : 342,
    "18" : 280,
    "19" : 247,
    "20" : 198,
    "21" : 198,
    "22" : 147,
    "23" : 130,
    "24" : 117,
    "25" : 99,
    "26" : 82,
    "27" : 70,
    "28" : 62,
    "29" : 42,
    "30" : 36,
    "31" : 31,
    "32" : 24,
    "33" : 32,
    "34" : 17,
    "35" : 15,
    "36" : 15,
    "37" : 8,
    "38" : 7,
    "39" : 9,
    "40" : 10,
    "41" : 4,
    "42" : 5,
    "43" : 4,
    "44" : 5,
    "45" : 1,
    "46" : 1,
    "47" : 3,
    "48" : 3,
    "49" : 1,
    "50" : 1,
    "52" : 2,
    "56" : 1,
    "57" : 1,
    "62" : 1,
    "66" : 1
  },
  "mean" : 12.71939477303989,
  "stdDev" : 6.546742699964792
}