{
  "distribution" : {
    "2" : 125,
    "3" : 293,
    "4" : 452,
    "5" : 647,
    "6" : 836,
    "7" : 951,
    "8" : 920,
    "9" : 999,
    "10" : 956,
    "11" : 902,
    "12" : 776,
    "13" : 694,
    "14" : 587,
    "15" : 532,
    "16" : 477,
    "17" : 409,
    "18" : 374,
    "19" : 331,
    "20" : 267,
    "21" : 266,
    "22" : 207,
    "23" : 170,
    "24" : 182,
    "25" : 136,
    "26" : 122,
    "27" : 98,
    "28" : 90,
    "29" : 85,
    "30" : 76,
    "31" : 59,
    "32" : 41,
    "33" : 44,
    "34" : 34,
    "35" : 30,
    "36" : 35,
    "37" : 22,
    "38" : 25,
    "39" : 20,
    "40" : 17,
    "41" : 12,
    "42" : 15,
    "43" : 7,
    "44" : 10,
    "45" : 13,
    "46" : 4,
    "47" : 8,
    "48" : 3,
    "49" : 6,
    "50" : 5,
    "51" : 3,
    "52" : 3,
    "53" : 3,
    "54" : 1,
    "56" : 2,
    "57" : 2,
    "59" : 1,
    "60" : 1,
    "61" : 1,
    "62" : 2,
    "63" : 2,
    "66" : 1
  },
  "mean" : 12.864396654719235,
  "stdDev" : 7.595535677143471
}