{
  "distribution" : {
    "2" : 4,
    "3" : 52,
    "4" : 185,
    "5" : 359,
    "6" : 560,
    "7" : 700,
    "8" : 839,
    "9" : 818,
    "10" : 806,
    "11" : 759,
    "12" : 683,
    "13" : 645,
    "14" : 504,
    "15" : 539,
    "16" : 433,
    "17" : 420,
    "18" : 348,
    "19" : 310,
    "20" : 227,
    "21" : 232,
    "22" : 180,
    "23" : 153,
    "24" : 154,
    "25" : 146,
    "26" : 86,
    "27" : 83,
    "28" : 66,
    "29" : 62,
    "30" : 44,
    "31" : 43,
    "32" : 29,
    "33" : 40,
    "34" : 28,
    "35" : 24,
    "36" : 21,
    "37" : 18,
    "38" : 17,
    "39" : 14,
    "40" : 14,
    "41" : 9,
    "42" : 5,
    "43" : 12,
    "44" : 4,
    "45" : 5,
    "46" : 4,
    "47" : 8,
    "49" : 2,
    "50" : 3,
    "51" : 5,
    "52" : 1,
    "53" : 1,
    "54" : 2,
    "55" : 2,
    "57" : 1,
    "58" : 1,
    "59" : 1,
    "60" : 1,
    "70" : 1,
    "79" : 1,
    "85" : 1
  },
  "mean" : 13.528978068128792,
  "stdDev" : 7.14512455853998
}