{
  "distribution" : {
    "2" : 1,
    "3" : 26,
    "4" : 83,
    "5" : 228,
    "6" : 297,
    "7" : 455,
    "8" : 598,
    "9" : 643,
    "10" : 656,
    "11" : 684,
    "12" : 691,
    "13" : 567,
    "14" : 605,
    "15" : 567,
    "16" : 492,
    "17" : 403,
    "18" : 385,
    "19" : 362,
    "20" : 293,
    "21" : 250,
    "22" : 247,
    "23" : 201,
    "24" : 185,
    "25" : 151,
    "26" : 126,
    "27" : 118,
    "28" : 99,
    "29" : 101,
    "30" : 79,
    "31" : 62,
    "32" : 68,
    "33" : 49,
    "34" : 50,
    "35" : 57,
    "36" : 32,
    "37" : 18,
    "38" : 22,
    "39" : 21,
    "40" : 20,
    "41" : 19,
    "42" : 16,
    "43" : 14,
    "44" : 12,
    "45" : 10,
    "46" : 11,
    "47" : 10,
    "48" : 7,
    "49" : 2,
    "50" : 4,
    "52" : 1,
    "53" : 2,
    "54" : 3,
    "55" : 5,
    "56" : 5,
    "57" : 1,
    "58" : 1,
    "59" : 3,
    "60" : 1,
    "62" : 1,
    "63" : 2,
    "66" : 1
  },
  "mean" : 15.41667489874543,
  "stdDev" : 7.914021689896342
}