{
  "distribution" : {
    "1" : 3,
    "2" : 31,
    "3" : 256,
    "4" : 580,
    "5" : 855,
    "6" : 1031,
    "7" : 1052,
    "8" : 1007,
    "9" : 908,
    "10" : 786,
    "11" : 705,
    "12" : 598,
    "13" : 491,
    "14" : 408,
    "15" : 351,
    "16" : 293,
    "17" : 236,
    "18" : 205,
    "19" : 146,
    "20" : 132,
    "21" : 112,
    "22" : 77,
    "23" : 76,
    "24" : 55,
    "25" : 33,
    "26" : 33,
    "27" : 29,
    "28" : 36,
    "29" : 23,
    "30" : 12,
    "31" : 12,
    "32" : 7,
    "33" : 2,
    "34" : 3,
    "35" : 9,
    "36" : 10,
    "37" : 3,
    "38" : 4,
    "39" : 3,
    "40" : 2,
    "41" : 2,
    "42" : 1,
    "43" : 1,
    "45" : 1,
    "46" : 1,
    "49" : 1
  },
  "mean" : 10.260026360384108,
  "stdDev" : 5.395076052018477
}