{
  "distribution" : {
    "3" : 22,
    "4" : 63,
    "5" : 157,
    "6" : 258,
    "7" : 371,
    "8" : 495,
    "9" : 539,
    "10" : 645,
    "11" : 596,
    "12" : 676,
    "13" : 608,
    "14" : 599,
    "15" : 547,
    "16" : 551,
    "17" : 461,
    "18" : 489,
    "19" : 389,
    "20" : 347,
    "21" : 339,
    "22" : 323,
    "23" : 237,
    "24" : 239,
    "25" : 200,
    "26" : 194,
    "27" : 173,
    "28" : 137,
    "29" : 151,
    "30" : 124,
    "31" : 115,
    "32" : 85,
    "33" : 85,
    "34" : 62,
    "35" : 63,
    "36" : 60,
    "37" : 45,
    "38" : 35,
    "39" : 38,
    "40" : 36,
    "41" : 46,
    "42" : 24,
    "43" : 27,
    "44" : 22,
    "45" : 16,
    "46" : 17,
    "47" : 12,
    "48" : 12,
    "49" : 10,
    "50" : 13,
    "51" : 7,
    "52" : 13,
    "53" : 11,
    "54" : 3,
    "55" : 5,
    "56" : 7,
    "57" : 2,
    "58" : 2,
    "59" : 2,
    "60" : 2,
    "61" : 1,
    "62" : 3,
    "63" : 1,
    "64" : 2,
    "65" : 1,
    "66" : 2,
    "68" : 2,
    "69" : 1,
    "72" : 1,
    "76" : 1,
    "77" : 2,
    "79" : 1,
    "95" : 1,
    "99" : 1,
    "100" : 1,
    "103" : 1
  },
  "mean" : 17.207129005448333,
  "stdDev" : 9.135662317176259
}