{
  "distribution" : {
    "2" : 1,
    "3" : 11,
    "4" : 39,
    "5" : 101,
    "6" : 146,
    "7" : 260,
    "8" : 348,
    "9" : 386,
    "10" : 486,
    "11" : 476,
    "12" : 543,
    "13" : 564,
    "14" : 548,
    "15" : 518,
    "16" : 515,
    "17" : 539,
    "18" : 443,
    "19" : 453,
    "20" : 411,
    "21" : 348,
    "22" : 358,
    "23" : 310,
    "24" : 266,
    "25" : 250,
    "26" : 216,
    "27" : 206,
    "28" : 181,
    "29" : 183,
    "30" : 144,
    "31" : 125,
    "32" : 122,
    "33" : 122,
    "34" : 88,
    "35" : 83,
    "36" : 58,
    "37" : 61,
    "38" : 53,
    "39" : 58,
    "40" : 51,
    "41" : 36,
    "42" : 39,
    "43" : 39,
    "44" : 35,
    "45" : 17,
    "46" : 19,
    "47" : 13,
    "48" : 20,
    "49" : 18,
    "50" : 14,
    "51" : 12,
    "52" : 12,
    "53" : 13,
    "54" : 15,
    "55" : 11,
    "57" : 5,
    "58" : 8,
    "59" : 6,
    "60" : 3,
    "61" : 7,
    "62" : 7,
    "63" : 1,
    "64" : 6,
    "65" : 4,
    "66" : 3,
    "69" : 2,
    "70" : 4,
    "71" : 1,
    "73" : 5,
    "76" : 2,
    "77" : 2,
    "78" : 1,
    "80" : 1,
    "82" : 1,
    "83" : 1,
    "89" : 1,
    "92" : 1,
    "97" : 1,
    "123" : 1
  },
  "mean" : 19.106903805698987,
  "stdDev" : 9.969277092923873
}