{
  "distribution" : {
    "3" : 11,
    "4" : 54,
    "5" : 133,
    "6" : 260,
    "7" : 355,
    "8" : 464,
    "9" : 562,
    "10" : 626,
    "11" : 651,
    "12" : 638,
    "13" : 655,
    "14" : 649,
    "15" : 541,
    "16" : 499,
    "17" : 437,
    "18" : 425,
    "19" : 362,
    "20" : 335,
    "21" : 315,
    "22" : 243,
    "23" : 238,
    "24" : 216,
    "25" : 181,
    "26" : 151,
    "27" : 132,
    "28" : 146,
    "29" : 123,
    "30" : 97,
    "31" : 81,
    "32" : 75,
    "33" : 59,
    "34" : 45,
    "35" : 44,
    "36" : 55,
    "37" : 50,
    "38" : 46,
    "39" : 27,
    "40" : 33,
    "41" : 23,
    "42" : 22,
    "43" : 19,
    "44" : 21,
    "45" : 8,
    "46" : 3,
    "47" : 11,
    "48" : 10,
    "49" : 5,
    "50" : 7,
    "51" : 8,
    "52" : 4,
    "53" : 4,
    "54" : 5,
    "55" : 8,
    "56" : 6,
    "57" : 2,
    "58" : 4,
    "59" : 2,
    "60" : 2,
    "62" : 1,
    "63" : 1,
    "64" : 1,
    "65" : 1,
    "66" : 3,
    "67" : 2,
    "68" : 2,
    "69" : 1,
    "70" : 1,
    "71" : 1,
    "82" : 1
  },
  "mean" : 16.60403802803097,
  "stdDev" : 8.557096961784081
}