{
  "distribution" : {
    "2" : 8,
    "3" : 72,
    "4" : 228,
    "5" : 456,
    "6" : 631,
    "7" : 750,
    "8" : 853,
    "9" : 923,
    "10" : 836,
    "11" : 781,
    "12" : 671,
    "13" : 655,
    "14" : 508,
    "15" : 490,
    "16" : 397,
    "17" : 363,
    "18" : 311,
    "19" : 230,
    "20" : 216,
    "21" : 198,
    "22" : 147,
    "23" : 157,
    "24" : 109,
    "25" : 92,
    "26" : 87,
    "27" : 68,
    "28" : 55,
    "29" : 55,
    "30" : 34,
    "31" : 28,
    "32" : 24,
    "33" : 24,
    "34" : 24,
    "35" : 14,
    "36" : 16,
    "37" : 16,
    "38" : 15,
    "39" : 12,
    "40" : 8,
    "41" : 5,
    "42" : 5,
    "43" : 6,
    "44" : 5,
    "45" : 4,
    "46" : 2,
    "47" : 3,
    "48" : 2,
    "49" : 5,
    "50" : 2,
    "52" : 1,
    "53" : 1,
    "54" : 4,
    "55" : 1,
    "56" : 1,
    "58" : 1,
    "60" : 1,
    "63" : 1
  },
  "mean" : 12.737843950245006,
  "stdDev" : 6.694630930640016
}