{
  "distribution" : {
    "2" : 2,
    "3" : 7,
    "4" : 28,
    "5" : 88,
    "6" : 152,
    "7" : 246,
    "8" : 335,
    "9" : 375,
    "10" : 476,
    "11" : 512,
    "12" : 525,
    "13" : 527,
    "14" : 530,
    "15" : 490,
    "16" : 485,
    "17" : 462,
    "18" : 410,
    "19" : 423,
    "20" : 408,
    "21" : 344,
    "22" : 334,
    "23" : 283,
    "24" : 267,
    "25" : 258,
    "26" : 208,
    "27" : 208,
    "28" : 174,
    "29" : 143,
    "30" : 141,
    "31" : 129,
    "32" : 104,
    "33" : 121,
    "34" : 76,
    "35" : 90,
    "36" : 65,
    "37" : 70,
    "38" : 81,
    "39" : 57,
    "40" : 53,
    "41" : 40,
    "42" : 42,
    "43" : 30,
    "44" : 30,
    "45" : 32,
    "46" : 20,
    "47" : 25,
    "48" : 23,
    "49" : 12,
    "50" : 16,
    "51" : 13,
    "52" : 10,
    "53" : 11,
    "54" : 14,
    "55" : 9,
    "56" : 9,
    "57" : 3,
    "58" : 5,
    "59" : 4,
    "60" : 5,
    "61" : 3,
    "62" : 2,
    "63" : 2,
    "64" : 4,
    "65" : 2,
    "66" : 1,
    "67" : 2,
    "68" : 2,
    "69" : 1,
    "70" : 2,
    "72" : 1,
    "74" : 1,
    "75" : 1,
    "76" : 1,
    "77" : 1,
    "79" : 1
  },
  "mean" : 19.148008344094567,
  "stdDev" : 9.802021284226914
}