{
  "distribution" : {
    "2" : 2,
    "3" : 21,
    "4" : 65,
    "5" : 164,
    "6" : 303,
    "7" : 395,
    "8" : 478,
    "9" : 575,
    "10" : 621,
    "11" : 634,
    "12" : 644,
    "13" : 581,
    "14" : 600,
    "15" : 532,
    "16" : 500,
    "17" : 437,
    "18" : 440,
    "19" : 352,
    "20" : 318,
    "21" : 293,
    "22" : 282,
    "23" : 236,
    "24" : 206,
    "25" : 201,
    "26" : 131,
    "27" : 136,
    "28" : 127,
    "29" : 114,
    "30" : 94,
    "31" : 88,
    "32" : 88,
    "33" : 63,
    "34" : 61,
    "35" : 48,
    "36" : 52,
    "37" : 32,
    "38" : 34,
    "39" : 30,
    "40" : 20,
    "41" : 21,
    "42" : 16,
    "43" : 10,
    "44" : 12,
    "45" : 12,
    "46" : 9,
    "47" : 8,
    "48" : 12,
    "49" : 6,
    "50" : 4,
    "51" : 3,
    "52" : 7,
    "53" : 5,
    "54" : 5,
    "55" : 3,
    "56" : 4,
    "57" : 4,
    "58" : 2,
    "59" : 2,
    "60" : 3,
    "63" : 1,
    "64" : 2,
    "67" : 1,
    "68" : 1,
    "69" : 1,
    "76" : 1,
    "81" : 1,
    "82" : 1
  },
  "mean" : 16.32575086164451,
  "stdDev" : 8.393092633473982
}