{
  "distribution" : {
    "2" : 4,
    "3" : 20,
    "4" : 75,
    "5" : 150,
    "6" : 270,
    "7" : 356,
    "8" : 407,
    "9" : 512,
    "10" : 599,
    "11" : 633,
    "12" : 675,
    "13" : 599,
    "14" : 612,
    "15" : 599,
    "16" : 485,
    "17" : 517,
    "18" : 426,
    "19" : 447,
    "20" : 392,
    "21" : 329,
    "22" : 331,
    "23" : 294,
    "24" : 261,
    "25" : 258,
    "26" : 197,
    "27" : 173,
    "28" : 143,
    "29" : 140,
    "30" : 126,
    "31" : 116,
    "32" : 85,
    "33" : 67,
    "34" : 71,
    "35" : 77,
    "36" : 56,
    "37" : 57,
    "38" : 60,
    "39" : 38,
    "40" : 39,
    "41" : 37,
    "42" : 37,
    "43" : 24,
    "44" : 27,
    "45" : 31,
    "46" : 21,
    "47" : 13,
    "48" : 20,
    "49" : 12,
    "50" : 7,
    "51" : 11,
    "52" : 10,
    "53" : 3,
    "54" : 11,
    "55" : 3,
    "56" : 9,
    "57" : 6,
    "58" : 1,
    "59" : 3,
    "60" : 3,
    "61" : 4,
    "62" : 3,
    "63" : 5,
    "64" : 2,
    "65" : 3,
    "66" : 1,
    "67" : 2,
    "69" : 5,
    "72" : 1,
    "73" : 1,
    "74" : 1,
    "75" : 3,
    "76" : 1,
    "78" : 1,
    "79" : 1,
    "85" : 1,
    "86" : 1,
    "119" : 1
  },
  "mean" : 17.639720558882235,
  "stdDev" : 9.448624352945856
}