{
  "distribution" : {
    "3" : 6,
    "4" : 26,
    "5" : 67,
    "6" : 107,
    "7" : 181,
    "8" : 248,
    "9" : 334,
    "10" : 361,
    "11" : 433,
    "12" : 494,
    "13" : 486,
    "142" : 1,
    "14" : 476,
    "15" : 478,
    "16" : 489,
    "17" : 525,
    "18" : 464,
    "19" : 469,
    "20" : 407,
    "21" : 372,
    "22" : 379,
    "23" : 315,
    "24" : 295,
    "25" : 279,
    "26" : 282,
    "27" : 255,
    "28" : 232,
    "29" : 189,
    "30" : 202,
    "31" : 152,
    "32" : 151,
    "33" : 120,
    "34" : 117,
    "35" : 119,
    "36" : 89,
    "37" : 80,
    "38" : 77,
    "39" : 67,
    "40" : 64,
    "41" : 68,
    "42" : 49,
    "43" : 59,
    "44" : 44,
    "45" : 36,
    "46" : 47,
    "47" : 25,
    "48" : 29,
    "49" : 36,
    "50" : 28,
    "51" : 19,
    "52" : 24,
    "53" : 15,
    "54" : 15,
    "55" : 20,
    "56" : 11,
    "57" : 9,
    "58" : 11,
    "59" : 10,
    "60" : 8,
    "61" : 11,
    "62" : 8,
    "63" : 8,
    "64" : 4,
    "65" : 3,
    "66" : 5,
    "67" : 8,
    "68" : 1,
    "69" : 5,
    "70" : 1,
    "71" : 2,
    "72" : 4,
    "73" : 3,
    "74" : 3,
    "75" : 2,
    "76" : 2,
    "77" : 1,
    "78" : 2,
    "80" : 1,
    "81" : 4,
    "82" : 1,
    "85" : 2,
    "93" : 1,
    "111" : 1
  },
  "mean" : 21.0788874121891,
  "stdDev" : 11.037189941805588
}