{
  "distribution" : {
    "2" : 18,
    "3" : 97,
    "4" : 246,
    "5" : 497,
    "6" : 681,
    "7" : 840,
    "8" : 861,
    "9" : 888,
    "10" : 811,
    "11" : 710,
    "12" : 696,
    "13" : 609,
    "14" : 523,
    "15" : 465,
    "16" : 355,
    "17" : 294,
    "18" : 279,
    "19" : 271,
    "20" : 192,
    "21" : 175,
    "22" : 138,
    "23" : 133,
    "24" : 94,
    "25" : 92,
    "26" : 68,
    "27" : 44,
    "28" : 55,
    "29" : 60,
    "30" : 36,
    "31" : 31,
    "32" : 31,
    "33" : 30,
    "34" : 17,
    "35" : 10,
    "36" : 16,
    "37" : 6,
    "38" : 7,
    "39" : 7,
    "40" : 9,
    "41" : 4,
    "42" : 1,
    "43" : 3,
    "45" : 5,
    "46" : 1,
    "48" : 2,
    "49" : 1,
    "50" : 3,
    "51" : 1,
    "52" : 3,
    "59" : 1,
    "61" : 1
  },
  "mean" : 12.310904204261854,
  "stdDev" : 6.410967710641383
}