{
  "distribution" : {
    "2" : 1,
    "3" : 8,
    "4" : 61,
    "5" : 139,
    "6" : 250,
    "7" : 364,
    "8" : 467,
    "9" : 535,
    "10" : 596,
    "11" : 654,
    "12" : 608,
    "13" : 638,
    "14" : 583,
    "15" : 626,
    "16" : 497,
    "17" : 454,
    "18" : 435,
    "19" : 366,
    "20" : 346,
    "21" : 285,
    "22" : 288,
    "23" : 230,
    "24" : 246,
    "25" : 192,
    "26" : 179,
    "27" : 138,
    "28" : 145,
    "29" : 121,
    "30" : 104,
    "31" : 94,
    "32" : 95,
    "33" : 60,
    "34" : 74,
    "35" : 54,
    "36" : 41,
    "37" : 48,
    "38" : 41,
    "39" : 42,
    "40" : 32,
    "41" : 26,
    "42" : 28,
    "43" : 28,
    "44" : 13,
    "45" : 19,
    "46" : 11,
    "47" : 11,
    "48" : 8,
    "49" : 12,
    "50" : 7,
    "51" : 4,
    "52" : 4,
    "53" : 7,
    "54" : 4,
    "55" : 2,
    "56" : 6,
    "57" : 1,
    "58" : 5,
    "59" : 3,
    "60" : 1,
    "61" : 3,
    "62" : 1,
    "63" : 1,
    "64" : 3,
    "65" : 1,
    "67" : 1,
    "68" : 2,
    "69" : 1,
    "71" : 3,
    "72" : 1,
    "74" : 1,
    "82" : 1,
    "85" : 1
  },
  "mean" : 16.925364487786037,
  "stdDev" : 8.787628393368713
}