{
  "distribution" : {
    "3" : 3,
    "4" : 21,
    "5" : 57,
    "6" : 118,
    "7" : 189,
    "8" : 290,
    "9" : 340,
    "10" : 417,
    "11" : 457,
    "12" : 488,
    "13" : 503,
    "14" : 488,
    "15" : 503,
    "16" : 498,
    "17" : 469,
    "18" : 472,
    "19" : 434,
    "20" : 384,
    "21" : 373,
    "22" : 360,
    "23" : 342,
    "24" : 304,
    "25" : 264,
    "26" : 262,
    "27" : 214,
    "28" : 232,
    "29" : 199,
    "30" : 177,
    "31" : 150,
    "32" : 144,
    "33" : 104,
    "34" : 122,
    "35" : 91,
    "36" : 88,
    "37" : 97,
    "38" : 64,
    "39" : 75,
    "40" : 69,
    "41" : 53,
    "42" : 50,
    "43" : 55,
    "44" : 38,
    "45" : 33,
    "46" : 36,
    "47" : 27,
    "48" : 36,
    "49" : 25,
    "50" : 27,
    "51" : 18,
    "52" : 18,
    "53" : 15,
    "54" : 18,
    "55" : 16,
    "56" : 19,
    "57" : 14,
    "58" : 6,
    "59" : 11,
    "60" : 1,
    "61" : 10,
    "62" : 4,
    "63" : 7,
    "64" : 5,
    "65" : 4,
    "66" : 4,
    "67" : 5,
    "68" : 2,
    "69" : 2,
    "70" : 4,
    "71" : 3,
    "73" : 2,
    "74" : 4,
    "79" : 1,
    "80" : 2,
    "82" : 1,
    "83" : 2,
    "85" : 1,
    "86" : 1,
    "92" : 1,
    "99" : 1,
    "106" : 1
  },
  "mean" : 20.659167065581617,
  "stdDev" : 10.772421394089159
}