{
  "distribution" : {
    "3" : 1,
    "4" : 17,
    "5" : 52,
    "6" : 112,
    "7" : 201,
    "8" : 279,
    "9" : 360,
    "10" : 414,
    "11" : 495,
    "12" : 508,
    "13" : 527,
    "14" : 512,
    "15" : 496,
    "16" : 499,
    "17" : 466,
    "18" : 460,
    "19" : 464,
    "20" : 418,
    "21" : 350,
    "22" : 346,
    "23" : 303,
    "24" : 288,
    "25" : 266,
    "26" : 247,
    "27" : 236,
    "28" : 181,
    "29" : 171,
    "30" : 189,
    "31" : 137,
    "32" : 136,
    "33" : 120,
    "34" : 116,
    "35" : 90,
    "36" : 76,
    "37" : 77,
    "38" : 58,
    "39" : 62,
    "40" : 48,
    "41" : 45,
    "42" : 49,
    "43" : 38,
    "44" : 35,
    "45" : 37,
    "46" : 34,
    "47" : 25,
    "48" : 30,
    "49" : 16,
    "50" : 14,
    "51" : 18,
    "52" : 18,
    "53" : 15,
    "54" : 11,
    "55" : 10,
    "56" : 12,
    "57" : 10,
    "58" : 6,
    "59" : 14,
    "60" : 9,
    "61" : 9,
    "62" : 6,
    "63" : 5,
    "65" : 5,
    "66" : 2,
    "67" : 3,
    "68" : 2,
    "70" : 4,
    "71" : 3,
    "72" : 2,
    "73" : 4,
    "74" : 1,
    "75" : 2,
    "76" : 2,
    "77" : 2,
    "79" : 1,
    "80" : 1,
    "83" : 1,
    "86" : 1,
    "88" : 2,
    "103" : 1
  },
  "mean" : 20.169016823884082,
  "stdDev" : 10.434577023624014
}