{
  "distribution" : {
    "2" : 2,
    "3" : 10,
    "4" : 55,
    "5" : 157,
    "6" : 240,
    "7" : 318,
    "8" : 420,
    "9" : 512,
    "10" : 562,
    "11" : 634,
    "12" : 646,
    "13" : 637,
    "14" : 573,
    "15" : 567,
    "16" : 517,
    "17" : 480,
    "18" : 460,
    "19" : 417,
    "20" : 350,
    "21" : 351,
    "22" : 303,
    "23" : 298,
    "24" : 244,
    "25" : 237,
    "26" : 186,
    "27" : 175,
    "28" : 153,
    "29" : 127,
    "30" : 127,
    "31" : 120,
    "32" : 95,
    "33" : 109,
    "34" : 76,
    "35" : 69,
    "36" : 56,
    "37" : 51,
    "38" : 43,
    "39" : 39,
    "40" : 42,
    "41" : 34,
    "42" : 29,
    "43" : 17,
    "44" : 21,
    "45" : 16,
    "46" : 19,
    "47" : 16,
    "48" : 10,
    "49" : 10,
    "50" : 11,
    "51" : 12,
    "52" : 8,
    "53" : 12,
    "54" : 8,
    "55" : 4,
    "56" : 5,
    "57" : 6,
    "58" : 2,
    "59" : 5,
    "60" : 4,
    "61" : 2,
    "62" : 3,
    "63" : 1,
    "65" : 3,
    "66" : 6,
    "67" : 2,
    "68" : 1,
    "71" : 1,
    "72" : 2,
    "73" : 1,
    "76" : 1,
    "77" : 2,
    "79" : 1,
    "81" : 1,
    "82" : 1,
    "83" : 2,
    "93" : 1,
    "94" : 1
  },
  "mean" : 17.652016016388863,
  "stdDev" : 9.332881685738695
}