{
  "distribution" : {
    "3" : 4,
    "4" : 23,
    "5" : 71,
    "6" : 130,
    "7" : 197,
    "8" : 272,
    "9" : 384,
    "10" : 415,
    "11" : 460,
    "12" : 547,
    "13" : 520,
    "14" : 577,
    "15" : 501,
    "16" : 535,
    "17" : 462,
    "18" : 437,
    "19" : 396,
    "20" : 398,
    "21" : 324,
    "22" : 317,
    "23" : 314,
    "24" : 267,
    "25" : 298,
    "26" : 242,
    "27" : 232,
    "28" : 205,
    "29" : 195,
    "30" : 149,
    "31" : 164,
    "32" : 121,
    "33" : 119,
    "34" : 91,
    "35" : 81,
    "36" : 81,
    "37" : 70,
    "38" : 71,
    "39" : 59,
    "40" : 53,
    "41" : 43,
    "42" : 44,
    "43" : 43,
    "44" : 30,
    "45" : 34,
    "46" : 28,
    "47" : 20,
    "48" : 20,
    "49" : 17,
    "50" : 10,
    "51" : 13,
    "52" : 21,
    "53" : 9,
    "54" : 3,
    "55" : 13,
    "56" : 11,
    "57" : 6,
    "58" : 12,
    "59" : 6,
    "60" : 2,
    "61" : 11,
    "62" : 6,
    "63" : 5,
    "64" : 7,
    "65" : 2,
    "66" : 5,
    "67" : 3,
    "68" : 3,
    "69" : 3,
    "70" : 3,
    "71" : 2,
    "72" : 1,
    "75" : 4,
    "76" : 3,
    "77" : 1,
    "87" : 1,
    "89" : 1,
    "99" : 1,
    "110" : 1
  },
  "mean" : 19.86480938416422,
  "stdDev" : 10.251133581157209
}