{
  "distribution" : {
    "2" : 9,
    "3" : 101,
    "4" : 303,
    "5" : 522,
    "6" : 726,
    "7" : 890,
    "8" : 837,
    "9" : 855,
    "10" : 862,
    "11" : 756,
    "12" : 697,
    "13" : 651,
    "14" : 510,
    "15" : 444,
    "16" : 368,
    "17" : 333,
    "18" : 274,
    "19" : 234,
    "20" : 202,
    "21" : 181,
    "22" : 122,
    "23" : 122,
    "24" : 101,
    "25" : 93,
    "26" : 74,
    "27" : 84,
    "28" : 43,
    "29" : 64,
    "30" : 37,
    "31" : 38,
    "32" : 30,
    "33" : 19,
    "34" : 18,
    "35" : 18,
    "36" : 6,
    "37" : 13,
    "38" : 13,
    "39" : 2,
    "40" : 3,
    "41" : 5,
    "42" : 2,
    "43" : 7,
    "44" : 2,
    "45" : 3,
    "46" : 3,
    "47" : 1,
    "48" : 2,
    "49" : 2,
    "50" : 1,
    "51" : 3,
    "59" : 1,
    "61" : 1,
    "64" : 1
  },
  "mean" : 12.258115820001871,
  "stdDev" : 6.465989864674433
}