{
  "distribution" : {
    "2" : 4,
    "3" : 27,
    "4" : 115,
    "5" : 243,
    "6" : 368,
    "7" : 532,
    "8" : 602,
    "9" : 679,
    "10" : 721,
    "11" : 712,
    "12" : 693,
    "13" : 687,
    "14" : 627,
    "15" : 544,
    "16" : 472,
    "17" : 440,
    "18" : 368,
    "19" : 351,
    "20" : 320,
    "21" : 270,
    "22" : 252,
    "23" : 220,
    "24" : 173,
    "25" : 169,
    "26" : 130,
    "27" : 127,
    "28" : 117,
    "29" : 92,
    "30" : 84,
    "31" : 72,
    "32" : 61,
    "33" : 59,
    "34" : 45,
    "35" : 33,
    "36" : 31,
    "37" : 53,
    "38" : 34,
    "39" : 29,
    "40" : 18,
    "41" : 18,
    "42" : 18,
    "43" : 12,
    "44" : 12,
    "45" : 3,
    "46" : 6,
    "47" : 5,
    "48" : 7,
    "49" : 7,
    "50" : 9,
    "51" : 6,
    "52" : 2,
    "53" : 3,
    "54" : 3,
    "55" : 2,
    "56" : 1,
    "57" : 1,
    "58" : 2,
    "59" : 1,
    "60" : 4,
    "61" : 4,
    "62" : 2,
    "63" : 1,
    "64" : 1,
    "68" : 1,
    "69" : 1,
    "70" : 1,
    "73" : 1
  },
  "mean" : 15.314904744116548,
  "stdDev" : 8.085527112565979
}