{
  "distribution" : {
    "2" : 2,
    "3" : 23,
    "4" : 70,
    "5" : 219,
    "6" : 298,
    "7" : 462,
    "8" : 516,
    "9" : 592,
    "10" : 588,
    "11" : 686,
    "12" : 609,
    "13" : 603,
    "14" : 586,
    "15" : 549,
    "16" : 482,
    "17" : 453,
    "18" : 429,
    "19" : 340,
    "20" : 323,
    "21" : 277,
    "22" : 250,
    "23" : 237,
    "24" : 199,
    "25" : 189,
    "26" : 157,
    "27" : 136,
    "28" : 115,
    "29" : 111,
    "30" : 87,
    "31" : 72,
    "32" : 75,
    "33" : 63,
    "34" : 68,
    "35" : 44,
    "36" : 52,
    "37" : 42,
    "38" : 32,
    "39" : 28,
    "40" : 27,
    "41" : 28,
    "42" : 20,
    "43" : 16,
    "44" : 13,
    "45" : 11,
    "46" : 9,
    "47" : 6,
    "48" : 3,
    "49" : 9,
    "50" : 4,
    "51" : 6,
    "52" : 5,
    "54" : 2,
    "55" : 1,
    "56" : 2,
    "57" : 4,
    "58" : 2,
    "59" : 1,
    "60" : 2,
    "61" : 1,
    "62" : 1,
    "63" : 1,
    "64" : 1,
    "65" : 2,
    "69" : 1,
    "79" : 1
  },
  "mean" : 16.06541052426047,
  "stdDev" : 8.295403868504996
}