{
  "distribution" : {
    "3" : 17,
    "4" : 50,
    "5" : 104,
    "6" : 182,
    "7" : 290,
    "8" : 387,
    "9" : 443,
    "10" : 528,
    "11" : 549,
    "12" : 580,
    "13" : 557,
    "14" : 587,
    "15" : 592,
    "16" : 545,
    "17" : 540,
    "18" : 500,
    "19" : 447,
    "20" : 439,
    "21" : 378,
    "22" : 404,
    "23" : 324,
    "24" : 346,
    "25" : 323,
    "26" : 276,
    "27" : 243,
    "28" : 229,
    "29" : 183,
    "30" : 198,
    "31" : 195,
    "32" : 183,
    "33" : 167,
    "34" : 140,
    "35" : 112,
    "36" : 116,
    "37" : 109,
    "38" : 105,
    "39" : 84,
    "40" : 87,
    "41" : 73,
    "42" : 77,
    "43" : 49,
    "44" : 57,
    "45" : 40,
    "46" : 46,
    "47" : 37,
    "48" : 33,
    "49" : 27,
    "50" : 23,
    "51" : 23,
    "52" : 19,
    "53" : 14,
    "54" : 15,
    "55" : 18,
    "56" : 27,
    "57" : 15,
    "58" : 16,
    "59" : 13,
    "60" : 14,
    "61" : 8,
    "62" : 12,
    "63" : 9,
    "64" : 11,
    "65" : 8,
    "66" : 10,
    "67" : 7,
    "68" : 6,
    "69" : 6,
    "70" : 4,
    "71" : 2,
    "72" : 2,
    "73" : 7,
    "74" : 2,
    "75" : 5,
    "76" : 3,
    "77" : 5,
    "78" : 1,
    "79" : 5,
    "80" : 2,
    "81" : 1,
    "83" : 4,
    "87" : 2,
    "88" : 4,
    "90" : 1,
    "92" : 1,
    "94" : 1,
    "95" : 1,
    "97" : 2,
    "104" : 1,
    "119" : 1
  },
  "mean" : 20.681858802502234,
  "stdDev" : 11.706893765659835
}