{
  "distribution" : {
    "2" : 3,
    "3" : 7,
    "4" : 26,
    "5" : 78,
    "6" : 147,
    "7" : 211,
    "8" : 304,
    "9" : 354,
    "10" : 455,
    "11" : 505,
    "12" : 496,
    "13" : 537,
    "14" : 583,
    "15" : 550,
    "16" : 517,
    "17" : 470,
    "18" : 449,
    "19" : 421,
    "20" : 382,
    "21" : 350,
    "22" : 351,
    "23" : 276,
    "24" : 272,
    "25" : 237,
    "26" : 248,
    "27" : 188,
    "28" : 224,
    "29" : 177,
    "30" : 161,
    "31" : 130,
    "32" : 112,
    "33" : 103,
    "34" : 109,
    "35" : 76,
    "36" : 72,
    "37" : 78,
    "38" : 66,
    "39" : 60,
    "40" : 42,
    "41" : 47,
    "42" : 54,
    "43" : 39,
    "44" : 32,
    "45" : 36,
    "46" : 19,
    "47" : 20,
    "48" : 17,
    "49" : 25,
    "50" : 23,
    "51" : 20,
    "52" : 14,
    "53" : 18,
    "54" : 9,
    "55" : 10,
    "56" : 10,
    "57" : 7,
    "58" : 5,
    "59" : 7,
    "60" : 7,
    "61" : 7,
    "62" : 2,
    "63" : 8,
    "64" : 5,
    "65" : 2,
    "66" : 1,
    "67" : 1,
    "68" : 2,
    "69" : 1,
    "70" : 1,
    "71" : 1,
    "72" : 2,
    "73" : 3,
    "75" : 1,
    "76" : 1,
    "77" : 1,
    "79" : 1,
    "84" : 1,
    "93" : 1,
    "102" : 1
  },
  "mean" : 19.59432403537759,
  "stdDev" : 10.140607072199169
}