{
  "distribution" : {
    "2" : 1,
    "3" : 8,
    "4" : 67,
    "5" : 129,
    "6" : 212,
    "7" : 324,
    "8" : 442,
    "9" : 468,
    "10" : 542,
    "11" : 553,
    "12" : 575,
    "13" : 581,
    "14" : 589,
    "15" : 576,
    "16" : 539,
    "17" : 489,
    "18" : 457,
    "19" : 464,
    "20" : 376,
    "21" : 341,
    "22" : 294,
    "23" : 292,
    "24" : 231,
    "25" : 239,
    "26" : 236,
    "27" : 205,
    "28" : 152,
    "29" : 143,
    "30" : 119,
    "31" : 110,
    "32" : 99,
    "33" : 89,
    "34" : 71,
    "35" : 66,
    "36" : 60,
    "37" : 60,
    "38" : 49,
    "39" : 43,
    "40" : 52,
    "41" : 41,
    "42" : 26,
    "43" : 35,
    "44" : 34,
    "45" : 16,
    "46" : 20,
    "47" : 21,
    "48" : 13,
    "49" : 12,
    "50" : 13,
    "51" : 5,
    "52" : 10,
    "53" : 7,
    "54" : 11,
    "55" : 8,
    "56" : 7,
    "57" : 2,
    "58" : 8,
    "59" : 5,
    "60" : 3,
    "61" : 1,
    "62" : 5,
    "63" : 3,
    "64" : 1,
    "65" : 1,
    "66" : 1,
    "67" : 4,
    "68" : 1,
    "69" : 1,
    "70" : 2,
    "71" : 2,
    "72" : 3,
    "73" : 1,
    "78" : 1,
    "80" : 1,
    "83" : 1,
    "85" : 1,
    "89" : 1,
    "95" : 1
  },
  "mean" : 18.03251499250375,
  "stdDev" : 9.504496946978584
}