{
  "distribution" : {
    "1" : 1,
    "2" : 47,
    "3" : 241,
    "4" : 580,
    "5" : 874,
    "6" : 1016,
    "7" : 1111,
    "8" : 1051,
    "9" : 928,
    "10" : 844,
    "11" : 717,
    "12" : 571,
    "13" : 467,
    "14" : 463,
    "15" : 321,
    "16" : 267,
    "17" : 239,
    "18" : 170,
    "19" : 133,
    "20" : 121,
    "21" : 107,
    "22" : 74,
    "23" : 83,
    "24" : 54,
    "25" : 33,
    "26" : 27,
    "27" : 26,
    "28" : 18,
    "29" : 20,
    "30" : 15,
    "31" : 12,
    "32" : 12,
    "33" : 6,
    "34" : 4,
    "35" : 8,
    "36" : 6,
    "37" : 3,
    "38" : 1,
    "39" : 2,
    "40" : 5,
    "42" : 2,
    "43" : 1,
    "44" : 3,
    "45" : 1,
    "46" : 1,
    "48" : 2,
    "52" : 1,
    "53" : 1
  },
  "mean" : 10.14377923292797,
  "stdDev" : 5.3508052814134786
}