{
  "distribution" : {
    "1" : 4,
    "2" : 45,
    "3" : 221,
    "4" : 446,
    "5" : 756,
    "6" : 904,
    "7" : 1022,
    "8" : 961,
    "9" : 916,
    "10" : 863,
    "11" : 784,
    "12" : 665,
    "13" : 583,
    "14" : 460,
    "15" : 391,
    "16" : 318,
    "17" : 276,
    "18" : 228,
    "19" : 243,
    "20" : 158,
    "21" : 127,
    "22" : 113,
    "23" : 110,
    "24" : 80,
    "25" : 73,
    "26" : 55,
    "27" : 37,
    "28" : 35,
    "29" : 24,
    "30" : 28,
    "31" : 19,
    "32" : 26,
    "33" : 13,
    "34" : 15,
    "35" : 5,
    "36" : 11,
    "37" : 6,
    "38" : 7,
    "39" : 4,
    "40" : 1,
    "41" : 4,
    "42" : 2,
    "43" : 1,
    "44" : 3,
    "45" : 1,
    "46" : 1,
    "47" : 1,
    "48" : 1,
    "49" : 1,
    "51" : 1,
    "54" : 1,
    "58" : 1,
    "59" : 1
  },
  "mean" : 11.081976112920739,
  "stdDev" : 5.944040690514695
}