{
  "distribution" : {
    "2" : 5,
    "3" : 21,
    "4" : 71,
    "5" : 156,
    "6" : 300,
    "7" : 414,
    "8" : 524,
    "9" : 603,
    "10" : 605,
    "11" : 634,
    "12" : 652,
    "13" : 628,
    "14" : 596,
    "15" : 541,
    "16" : 492,
    "17" : 432,
    "18" : 430,
    "19" : 387,
    "20" : 346,
    "21" : 294,
    "22" : 254,
    "23" : 267,
    "24" : 220,
    "25" : 182,
    "26" : 149,
    "27" : 125,
    "28" : 136,
    "29" : 106,
    "30" : 94,
    "31" : 81,
    "32" : 77,
    "33" : 53,
    "34" : 51,
    "35" : 54,
    "36" : 39,
    "37" : 47,
    "38" : 38,
    "39" : 28,
    "40" : 27,
    "41" : 24,
    "42" : 21,
    "43" : 20,
    "44" : 18,
    "45" : 15,
    "46" : 11,
    "47" : 12,
    "48" : 5,
    "49" : 7,
    "50" : 9,
    "51" : 3,
    "52" : 7,
    "53" : 9,
    "54" : 5,
    "55" : 3,
    "56" : 3,
    "57" : 2,
    "58" : 1,
    "59" : 2,
    "61" : 1,
    "62" : 1,
    "63" : 1,
    "64" : 2,
    "65" : 1,
    "66" : 1,
    "69" : 2,
    "70" : 1,
    "75" : 1,
    "77" : 1
  },
  "mean" : 16.32518361035949,
  "stdDev" : 8.472918655988297
}