{
  "distribution" : {
    "3" : 2,
    "4" : 9,
    "5" : 33,
    "6" : 63,
    "7" : 157,
    "8" : 218,
    "9" : 271,
    "10" : 337,
    "11" : 448,
    "12" : 445,
    "13" : 450,
    "14" : 495,
    "15" : 482,
    "16" : 499,
    "17" : 474,
    "18" : 483,
    "19" : 450,
    "20" : 403,
    "21" : 408,
    "22" : 368,
    "23" : 349,
    "24" : 328,
    "25" : 307,
    "26" : 283,
    "27" : 250,
    "28" : 221,
    "29" : 246,
    "30" : 206,
    "31" : 181,
    "32" : 158,
    "33" : 146,
    "34" : 127,
    "35" : 125,
    "36" : 108,
    "37" : 102,
    "38" : 87,
    "39" : 91,
    "40" : 80,
    "41" : 76,
    "42" : 60,
    "43" : 59,
    "44" : 48,
    "45" : 56,
    "46" : 41,
    "47" : 42,
    "48" : 37,
    "49" : 28,
    "50" : 43,
    "51" : 25,
    "52" : 27,
    "53" : 25,
    "54" : 26,
    "55" : 30,
    "56" : 23,
    "57" : 8,
    "58" : 19,
    "59" : 15,
    "60" : 14,
    "61" : 11,
    "62" : 9,
    "63" : 15,
    "64" : 12,
    "65" : 6,
    "66" : 3,
    "67" : 10,
    "68" : 5,
    "69" : 8,
    "70" : 5,
    "71" : 4,
    "72" : 6,
    "73" : 3,
    "74" : 6,
    "75" : 2,
    "76" : 3,
    "77" : 3,
    "78" : 2,
    "80" : 5,
    "81" : 1,
    "82" : 1,
    "83" : 1,
    "84" : 1,
    "85" : 1,
    "86" : 2,
    "87" : 3,
    "88" : 1,
    "90" : 1,
    "92" : 1,
    "96" : 1,
    "97" : 1
  },
  "mean" : 22.33034965034965,
  "stdDev" : 11.798817780016927
}