{
  "distribution" : {
    "129" : 1,
    "3" : 3,
    "4" : 11,
    "5" : 38,
    "6" : 109,
    "7" : 152,
    "8" : 231,
    "9" : 285,
    "10" : 349,
    "11" : 440,
    "12" : 456,
    "13" : 491,
    "14" : 481,
    "15" : 506,
    "16" : 490,
    "17" : 471,
    "18" : 484,
    "19" : 424,
    "20" : 395,
    "21" : 362,
    "22" : 340,
    "23" : 356,
    "24" : 314,
    "25" : 277,
    "26" : 260,
    "27" : 226,
    "28" : 230,
    "29" : 181,
    "30" : 156,
    "31" : 178,
    "32" : 165,
    "33" : 128,
    "34" : 111,
    "35" : 102,
    "36" : 120,
    "37" : 87,
    "38" : 66,
    "39" : 91,
    "40" : 66,
    "41" : 63,
    "42" : 53,
    "43" : 46,
    "44" : 40,
    "45" : 32,
    "46" : 46,
    "47" : 39,
    "48" : 30,
    "49" : 32,
    "50" : 27,
    "51" : 16,
    "52" : 22,
    "53" : 17,
    "54" : 22,
    "55" : 14,
    "56" : 9,
    "57" : 16,
    "58" : 9,
    "59" : 12,
    "60" : 12,
    "61" : 3,
    "62" : 3,
    "63" : 7,
    "64" : 5,
    "65" : 6,
    "66" : 4,
    "67" : 3,
    "68" : 2,
    "70" : 1,
    "71" : 2,
    "72" : 3,
    "73" : 8,
    "74" : 2,
    "76" : 1,
    "77" : 2,
    "78" : 1,
    "79" : 3,
    "81" : 2,
    "83" : 1,
    "85" : 1,
    "87" : 1,
    "89" : 1,
    "90" : 1,
    "93" : 2,
    "113" : 1
  },
  "mean" : 21.284223868954758,
  "stdDev" : 10.996894590342606
}