{
  "distribution" : {
    "2" : 4,
    "3" : 34,
    "4" : 111,
    "5" : 246,
    "6" : 359,
    "7" : 488,
    "8" : 607,
    "9" : 638,
    "10" : 718,
    "11" : 658,
    "12" : 687,
    "13" : 636,
    "14" : 593,
    "15" : 495,
    "16" : 478,
    "17" : 401,
    "18" : 377,
    "19" : 348,
    "20" : 312,
    "21" : 253,
    "22" : 249,
    "23" : 197,
    "24" : 176,
    "25" : 173,
    "26" : 115,
    "27" : 122,
    "28" : 112,
    "29" : 96,
    "30" : 80,
    "31" : 69,
    "32" : 51,
    "33" : 58,
    "34" : 48,
    "35" : 46,
    "36" : 28,
    "37" : 37,
    "38" : 31,
    "39" : 11,
    "40" : 18,
    "41" : 21,
    "42" : 16,
    "43" : 9,
    "44" : 5,
    "45" : 12,
    "46" : 6,
    "47" : 5,
    "48" : 1,
    "49" : 2,
    "50" : 6,
    "51" : 4,
    "52" : 1,
    "53" : 8,
    "54" : 1,
    "55" : 3,
    "56" : 3,
    "57" : 1,
    "58" : 2,
    "59" : 1,
    "61" : 3,
    "62" : 2
  },
  "mean" : 15.192854361370717,
  "stdDev" : 7.85628727100536
}