{
  "distribution" : {
    "2" : 1,
    "3" : 17,
    "4" : 69,
    "5" : 171,
    "6" : 280,
    "7" : 362,
    "8" : 512,
    "9" : 549,
    "10" : 603,
    "11" : 634,
    "12" : 638,
    "13" : 624,
    "14" : 618,
    "15" : 548,
    "16" : 525,
    "17" : 442,
    "18" : 410,
    "19" : 380,
    "20" : 352,
    "21" : 304,
    "22" : 291,
    "23" : 237,
    "24" : 209,
    "25" : 201,
    "26" : 139,
    "27" : 156,
    "28" : 123,
    "29" : 125,
    "30" : 88,
    "31" : 80,
    "32" : 84,
    "33" : 65,
    "34" : 49,
    "35" : 54,
    "36" : 37,
    "37" : 42,
    "38" : 33,
    "39" : 29,
    "40" : 25,
    "41" : 18,
    "42" : 24,
    "43" : 19,
    "44" : 15,
    "45" : 18,
    "46" : 13,
    "47" : 9,
    "48" : 11,
    "49" : 10,
    "50" : 8,
    "51" : 5,
    "52" : 8,
    "53" : 4,
    "54" : 6,
    "55" : 2,
    "56" : 6,
    "57" : 5,
    "58" : 6,
    "59" : 2,
    "60" : 2,
    "61" : 1,
    "62" : 1,
    "63" : 1,
    "64" : 2,
    "65" : 2,
    "66" : 1,
    "73" : 1,
    "75" : 1,
    "78" : 1
  },
  "mean" : 16.52289483896003,
  "stdDev" : 8.558393790916172
}