{
  "distribution" : {
    "2" : 13,
    "3" : 63,
    "4" : 190,
    "5" : 459,
    "6" : 660,
    "7" : 772,
    "8" : 872,
    "9" : 814,
    "10" : 794,
    "11" : 792,
    "12" : 667,
    "13" : 616,
    "14" : 555,
    "15" : 500,
    "16" : 455,
    "17" : 368,
    "18" : 337,
    "19" : 290,
    "20" : 258,
    "21" : 211,
    "22" : 155,
    "23" : 152,
    "24" : 128,
    "25" : 98,
    "26" : 98,
    "27" : 73,
    "28" : 66,
    "29" : 73,
    "30" : 52,
    "31" : 44,
    "32" : 29,
    "33" : 28,
    "34" : 33,
    "35" : 18,
    "36" : 20,
    "37" : 16,
    "38" : 20,
    "39" : 11,
    "40" : 15,
    "41" : 6,
    "42" : 4,
    "43" : 7,
    "44" : 5,
    "45" : 5,
    "46" : 5,
    "47" : 5,
    "48" : 3,
    "49" : 2,
    "50" : 1,
    "51" : 3,
    "52" : 2,
    "54" : 2,
    "56" : 2,
    "58" : 1,
    "59" : 2,
    "76" : 1
  },
  "mean" : 13.132186551375218,
  "stdDev" : 6.985311490985706
}