{
  "distribution" : {
    "1" : 4,
    "2" : 125,
    "3" : 426,
    "4" : 885,
    "5" : 1102,
    "6" : 1193,
    "7" : 1173,
    "8" : 1028,
    "9" : 870,
    "10" : 801,
    "11" : 616,
    "12" : 500,
    "13" : 408,
    "14" : 325,
    "15" : 267,
    "16" : 206,
    "17" : 160,
    "18" : 137,
    "19" : 94,
    "20" : 70,
    "21" : 61,
    "22" : 70,
    "23" : 40,
    "24" : 31,
    "25" : 27,
    "26" : 14,
    "27" : 12,
    "28" : 11,
    "29" : 11,
    "30" : 6,
    "31" : 6,
    "32" : 5,
    "33" : 3,
    "35" : 1,
    "36" : 2,
    "37" : 2,
    "38" : 2,
    "39" : 1,
    "40" : 2,
    "42" : 1,
    "43" : 1,
    "44" : 1
  },
  "mean" : 8.964766355140187,
  "stdDev" : 4.731245332083577
}