{
  "distribution" : {
    "2" : 1,
    "3" : 5,
    "4" : 59,
    "5" : 151,
    "6" : 295,
    "7" : 408,
    "8" : 504,
    "9" : 597,
    "10" : 671,
    "11" : 694,
    "12" : 674,
    "13" : 646,
    "14" : 602,
    "15" : 573,
    "16" : 502,
    "17" : 482,
    "18" : 448,
    "19" : 387,
    "20" : 318,
    "21" : 305,
    "22" : 282,
    "23" : 245,
    "24" : 230,
    "25" : 185,
    "26" : 199,
    "27" : 148,
    "28" : 135,
    "29" : 124,
    "30" : 106,
    "31" : 77,
    "32" : 73,
    "33" : 71,
    "34" : 54,
    "35" : 53,
    "36" : 52,
    "37" : 35,
    "38" : 36,
    "39" : 35,
    "40" : 25,
    "41" : 18,
    "42" : 25,
    "43" : 22,
    "44" : 10,
    "45" : 15,
    "46" : 15,
    "47" : 10,
    "48" : 10,
    "49" : 5,
    "50" : 8,
    "51" : 7,
    "52" : 8,
    "53" : 5,
    "54" : 3,
    "55" : 3,
    "56" : 3,
    "57" : 1,
    "59" : 5,
    "60" : 2,
    "62" : 2,
    "63" : 2,
    "64" : 3,
    "65" : 2,
    "66" : 2,
    "67" : 1,
    "68" : 4,
    "69" : 2,
    "71" : 3,
    "74" : 1,
    "82" : 1,
    "87" : 1,
    "92" : 1,
    "101" : 1,
    "105" : 1
  },
  "mean" : 16.53484891009449,
  "stdDev" : 8.721957141345447
}