{
  "distribution" : {
    "3" : 5,
    "4" : 37,
    "5" : 95,
    "6" : 149,
    "7" : 263,
    "8" : 339,
    "9" : 436,
    "10" : 476,
    "11" : 494,
    "12" : 590,
    "13" : 582,
    "14" : 551,
    "15" : 551,
    "16" : 538,
    "17" : 517,
    "18" : 434,
    "19" : 484,
    "20" : 415,
    "21" : 363,
    "22" : 361,
    "23" : 299,
    "24" : 289,
    "25" : 234,
    "26" : 232,
    "27" : 172,
    "28" : 176,
    "29" : 163,
    "30" : 142,
    "31" : 134,
    "32" : 111,
    "33" : 92,
    "34" : 81,
    "35" : 78,
    "36" : 65,
    "37" : 82,
    "38" : 62,
    "39" : 49,
    "40" : 52,
    "41" : 48,
    "42" : 36,
    "43" : 33,
    "44" : 26,
    "45" : 28,
    "46" : 21,
    "47" : 23,
    "48" : 20,
    "49" : 21,
    "50" : 22,
    "51" : 9,
    "52" : 13,
    "53" : 10,
    "54" : 10,
    "55" : 8,
    "56" : 12,
    "57" : 11,
    "58" : 4,
    "59" : 3,
    "60" : 4,
    "61" : 3,
    "62" : 5,
    "63" : 8,
    "64" : 3,
    "65" : 2,
    "67" : 3,
    "68" : 1,
    "69" : 2,
    "70" : 3,
    "71" : 2,
    "72" : 1,
    "73" : 2,
    "74" : 2,
    "75" : 2,
    "76" : 2,
    "77" : 1,
    "78" : 1,
    "81" : 3,
    "82" : 1,
    "83" : 1,
    "86" : 1,
    "87" : 1,
    "92" : 1,
    "94" : 1
  },
  "mean" : 19.043933251626285,
  "stdDev" : 10.006680434555868
}