{
  "distribution" : {
    "3" : 19,
    "4" : 42,
    "5" : 119,
    "6" : 200,
    "7" : 299,
    "8" : 424,
    "9" : 496,
    "10" : 629,
    "11" : 624,
    "12" : 627,
    "13" : 600,
    "14" : 555,
    "15" : 563,
    "16" : 499,
    "17" : 472,
    "18" : 448,
    "19" : 398,
    "20" : 362,
    "21" : 280,
    "22" : 322,
    "23" : 250,
    "24" : 230,
    "25" : 224,
    "26" : 190,
    "27" : 191,
    "28" : 146,
    "29" : 142,
    "30" : 120,
    "31" : 119,
    "32" : 91,
    "33" : 83,
    "34" : 58,
    "35" : 63,
    "36" : 56,
    "37" : 50,
    "38" : 46,
    "39" : 28,
    "40" : 39,
    "41" : 31,
    "42" : 31,
    "43" : 29,
    "44" : 35,
    "45" : 15,
    "46" : 12,
    "47" : 27,
    "48" : 7,
    "49" : 14,
    "50" : 6,
    "51" : 9,
    "52" : 9,
    "53" : 11,
    "54" : 3,
    "55" : 5,
    "56" : 4,
    "57" : 3,
    "58" : 4,
    "59" : 6,
    "60" : 3,
    "62" : 3,
    "63" : 3,
    "64" : 1,
    "65" : 1,
    "66" : 2,
    "67" : 3,
    "68" : 3,
    "69" : 1,
    "74" : 3,
    "78" : 2,
    "81" : 1
  },
  "mean" : 17.602829371571552,
  "stdDev" : 9.154748510490329
}