{
  "distribution" : {
    "2" : 1,
    "3" : 17,
    "4" : 82,
    "5" : 197,
    "6" : 335,
    "7" : 431,
    "8" : 545,
    "9" : 565,
    "10" : 623,
    "11" : 631,
    "12" : 665,
    "13" : 627,
    "14" : 590,
    "15" : 510,
    "16" : 467,
    "17" : 449,
    "18" : 418,
    "19" : 353,
    "20" : 318,
    "21" : 284,
    "22" : 240,
    "23" : 215,
    "24" : 196,
    "25" : 182,
    "26" : 173,
    "27" : 127,
    "28" : 138,
    "29" : 113,
    "30" : 102,
    "31" : 88,
    "32" : 71,
    "33" : 63,
    "34" : 59,
    "35" : 54,
    "36" : 38,
    "37" : 38,
    "38" : 30,
    "39" : 19,
    "40" : 25,
    "41" : 17,
    "42" : 13,
    "43" : 18,
    "44" : 21,
    "45" : 13,
    "46" : 12,
    "47" : 13,
    "48" : 8,
    "49" : 5,
    "50" : 3,
    "51" : 5,
    "52" : 3,
    "53" : 6,
    "55" : 3,
    "56" : 1,
    "57" : 2,
    "58" : 2,
    "59" : 3,
    "61" : 1,
    "62" : 1,
    "63" : 2,
    "65" : 1,
    "66" : 1,
    "71" : 1
  },
  "mean" : 16.046804768418994,
  "stdDev" : 8.282386513996803
}