{
  "distribution" : {
    "2" : 32,
    "3" : 199,
    "4" : 518,
    "5" : 771,
    "6" : 982,
    "7" : 924,
    "8" : 1035,
    "9" : 857,
    "10" : 813,
    "11" : 664,
    "12" : 592,
    "13" : 517,
    "14" : 402,
    "15" : 355,
    "16" : 287,
    "17" : 209,
    "18" : 185,
    "19" : 184,
    "20" : 144,
    "21" : 100,
    "22" : 94,
    "23" : 85,
    "24" : 61,
    "25" : 51,
    "26" : 32,
    "27" : 36,
    "28" : 23,
    "29" : 23,
    "30" : 16,
    "31" : 12,
    "32" : 12,
    "33" : 6,
    "34" : 9,
    "35" : 10,
    "36" : 1,
    "37" : 2,
    "39" : 2,
    "40" : 1,
    "41" : 2,
    "42" : 1,
    "43" : 1,
    "44" : 1
  },
  "mean" : 10.487757291971516,
  "stdDev" : 5.417363354181941
}