{
  "distribution" : {
    "2" : 11,
    "3" : 86,
    "4" : 267,
    "5" : 454,
    "6" : 654,
    "7" : 767,
    "8" : 828,
    "9" : 849,
    "10" : 833,
    "11" : 798,
    "12" : 772,
    "13" : 644,
    "14" : 573,
    "15" : 513,
    "16" : 399,
    "17" : 369,
    "18" : 342,
    "19" : 274,
    "20" : 247,
    "21" : 220,
    "22" : 197,
    "23" : 145,
    "24" : 114,
    "25" : 127,
    "26" : 110,
    "27" : 99,
    "28" : 69,
    "29" : 58,
    "30" : 42,
    "31" : 50,
    "32" : 45,
    "33" : 26,
    "34" : 23,
    "35" : 15,
    "36" : 15,
    "37" : 13,
    "38" : 22,
    "39" : 20,
    "40" : 6,
    "41" : 7,
    "42" : 6,
    "43" : 8,
    "44" : 5,
    "45" : 5,
    "46" : 7,
    "47" : 3,
    "48" : 3,
    "49" : 1,
    "50" : 3,
    "51" : 1,
    "52" : 2,
    "53" : 1,
    "54" : 2,
    "55" : 1,
    "56" : 2,
    "57" : 3,
    "60" : 1,
    "63" : 1,
    "65" : 1,
    "67" : 1,
    "68" : 1,
    "69" : 1
  },
  "mean" : 13.117272890163052,
  "stdDev" : 7.070595735565664
}