{
  "distribution" : {
    "2" : 10,
    "3" : 111,
    "4" : 336,
    "5" : 557,
    "6" : 745,
    "7" : 787,
    "8" : 908,
    "9" : 896,
    "10" : 851,
    "11" : 797,
    "12" : 680,
    "13" : 649,
    "14" : 534,
    "15" : 442,
    "16" : 377,
    "17" : 323,
    "18" : 283,
    "19" : 241,
    "20" : 194,
    "21" : 150,
    "22" : 157,
    "23" : 126,
    "24" : 93,
    "25" : 94,
    "26" : 78,
    "27" : 59,
    "28" : 37,
    "29" : 41,
    "30" : 27,
    "31" : 31,
    "32" : 23,
    "33" : 17,
    "34" : 24,
    "35" : 11,
    "36" : 18,
    "37" : 12,
    "38" : 9,
    "39" : 7,
    "40" : 6,
    "41" : 3,
    "42" : 5,
    "43" : 3,
    "44" : 5,
    "45" : 5,
    "46" : 4,
    "47" : 1,
    "48" : 2,
    "49" : 2,
    "50" : 1,
    "51" : 1,
    "52" : 1,
    "55" : 1,
    "57" : 2,
    "63" : 1,
    "68" : 1
  },
  "mean" : 12.13247982187587,
  "stdDev" : 6.426344597175303
}