{
  "distribution" : {
    "2" : 9,
    "3" : 38,
    "4" : 154,
    "5" : 272,
    "6" : 463,
    "7" : 584,
    "8" : 672,
    "9" : 693,
    "10" : 763,
    "11" : 731,
    "12" : 678,
    "13" : 647,
    "14" : 588,
    "15" : 502,
    "16" : 447,
    "17" : 430,
    "18" : 347,
    "19" : 334,
    "20" : 290,
    "21" : 236,
    "22" : 227,
    "23" : 164,
    "24" : 199,
    "25" : 150,
    "26" : 117,
    "27" : 100,
    "28" : 78,
    "29" : 90,
    "30" : 66,
    "31" : 59,
    "32" : 46,
    "33" : 42,
    "34" : 37,
    "35" : 31,
    "36" : 30,
    "37" : 22,
    "38" : 25,
    "39" : 22,
    "40" : 10,
    "41" : 15,
    "42" : 11,
    "43" : 19,
    "44" : 11,
    "45" : 9,
    "46" : 5,
    "47" : 7,
    "49" : 1,
    "50" : 2,
    "51" : 2,
    "52" : 2,
    "53" : 1,
    "54" : 6,
    "55" : 2,
    "56" : 1,
    "57" : 1,
    "59" : 1,
    "60" : 2,
    "61" : 1,
    "62" : 1,
    "63" : 1
  },
  "mean" : 14.482466171145417,
  "stdDev" : 7.56874069304758
}