{
  "distribution" : {
    "3" : 8,
    "4" : 61,
    "5" : 119,
    "6" : 202,
    "7" : 289,
    "8" : 416,
    "9" : 491,
    "10" : 513,
    "11" : 564,
    "12" : 587,
    "13" : 537,
    "14" : 574,
    "15" : 565,
    "16" : 502,
    "17" : 546,
    "18" : 413,
    "19" : 425,
    "20" : 358,
    "21" : 323,
    "22" : 283,
    "23" : 299,
    "24" : 264,
    "25" : 211,
    "26" : 182,
    "27" : 195,
    "28" : 189,
    "29" : 151,
    "30" : 124,
    "31" : 123,
    "32" : 98,
    "33" : 87,
    "34" : 80,
    "35" : 84,
    "36" : 58,
    "37" : 62,
    "38" : 43,
    "39" : 33,
    "40" : 33,
    "41" : 35,
    "42" : 33,
    "43" : 32,
    "44" : 20,
    "45" : 16,
    "46" : 16,
    "47" : 15,
    "48" : 16,
    "49" : 11,
    "50" : 13,
    "51" : 12,
    "52" : 13,
    "53" : 12,
    "54" : 8,
    "55" : 6,
    "56" : 4,
    "57" : 7,
    "58" : 7,
    "59" : 7,
    "60" : 5,
    "61" : 1,
    "62" : 3,
    "63" : 1,
    "64" : 3,
    "65" : 4,
    "66" : 1,
    "67" : 1,
    "68" : 1,
    "69" : 2,
    "71" : 1,
    "74" : 1,
    "75" : 1,
    "79" : 1,
    "80" : 1,
    "93" : 1
  },
  "mean" : 18.06036720176872,
  "stdDev" : 9.398380743695663
}