{
  "distribution" : {
    "2" : 2,
    "3" : 33,
    "4" : 117,
    "5" : 217,
    "6" : 388,
    "7" : 519,
    "8" : 599,
    "9" : 685,
    "10" : 751,
    "11" : 681,
    "12" : 656,
    "13" : 631,
    "14" : 611,
    "15" : 538,
    "16" : 523,
    "17" : 431,
    "18" : 391,
    "19" : 355,
    "20" : 327,
    "21" : 252,
    "22" : 238,
    "23" : 225,
    "24" : 182,
    "25" : 157,
    "26" : 131,
    "27" : 140,
    "28" : 140,
    "29" : 107,
    "30" : 90,
    "31" : 82,
    "32" : 58,
    "33" : 71,
    "34" : 58,
    "35" : 54,
    "36" : 33,
    "37" : 24,
    "38" : 31,
    "39" : 14,
    "40" : 23,
    "41" : 16,
    "42" : 5,
    "43" : 10,
    "44" : 16,
    "45" : 11,
    "46" : 9,
    "47" : 9,
    "48" : 12,
    "49" : 8,
    "50" : 4,
    "51" : 6,
    "52" : 11,
    "53" : 6,
    "54" : 5,
    "55" : 4,
    "56" : 3,
    "57" : 1,
    "61" : 3,
    "62" : 1,
    "63" : 1,
    "64" : 2,
    "70" : 1
  },
  "mean" : 15.448407881221403,
  "stdDev" : 8.155936951704382
}