{
  "distribution" : {
    "1" : 2,
    "2" : 45,
    "3" : 191,
    "4" : 396,
    "5" : 671,
    "6" : 798,
    "7" : 912,
    "8" : 994,
    "9" : 938,
    "10" : 822,
    "11" : 755,
    "12" : 649,
    "13" : 536,
    "14" : 461,
    "15" : 391,
    "16" : 316,
    "17" : 313,
    "18" : 223,
    "19" : 217,
    "20" : 189,
    "21" : 142,
    "22" : 117,
    "23" : 107,
    "24" : 93,
    "25" : 65,
    "26" : 53,
    "27" : 38,
    "28" : 35,
    "29" : 32,
    "30" : 26,
    "31" : 20,
    "32" : 24,
    "33" : 18,
    "34" : 13,
    "35" : 12,
    "36" : 12,
    "37" : 3,
    "38" : 4,
    "39" : 4,
    "40" : 2,
    "41" : 2,
    "42" : 5,
    "43" : 1,
    "45" : 2,
    "48" : 2,
    "51" : 1,
    "55" : 1
  },
  "mean" : 11.304984511405237,
  "stdDev" : 5.953065469415189
}