{
  "distribution" : {
    "1" : 1,
    "2" : 23,
    "3" : 125,
    "4" : 337,
    "5" : 528,
    "6" : 778,
    "7" : 849,
    "8" : 896,
    "9" : 912,
    "10" : 850,
    "11" : 721,
    "12" : 694,
    "13" : 609,
    "14" : 531,
    "15" : 448,
    "16" : 397,
    "17" : 345,
    "18" : 282,
    "19" : 219,
    "20" : 203,
    "21" : 152,
    "22" : 138,
    "23" : 120,
    "24" : 109,
    "25" : 111,
    "26" : 72,
    "27" : 78,
    "28" : 49,
    "29" : 53,
    "30" : 34,
    "31" : 33,
    "32" : 28,
    "33" : 21,
    "34" : 14,
    "35" : 14,
    "36" : 17,
    "37" : 14,
    "38" : 4,
    "39" : 5,
    "40" : 4,
    "41" : 2,
    "42" : 4,
    "43" : 3,
    "44" : 4,
    "45" : 3,
    "46" : 3,
    "47" : 2,
    "48" : 1,
    "49" : 1,
    "50" : 2,
    "51" : 1,
    "54" : 1,
    "57" : 1,
    "58" : 1,
    "63" : 1,
    "67" : 1
  },
  "mean" : 12.140381601990967,
  "stdDev" : 6.451738226627532
}