{
  "distribution" : {
    "2" : 4,
    "3" : 42,
    "4" : 152,
    "5" : 314,
    "6" : 479,
    "7" : 647,
    "8" : 753,
    "9" : 779,
    "10" : 707,
    "11" : 765,
    "12" : 690,
    "13" : 626,
    "14" : 602,
    "15" : 497,
    "16" : 448,
    "17" : 446,
    "18" : 379,
    "19" : 346,
    "20" : 278,
    "21" : 222,
    "22" : 211,
    "23" : 181,
    "24" : 159,
    "25" : 144,
    "26" : 102,
    "27" : 95,
    "28" : 75,
    "29" : 80,
    "30" : 57,
    "31" : 35,
    "32" : 52,
    "33" : 38,
    "34" : 28,
    "35" : 25,
    "36" : 24,
    "37" : 17,
    "38" : 19,
    "39" : 15,
    "40" : 17,
    "41" : 18,
    "42" : 5,
    "43" : 6,
    "44" : 12,
    "45" : 4,
    "46" : 8,
    "47" : 8,
    "48" : 1,
    "49" : 3,
    "50" : 2,
    "51" : 2,
    "52" : 3,
    "53" : 1,
    "54" : 1,
    "55" : 2,
    "56" : 2,
    "57" : 1,
    "58" : 1,
    "59" : 2,
    "61" : 1,
    "67" : 1,
    "71" : 3,
    "77" : 2,
    "81" : 1
  },
  "mean" : 14.110056390977444,
  "stdDev" : 7.4254646033899805
}