{
  "distribution" : {
    "3" : 6,
    "4" : 34,
    "5" : 73,
    "6" : 153,
    "7" : 250,
    "8" : 315,
    "9" : 366,
    "10" : 433,
    "11" : 486,
    "12" : 495,
    "13" : 581,
    "14" : 547,
    "15" : 549,
    "16" : 512,
    "17" : 520,
    "18" : 478,
    "19" : 434,
    "20" : 425,
    "21" : 385,
    "22" : 342,
    "23" : 306,
    "24" : 315,
    "25" : 324,
    "26" : 228,
    "27" : 218,
    "28" : 191,
    "29" : 175,
    "30" : 156,
    "31" : 136,
    "32" : 134,
    "33" : 133,
    "34" : 109,
    "35" : 102,
    "36" : 103,
    "37" : 66,
    "38" : 70,
    "39" : 72,
    "40" : 61,
    "41" : 55,
    "42" : 50,
    "43" : 47,
    "44" : 38,
    "45" : 36,
    "46" : 28,
    "47" : 22,
    "48" : 22,
    "49" : 21,
    "50" : 24,
    "51" : 19,
    "52" : 15,
    "53" : 12,
    "54" : 19,
    "55" : 16,
    "56" : 5,
    "57" : 9,
    "58" : 10,
    "59" : 10,
    "60" : 12,
    "61" : 7,
    "62" : 6,
    "63" : 3,
    "64" : 2,
    "65" : 1,
    "66" : 2,
    "67" : 3,
    "68" : 4,
    "69" : 1,
    "70" : 3,
    "71" : 1,
    "72" : 3,
    "73" : 1,
    "74" : 1,
    "75" : 2,
    "76" : 1,
    "77" : 2,
    "78" : 1,
    "79" : 1,
    "81" : 1,
    "82" : 1,
    "84" : 2,
    "85" : 2,
    "90" : 1,
    "91" : 1,
    "93" : 3,
    "94" : 1,
    "95" : 1,
    "123" : 1
  },
  "mean" : 20.019792822789494,
  "stdDev" : 10.620607998041992
}