{
  "distribution" : {
    "3" : 15,
    "4" : 72,
    "5" : 140,
    "6" : 261,
    "7" : 368,
    "8" : 466,
    "9" : 548,
    "10" : 591,
    "11" : 636,
    "12" : 588,
    "13" : 612,
    "14" : 578,
    "15" : 538,
    "16" : 494,
    "17" : 469,
    "18" : 419,
    "19" : 390,
    "20" : 343,
    "21" : 334,
    "22" : 277,
    "23" : 257,
    "24" : 203,
    "25" : 206,
    "26" : 156,
    "27" : 148,
    "28" : 137,
    "29" : 105,
    "30" : 116,
    "31" : 97,
    "32" : 64,
    "33" : 75,
    "34" : 84,
    "35" : 59,
    "36" : 42,
    "37" : 38,
    "38" : 42,
    "39" : 34,
    "40" : 28,
    "41" : 20,
    "42" : 26,
    "43" : 27,
    "44" : 14,
    "45" : 13,
    "46" : 10,
    "47" : 15,
    "48" : 10,
    "49" : 10,
    "50" : 7,
    "51" : 8,
    "52" : 6,
    "53" : 2,
    "54" : 9,
    "55" : 3,
    "56" : 4,
    "57" : 3,
    "58" : 4,
    "59" : 4,
    "60" : 2,
    "61" : 1,
    "62" : 2,
    "63" : 3,
    "64" : 2,
    "65" : 1,
    "66" : 1,
    "67" : 1,
    "69" : 1,
    "72" : 1
  },
  "mean" : 16.84853515625,
  "stdDev" : 8.698552674859354
}