{
  "distribution" : {
    "2" : 36,
    "3" : 225,
    "4" : 514,
    "5" : 751,
    "6" : 935,
    "7" : 1053,
    "8" : 969,
    "9" : 958,
    "10" : 830,
    "11" : 713,
    "12" : 643,
    "13" : 537,
    "14" : 443,
    "15" : 369,
    "16" : 287,
    "17" : 267,
    "18" : 213,
    "19" : 163,
    "20" : 127,
    "21" : 122,
    "22" : 85,
    "23" : 88,
    "24" : 57,
    "25" : 58,
    "26" : 52,
    "27" : 45,
    "28" : 29,
    "29" : 26,
    "30" : 22,
    "31" : 10,
    "32" : 10,
    "33" : 11,
    "34" : 8,
    "35" : 13,
    "36" : 2,
    "37" : 5,
    "38" : 5,
    "40" : 3,
    "41" : 3,
    "42" : 4,
    "43" : 1,
    "44" : 1,
    "45" : 1,
    "46" : 2,
    "49" : 1,
    "56" : 1
  },
  "mean" : 10.662366797532249,
  "stdDev" : 5.626650922626498
}