{
  "distribution" : {
    "2" : 13,
    "3" : 112,
    "4" : 323,
    "5" : 612,
    "6" : 777,
    "7" : 838,
    "8" : 881,
    "9" : 887,
    "10" : 783,
    "11" : 783,
    "12" : 691,
    "13" : 543,
    "14" : 511,
    "15" : 428,
    "16" : 401,
    "17" : 344,
    "18" : 262,
    "19" : 181,
    "20" : 198,
    "21" : 150,
    "22" : 130,
    "23" : 106,
    "24" : 90,
    "25" : 78,
    "26" : 61,
    "27" : 54,
    "28" : 53,
    "29" : 32,
    "30" : 49,
    "31" : 26,
    "32" : 20,
    "33" : 21,
    "34" : 10,
    "35" : 17,
    "36" : 14,
    "37" : 4,
    "38" : 13,
    "39" : 7,
    "40" : 5,
    "41" : 2,
    "42" : 4,
    "43" : 2,
    "44" : 3,
    "45" : 2,
    "46" : 2,
    "47" : 1,
    "48" : 1,
    "50" : 2,
    "53" : 1,
    "54" : 1
  },
  "mean" : 11.886124038370216,
  "stdDev" : 6.2224351315828015
}