{
  "distribution" : {
    "2" : 4,
    "3" : 32,
    "4" : 106,
    "5" : 184,
    "6" : 325,
    "7" : 419,
    "8" : 532,
    "9" : 597,
    "10" : 661,
    "11" : 631,
    "12" : 695,
    "13" : 637,
    "14" : 561,
    "15" : 615,
    "16" : 523,
    "17" : 473,
    "18" : 418,
    "19" : 407,
    "20" : 302,
    "21" : 323,
    "22" : 291,
    "23" : 271,
    "24" : 230,
    "25" : 206,
    "26" : 191,
    "27" : 166,
    "28" : 141,
    "29" : 118,
    "30" : 120,
    "31" : 89,
    "32" : 90,
    "33" : 74,
    "34" : 53,
    "35" : 51,
    "36" : 45,
    "37" : 50,
    "38" : 45,
    "39" : 25,
    "40" : 36,
    "41" : 33,
    "42" : 31,
    "43" : 17,
    "44" : 21,
    "45" : 21,
    "46" : 10,
    "47" : 16,
    "48" : 13,
    "49" : 7,
    "50" : 7,
    "51" : 6,
    "52" : 5,
    "53" : 5,
    "54" : 5,
    "55" : 3,
    "56" : 2,
    "57" : 3,
    "59" : 4,
    "62" : 4,
    "63" : 5,
    "64" : 1,
    "65" : 1,
    "66" : 2,
    "67" : 1,
    "70" : 3,
    "72" : 1,
    "73" : 1,
    "74" : 1,
    "75" : 1,
    "76" : 1,
    "82" : 1,
    "107" : 1
  },
  "mean" : 16.58295350957156,
  "stdDev" : 8.861208432712967
}