{
  "distribution" : {
    "2" : 20,
    "3" : 182,
    "4" : 436,
    "5" : 633,
    "6" : 926,
    "7" : 923,
    "8" : 983,
    "9" : 892,
    "10" : 839,
    "11" : 723,
    "12" : 620,
    "13" : 526,
    "14" : 451,
    "15" : 398,
    "16" : 308,
    "17" : 238,
    "18" : 223,
    "19" : 195,
    "20" : 155,
    "21" : 118,
    "22" : 100,
    "23" : 80,
    "24" : 82,
    "25" : 63,
    "26" : 50,
    "27" : 49,
    "28" : 30,
    "29" : 29,
    "30" : 20,
    "31" : 28,
    "32" : 9,
    "33" : 6,
    "34" : 13,
    "35" : 4,
    "36" : 9,
    "37" : 4,
    "38" : 4,
    "39" : 5,
    "40" : 1,
    "41" : 3,
    "42" : 2,
    "43" : 2,
    "44" : 2,
    "46" : 2,
    "47" : 1
  },
  "mean" : 11.012034273611246,
  "stdDev" : 5.726041401903935
}