{
  "distribution" : {
    "2" : 12,
    "3" : 89,
    "4" : 290,
    "5" : 485,
    "6" : 729,
    "7" : 804,
    "8" : 849,
    "9" : 832,
    "10" : 880,
    "11" : 748,
    "12" : 701,
    "13" : 633,
    "14" : 517,
    "15" : 468,
    "16" : 380,
    "17" : 325,
    "18" : 269,
    "19" : 253,
    "20" : 212,
    "21" : 158,
    "22" : 161,
    "23" : 125,
    "24" : 111,
    "25" : 84,
    "26" : 85,
    "27" : 60,
    "28" : 42,
    "29" : 58,
    "30" : 42,
    "31" : 30,
    "32" : 31,
    "33" : 23,
    "34" : 18,
    "35" : 9,
    "36" : 19,
    "37" : 11,
    "38" : 8,
    "39" : 8,
    "40" : 7,
    "41" : 8,
    "42" : 3,
    "43" : 2,
    "44" : 4,
    "45" : 1,
    "46" : 4,
    "47" : 4,
    "49" : 5,
    "50" : 1,
    "53" : 1,
    "54" : 1,
    "55" : 1,
    "59" : 1,
    "63" : 1
  },
  "mean" : 12.386400075450345,
  "stdDev" : 6.507232773702279
}