{
  "distribution" : {
    "2" : 1,
    "3" : 10,
    "4" : 48,
    "5" : 87,
    "6" : 169,
    "7" : 271,
    "8" : 363,
    "9" : 470,
    "10" : 501,
    "11" : 549,
    "12" : 591,
    "13" : 548,
    "14" : 609,
    "15" : 507,
    "16" : 495,
    "17" : 465,
    "18" : 447,
    "19" : 416,
    "20" : 366,
    "21" : 327,
    "22" : 339,
    "23" : 272,
    "24" : 272,
    "25" : 245,
    "26" : 208,
    "27" : 170,
    "28" : 189,
    "29" : 155,
    "30" : 141,
    "31" : 110,
    "32" : 123,
    "33" : 92,
    "34" : 80,
    "35" : 88,
    "36" : 78,
    "37" : 60,
    "38" : 59,
    "39" : 49,
    "40" : 44,
    "41" : 40,
    "42" : 44,
    "43" : 18,
    "44" : 26,
    "45" : 17,
    "46" : 16,
    "47" : 17,
    "48" : 20,
    "49" : 13,
    "50" : 18,
    "51" : 19,
    "52" : 12,
    "53" : 8,
    "54" : 10,
    "55" : 10,
    "56" : 2,
    "57" : 4,
    "58" : 4,
    "59" : 1,
    "60" : 5,
    "61" : 2,
    "62" : 3,
    "63" : 4,
    "65" : 3,
    "66" : 1,
    "67" : 1,
    "68" : 3,
    "69" : 2,
    "70" : 2,
    "71" : 1,
    "73" : 1,
    "74" : 1,
    "76" : 1,
    "77" : 2,
    "79" : 1,
    "80" : 1,
    "81" : 1,
    "84" : 1,
    "88" : 1
  },
  "mean" : 18.5543961352657,
  "stdDev" : 9.630164039293282
}