{
  "distribution" : {
    "2" : 8,
    "3" : 63,
    "4" : 244,
    "5" : 420,
    "6" : 577,
    "7" : 735,
    "8" : 766,
    "9" : 828,
    "10" : 807,
    "11" : 734,
    "12" : 717,
    "13" : 587,
    "14" : 556,
    "15" : 483,
    "16" : 397,
    "17" : 368,
    "18" : 276,
    "19" : 235,
    "20" : 203,
    "21" : 220,
    "22" : 143,
    "23" : 131,
    "24" : 121,
    "25" : 91,
    "26" : 86,
    "27" : 66,
    "28" : 69,
    "29" : 46,
    "30" : 44,
    "31" : 41,
    "32" : 30,
    "33" : 20,
    "34" : 20,
    "35" : 17,
    "36" : 12,
    "37" : 13,
    "38" : 21,
    "39" : 7,
    "40" : 8,
    "41" : 3,
    "42" : 10,
    "43" : 5,
    "44" : 5,
    "45" : 1,
    "46" : 5,
    "48" : 5,
    "49" : 2,
    "51" : 1,
    "56" : 1,
    "57" : 1,
    "59" : 1
  },
  "mean" : 12.860780487804877,
  "stdDev" : 6.643099956166697
}