{
  "distribution" : {
    "2" : 69,
    "3" : 286,
    "4" : 684,
    "5" : 989,
    "6" : 1091,
    "7" : 1082,
    "8" : 952,
    "9" : 842,
    "10" : 788,
    "11" : 656,
    "12" : 563,
    "13" : 450,
    "14" : 379,
    "15" : 277,
    "16" : 234,
    "17" : 154,
    "18" : 138,
    "19" : 125,
    "20" : 102,
    "21" : 65,
    "22" : 61,
    "23" : 53,
    "24" : 30,
    "25" : 25,
    "26" : 28,
    "27" : 12,
    "28" : 16,
    "29" : 9,
    "30" : 8,
    "31" : 4,
    "32" : 5,
    "33" : 7,
    "34" : 5,
    "35" : 1,
    "36" : 5,
    "37" : 2,
    "38" : 1,
    "42" : 1,
    "43" : 2,
    "47" : 2
  },
  "mean" : 9.499264922081741,
  "stdDev" : 4.895223943404303
}