{
  "distribution" : {
    "2" : 3,
    "3" : 23,
    "4" : 103,
    "5" : 201,
    "6" : 333,
    "7" : 452,
    "8" : 521,
    "9" : 623,
    "10" : 660,
    "11" : 644,
    "12" : 704,
    "13" : 677,
    "14" : 609,
    "15" : 580,
    "16" : 497,
    "17" : 486,
    "18" : 428,
    "19" : 365,
    "20" : 302,
    "21" : 273,
    "22" : 264,
    "23" : 249,
    "24" : 213,
    "25" : 174,
    "26" : 158,
    "27" : 138,
    "28" : 111,
    "29" : 111,
    "30" : 103,
    "31" : 70,
    "32" : 73,
    "33" : 61,
    "34" : 52,
    "35" : 44,
    "36" : 48,
    "37" : 29,
    "38" : 42,
    "39" : 30,
    "40" : 35,
    "41" : 16,
    "42" : 22,
    "43" : 20,
    "44" : 13,
    "45" : 12,
    "46" : 15,
    "47" : 11,
    "48" : 12,
    "49" : 11,
    "50" : 9,
    "51" : 6,
    "52" : 7,
    "53" : 3,
    "54" : 3,
    "55" : 1,
    "56" : 2,
    "57" : 2,
    "58" : 3,
    "59" : 1,
    "61" : 2,
    "63" : 1,
    "69" : 1,
    "71" : 1,
    "78" : 1,
    "83" : 3,
    "99" : 1
  },
  "mean" : 16.01387326584177,
  "stdDev" : 8.438862160185252
}