{
  "distribution" : {
    "2" : 2,
    "3" : 34,
    "4" : 112,
    "5" : 208,
    "6" : 339,
    "7" : 458,
    "8" : 558,
    "9" : 622,
    "10" : 686,
    "11" : 632,
    "12" : 691,
    "13" : 629,
    "14" : 581,
    "15" : 546,
    "16" : 479,
    "17" : 453,
    "18" : 404,
    "19" : 350,
    "20" : 320,
    "21" : 284,
    "22" : 248,
    "23" : 212,
    "24" : 180,
    "25" : 180,
    "26" : 115,
    "27" : 125,
    "28" : 120,
    "29" : 102,
    "30" : 87,
    "31" : 65,
    "32" : 69,
    "33" : 50,
    "34" : 45,
    "35" : 39,
    "36" : 39,
    "37" : 42,
    "38" : 23,
    "39" : 32,
    "40" : 31,
    "41" : 17,
    "42" : 17,
    "43" : 14,
    "44" : 14,
    "45" : 9,
    "46" : 10,
    "47" : 4,
    "48" : 2,
    "49" : 8,
    "50" : 5,
    "51" : 3,
    "52" : 4,
    "53" : 5,
    "54" : 2,
    "55" : 3,
    "56" : 3,
    "58" : 1,
    "59" : 1,
    "61" : 4,
    "62" : 1,
    "65" : 2,
    "67" : 3
  },
  "mean" : 15.587562960092987,
  "stdDev" : 8.080745296657978
}