{
  "distribution" : {
    "2" : 8,
    "3" : 38,
    "4" : 98,
    "5" : 203,
    "6" : 355,
    "7" : 418,
    "8" : 556,
    "9" : 622,
    "10" : 638,
    "11" : 689,
    "12" : 669,
    "13" : 664,
    "14" : 579,
    "15" : 508,
    "16" : 457,
    "17" : 447,
    "18" : 437,
    "19" : 335,
    "20" : 315,
    "21" : 304,
    "22" : 260,
    "23" : 235,
    "24" : 224,
    "25" : 169,
    "26" : 130,
    "27" : 143,
    "28" : 126,
    "29" : 100,
    "30" : 105,
    "31" : 88,
    "32" : 79,
    "33" : 51,
    "34" : 50,
    "35" : 41,
    "36" : 39,
    "37" : 31,
    "38" : 30,
    "39" : 22,
    "40" : 21,
    "41" : 14,
    "42" : 11,
    "43" : 14,
    "44" : 16,
    "45" : 8,
    "46" : 5,
    "47" : 6,
    "48" : 11,
    "49" : 7,
    "50" : 7,
    "51" : 3,
    "52" : 3,
    "53" : 7,
    "54" : 7,
    "55" : 5,
    "56" : 3,
    "57" : 1,
    "59" : 1,
    "60" : 2,
    "61" : 3,
    "63" : 1,
    "64" : 1,
    "65" : 1,
    "67" : 1,
    "68" : 1,
    "73" : 1,
    "75" : 1,
    "78" : 1
  },
  "mean" : 15.799539612507193,
  "stdDev" : 8.230300441148682
}