{
  "distribution" : {
    "3" : 26,
    "4" : 96,
    "5" : 192,
    "6" : 334,
    "7" : 433,
    "8" : 572,
    "9" : 644,
    "10" : 674,
    "11" : 638,
    "12" : 657,
    "13" : 594,
    "14" : 593,
    "15" : 545,
    "16" : 504,
    "17" : 509,
    "18" : 413,
    "19" : 373,
    "20" : 359,
    "21" : 280,
    "22" : 251,
    "23" : 228,
    "24" : 215,
    "25" : 195,
    "26" : 136,
    "27" : 155,
    "28" : 120,
    "29" : 126,
    "30" : 91,
    "31" : 83,
    "32" : 56,
    "33" : 58,
    "34" : 59,
    "35" : 39,
    "36" : 43,
    "37" : 33,
    "38" : 26,
    "39" : 24,
    "40" : 15,
    "41" : 31,
    "42" : 19,
    "43" : 14,
    "44" : 21,
    "45" : 16,
    "46" : 11,
    "47" : 10,
    "48" : 6,
    "49" : 5,
    "50" : 2,
    "51" : 8,
    "52" : 3,
    "53" : 6,
    "54" : 3,
    "55" : 2,
    "56" : 3,
    "57" : 1,
    "58" : 3,
    "59" : 4,
    "60" : 1,
    "62" : 4,
    "63" : 1,
    "64" : 1,
    "65" : 1,
    "66" : 1,
    "67" : 1,
    "70" : 1,
    "73" : 1,
    "74" : 1,
    "83" : 1,
    "84" : 1,
    "91" : 1
  },
  "mean" : 15.983921308994608,
  "stdDev" : 8.385500355659653
}