{
  "distribution" : {
    "2" : 2,
    "3" : 15,
    "4" : 57,
    "5" : 132,
    "6" : 261,
    "7" : 347,
    "8" : 456,
    "9" : 559,
    "10" : 578,
    "11" : 622,
    "12" : 606,
    "13" : 628,
    "14" : 614,
    "15" : 573,
    "16" : 485,
    "17" : 454,
    "18" : 420,
    "19" : 394,
    "20" : 350,
    "21" : 347,
    "22" : 286,
    "23" : 261,
    "24" : 205,
    "25" : 212,
    "26" : 183,
    "27" : 186,
    "28" : 156,
    "29" : 115,
    "30" : 97,
    "31" : 91,
    "32" : 88,
    "33" : 90,
    "34" : 71,
    "35" : 66,
    "36" : 58,
    "37" : 44,
    "38" : 37,
    "39" : 32,
    "40" : 38,
    "41" : 23,
    "42" : 29,
    "43" : 17,
    "44" : 19,
    "45" : 10,
    "46" : 15,
    "47" : 9,
    "48" : 14,
    "49" : 14,
    "50" : 8,
    "51" : 7,
    "52" : 4,
    "53" : 5,
    "54" : 4,
    "55" : 9,
    "56" : 5,
    "57" : 6,
    "58" : 2,
    "59" : 4,
    "60" : 3,
    "61" : 2,
    "62" : 2,
    "63" : 3,
    "64" : 1,
    "65" : 2,
    "66" : 1,
    "68" : 2,
    "69" : 2,
    "70" : 1,
    "71" : 2,
    "73" : 1,
    "89" : 1,
    "92" : 1
  },
  "mean" : 17.137016468785905,
  "stdDev" : 8.935204254933875
}