{
  "distribution" : {
    "3" : 12,
    "4" : 42,
    "5" : 119,
    "6" : 211,
    "7" : 300,
    "8" : 386,
    "9" : 530,
    "10" : 553,
    "11" : 567,
    "12" : 578,
    "13" : 561,
    "14" : 609,
    "15" : 541,
    "16" : 521,
    "17" : 435,
    "18" : 456,
    "19" : 403,
    "20" : 322,
    "21" : 337,
    "22" : 286,
    "23" : 262,
    "24" : 235,
    "25" : 250,
    "26" : 178,
    "27" : 162,
    "28" : 178,
    "29" : 140,
    "30" : 104,
    "31" : 103,
    "32" : 89,
    "33" : 90,
    "34" : 84,
    "35" : 62,
    "36" : 46,
    "37" : 53,
    "38" : 41,
    "39" : 42,
    "40" : 27,
    "41" : 29,
    "42" : 27,
    "43" : 26,
    "44" : 17,
    "45" : 16,
    "46" : 17,
    "47" : 14,
    "48" : 11,
    "49" : 13,
    "50" : 13,
    "51" : 7,
    "52" : 6,
    "53" : 7,
    "54" : 7,
    "55" : 10,
    "56" : 3,
    "57" : 7,
    "58" : 6,
    "59" : 6,
    "60" : 1,
    "62" : 2,
    "63" : 2,
    "64" : 1,
    "65" : 2,
    "66" : 1,
    "67" : 1,
    "68" : 1,
    "70" : 1,
    "75" : 2,
    "77" : 1,
    "78" : 1,
    "80" : 1,
    "88" : 1
  },
  "mean" : 17.663488943488943,
  "stdDev" : 9.090245973779815
}