{
  "distribution" : {
    "3" : 9,
    "4" : 20,
    "5" : 59,
    "6" : 128,
    "7" : 200,
    "8" : 286,
    "9" : 379,
    "10" : 424,
    "11" : 506,
    "12" : 476,
    "13" : 503,
    "14" : 530,
    "15" : 536,
    "16" : 509,
    "17" : 462,
    "18" : 457,
    "19" : 411,
    "20" : 404,
    "21" : 343,
    "22" : 325,
    "23" : 254,
    "24" : 297,
    "25" : 247,
    "26" : 233,
    "27" : 200,
    "28" : 171,
    "29" : 174,
    "30" : 183,
    "31" : 133,
    "32" : 109,
    "33" : 111,
    "34" : 102,
    "35" : 96,
    "36" : 85,
    "37" : 65,
    "38" : 56,
    "39" : 51,
    "40" : 47,
    "41" : 49,
    "42" : 36,
    "43" : 35,
    "44" : 34,
    "45" : 34,
    "46" : 22,
    "47" : 26,
    "48" : 26,
    "49" : 10,
    "50" : 19,
    "51" : 23,
    "52" : 15,
    "53" : 11,
    "54" : 12,
    "55" : 8,
    "56" : 8,
    "57" : 13,
    "58" : 4,
    "59" : 7,
    "60" : 4,
    "61" : 9,
    "62" : 6,
    "63" : 2,
    "64" : 5,
    "65" : 2,
    "66" : 3,
    "68" : 3,
    "69" : 1,
    "70" : 1,
    "71" : 1,
    "72" : 1,
    "75" : 2,
    "78" : 1,
    "81" : 1,
    "82" : 1,
    "83" : 1,
    "98" : 1
  },
  "mean" : 19.68137352765023,
  "stdDev" : 10.04975614194467
}