{
  "distribution" : {
    "3" : 4,
    "4" : 33,
    "5" : 90,
    "6" : 173,
    "7" : 274,
    "8" : 348,
    "9" : 425,
    "10" : 486,
    "11" : 534,
    "12" : 529,
    "13" : 564,
    "14" : 544,
    "15" : 574,
    "16" : 533,
    "17" : 528,
    "18" : 478,
    "19" : 450,
    "20" : 412,
    "21" : 368,
    "22" : 355,
    "23" : 319,
    "24" : 278,
    "25" : 222,
    "26" : 224,
    "27" : 217,
    "28" : 185,
    "29" : 169,
    "30" : 129,
    "31" : 138,
    "32" : 119,
    "33" : 111,
    "34" : 92,
    "35" : 90,
    "36" : 97,
    "37" : 56,
    "38" : 77,
    "39" : 61,
    "40" : 49,
    "41" : 52,
    "42" : 40,
    "43" : 28,
    "44" : 27,
    "45" : 23,
    "46" : 22,
    "47" : 23,
    "48" : 27,
    "49" : 18,
    "50" : 20,
    "51" : 18,
    "52" : 16,
    "53" : 17,
    "54" : 8,
    "55" : 9,
    "56" : 9,
    "57" : 5,
    "58" : 7,
    "59" : 9,
    "60" : 12,
    "61" : 5,
    "62" : 5,
    "63" : 7,
    "64" : 4,
    "65" : 4,
    "66" : 1,
    "67" : 1,
    "68" : 2,
    "69" : 5,
    "71" : 1,
    "72" : 2,
    "73" : 1,
    "74" : 1,
    "75" : 2,
    "76" : 1,
    "77" : 3,
    "80" : 2,
    "82" : 1,
    "84" : 1,
    "85" : 2,
    "126" : 1
  },
  "mean" : 19.248863320033404,
  "stdDev" : 10.195211132977954
}