{
  "distribution" : {
    "3" : 15,
    "4" : 73,
    "5" : 152,
    "6" : 281,
    "7" : 400,
    "8" : 504,
    "9" : 580,
    "10" : 596,
    "11" : 608,
    "12" : 657,
    "13" : 632,
    "14" : 567,
    "15" : 573,
    "16" : 503,
    "17" : 458,
    "18" : 429,
    "19" : 384,
    "20" : 330,
    "21" : 321,
    "22" : 262,
    "23" : 266,
    "24" : 258,
    "25" : 188,
    "26" : 174,
    "27" : 155,
    "28" : 123,
    "29" : 125,
    "30" : 107,
    "31" : 97,
    "32" : 82,
    "33" : 80,
    "34" : 64,
    "35" : 55,
    "36" : 50,
    "37" : 34,
    "38" : 41,
    "39" : 25,
    "40" : 37,
    "41" : 23,
    "42" : 24,
    "43" : 20,
    "44" : 14,
    "45" : 14,
    "46" : 10,
    "47" : 19,
    "48" : 14,
    "49" : 18,
    "50" : 13,
    "51" : 8,
    "52" : 7,
    "53" : 3,
    "54" : 8,
    "55" : 1,
    "56" : 4,
    "57" : 3,
    "58" : 1,
    "59" : 3,
    "60" : 1,
    "61" : 2,
    "62" : 4,
    "64" : 1,
    "65" : 1,
    "66" : 2,
    "68" : 2,
    "69" : 1,
    "72" : 2,
    "82" : 1
  },
  "mean" : 16.77431018078021,
  "stdDev" : 8.773802169273514
}