{
  "distribution" : {
    "2" : 8,
    "3" : 43,
    "4" : 166,
    "5" : 333,
    "6" : 540,
    "7" : 639,
    "8" : 745,
    "9" : 754,
    "10" : 748,
    "11" : 771,
    "12" : 694,
    "13" : 675,
    "14" : 588,
    "15" : 529,
    "16" : 445,
    "17" : 361,
    "18" : 327,
    "19" : 300,
    "20" : 247,
    "21" : 191,
    "22" : 188,
    "23" : 155,
    "24" : 138,
    "25" : 128,
    "26" : 101,
    "27" : 93,
    "28" : 95,
    "29" : 68,
    "30" : 55,
    "31" : 39,
    "32" : 47,
    "33" : 26,
    "34" : 32,
    "35" : 20,
    "36" : 21,
    "37" : 19,
    "38" : 16,
    "39" : 17,
    "40" : 9,
    "41" : 8,
    "42" : 10,
    "43" : 8,
    "44" : 7,
    "45" : 5,
    "46" : 3,
    "47" : 2,
    "48" : 3,
    "49" : 2,
    "50" : 3,
    "52" : 2,
    "53" : 3,
    "54" : 2,
    "55" : 3,
    "57" : 2,
    "60" : 1,
    "61" : 2,
    "68" : 1,
    "72" : 1
  },
  "mean" : 13.723536737235367,
  "stdDev" : 7.1533588559757355
}