{
  "distribution" : {
    "3" : 5,
    "4" : 38,
    "5" : 83,
    "6" : 157,
    "7" : 252,
    "8" : 307,
    "9" : 385,
    "10" : 451,
    "11" : 482,
    "12" : 518,
    "13" : 511,
    "14" : 526,
    "15" : 482,
    "16" : 500,
    "17" : 452,
    "18" : 470,
    "19" : 394,
    "20" : 417,
    "21" : 345,
    "22" : 332,
    "23" : 301,
    "24" : 275,
    "25" : 286,
    "26" : 223,
    "27" : 228,
    "28" : 204,
    "29" : 179,
    "30" : 173,
    "31" : 148,
    "32" : 141,
    "33" : 118,
    "34" : 96,
    "35" : 94,
    "36" : 88,
    "37" : 83,
    "38" : 70,
    "39" : 51,
    "40" : 49,
    "41" : 46,
    "42" : 42,
    "43" : 27,
    "44" : 38,
    "45" : 27,
    "46" : 35,
    "47" : 26,
    "48" : 18,
    "49" : 20,
    "50" : 18,
    "51" : 12,
    "52" : 17,
    "53" : 12,
    "54" : 14,
    "55" : 12,
    "56" : 10,
    "57" : 11,
    "58" : 8,
    "59" : 9,
    "60" : 2,
    "61" : 6,
    "62" : 3,
    "63" : 2,
    "64" : 3,
    "65" : 2,
    "66" : 1,
    "67" : 1,
    "68" : 2,
    "69" : 1,
    "70" : 2,
    "71" : 2,
    "74" : 1,
    "75" : 1,
    "76" : 3,
    "77" : 1,
    "78" : 1,
    "81" : 1,
    "82" : 2,
    "87" : 1,
    "88" : 1,
    "89" : 1,
    "101" : 1
  },
  "mean" : 19.69634063918123,
  "stdDev" : 10.226547330749304
}