{
  "distribution" : {
    "3" : 5,
    "4" : 25,
    "5" : 56,
    "6" : 127,
    "7" : 209,
    "8" : 260,
    "9" : 362,
    "10" : 382,
    "11" : 470,
    "12" : 483,
    "13" : 476,
    "14" : 520,
    "15" : 518,
    "16" : 507,
    "17" : 490,
    "18" : 484,
    "19" : 419,
    "20" : 404,
    "21" : 383,
    "22" : 371,
    "23" : 321,
    "24" : 282,
    "25" : 276,
    "26" : 264,
    "27" : 254,
    "28" : 203,
    "29" : 191,
    "30" : 170,
    "31" : 148,
    "32" : 150,
    "33" : 115,
    "34" : 112,
    "35" : 104,
    "36" : 88,
    "37" : 79,
    "38" : 70,
    "39" : 67,
    "40" : 58,
    "41" : 64,
    "42" : 37,
    "43" : 59,
    "44" : 45,
    "45" : 30,
    "46" : 39,
    "47" : 27,
    "48" : 20,
    "49" : 25,
    "50" : 23,
    "51" : 24,
    "52" : 21,
    "53" : 15,
    "54" : 21,
    "55" : 11,
    "56" : 13,
    "57" : 10,
    "58" : 11,
    "59" : 8,
    "60" : 5,
    "61" : 4,
    "62" : 3,
    "63" : 8,
    "64" : 4,
    "65" : 3,
    "66" : 3,
    "67" : 4,
    "68" : 2,
    "69" : 3,
    "70" : 3,
    "71" : 5,
    "72" : 3,
    "73" : 2,
    "74" : 2,
    "75" : 1,
    "76" : 2,
    "79" : 1,
    "80" : 2,
    "81" : 1,
    "85" : 1,
    "86" : 2,
    "87" : 1,
    "92" : 1,
    "99" : 1,
    "101" : 1,
    "124" : 1
  },
  "mean" : 20.56038186157518,
  "stdDev" : 10.736175876585849
}