{
  "distribution" : {
    "3" : 8,
    "4" : 60,
    "5" : 132,
    "6" : 266,
    "7" : 397,
    "8" : 497,
    "9" : 513,
    "10" : 601,
    "11" : 603,
    "12" : 619,
    "13" : 624,
    "14" : 574,
    "15" : 509,
    "16" : 514,
    "17" : 471,
    "18" : 413,
    "19" : 393,
    "20" : 367,
    "21" : 300,
    "22" : 271,
    "23" : 237,
    "24" : 224,
    "25" : 179,
    "26" : 173,
    "27" : 152,
    "28" : 144,
    "29" : 114,
    "30" : 91,
    "31" : 70,
    "32" : 86,
    "33" : 76,
    "34" : 75,
    "35" : 71,
    "36" : 65,
    "37" : 35,
    "38" : 31,
    "39" : 27,
    "40" : 34,
    "41" : 23,
    "42" : 15,
    "43" : 29,
    "44" : 24,
    "45" : 20,
    "46" : 13,
    "47" : 12,
    "48" : 15,
    "49" : 4,
    "50" : 13,
    "51" : 8,
    "52" : 4,
    "53" : 2,
    "54" : 5,
    "55" : 3,
    "56" : 6,
    "57" : 3,
    "58" : 4,
    "59" : 3,
    "60" : 2,
    "66" : 1,
    "68" : 3,
    "69" : 1,
    "77" : 1,
    "78" : 1
  },
  "mean" : 16.8442967451862,
  "stdDev" : 8.692751357861745
}