{
  "distribution" : {
    "2" : 3,
    "3" : 52,
    "4" : 191,
    "5" : 327,
    "6" : 519,
    "7" : 653,
    "8" : 719,
    "9" : 763,
    "10" : 768,
    "11" : 722,
    "12" : 748,
    "13" : 663,
    "14" : 583,
    "15" : 513,
    "16" : 450,
    "17" : 395,
    "18" : 389,
    "19" : 327,
    "20" : 289,
    "21" : 221,
    "22" : 218,
    "23" : 161,
    "24" : 160,
    "25" : 136,
    "26" : 108,
    "27" : 81,
    "28" : 87,
    "29" : 75,
    "30" : 63,
    "31" : 57,
    "32" : 42,
    "33" : 36,
    "34" : 20,
    "35" : 29,
    "36" : 17,
    "37" : 20,
    "38" : 23,
    "39" : 19,
    "40" : 16,
    "41" : 8,
    "42" : 8,
    "43" : 10,
    "44" : 6,
    "45" : 8,
    "46" : 8,
    "47" : 4,
    "48" : 7,
    "49" : 1,
    "50" : 3,
    "51" : 2,
    "52" : 4,
    "53" : 2,
    "54" : 2,
    "55" : 4,
    "56" : 1,
    "57" : 1,
    "58" : 3,
    "59" : 1,
    "60" : 2,
    "66" : 1,
    "95" : 1
  },
  "mean" : 14.000558139534883,
  "stdDev" : 7.405936302432734
}