{
  "distribution" : {
    "2" : 7,
    "3" : 55,
    "4" : 180,
    "5" : 277,
    "6" : 467,
    "7" : 567,
    "8" : 676,
    "9" : 754,
    "10" : 763,
    "11" : 769,
    "12" : 657,
    "13" : 652,
    "14" : 634,
    "15" : 544,
    "16" : 429,
    "17" : 401,
    "18" : 364,
    "19" : 340,
    "20" : 255,
    "21" : 246,
    "22" : 241,
    "23" : 182,
    "24" : 176,
    "25" : 126,
    "26" : 104,
    "27" : 101,
    "28" : 82,
    "29" : 73,
    "30" : 55,
    "31" : 65,
    "32" : 49,
    "33" : 47,
    "34" : 32,
    "35" : 24,
    "36" : 26,
    "37" : 16,
    "38" : 19,
    "39" : 13,
    "40" : 12,
    "41" : 14,
    "42" : 17,
    "43" : 10,
    "44" : 9,
    "45" : 13,
    "46" : 3,
    "47" : 6,
    "48" : 3,
    "49" : 6,
    "50" : 3,
    "51" : 4,
    "53" : 1,
    "54" : 4,
    "55" : 1,
    "56" : 1,
    "57" : 1,
    "58" : 1,
    "66" : 1,
    "75" : 1,
    "79" : 2,
    "87" : 1
  },
  "mean" : 14.282744282744282,
  "stdDev" : 7.495719278037001
}