{
  "distribution" : {
    "2" : 3,
    "3" : 29,
    "4" : 115,
    "5" : 238,
    "6" : 415,
    "7" : 530,
    "8" : 711,
    "9" : 702,
    "10" : 751,
    "11" : 687,
    "12" : 662,
    "13" : 670,
    "14" : 577,
    "15" : 505,
    "16" : 506,
    "17" : 450,
    "18" : 411,
    "19" : 317,
    "20" : 293,
    "21" : 268,
    "22" : 226,
    "23" : 212,
    "24" : 184,
    "25" : 137,
    "26" : 113,
    "27" : 112,
    "28" : 100,
    "29" : 92,
    "30" : 75,
    "31" : 64,
    "32" : 51,
    "33" : 43,
    "34" : 46,
    "35" : 37,
    "36" : 35,
    "37" : 27,
    "38" : 25,
    "39" : 23,
    "40" : 19,
    "41" : 12,
    "42" : 10,
    "43" : 20,
    "44" : 11,
    "45" : 5,
    "46" : 5,
    "47" : 11,
    "48" : 7,
    "49" : 7,
    "50" : 5,
    "51" : 4,
    "52" : 4,
    "53" : 3,
    "54" : 2,
    "55" : 1,
    "56" : 3,
    "57" : 1,
    "59" : 3,
    "61" : 1,
    "62" : 2,
    "63" : 1,
    "64" : 1,
    "65" : 2,
    "66" : 1
  },
  "mean" : 14.920910894831334,
  "stdDev" : 7.831424146334891
}