{
  "distribution" : {
    "2" : 1,
    "3" : 55,
    "4" : 179,
    "5" : 303,
    "6" : 483,
    "7" : 674,
    "8" : 685,
    "9" : 809,
    "10" : 730,
    "11" : 751,
    "12" : 683,
    "13" : 669,
    "14" : 600,
    "15" : 545,
    "16" : 511,
    "17" : 391,
    "18" : 357,
    "19" : 325,
    "20" : 270,
    "21" : 246,
    "22" : 187,
    "23" : 165,
    "24" : 129,
    "25" : 152,
    "26" : 120,
    "27" : 97,
    "28" : 76,
    "29" : 71,
    "30" : 55,
    "31" : 43,
    "32" : 46,
    "33" : 37,
    "34" : 28,
    "35" : 32,
    "36" : 32,
    "37" : 20,
    "38" : 16,
    "39" : 13,
    "40" : 21,
    "41" : 9,
    "42" : 5,
    "43" : 15,
    "44" : 7,
    "45" : 6,
    "46" : 4,
    "47" : 8,
    "48" : 3,
    "49" : 4,
    "50" : 2,
    "51" : 1,
    "52" : 2,
    "54" : 2,
    "55" : 3,
    "56" : 2,
    "58" : 1,
    "59" : 2,
    "60" : 1,
    "62" : 2,
    "63" : 2,
    "64" : 2,
    "69" : 1,
    "71" : 1,
    "75" : 1
  },
  "mean" : 14.055082764425325,
  "stdDev" : 7.415256087576919
}