{
  "distribution" : {
    "2" : 10,
    "3" : 49,
    "4" : 132,
    "5" : 276,
    "6" : 488,
    "7" : 610,
    "8" : 669,
    "9" : 699,
    "10" : 726,
    "11" : 750,
    "12" : 658,
    "13" : 592,
    "14" : 594,
    "15" : 539,
    "16" : 440,
    "17" : 454,
    "18" : 352,
    "19" : 323,
    "20" : 299,
    "21" : 247,
    "22" : 213,
    "23" : 200,
    "24" : 178,
    "25" : 164,
    "26" : 130,
    "27" : 108,
    "28" : 79,
    "29" : 84,
    "30" : 71,
    "31" : 62,
    "32" : 45,
    "33" : 41,
    "34" : 43,
    "35" : 37,
    "36" : 33,
    "37" : 22,
    "38" : 14,
    "39" : 19,
    "40" : 21,
    "41" : 16,
    "42" : 11,
    "43" : 8,
    "44" : 5,
    "45" : 7,
    "46" : 13,
    "47" : 5,
    "48" : 2,
    "49" : 5,
    "50" : 2,
    "51" : 2,
    "52" : 2,
    "53" : 3,
    "54" : 5,
    "55" : 3,
    "57" : 1,
    "59" : 1,
    "61" : 2,
    "62" : 2,
    "74" : 1
  },
  "mean" : 14.539888331598373,
  "stdDev" : 7.62556531430258
}