{
  "distribution" : {
    "3" : 16,
    "4" : 37,
    "5" : 103,
    "6" : 204,
    "7" : 279,
    "8" : 378,
    "9" : 482,
    "10" : 532,
    "11" : 565,
    "12" : 611,
    "13" : 588,
    "14" : 598,
    "15" : 569,
    "16" : 517,
    "17" : 476,
    "18" : 446,
    "19" : 387,
    "20" : 357,
    "21" : 316,
    "22" : 314,
    "23" : 277,
    "24" : 255,
    "25" : 232,
    "26" : 202,
    "27" : 194,
    "28" : 181,
    "29" : 139,
    "30" : 130,
    "31" : 114,
    "32" : 115,
    "33" : 94,
    "34" : 74,
    "35" : 75,
    "36" : 63,
    "37" : 62,
    "38" : 51,
    "39" : 45,
    "40" : 47,
    "41" : 31,
    "42" : 37,
    "43" : 31,
    "44" : 24,
    "45" : 27,
    "46" : 15,
    "47" : 16,
    "48" : 15,
    "49" : 17,
    "50" : 10,
    "51" : 8,
    "52" : 9,
    "53" : 9,
    "54" : 6,
    "55" : 6,
    "56" : 6,
    "57" : 3,
    "58" : 3,
    "59" : 7,
    "60" : 5,
    "61" : 5,
    "63" : 1,
    "64" : 3,
    "65" : 1,
    "66" : 3,
    "67" : 1,
    "68" : 2,
    "69" : 2,
    "70" : 1,
    "72" : 2,
    "73" : 1,
    "74" : 1,
    "76" : 1,
    "78" : 1,
    "80" : 1,
    "83" : 1,
    "92" : 1,
    "108" : 1
  },
  "mean" : 18.185266788006516,
  "stdDev" : 9.479749668010985
}