{
  "distribution" : {
    "2" : 1,
    "3" : 12,
    "4" : 57,
    "5" : 149,
    "6" : 289,
    "7" : 346,
    "8" : 495,
    "9" : 574,
    "10" : 575,
    "11" : 674,
    "12" : 643,
    "13" : 637,
    "14" : 589,
    "15" : 559,
    "16" : 524,
    "17" : 465,
    "18" : 422,
    "19" : 405,
    "20" : 320,
    "21" : 308,
    "22" : 265,
    "23" : 237,
    "24" : 236,
    "25" : 175,
    "26" : 164,
    "27" : 149,
    "28" : 145,
    "29" : 123,
    "30" : 122,
    "31" : 106,
    "32" : 87,
    "33" : 64,
    "34" : 61,
    "35" : 57,
    "36" : 50,
    "37" : 33,
    "38" : 37,
    "39" : 28,
    "40" : 24,
    "41" : 34,
    "42" : 27,
    "43" : 17,
    "44" : 18,
    "45" : 19,
    "46" : 18,
    "47" : 8,
    "48" : 10,
    "49" : 12,
    "50" : 14,
    "51" : 10,
    "52" : 9,
    "53" : 3,
    "54" : 11,
    "55" : 1,
    "56" : 4,
    "57" : 3,
    "58" : 5,
    "59" : 2,
    "61" : 2,
    "62" : 2,
    "63" : 3,
    "64" : 2,
    "66" : 1,
    "67" : 2,
    "70" : 1,
    "72" : 1,
    "84" : 1
  },
  "mean" : 16.80989757825213,
  "stdDev" : 8.765394032639131
}