{
  "distribution" : {
    "2" : 47,
    "3" : 207,
    "4" : 475,
    "5" : 734,
    "6" : 933,
    "7" : 1005,
    "8" : 948,
    "9" : 913,
    "10" : 803,
    "11" : 708,
    "12" : 662,
    "13" : 552,
    "14" : 444,
    "15" : 386,
    "16" : 349,
    "17" : 278,
    "18" : 259,
    "19" : 186,
    "20" : 171,
    "21" : 145,
    "22" : 114,
    "23" : 80,
    "24" : 78,
    "25" : 45,
    "26" : 51,
    "27" : 33,
    "28" : 33,
    "29" : 48,
    "30" : 23,
    "31" : 18,
    "32" : 14,
    "33" : 8,
    "34" : 14,
    "35" : 8,
    "36" : 3,
    "37" : 2,
    "38" : 3,
    "39" : 5,
    "40" : 4,
    "41" : 1,
    "42" : 4,
    "43" : 4,
    "44" : 1,
    "45" : 2,
    "46" : 1,
    "47" : 1,
    "49" : 1,
    "53" : 1,
    "55" : 1
  },
  "mean" : 10.979455857856745,
  "stdDev" : 5.8229105914233115
}