{
  "distribution" : {
    "3" : 16,
    "4" : 87,
    "5" : 149,
    "6" : 308,
    "7" : 400,
    "8" : 499,
    "9" : 556,
    "10" : 594,
    "11" : 673,
    "12" : 636,
    "13" : 607,
    "14" : 624,
    "15" : 582,
    "16" : 520,
    "17" : 482,
    "18" : 407,
    "19" : 370,
    "20" : 343,
    "21" : 293,
    "22" : 278,
    "23" : 256,
    "24" : 221,
    "25" : 186,
    "26" : 171,
    "27" : 149,
    "28" : 143,
    "29" : 114,
    "30" : 94,
    "31" : 75,
    "32" : 71,
    "33" : 79,
    "34" : 70,
    "35" : 61,
    "36" : 40,
    "37" : 42,
    "38" : 22,
    "39" : 28,
    "40" : 21,
    "41" : 24,
    "42" : 23,
    "43" : 23,
    "44" : 24,
    "45" : 9,
    "46" : 11,
    "47" : 12,
    "48" : 13,
    "49" : 12,
    "50" : 11,
    "51" : 7,
    "52" : 4,
    "53" : 5,
    "54" : 4,
    "55" : 2,
    "56" : 3,
    "57" : 4,
    "58" : 3,
    "59" : 1,
    "60" : 2,
    "61" : 2,
    "62" : 4,
    "64" : 3,
    "66" : 1,
    "67" : 1,
    "74" : 3,
    "80" : 1,
    "84" : 1,
    "86" : 1
  },
  "mean" : 16.53868905638775,
  "stdDev" : 8.638402638884799
}