{
  "distribution" : {
    "2" : 37,
    "3" : 225,
    "4" : 547,
    "5" : 794,
    "6" : 933,
    "7" : 1051,
    "8" : 1039,
    "9" : 954,
    "10" : 858,
    "11" : 705,
    "12" : 609,
    "13" : 528,
    "14" : 441,
    "15" : 368,
    "16" : 271,
    "17" : 243,
    "18" : 184,
    "19" : 157,
    "20" : 125,
    "21" : 101,
    "22" : 99,
    "23" : 55,
    "24" : 69,
    "25" : 58,
    "26" : 41,
    "27" : 40,
    "28" : 29,
    "29" : 20,
    "30" : 18,
    "31" : 14,
    "32" : 11,
    "33" : 7,
    "34" : 13,
    "35" : 4,
    "36" : 4,
    "37" : 3,
    "38" : 1,
    "39" : 2,
    "41" : 4,
    "42" : 4,
    "43" : 4,
    "45" : 2,
    "47" : 2,
    "52" : 1,
    "55" : 1
  },
  "mean" : 10.466092169351818,
  "stdDev" : 5.517311273402692
}