{
  "distribution" : {
    "2" : 2,
    "3" : 11,
    "4" : 33,
    "5" : 101,
    "6" : 195,
    "7" : 287,
    "8" : 346,
    "9" : 465,
    "10" : 506,
    "11" : 577,
    "12" : 613,
    "13" : 607,
    "14" : 538,
    "15" : 561,
    "16" : 479,
    "17" : 500,
    "18" : 465,
    "19" : 447,
    "20" : 344,
    "21" : 322,
    "22" : 293,
    "23" : 307,
    "24" : 231,
    "25" : 213,
    "26" : 208,
    "27" : 179,
    "28" : 181,
    "29" : 149,
    "30" : 138,
    "31" : 119,
    "32" : 101,
    "33" : 75,
    "34" : 80,
    "35" : 66,
    "36" : 66,
    "37" : 54,
    "38" : 52,
    "39" : 51,
    "40" : 40,
    "41" : 37,
    "42" : 31,
    "43" : 27,
    "44" : 23,
    "45" : 23,
    "46" : 22,
    "47" : 13,
    "48" : 13,
    "49" : 19,
    "50" : 15,
    "51" : 15,
    "52" : 17,
    "53" : 9,
    "54" : 8,
    "55" : 9,
    "56" : 9,
    "57" : 4,
    "58" : 6,
    "59" : 5,
    "60" : 7,
    "61" : 4,
    "62" : 4,
    "63" : 4,
    "64" : 1,
    "65" : 2,
    "66" : 1,
    "67" : 1,
    "69" : 2,
    "71" : 1,
    "73" : 1,
    "74" : 1,
    "75" : 1,
    "81" : 1
  },
  "mean" : 18.279454439930355,
  "stdDev" : 9.482078104393143
}