{
  "distribution" : {
    "3" : 4,
    "4" : 19,
    "5" : 76,
    "6" : 122,
    "7" : 212,
    "8" : 297,
    "9" : 339,
    "10" : 401,
    "11" : 471,
    "12" : 518,
    "13" : 554,
    "14" : 507,
    "15" : 552,
    "16" : 511,
    "17" : 463,
    "18" : 471,
    "19" : 411,
    "20" : 398,
    "21" : 368,
    "22" : 371,
    "23" : 308,
    "24" : 265,
    "25" : 244,
    "26" : 270,
    "27" : 212,
    "28" : 190,
    "29" : 173,
    "30" : 166,
    "31" : 166,
    "32" : 162,
    "33" : 132,
    "34" : 113,
    "35" : 112,
    "36" : 98,
    "37" : 88,
    "38" : 69,
    "39" : 60,
    "40" : 61,
    "41" : 39,
    "42" : 37,
    "43" : 50,
    "44" : 33,
    "45" : 36,
    "46" : 40,
    "47" : 28,
    "48" : 35,
    "49" : 20,
    "50" : 26,
    "51" : 16,
    "52" : 18,
    "53" : 12,
    "54" : 13,
    "55" : 11,
    "56" : 9,
    "57" : 12,
    "58" : 3,
    "59" : 7,
    "60" : 5,
    "61" : 7,
    "62" : 8,
    "63" : 3,
    "64" : 5,
    "65" : 4,
    "66" : 4,
    "67" : 5,
    "68" : 5,
    "69" : 4,
    "70" : 2,
    "71" : 4,
    "72" : 1,
    "73" : 2,
    "74" : 2,
    "75" : 1,
    "77" : 2,
    "78" : 1,
    "79" : 1,
    "80" : 2,
    "83" : 1,
    "84" : 2,
    "86" : 1,
    "90" : 1,
    "97" : 1
  },
  "mean" : 20.29494891626086,
  "stdDev" : 10.596080391884655
}