{
  "distribution" : {
    "3" : 12,
    "4" : 36,
    "5" : 117,
    "6" : 203,
    "7" : 306,
    "8" : 442,
    "9" : 466,
    "10" : 522,
    "11" : 573,
    "12" : 622,
    "13" : 644,
    "14" : 595,
    "15" : 527,
    "16" : 536,
    "17" : 496,
    "18" : 443,
    "19" : 401,
    "20" : 381,
    "21" : 348,
    "22" : 302,
    "23" : 271,
    "24" : 256,
    "25" : 211,
    "26" : 223,
    "27" : 179,
    "28" : 207,
    "29" : 145,
    "30" : 148,
    "31" : 115,
    "32" : 86,
    "33" : 98,
    "34" : 97,
    "35" : 60,
    "36" : 56,
    "37" : 54,
    "38" : 55,
    "39" : 36,
    "40" : 44,
    "41" : 26,
    "42" : 34,
    "43" : 26,
    "44" : 26,
    "45" : 22,
    "46" : 20,
    "47" : 19,
    "48" : 13,
    "49" : 8,
    "50" : 16,
    "51" : 5,
    "52" : 7,
    "53" : 9,
    "54" : 8,
    "55" : 9,
    "56" : 12,
    "57" : 6,
    "58" : 6,
    "59" : 3,
    "60" : 9,
    "61" : 3,
    "62" : 5,
    "63" : 2,
    "64" : 3,
    "65" : 3,
    "66" : 2,
    "67" : 3,
    "68" : 1,
    "69" : 1,
    "70" : 4,
    "73" : 1,
    "75" : 2,
    "77" : 2,
    "78" : 1,
    "79" : 1,
    "80" : 1,
    "93" : 1
  },
  "mean" : 18.104297940374305,
  "stdDev" : 9.524429667708237
}