{
  "distribution" : {
    "2" : 3,
    "3" : 26,
    "4" : 74,
    "5" : 148,
    "6" : 300,
    "7" : 448,
    "8" : 476,
    "9" : 619,
    "10" : 677,
    "11" : 658,
    "12" : 649,
    "13" : 621,
    "14" : 624,
    "15" : 590,
    "16" : 504,
    "17" : 417,
    "18" : 428,
    "19" : 410,
    "20" : 363,
    "21" : 316,
    "22" : 265,
    "23" : 241,
    "24" : 213,
    "25" : 172,
    "26" : 194,
    "27" : 137,
    "28" : 135,
    "29" : 96,
    "30" : 108,
    "31" : 92,
    "32" : 80,
    "33" : 60,
    "34" : 57,
    "35" : 47,
    "36" : 42,
    "37" : 43,
    "38" : 45,
    "39" : 30,
    "40" : 29,
    "41" : 26,
    "42" : 19,
    "43" : 18,
    "44" : 22,
    "45" : 15,
    "46" : 9,
    "47" : 11,
    "48" : 10,
    "49" : 7,
    "50" : 10,
    "51" : 9,
    "52" : 8,
    "53" : 7,
    "54" : 7,
    "55" : 1,
    "56" : 2,
    "57" : 3,
    "59" : 2,
    "60" : 3,
    "61" : 1,
    "62" : 2,
    "63" : 3,
    "64" : 1,
    "65" : 1,
    "66" : 1,
    "67" : 1,
    "69" : 2,
    "70" : 2,
    "72" : 1,
    "77" : 1,
    "84" : 1,
    "96" : 1
  },
  "mean" : 16.433765501691095,
  "stdDev" : 8.650219616602543
}