{
  "distribution" : {
    "2" : 1,
    "3" : 7,
    "4" : 28,
    "5" : 77,
    "6" : 154,
    "7" : 263,
    "8" : 348,
    "9" : 439,
    "10" : 492,
    "11" : 495,
    "12" : 538,
    "13" : 611,
    "14" : 549,
    "15" : 500,
    "16" : 484,
    "17" : 501,
    "18" : 476,
    "19" : 410,
    "20" : 366,
    "21" : 370,
    "22" : 356,
    "23" : 282,
    "24" : 271,
    "25" : 232,
    "26" : 209,
    "27" : 182,
    "28" : 189,
    "29" : 155,
    "30" : 140,
    "31" : 129,
    "32" : 113,
    "33" : 94,
    "34" : 71,
    "35" : 78,
    "36" : 53,
    "37" : 57,
    "38" : 48,
    "39" : 61,
    "40" : 44,
    "41" : 40,
    "42" : 32,
    "43" : 35,
    "44" : 32,
    "45" : 26,
    "46" : 23,
    "47" : 15,
    "48" : 21,
    "49" : 13,
    "50" : 17,
    "51" : 15,
    "52" : 5,
    "53" : 14,
    "54" : 7,
    "55" : 9,
    "56" : 7,
    "57" : 4,
    "58" : 8,
    "59" : 6,
    "60" : 6,
    "61" : 2,
    "62" : 4,
    "63" : 1,
    "64" : 1,
    "65" : 4,
    "66" : 3,
    "67" : 1,
    "68" : 1,
    "69" : 1,
    "71" : 3,
    "75" : 2,
    "78" : 1,
    "80" : 1,
    "81" : 2,
    "82" : 2,
    "85" : 1,
    "87" : 1,
    "95" : 1
  },
  "mean" : 18.80009765625,
  "stdDev" : 9.705819386537776
}