{
  "distribution" : {
    "3" : 9,
    "4" : 27,
    "5" : 67,
    "6" : 142,
    "7" : 254,
    "8" : 324,
    "9" : 395,
    "10" : 469,
    "11" : 518,
    "12" : 510,
    "13" : 532,
    "14" : 556,
    "15" : 504,
    "16" : 492,
    "17" : 499,
    "18" : 466,
    "19" : 418,
    "20" : 380,
    "21" : 387,
    "22" : 333,
    "23" : 323,
    "24" : 255,
    "25" : 270,
    "26" : 224,
    "27" : 172,
    "28" : 182,
    "29" : 169,
    "30" : 151,
    "31" : 141,
    "32" : 111,
    "33" : 112,
    "34" : 98,
    "35" : 87,
    "36" : 89,
    "37" : 73,
    "38" : 56,
    "39" : 63,
    "40" : 61,
    "41" : 46,
    "42" : 45,
    "43" : 29,
    "44" : 32,
    "45" : 26,
    "46" : 22,
    "47" : 24,
    "48" : 28,
    "49" : 23,
    "50" : 15,
    "51" : 16,
    "52" : 15,
    "53" : 11,
    "54" : 17,
    "55" : 7,
    "56" : 7,
    "57" : 12,
    "58" : 9,
    "59" : 4,
    "60" : 3,
    "61" : 5,
    "62" : 3,
    "63" : 3,
    "64" : 8,
    "65" : 3,
    "66" : 3,
    "67" : 1,
    "68" : 1,
    "71" : 1,
    "72" : 2,
    "73" : 1,
    "76" : 1,
    "77" : 3,
    "78" : 1,
    "82" : 2,
    "88" : 1,
    "89" : 1,
    "91" : 1
  },
  "mean" : 19.443145589798085,
  "stdDev" : 10.092060739464618
}