{
  "distribution" : {
    "3" : 7,
    "4" : 38,
    "5" : 95,
    "6" : 180,
    "7" : 281,
    "8" : 373,
    "9" : 459,
    "10" : 513,
    "11" : 537,
    "12" : 541,
    "13" : 585,
    "14" : 558,
    "15" : 564,
    "16" : 516,
    "17" : 491,
    "18" : 456,
    "19" : 400,
    "20" : 373,
    "21" : 346,
    "22" : 295,
    "23" : 281,
    "24" : 301,
    "25" : 250,
    "26" : 236,
    "27" : 180,
    "28" : 177,
    "29" : 143,
    "30" : 121,
    "31" : 128,
    "32" : 111,
    "33" : 92,
    "34" : 79,
    "35" : 70,
    "36" : 80,
    "37" : 63,
    "38" : 57,
    "39" : 56,
    "40" : 47,
    "41" : 38,
    "42" : 48,
    "43" : 24,
    "44" : 37,
    "45" : 32,
    "46" : 29,
    "47" : 21,
    "48" : 23,
    "49" : 18,
    "50" : 15,
    "51" : 6,
    "52" : 8,
    "53" : 8,
    "54" : 7,
    "55" : 9,
    "56" : 3,
    "57" : 6,
    "58" : 3,
    "59" : 3,
    "60" : 4,
    "61" : 3,
    "62" : 3,
    "63" : 5,
    "64" : 1,
    "65" : 2,
    "66" : 3,
    "67" : 1,
    "69" : 3,
    "70" : 2,
    "71" : 1,
    "72" : 1,
    "73" : 1,
    "74" : 1,
    "75" : 1,
    "76" : 2,
    "77" : 1,
    "81" : 1,
    "82" : 3,
    "89" : 1
  },
  "mean" : 18.645343277873398,
  "stdDev" : 9.728462052858001
}