{
  "distribution" : {
    "1" : 2,
    "2" : 72,
    "3" : 304,
    "4" : 552,
    "5" : 869,
    "6" : 978,
    "7" : 1073,
    "8" : 1079,
    "9" : 908,
    "10" : 931,
    "11" : 835,
    "12" : 718,
    "13" : 603,
    "14" : 602,
    "15" : 465,
    "16" : 419,
    "17" : 334,
    "18" : 258,
    "19" : 244,
    "20" : 222,
    "21" : 189,
    "22" : 149,
    "23" : 123,
    "24" : 115,
    "25" : 97,
    "26" : 72,
    "27" : 61,
    "28" : 44,
    "29" : 38,
    "30" : 37,
    "31" : 24,
    "32" : 32,
    "33" : 19,
    "34" : 27,
    "35" : 17,
    "36" : 20,
    "37" : 15,
    "38" : 9,
    "39" : 15,
    "40" : 10,
    "41" : 5,
    "42" : 5,
    "43" : 5,
    "44" : 2,
    "45" : 4,
    "46" : 3,
    "47" : 1,
    "48" : 2,
    "49" : 4,
    "50" : 1,
    "51" : 2,
    "53" : 1,
    "54" : 1,
    "58" : 1,
    "59" : 1,
    "60" : 1,
    "62" : 1,
    "65" : 1
  },
  "mean" : 11.481619394707653,
  "stdDev" : 6.581128018412704
}