{
  "distribution" : {
    "3" : 10,
    "4" : 40,
    "5" : 98,
    "6" : 183,
    "7" : 282,
    "8" : 395,
    "9" : 444,
    "10" : 535,
    "11" : 546,
    "12" : 557,
    "13" : 603,
    "14" : 597,
    "15" : 514,
    "16" : 524,
    "17" : 502,
    "18" : 490,
    "19" : 401,
    "20" : 372,
    "21" : 346,
    "22" : 322,
    "23" : 291,
    "24" : 247,
    "25" : 269,
    "26" : 201,
    "27" : 205,
    "28" : 168,
    "29" : 131,
    "30" : 149,
    "31" : 92,
    "32" : 101,
    "33" : 84,
    "34" : 73,
    "35" : 57,
    "36" : 66,
    "37" : 53,
    "38" : 56,
    "39" : 48,
    "40" : 55,
    "41" : 31,
    "42" : 30,
    "43" : 25,
    "44" : 30,
    "45" : 20,
    "46" : 24,
    "47" : 22,
    "48" : 9,
    "49" : 12,
    "50" : 10,
    "51" : 10,
    "52" : 11,
    "53" : 8,
    "54" : 12,
    "55" : 9,
    "56" : 8,
    "57" : 4,
    "58" : 5,
    "59" : 3,
    "60" : 3,
    "61" : 5,
    "62" : 4,
    "63" : 1,
    "64" : 4,
    "65" : 3,
    "66" : 1,
    "67" : 4,
    "72" : 1,
    "74" : 4,
    "76" : 1,
    "79" : 1,
    "80" : 1,
    "89" : 2,
    "111" : 1,
    "119" : 1
  },
  "mean" : 18.300565838688023,
  "stdDev" : 9.533890736445548
}