{
  "distribution" : {
    "2" : 16,
    "3" : 145,
    "4" : 364,
    "5" : 579,
    "6" : 800,
    "7" : 874,
    "8" : 865,
    "9" : 906,
    "10" : 797,
    "11" : 724,
    "12" : 677,
    "13" : 578,
    "14" : 500,
    "15" : 475,
    "16" : 389,
    "17" : 321,
    "18" : 264,
    "19" : 211,
    "20" : 195,
    "21" : 158,
    "22" : 138,
    "23" : 109,
    "24" : 94,
    "25" : 69,
    "26" : 65,
    "27" : 46,
    "28" : 47,
    "29" : 40,
    "30" : 37,
    "31" : 28,
    "32" : 24,
    "33" : 19,
    "34" : 12,
    "35" : 14,
    "36" : 11,
    "37" : 9,
    "38" : 4,
    "39" : 8,
    "40" : 2,
    "41" : 6,
    "42" : 1,
    "43" : 2,
    "44" : 1,
    "45" : 3,
    "46" : 1,
    "47" : 1,
    "49" : 3,
    "58" : 2,
    "66" : 1,
    "73" : 1
  },
  "mean" : 11.817506581421586,
  "stdDev" : 6.217910798199179
}