{
  "distribution" : {
    "2" : 2,
    "3" : 76,
    "4" : 258,
    "5" : 475,
    "6" : 645,
    "7" : 790,
    "8" : 844,
    "9" : 847,
    "10" : 814,
    "11" : 770,
    "12" : 664,
    "13" : 593,
    "14" : 549,
    "15" : 461,
    "16" : 452,
    "17" : 339,
    "18" : 311,
    "19" : 255,
    "20" : 216,
    "21" : 170,
    "22" : 161,
    "23" : 141,
    "24" : 132,
    "25" : 102,
    "26" : 90,
    "27" : 70,
    "28" : 65,
    "29" : 49,
    "30" : 49,
    "31" : 43,
    "32" : 31,
    "33" : 24,
    "34" : 13,
    "35" : 23,
    "36" : 17,
    "37" : 11,
    "38" : 13,
    "39" : 7,
    "40" : 9,
    "41" : 5,
    "42" : 4,
    "43" : 3,
    "44" : 12,
    "45" : 5,
    "46" : 3,
    "47" : 2,
    "48" : 3,
    "49" : 2,
    "50" : 1,
    "52" : 2,
    "53" : 1,
    "55" : 1,
    "56" : 1,
    "58" : 1
  },
  "mean" : 12.768325962171826,
  "stdDev" : 6.715198036651913
}