{
  "distribution" : {
    "3" : 11,
    "4" : 35,
    "5" : 88,
    "6" : 194,
    "7" : 306,
    "8" : 382,
    "9" : 401,
    "10" : 515,
    "11" : 560,
    "12" : 522,
    "13" : 623,
    "14" : 551,
    "15" : 586,
    "16" : 506,
    "17" : 486,
    "18" : 482,
    "19" : 398,
    "20" : 370,
    "21" : 341,
    "22" : 297,
    "23" : 292,
    "24" : 255,
    "25" : 234,
    "26" : 222,
    "27" : 195,
    "28" : 173,
    "29" : 150,
    "30" : 130,
    "31" : 114,
    "32" : 114,
    "33" : 91,
    "34" : 83,
    "35" : 80,
    "36" : 68,
    "37" : 65,
    "38" : 51,
    "39" : 38,
    "40" : 39,
    "41" : 42,
    "42" : 35,
    "43" : 37,
    "44" : 23,
    "45" : 30,
    "46" : 21,
    "47" : 16,
    "48" : 13,
    "49" : 13,
    "50" : 12,
    "51" : 11,
    "52" : 7,
    "53" : 11,
    "54" : 8,
    "55" : 7,
    "56" : 8,
    "57" : 7,
    "58" : 6,
    "59" : 4,
    "60" : 6,
    "61" : 4,
    "62" : 2,
    "63" : 4,
    "64" : 2,
    "65" : 2,
    "66" : 2,
    "67" : 1,
    "68" : 3,
    "69" : 2,
    "70" : 1,
    "71" : 2,
    "72" : 1,
    "74" : 1,
    "75" : 2,
    "76" : 2,
    "81" : 1,
    "87" : 1,
    "93" : 1
  },
  "mean" : 18.47187229541302,
  "stdDev" : 9.610182069461258
}