{
  "distribution" : {
    "3" : 19,
    "4" : 68,
    "5" : 147,
    "6" : 259,
    "7" : 359,
    "8" : 448,
    "9" : 545,
    "10" : 613,
    "11" : 642,
    "12" : 595,
    "13" : 578,
    "14" : 615,
    "15" : 556,
    "16" : 514,
    "17" : 452,
    "18" : 481,
    "19" : 407,
    "20" : 361,
    "21" : 323,
    "22" : 267,
    "23" : 230,
    "24" : 268,
    "25" : 207,
    "26" : 179,
    "27" : 186,
    "28" : 143,
    "29" : 142,
    "30" : 120,
    "31" : 109,
    "32" : 82,
    "33" : 77,
    "34" : 71,
    "35" : 63,
    "36" : 72,
    "37" : 50,
    "38" : 49,
    "39" : 36,
    "40" : 40,
    "41" : 27,
    "42" : 26,
    "43" : 17,
    "44" : 28,
    "45" : 18,
    "46" : 19,
    "47" : 12,
    "48" : 17,
    "49" : 10,
    "50" : 9,
    "51" : 10,
    "52" : 10,
    "53" : 5,
    "54" : 5,
    "55" : 7,
    "56" : 4,
    "57" : 5,
    "58" : 2,
    "60" : 3,
    "61" : 5,
    "62" : 2,
    "63" : 2,
    "64" : 2,
    "65" : 1,
    "66" : 2,
    "68" : 1,
    "77" : 1,
    "78" : 1,
    "80" : 1,
    "81" : 1,
    "90" : 1,
    "91" : 1
  },
  "mean" : 17.286789612344748,
  "stdDev" : 9.092562006873274
}