{
  "distribution" : {
    "3" : 10,
    "4" : 46,
    "5" : 110,
    "6" : 181,
    "7" : 263,
    "8" : 371,
    "9" : 435,
    "10" : 512,
    "11" : 575,
    "12" : 541,
    "13" : 589,
    "14" : 561,
    "15" : 529,
    "16" : 571,
    "17" : 502,
    "18" : 448,
    "19" : 449,
    "20" : 401,
    "21" : 357,
    "22" : 340,
    "23" : 303,
    "24" : 275,
    "25" : 250,
    "26" : 221,
    "27" : 198,
    "28" : 187,
    "29" : 158,
    "30" : 124,
    "31" : 124,
    "32" : 126,
    "33" : 79,
    "34" : 89,
    "35" : 82,
    "36" : 64,
    "37" : 70,
    "38" : 72,
    "39" : 52,
    "40" : 43,
    "41" : 40,
    "42" : 38,
    "43" : 44,
    "44" : 31,
    "45" : 29,
    "46" : 20,
    "47" : 21,
    "48" : 13,
    "49" : 13,
    "50" : 19,
    "51" : 15,
    "52" : 10,
    "53" : 11,
    "54" : 9,
    "55" : 8,
    "56" : 5,
    "57" : 11,
    "58" : 9,
    "59" : 5,
    "60" : 2,
    "61" : 1,
    "62" : 6,
    "63" : 4,
    "64" : 3,
    "65" : 1,
    "66" : 3,
    "67" : 6,
    "70" : 2,
    "71" : 1,
    "72" : 4,
    "73" : 1,
    "74" : 1,
    "75" : 1,
    "77" : 1,
    "78" : 2,
    "79" : 1,
    "80" : 2,
    "81" : 1,
    "87" : 2,
    "88" : 1,
    "109" : 1
  },
  "mean" : 18.78993087988044,
  "stdDev" : 9.918907795661632
}