{
  "distribution" : {
    "3" : 7,
    "4" : 23,
    "5" : 60,
    "6" : 136,
    "7" : 201,
    "8" : 283,
    "9" : 376,
    "10" : 384,
    "11" : 485,
    "12" : 475,
    "13" : 525,
    "14" : 439,
    "15" : 491,
    "16" : 528,
    "17" : 466,
    "18" : 473,
    "19" : 482,
    "20" : 410,
    "21" : 386,
    "22" : 344,
    "23" : 317,
    "24" : 305,
    "25" : 258,
    "26" : 239,
    "27" : 218,
    "28" : 203,
    "29" : 175,
    "30" : 162,
    "31" : 145,
    "32" : 135,
    "33" : 101,
    "34" : 105,
    "35" : 107,
    "36" : 84,
    "37" : 68,
    "38" : 76,
    "39" : 42,
    "40" : 45,
    "41" : 47,
    "42" : 44,
    "43" : 54,
    "44" : 32,
    "45" : 35,
    "46" : 26,
    "47" : 31,
    "48" : 18,
    "49" : 21,
    "50" : 19,
    "51" : 25,
    "52" : 17,
    "53" : 26,
    "54" : 14,
    "55" : 17,
    "56" : 12,
    "57" : 11,
    "58" : 8,
    "59" : 8,
    "60" : 1,
    "61" : 7,
    "62" : 9,
    "63" : 3,
    "64" : 3,
    "65" : 1,
    "66" : 4,
    "67" : 2,
    "68" : 2,
    "69" : 3,
    "70" : 3,
    "71" : 4,
    "72" : 1,
    "73" : 1,
    "74" : 1,
    "75" : 2,
    "76" : 1,
    "79" : 1,
    "80" : 1,
    "81" : 2,
    "87" : 1,
    "98" : 1,
    "114" : 1
  },
  "mean" : 20.172195738885105,
  "stdDev" : 10.433917244552863
}