{
  "distribution" : {
    "2" : 31,
    "3" : 177,
    "4" : 452,
    "5" : 758,
    "6" : 961,
    "7" : 1042,
    "8" : 993,
    "9" : 904,
    "10" : 826,
    "11" : 735,
    "12" : 588,
    "13" : 570,
    "14" : 449,
    "15" : 355,
    "16" : 317,
    "17" : 276,
    "18" : 221,
    "19" : 192,
    "20" : 160,
    "21" : 115,
    "22" : 96,
    "23" : 97,
    "24" : 75,
    "25" : 47,
    "26" : 42,
    "27" : 38,
    "28" : 40,
    "29" : 19,
    "30" : 27,
    "31" : 19,
    "32" : 17,
    "33" : 14,
    "34" : 6,
    "35" : 6,
    "36" : 9,
    "37" : 6,
    "38" : 5,
    "39" : 4,
    "40" : 2,
    "41" : 6,
    "42" : 4,
    "44" : 1,
    "45" : 1,
    "47" : 1,
    "52" : 2
  },
  "mean" : 10.864001494489072,
  "stdDev" : 5.7349684618064485
}