{
  "distribution" : {
    "2" : 2,
    "3" : 19,
    "4" : 99,
    "5" : 173,
    "6" : 295,
    "7" : 441,
    "8" : 592,
    "9" : 596,
    "10" : 657,
    "11" : 645,
    "12" : 667,
    "13" : 632,
    "14" : 563,
    "15" : 505,
    "16" : 498,
    "17" : 453,
    "18" : 403,
    "19" : 369,
    "20" : 324,
    "21" : 294,
    "22" : 240,
    "23" : 197,
    "24" : 208,
    "25" : 185,
    "26" : 141,
    "27" : 146,
    "28" : 124,
    "29" : 100,
    "30" : 86,
    "31" : 78,
    "32" : 82,
    "33" : 56,
    "34" : 60,
    "35" : 42,
    "36" : 33,
    "37" : 33,
    "38" : 33,
    "39" : 23,
    "40" : 19,
    "41" : 12,
    "42" : 14,
    "43" : 16,
    "44" : 11,
    "45" : 13,
    "46" : 9,
    "47" : 8,
    "48" : 10,
    "49" : 12,
    "50" : 3,
    "51" : 9,
    "52" : 3,
    "53" : 2,
    "54" : 9,
    "55" : 5,
    "56" : 2,
    "57" : 2,
    "58" : 3,
    "60" : 2,
    "62" : 2,
    "63" : 1,
    "65" : 2,
    "70" : 1
  },
  "mean" : 15.89545985970382,
  "stdDev" : 8.216267248200838
}