{
  "distribution" : {
    "2" : 1,
    "3" : 36,
    "4" : 91,
    "5" : 194,
    "6" : 316,
    "7" : 460,
    "8" : 542,
    "9" : 634,
    "10" : 669,
    "11" : 656,
    "12" : 686,
    "13" : 636,
    "14" : 622,
    "15" : 479,
    "16" : 563,
    "17" : 447,
    "18" : 452,
    "19" : 377,
    "20" : 320,
    "21" : 298,
    "22" : 276,
    "23" : 219,
    "24" : 168,
    "25" : 168,
    "26" : 171,
    "27" : 133,
    "28" : 134,
    "29" : 107,
    "30" : 93,
    "31" : 85,
    "32" : 75,
    "33" : 68,
    "34" : 62,
    "35" : 52,
    "36" : 38,
    "37" : 37,
    "38" : 28,
    "39" : 31,
    "40" : 30,
    "41" : 24,
    "42" : 21,
    "43" : 12,
    "44" : 10,
    "45" : 10,
    "46" : 8,
    "47" : 13,
    "48" : 12,
    "49" : 7,
    "50" : 14,
    "51" : 7,
    "52" : 2,
    "53" : 6,
    "54" : 1,
    "55" : 6,
    "56" : 1,
    "57" : 2,
    "58" : 3,
    "59" : 4,
    "60" : 1,
    "62" : 4,
    "63" : 2,
    "66" : 1,
    "67" : 2,
    "71" : 1,
    "72" : 1,
    "79" : 1
  },
  "mean" : 16.027657572906868,
  "stdDev" : 8.430720075363649
}