{
  "distribution" : {
    "3" : 6,
    "4" : 35,
    "5" : 121,
    "6" : 218,
    "7" : 357,
    "8" : 420,
    "9" : 536,
    "10" : 574,
    "11" : 581,
    "12" : 601,
    "13" : 625,
    "14" : 564,
    "15" : 516,
    "16" : 587,
    "17" : 485,
    "18" : 450,
    "19" : 422,
    "20" : 359,
    "21" : 330,
    "22" : 270,
    "23" : 272,
    "24" : 234,
    "25" : 200,
    "26" : 181,
    "27" : 174,
    "28" : 152,
    "29" : 133,
    "30" : 128,
    "31" : 109,
    "32" : 93,
    "33" : 78,
    "34" : 69,
    "35" : 76,
    "36" : 48,
    "37" : 45,
    "38" : 42,
    "39" : 37,
    "40" : 31,
    "41" : 36,
    "42" : 31,
    "43" : 24,
    "44" : 19,
    "45" : 19,
    "46" : 17,
    "47" : 19,
    "48" : 9,
    "49" : 9,
    "50" : 15,
    "51" : 10,
    "52" : 10,
    "53" : 10,
    "54" : 7,
    "55" : 8,
    "56" : 9,
    "57" : 7,
    "58" : 5,
    "59" : 4,
    "60" : 3,
    "62" : 5,
    "63" : 2,
    "64" : 4,
    "66" : 1,
    "67" : 2,
    "69" : 2,
    "70" : 2,
    "71" : 3,
    "72" : 1
  },
  "mean" : 17.579410639112133,
  "stdDev" : 9.169666064337601
}