{
  "distribution" : {
    "2" : 41,
    "3" : 256,
    "4" : 574,
    "5" : 870,
    "6" : 995,
    "7" : 1026,
    "8" : 982,
    "9" : 931,
    "10" : 793,
    "11" : 735,
    "12" : 588,
    "13" : 519,
    "14" : 378,
    "15" : 382,
    "16" : 302,
    "17" : 228,
    "18" : 160,
    "19" : 138,
    "20" : 86,
    "21" : 85,
    "22" : 77,
    "23" : 74,
    "24" : 52,
    "25" : 39,
    "26" : 30,
    "27" : 28,
    "28" : 21,
    "29" : 16,
    "30" : 16,
    "31" : 16,
    "32" : 7,
    "33" : 10,
    "34" : 12,
    "36" : 8,
    "37" : 3,
    "38" : 4,
    "39" : 1,
    "41" : 3,
    "43" : 1,
    "45" : 2,
    "47" : 1,
    "49" : 1,
    "52" : 1
  },
  "mean" : 10.157929851315288,
  "stdDev" : 5.308545995725232
}