{
  "distribution" : {
    "2" : 4,
    "3" : 39,
    "4" : 118,
    "5" : 272,
    "6" : 376,
    "7" : 540,
    "8" : 573,
    "9" : 664,
    "10" : 713,
    "11" : 716,
    "12" : 662,
    "13" : 595,
    "14" : 631,
    "15" : 523,
    "16" : 473,
    "17" : 419,
    "18" : 380,
    "19" : 353,
    "20" : 312,
    "21" : 248,
    "22" : 246,
    "23" : 188,
    "24" : 171,
    "25" : 147,
    "26" : 119,
    "27" : 115,
    "28" : 98,
    "29" : 72,
    "30" : 45,
    "31" : 65,
    "32" : 50,
    "33" : 46,
    "34" : 41,
    "35" : 32,
    "36" : 27,
    "37" : 24,
    "38" : 18,
    "39" : 19,
    "40" : 12,
    "41" : 15,
    "42" : 18,
    "43" : 13,
    "44" : 13,
    "45" : 4,
    "46" : 7,
    "47" : 6,
    "48" : 8,
    "49" : 4,
    "50" : 1,
    "51" : 5,
    "52" : 6,
    "53" : 2,
    "57" : 2,
    "58" : 2,
    "59" : 1,
    "60" : 1,
    "61" : 1,
    "62" : 1,
    "64" : 2,
    "65" : 1,
    "66" : 1,
    "67" : 1,
    "69" : 1
  },
  "mean" : 14.847690508672773,
  "stdDev" : 7.673782950283336
}