{
  "distribution" : {
    "3" : 2,
    "4" : 21,
    "5" : 76,
    "6" : 120,
    "7" : 234,
    "8" : 310,
    "9" : 403,
    "10" : 444,
    "11" : 484,
    "12" : 556,
    "13" : 540,
    "14" : 618,
    "15" : 517,
    "16" : 488,
    "17" : 497,
    "18" : 471,
    "19" : 422,
    "20" : 433,
    "21" : 363,
    "22" : 357,
    "23" : 326,
    "24" : 268,
    "25" : 248,
    "26" : 234,
    "27" : 209,
    "28" : 175,
    "29" : 182,
    "30" : 148,
    "31" : 141,
    "32" : 120,
    "33" : 117,
    "34" : 111,
    "35" : 99,
    "36" : 85,
    "37" : 67,
    "38" : 70,
    "39" : 60,
    "40" : 55,
    "41" : 43,
    "42" : 57,
    "43" : 41,
    "44" : 32,
    "45" : 27,
    "46" : 33,
    "47" : 28,
    "48" : 21,
    "49" : 19,
    "50" : 11,
    "51" : 14,
    "52" : 22,
    "53" : 12,
    "54" : 21,
    "55" : 4,
    "56" : 7,
    "57" : 10,
    "58" : 17,
    "59" : 6,
    "60" : 9,
    "61" : 6,
    "62" : 5,
    "63" : 5,
    "64" : 9,
    "65" : 5,
    "66" : 3,
    "67" : 2,
    "68" : 8,
    "69" : 1,
    "70" : 3,
    "74" : 2,
    "75" : 1,
    "76" : 2,
    "77" : 1,
    "78" : 1,
    "79" : 1,
    "81" : 2,
    "84" : 2,
    "106" : 1
  },
  "mean" : 19.769143398012304,
  "stdDev" : 10.366805170640552
}