{
  "distribution" : {
    "1" : 1,
    "2" : 22,
    "3" : 97,
    "4" : 221,
    "5" : 439,
    "6" : 581,
    "7" : 725,
    "8" : 798,
    "9" : 809,
    "10" : 828,
    "11" : 714,
    "12" : 677,
    "13" : 636,
    "14" : 563,
    "15" : 503,
    "16" : 425,
    "17" : 374,
    "18" : 284,
    "19" : 273,
    "20" : 221,
    "21" : 214,
    "22" : 171,
    "23" : 166,
    "24" : 119,
    "25" : 109,
    "26" : 90,
    "27" : 84,
    "28" : 79,
    "29" : 54,
    "30" : 38,
    "31" : 37,
    "32" : 28,
    "33" : 33,
    "34" : 31,
    "35" : 27,
    "36" : 13,
    "37" : 16,
    "38" : 12,
    "39" : 11,
    "40" : 17,
    "41" : 10,
    "42" : 8,
    "43" : 8,
    "44" : 3,
    "45" : 1,
    "46" : 3,
    "47" : 3,
    "48" : 2,
    "51" : 1,
    "52" : 1,
    "53" : 1,
    "56" : 1,
    "57" : 1,
    "59" : 1,
    "63" : 1
  },
  "mean" : 13.078979688238073,
  "stdDev" : 6.865005777525364
}