{
  "distribution" : {
    "3" : 4,
    "4" : 22,
    "5" : 66,
    "6" : 112,
    "7" : 201,
    "8" : 273,
    "9" : 323,
    "10" : 343,
    "11" : 449,
    "12" : 468,
    "13" : 479,
    "14" : 531,
    "15" : 514,
    "16" : 488,
    "17" : 477,
    "18" : 498,
    "19" : 436,
    "20" : 444,
    "21" : 402,
    "22" : 359,
    "23" : 311,
    "24" : 297,
    "25" : 278,
    "26" : 222,
    "27" : 232,
    "28" : 190,
    "29" : 186,
    "30" : 169,
    "31" : 146,
    "32" : 124,
    "33" : 140,
    "34" : 122,
    "35" : 103,
    "36" : 97,
    "37" : 72,
    "38" : 84,
    "39" : 67,
    "40" : 66,
    "41" : 50,
    "42" : 53,
    "43" : 39,
    "44" : 43,
    "45" : 33,
    "46" : 31,
    "47" : 21,
    "48" : 26,
    "49" : 27,
    "50" : 19,
    "51" : 17,
    "52" : 16,
    "53" : 15,
    "54" : 11,
    "55" : 11,
    "56" : 11,
    "57" : 11,
    "58" : 9,
    "59" : 7,
    "60" : 9,
    "61" : 5,
    "62" : 5,
    "63" : 3,
    "64" : 3,
    "65" : 5,
    "66" : 5,
    "67" : 4,
    "68" : 8,
    "69" : 4,
    "70" : 5,
    "72" : 2,
    "73" : 4,
    "74" : 1,
    "75" : 3,
    "76" : 2,
    "77" : 3,
    "78" : 1,
    "79" : 1,
    "84" : 1,
    "85" : 1,
    "90" : 1,
    "92" : 1,
    "93" : 1,
    "95" : 1,
    "96" : 1,
    "98" : 1
  },
  "mean" : 20.591903931822582,
  "stdDev" : 10.67513815559482
}