{
  "distribution" : {
    "2" : 2,
    "3" : 38,
    "4" : 119,
    "5" : 257,
    "6" : 442,
    "7" : 568,
    "8" : 633,
    "9" : 764,
    "10" : 717,
    "11" : 734,
    "12" : 723,
    "13" : 632,
    "14" : 572,
    "15" : 503,
    "16" : 423,
    "17" : 416,
    "18" : 355,
    "19" : 320,
    "20" : 270,
    "21" : 250,
    "22" : 186,
    "23" : 175,
    "24" : 167,
    "25" : 132,
    "26" : 103,
    "27" : 89,
    "28" : 86,
    "29" : 95,
    "30" : 51,
    "31" : 44,
    "32" : 69,
    "33" : 55,
    "34" : 31,
    "35" : 30,
    "36" : 29,
    "37" : 28,
    "38" : 26,
    "39" : 16,
    "40" : 6,
    "41" : 15,
    "42" : 10,
    "43" : 12,
    "44" : 6,
    "45" : 4,
    "46" : 7,
    "47" : 3,
    "48" : 5,
    "49" : 2,
    "50" : 4,
    "51" : 2,
    "52" : 3,
    "53" : 3,
    "54" : 1,
    "55" : 2,
    "56" : 1,
    "57" : 1,
    "58" : 1,
    "60" : 1,
    "67" : 1,
    "70" : 1
  },
  "mean" : 14.418806757152622,
  "stdDev" : 7.444578681167589
}