{
  "distribution" : {
    "2" : 1,
    "3" : 21,
    "4" : 81,
    "5" : 137,
    "6" : 218,
    "7" : 360,
    "8" : 443,
    "9" : 543,
    "10" : 595,
    "11" : 606,
    "12" : 615,
    "13" : 599,
    "14" : 553,
    "15" : 570,
    "16" : 512,
    "17" : 481,
    "18" : 432,
    "19" : 408,
    "20" : 354,
    "21" : 337,
    "22" : 273,
    "23" : 243,
    "24" : 235,
    "25" : 201,
    "26" : 220,
    "27" : 157,
    "28" : 150,
    "29" : 115,
    "30" : 105,
    "31" : 87,
    "32" : 86,
    "33" : 83,
    "34" : 64,
    "35" : 53,
    "36" : 48,
    "37" : 35,
    "38" : 45,
    "39" : 45,
    "40" : 36,
    "41" : 24,
    "42" : 28,
    "43" : 17,
    "44" : 19,
    "45" : 10,
    "46" : 11,
    "47" : 15,
    "48" : 11,
    "49" : 7,
    "50" : 9,
    "51" : 11,
    "52" : 4,
    "53" : 7,
    "54" : 7,
    "55" : 4,
    "56" : 2,
    "57" : 4,
    "58" : 1,
    "59" : 2,
    "60" : 1,
    "61" : 5,
    "62" : 1,
    "63" : 2,
    "64" : 2,
    "65" : 1,
    "66" : 3,
    "67" : 1,
    "68" : 2,
    "70" : 2,
    "76" : 3,
    "79" : 1,
    "84" : 1,
    "95" : 1
  },
  "mean" : 17.09907389542736,
  "stdDev" : 8.881702308711368
}