{
  "distribution" : {
    "2" : 5,
    "3" : 52,
    "4" : 105,
    "5" : 266,
    "6" : 423,
    "7" : 559,
    "8" : 689,
    "9" : 758,
    "10" : 718,
    "11" : 748,
    "12" : 702,
    "13" : 669,
    "14" : 598,
    "15" : 533,
    "16" : 541,
    "17" : 465,
    "18" : 380,
    "19" : 345,
    "20" : 299,
    "21" : 278,
    "22" : 250,
    "23" : 200,
    "24" : 185,
    "25" : 162,
    "26" : 145,
    "27" : 122,
    "28" : 109,
    "29" : 101,
    "30" : 68,
    "31" : 80,
    "32" : 66,
    "33" : 43,
    "34" : 65,
    "35" : 52,
    "36" : 40,
    "37" : 30,
    "38" : 30,
    "39" : 26,
    "40" : 21,
    "41" : 22,
    "42" : 17,
    "43" : 11,
    "44" : 12,
    "45" : 13,
    "46" : 8,
    "47" : 9,
    "48" : 8,
    "49" : 4,
    "50" : 7,
    "51" : 3,
    "52" : 7,
    "53" : 1,
    "54" : 3,
    "55" : 3,
    "56" : 3,
    "57" : 5,
    "58" : 2,
    "60" : 4,
    "61" : 1,
    "62" : 1,
    "63" : 2,
    "64" : 1,
    "65" : 1,
    "71" : 1,
    "76" : 1
  },
  "mean" : 15.145784437624119,
  "stdDev" : 8.133009774081563
}