{
  "distribution" : {
    "3" : 3,
    "4" : 35,
    "5" : 81,
    "6" : 152,
    "7" : 242,
    "8" : 329,
    "9" : 392,
    "10" : 456,
    "11" : 502,
    "12" : 559,
    "13" : 555,
    "14" : 524,
    "15" : 523,
    "16" : 505,
    "17" : 527,
    "18" : 440,
    "19" : 430,
    "20" : 391,
    "21" : 341,
    "22" : 324,
    "23" : 284,
    "24" : 257,
    "25" : 217,
    "26" : 201,
    "27" : 167,
    "28" : 170,
    "29" : 152,
    "30" : 167,
    "31" : 123,
    "32" : 122,
    "33" : 116,
    "34" : 111,
    "35" : 85,
    "36" : 78,
    "37" : 69,
    "38" : 64,
    "39" : 50,
    "40" : 40,
    "41" : 33,
    "42" : 34,
    "43" : 39,
    "44" : 24,
    "45" : 29,
    "46" : 20,
    "47" : 21,
    "48" : 32,
    "49" : 20,
    "50" : 15,
    "51" : 13,
    "52" : 13,
    "53" : 19,
    "54" : 12,
    "55" : 7,
    "56" : 3,
    "57" : 3,
    "58" : 3,
    "59" : 3,
    "60" : 4,
    "61" : 1,
    "62" : 3,
    "63" : 3,
    "65" : 5,
    "66" : 2,
    "67" : 2,
    "68" : 1,
    "69" : 1,
    "70" : 2,
    "72" : 1,
    "73" : 1,
    "76" : 1,
    "77" : 3,
    "79" : 1,
    "81" : 1,
    "83" : 2,
    "98" : 1
  },
  "mean" : 19.08088958866365,
  "stdDev" : 9.81324234381817
}