{
  "distribution" : {
    "2" : 25,
    "3" : 126,
    "4" : 273,
    "5" : 513,
    "6" : 642,
    "7" : 844,
    "8" : 846,
    "9" : 899,
    "10" : 807,
    "11" : 754,
    "12" : 665,
    "13" : 598,
    "14" : 562,
    "15" : 494,
    "16" : 385,
    "17" : 346,
    "18" : 334,
    "19" : 246,
    "20" : 207,
    "21" : 162,
    "22" : 140,
    "23" : 169,
    "24" : 120,
    "25" : 99,
    "26" : 70,
    "27" : 61,
    "28" : 48,
    "29" : 44,
    "30" : 39,
    "31" : 33,
    "32" : 34,
    "33" : 21,
    "34" : 22,
    "35" : 13,
    "36" : 15,
    "37" : 12,
    "38" : 8,
    "39" : 8,
    "40" : 8,
    "41" : 11,
    "42" : 9,
    "43" : 4,
    "44" : 3,
    "45" : 4,
    "46" : 3,
    "47" : 1,
    "48" : 1,
    "49" : 4,
    "50" : 2,
    "51" : 3,
    "52" : 1,
    "54" : 1,
    "56" : 1
  },
  "mean" : 12.479795158286779,
  "stdDev" : 6.598291022137999
}