{
  "distribution" : {
    "2" : 3,
    "3" : 11,
    "4" : 44,
    "5" : 145,
    "6" : 225,
    "7" : 378,
    "8" : 433,
    "9" : 528,
    "10" : 558,
    "11" : 609,
    "12" : 604,
    "13" : 588,
    "14" : 589,
    "15" : 522,
    "16" : 511,
    "17" : 503,
    "18" : 415,
    "19" : 389,
    "20" : 336,
    "21" : 321,
    "22" : 291,
    "23" : 227,
    "24" : 218,
    "25" : 197,
    "26" : 185,
    "27" : 173,
    "28" : 161,
    "29" : 138,
    "30" : 114,
    "31" : 91,
    "32" : 79,
    "33" : 76,
    "34" : 72,
    "35" : 61,
    "36" : 44,
    "37" : 45,
    "38" : 43,
    "39" : 32,
    "40" : 23,
    "41" : 24,
    "42" : 33,
    "43" : 22,
    "44" : 18,
    "45" : 16,
    "46" : 17,
    "47" : 13,
    "48" : 8,
    "49" : 10,
    "50" : 9,
    "51" : 5,
    "52" : 4,
    "53" : 5,
    "54" : 10,
    "55" : 6,
    "56" : 4,
    "57" : 5,
    "58" : 4,
    "59" : 4,
    "60" : 2,
    "61" : 4,
    "62" : 1,
    "63" : 4,
    "64" : 1,
    "67" : 2,
    "68" : 1,
    "69" : 1,
    "76" : 1,
    "85" : 1
  },
  "mean" : 17.169815014192032,
  "stdDev" : 8.854576276737445
}