{
  "distribution" : {
    "2" : 1,
    "3" : 10,
    "4" : 41,
    "5" : 104,
    "6" : 173,
    "7" : 257,
    "8" : 369,
    "9" : 429,
    "10" : 499,
    "11" : 548,
    "12" : 507,
    "13" : 572,
    "14" : 525,
    "15" : 548,
    "16" : 508,
    "17" : 482,
    "18" : 453,
    "19" : 404,
    "20" : 381,
    "21" : 365,
    "22" : 280,
    "23" : 303,
    "24" : 281,
    "25" : 246,
    "26" : 213,
    "27" : 191,
    "28" : 170,
    "29" : 171,
    "30" : 140,
    "31" : 140,
    "32" : 114,
    "33" : 98,
    "34" : 88,
    "35" : 94,
    "36" : 61,
    "37" : 60,
    "38" : 60,
    "39" : 44,
    "40" : 47,
    "41" : 44,
    "42" : 36,
    "43" : 36,
    "44" : 29,
    "45" : 31,
    "46" : 26,
    "47" : 21,
    "48" : 17,
    "49" : 10,
    "50" : 9,
    "51" : 11,
    "52" : 13,
    "53" : 10,
    "54" : 12,
    "55" : 11,
    "56" : 10,
    "57" : 7,
    "58" : 6,
    "59" : 7,
    "60" : 4,
    "61" : 3,
    "62" : 2,
    "63" : 1,
    "64" : 2,
    "65" : 1,
    "66" : 2,
    "67" : 2,
    "68" : 2,
    "69" : 1,
    "71" : 2,
    "72" : 2,
    "73" : 3,
    "74" : 1,
    "83" : 1,
    "88" : 1,
    "99" : 1
  },
  "mean" : 18.802491790612322,
  "stdDev" : 9.76155938870417
}