{
  "distribution" : {
    "3" : 4,
    "4" : 38,
    "5" : 86,
    "6" : 174,
    "7" : 237,
    "8" : 346,
    "9" : 432,
    "10" : 480,
    "11" : 549,
    "12" : 540,
    "13" : 591,
    "14" : 534,
    "15" : 533,
    "16" : 508,
    "17" : 460,
    "18" : 434,
    "19" : 401,
    "20" : 399,
    "21" : 334,
    "22" : 307,
    "23" : 293,
    "24" : 242,
    "25" : 224,
    "26" : 211,
    "27" : 164,
    "28" : 152,
    "29" : 145,
    "30" : 139,
    "31" : 112,
    "32" : 129,
    "33" : 102,
    "34" : 98,
    "35" : 91,
    "36" : 78,
    "37" : 52,
    "38" : 60,
    "39" : 42,
    "40" : 43,
    "41" : 41,
    "42" : 35,
    "43" : 27,
    "44" : 23,
    "45" : 24,
    "46" : 21,
    "47" : 26,
    "48" : 11,
    "49" : 15,
    "50" : 14,
    "51" : 12,
    "52" : 12,
    "53" : 8,
    "54" : 7,
    "55" : 11,
    "56" : 7,
    "57" : 3,
    "58" : 4,
    "59" : 3,
    "60" : 5,
    "61" : 2,
    "62" : 3,
    "63" : 4,
    "64" : 3,
    "65" : 3,
    "66" : 4,
    "67" : 4,
    "68" : 1,
    "70" : 1,
    "75" : 1,
    "76" : 2,
    "79" : 1
  },
  "mean" : 18.658780439516928,
  "stdDev" : 9.568208837182999
}