{
  "distribution" : {
    "2" : 10,
    "3" : 43,
    "4" : 137,
    "5" : 304,
    "6" : 473,
    "7" : 591,
    "8" : 643,
    "9" : 768,
    "10" : 693,
    "11" : 791,
    "12" : 713,
    "13" : 672,
    "14" : 607,
    "15" : 548,
    "16" : 495,
    "17" : 469,
    "18" : 417,
    "19" : 322,
    "20" : 271,
    "21" : 274,
    "22" : 210,
    "23" : 204,
    "24" : 188,
    "25" : 134,
    "26" : 133,
    "27" : 107,
    "28" : 104,
    "29" : 76,
    "30" : 79,
    "31" : 68,
    "32" : 47,
    "33" : 57,
    "34" : 44,
    "35" : 27,
    "36" : 38,
    "37" : 29,
    "38" : 23,
    "39" : 25,
    "40" : 20,
    "41" : 16,
    "42" : 21,
    "43" : 19,
    "44" : 14,
    "45" : 10,
    "46" : 5,
    "47" : 4,
    "48" : 7,
    "49" : 7,
    "50" : 7,
    "51" : 3,
    "52" : 1,
    "53" : 2,
    "54" : 3,
    "55" : 3,
    "57" : 2,
    "58" : 1,
    "61" : 2,
    "63" : 1,
    "65" : 2,
    "66" : 1,
    "67" : 2,
    "69" : 1,
    "70" : 2
  },
  "mean" : 14.741856232939035,
  "stdDev" : 7.884498396436144
}