{
  "distribution" : {
    "2" : 15,
    "3" : 149,
    "4" : 456,
    "5" : 696,
    "6" : 854,
    "7" : 960,
    "8" : 969,
    "9" : 892,
    "10" : 837,
    "11" : 722,
    "12" : 638,
    "13" : 580,
    "14" : 471,
    "15" : 443,
    "16" : 344,
    "17" : 302,
    "18" : 245,
    "19" : 229,
    "20" : 186,
    "21" : 130,
    "22" : 117,
    "23" : 101,
    "24" : 80,
    "25" : 70,
    "26" : 54,
    "27" : 43,
    "28" : 35,
    "29" : 42,
    "30" : 28,
    "31" : 21,
    "32" : 25,
    "33" : 19,
    "34" : 5,
    "35" : 9,
    "36" : 7,
    "37" : 5,
    "38" : 2,
    "39" : 6,
    "40" : 5,
    "41" : 6,
    "42" : 1,
    "43" : 3,
    "44" : 2,
    "45" : 1,
    "46" : 1,
    "47" : 2,
    "48" : 2,
    "49" : 1,
    "52" : 1,
    "53" : 1,
    "55" : 1,
    "69" : 1
  },
  "mean" : 11.349514563106796,
  "stdDev" : 6.021990056912854
}