{
  "distribution" : {
    "2" : 7,
    "3" : 54,
    "4" : 166,
    "5" : 343,
    "6" : 500,
    "7" : 660,
    "8" : 734,
    "9" : 787,
    "10" : 784,
    "11" : 765,
    "12" : 659,
    "13" : 659,
    "14" : 580,
    "15" : 498,
    "16" : 475,
    "17" : 412,
    "18" : 354,
    "19" : 314,
    "20" : 275,
    "21" : 239,
    "22" : 188,
    "23" : 179,
    "24" : 140,
    "25" : 137,
    "26" : 99,
    "27" : 109,
    "28" : 90,
    "29" : 79,
    "30" : 54,
    "31" : 56,
    "32" : 39,
    "33" : 38,
    "34" : 30,
    "35" : 24,
    "36" : 23,
    "37" : 24,
    "38" : 18,
    "39" : 12,
    "40" : 11,
    "41" : 12,
    "42" : 11,
    "43" : 7,
    "44" : 13,
    "45" : 5,
    "46" : 3,
    "47" : 6,
    "48" : 3,
    "49" : 5,
    "50" : 4,
    "51" : 4,
    "52" : 3,
    "53" : 1,
    "54" : 4,
    "55" : 1,
    "56" : 2,
    "58" : 3,
    "62" : 1,
    "63" : 1,
    "65" : 2
  },
  "mean" : 13.972445357743322,
  "stdDev" : 7.375869054824789
}