{
  "distribution" : {
    "1" : 1,
    "2" : 27,
    "3" : 114,
    "4" : 329,
    "5" : 557,
    "6" : 704,
    "7" : 869,
    "8" : 936,
    "9" : 884,
    "10" : 829,
    "11" : 763,
    "12" : 652,
    "13" : 579,
    "14" : 531,
    "15" : 418,
    "16" : 330,
    "17" : 300,
    "18" : 255,
    "19" : 219,
    "20" : 210,
    "21" : 152,
    "22" : 126,
    "23" : 114,
    "24" : 92,
    "25" : 69,
    "26" : 53,
    "27" : 57,
    "28" : 41,
    "29" : 36,
    "30" : 29,
    "31" : 28,
    "32" : 14,
    "33" : 13,
    "34" : 13,
    "35" : 11,
    "36" : 17,
    "37" : 15,
    "38" : 9,
    "39" : 3,
    "40" : 7,
    "41" : 2,
    "42" : 2,
    "43" : 2,
    "44" : 2,
    "45" : 2,
    "46" : 2,
    "48" : 1,
    "49" : 1,
    "50" : 1,
    "51" : 1,
    "57" : 2,
    "67" : 1
  },
  "mean" : 11.81726618705036,
  "stdDev" : 6.155606390219061
}