{
  "distribution" : {
    "3" : 12,
    "4" : 31,
    "5" : 69,
    "6" : 152,
    "7" : 224,
    "8" : 328,
    "9" : 353,
    "10" : 430,
    "11" : 479,
    "12" : 539,
    "13" : 491,
    "14" : 528,
    "15" : 512,
    "16" : 492,
    "17" : 480,
    "18" : 470,
    "19" : 462,
    "20" : 439,
    "21" : 362,
    "22" : 344,
    "23" : 334,
    "24" : 290,
    "25" : 252,
    "26" : 239,
    "27" : 192,
    "28" : 181,
    "29" : 178,
    "30" : 141,
    "31" : 125,
    "32" : 123,
    "33" : 114,
    "34" : 99,
    "35" : 71,
    "36" : 85,
    "37" : 73,
    "38" : 68,
    "39" : 60,
    "40" : 65,
    "41" : 50,
    "42" : 47,
    "43" : 43,
    "44" : 27,
    "45" : 38,
    "46" : 24,
    "47" : 30,
    "48" : 20,
    "49" : 13,
    "50" : 18,
    "51" : 20,
    "52" : 16,
    "53" : 3,
    "54" : 11,
    "55" : 10,
    "56" : 15,
    "57" : 10,
    "58" : 8,
    "59" : 5,
    "60" : 3,
    "61" : 6,
    "62" : 2,
    "63" : 3,
    "65" : 3,
    "66" : 5,
    "67" : 3,
    "68" : 2,
    "69" : 2,
    "70" : 3,
    "71" : 2,
    "72" : 1,
    "73" : 1,
    "74" : 1,
    "75" : 3,
    "76" : 1,
    "78" : 2,
    "79" : 2,
    "84" : 1,
    "85" : 1,
    "86" : 1,
    "87" : 1,
    "89" : 1,
    "100" : 1
  },
  "mean" : 19.68770539338875,
  "stdDev" : 10.217205970186752
}