{
  "distribution" : {
    "3" : 13,
    "4" : 46,
    "5" : 116,
    "6" : 180,
    "7" : 271,
    "8" : 341,
    "9" : 424,
    "10" : 507,
    "11" : 566,
    "12" : 580,
    "13" : 575,
    "14" : 574,
    "15" : 600,
    "16" : 500,
    "17" : 476,
    "18" : 432,
    "19" : 407,
    "20" : 366,
    "21" : 336,
    "22" : 319,
    "23" : 270,
    "24" : 221,
    "25" : 216,
    "26" : 202,
    "27" : 166,
    "28" : 175,
    "29" : 166,
    "30" : 138,
    "31" : 133,
    "32" : 100,
    "33" : 75,
    "34" : 80,
    "35" : 60,
    "36" : 60,
    "37" : 55,
    "38" : 54,
    "39" : 49,
    "40" : 32,
    "41" : 37,
    "42" : 29,
    "43" : 25,
    "44" : 27,
    "45" : 14,
    "46" : 21,
    "47" : 23,
    "48" : 21,
    "49" : 14,
    "50" : 10,
    "51" : 10,
    "52" : 10,
    "53" : 10,
    "54" : 11,
    "55" : 4,
    "56" : 8,
    "57" : 3,
    "58" : 3,
    "59" : 6,
    "60" : 2,
    "61" : 2,
    "62" : 5,
    "64" : 2,
    "65" : 3,
    "66" : 2,
    "68" : 2,
    "69" : 1,
    "71" : 3,
    "72" : 1,
    "76" : 1,
    "77" : 1,
    "81" : 2,
    "89" : 1
  },
  "mean" : 18.23786169691025,
  "stdDev" : 9.395294059239623
}