{
  "distribution" : {
    "1" : 31,
    "2" : 420,
    "3" : 913,
    "4" : 1309,
    "5" : 1463,
    "6" : 1481,
    "7" : 1340,
    "8" : 1133,
    "9" : 976,
    "10" : 780,
    "11" : 654,
    "12" : 531,
    "13" : 394,
    "14" : 343,
    "15" : 282,
    "16" : 219,
    "17" : 166,
    "18" : 142,
    "19" : 119,
    "20" : 98,
    "21" : 75,
    "22" : 65,
    "23" : 35,
    "24" : 39,
    "25" : 43,
    "26" : 23,
    "27" : 19,
    "28" : 18,
    "29" : 11,
    "30" : 7,
    "31" : 9,
    "32" : 10,
    "33" : 7,
    "34" : 2,
    "35" : 2,
    "36" : 4,
    "37" : 2,
    "38" : 2,
    "44" : 1,
    "45" : 1
  },
  "mean" : 8.369200394866732,
  "stdDev" : 4.899901334341513
}