{
  "distribution" : {
    "4" : 15,
    "5" : 39,
    "6" : 79,
    "7" : 169,
    "8" : 245,
    "9" : 301,
    "10" : 372,
    "11" : 411,
    "12" : 443,
    "13" : 459,
    "14" : 487,
    "15" : 465,
    "16" : 511,
    "17" : 438,
    "18" : 484,
    "19" : 447,
    "20" : 405,
    "21" : 389,
    "22" : 376,
    "23" : 352,
    "24" : 329,
    "25" : 292,
    "26" : 270,
    "27" : 229,
    "28" : 224,
    "29" : 211,
    "30" : 196,
    "31" : 166,
    "32" : 144,
    "33" : 125,
    "34" : 133,
    "35" : 131,
    "36" : 113,
    "37" : 74,
    "38" : 71,
    "39" : 80,
    "40" : 62,
    "41" : 72,
    "42" : 48,
    "43" : 51,
    "44" : 56,
    "45" : 46,
    "46" : 45,
    "47" : 31,
    "48" : 47,
    "49" : 23,
    "50" : 18,
    "51" : 19,
    "52" : 21,
    "53" : 19,
    "54" : 12,
    "55" : 18,
    "56" : 9,
    "57" : 12,
    "58" : 13,
    "59" : 12,
    "60" : 11,
    "61" : 8,
    "62" : 4,
    "63" : 8,
    "64" : 5,
    "65" : 5,
    "66" : 13,
    "67" : 3,
    "68" : 3,
    "69" : 6,
    "70" : 7,
    "71" : 3,
    "72" : 4,
    "73" : 2,
    "74" : 3,
    "75" : 3,
    "76" : 3,
    "77" : 1,
    "79" : 1,
    "80" : 2,
    "81" : 1,
    "82" : 2,
    "84" : 2,
    "88" : 4,
    "89" : 1,
    "94" : 1,
    "95" : 1,
    "106" : 1,
    "112" : 1
  },
  "mean" : 21.558264542138605,
  "stdDev" : 11.226413664788938
}