{
  "distribution" : {
    "2" : 21,
    "3" : 141,
    "4" : 393,
    "5" : 605,
    "6" : 799,
    "7" : 903,
    "8" : 960,
    "9" : 944,
    "10" : 822,
    "11" : 746,
    "12" : 715,
    "13" : 568,
    "14" : 496,
    "15" : 425,
    "16" : 335,
    "17" : 318,
    "18" : 271,
    "19" : 224,
    "20" : 183,
    "21" : 168,
    "22" : 128,
    "23" : 119,
    "24" : 75,
    "25" : 61,
    "26" : 44,
    "27" : 49,
    "28" : 45,
    "29" : 33,
    "30" : 33,
    "31" : 15,
    "32" : 17,
    "33" : 18,
    "34" : 18,
    "35" : 14,
    "36" : 8,
    "37" : 10,
    "38" : 4,
    "39" : 6,
    "40" : 7,
    "41" : 4,
    "42" : 1,
    "43" : 2,
    "44" : 3,
    "45" : 4,
    "46" : 3,
    "47" : 1,
    "48" : 2,
    "49" : 1,
    "50" : 1,
    "51" : 1,
    "55" : 1,
    "56" : 2,
    "57" : 1,
    "67" : 1
  },
  "mean" : 11.612684557526233,
  "stdDev" : 6.148511121626432
}