{
  "distribution" : {
    "2" : 4,
    "3" : 18,
    "4" : 143,
    "5" : 246,
    "6" : 411,
    "7" : 569,
    "8" : 657,
    "9" : 716,
    "10" : 761,
    "11" : 687,
    "12" : 724,
    "13" : 657,
    "14" : 582,
    "15" : 569,
    "16" : 497,
    "17" : 452,
    "18" : 379,
    "19" : 360,
    "20" : 318,
    "21" : 280,
    "22" : 233,
    "23" : 193,
    "24" : 176,
    "25" : 134,
    "26" : 123,
    "27" : 104,
    "28" : 91,
    "29" : 91,
    "30" : 65,
    "31" : 74,
    "32" : 52,
    "33" : 46,
    "34" : 37,
    "35" : 44,
    "36" : 34,
    "37" : 20,
    "38" : 31,
    "39" : 15,
    "40" : 18,
    "41" : 13,
    "42" : 11,
    "43" : 10,
    "44" : 7,
    "45" : 7,
    "46" : 7,
    "47" : 5,
    "48" : 5,
    "49" : 7,
    "50" : 6,
    "51" : 7,
    "52" : 5,
    "53" : 3,
    "54" : 2,
    "55" : 2,
    "57" : 1,
    "58" : 2,
    "60" : 1,
    "61" : 2,
    "62" : 1,
    "63" : 2,
    "64" : 1,
    "65" : 2,
    "66" : 2,
    "68" : 1,
    "73" : 2,
    "78" : 1,
    "81" : 1,
    "84" : 1
  },
  "mean" : 14.862136465324385,
  "stdDev" : 7.853612542313368
}