{
  "distribution" : {
    "65" : 1,
    "2" : 39,
    "3" : 193,
    "4" : 512,
    "5" : 760,
    "6" : 1008,
    "7" : 1068,
    "8" : 986,
    "9" : 992,
    "10" : 865,
    "11" : 763,
    "12" : 676,
    "13" : 549,
    "14" : 434,
    "15" : 381,
    "16" : 304,
    "17" : 259,
    "18" : 202,
    "19" : 157,
    "20" : 138,
    "21" : 135,
    "22" : 82,
    "23" : 81,
    "24" : 48,
    "25" : 54,
    "26" : 42,
    "27" : 35,
    "28" : 30,
    "29" : 23,
    "30" : 29,
    "31" : 16,
    "32" : 10,
    "33" : 16,
    "34" : 14,
    "35" : 12,
    "36" : 8,
    "37" : 7,
    "38" : 3,
    "39" : 5,
    "40" : 5,
    "41" : 2,
    "42" : 3,
    "43" : 3,
    "44" : 3,
    "45" : 3,
    "46" : 1,
    "47" : 1,
    "49" : 1
  },
  "mean" : 10.685190254585272,
  "stdDev" : 5.706676192378337
}