{
  "distribution" : {
    "2" : 1,
    "3" : 7,
    "4" : 28,
    "5" : 76,
    "6" : 152,
    "7" : 268,
    "8" : 347,
    "9" : 403,
    "10" : 488,
    "11" : 546,
    "12" : 509,
    "13" : 517,
    "14" : 556,
    "15" : 564,
    "16" : 533,
    "17" : 486,
    "18" : 476,
    "19" : 424,
    "20" : 382,
    "21" : 378,
    "22" : 338,
    "23" : 314,
    "24" : 281,
    "25" : 249,
    "26" : 237,
    "27" : 193,
    "28" : 200,
    "29" : 145,
    "30" : 147,
    "31" : 112,
    "32" : 124,
    "33" : 92,
    "34" : 96,
    "35" : 66,
    "36" : 75,
    "37" : 82,
    "38" : 70,
    "39" : 55,
    "40" : 40,
    "41" : 42,
    "42" : 36,
    "43" : 36,
    "44" : 31,
    "45" : 33,
    "46" : 34,
    "47" : 25,
    "48" : 23,
    "49" : 20,
    "50" : 17,
    "51" : 21,
    "52" : 16,
    "53" : 9,
    "54" : 7,
    "55" : 7,
    "56" : 8,
    "57" : 15,
    "58" : 6,
    "59" : 11,
    "60" : 7,
    "61" : 2,
    "62" : 5,
    "64" : 1,
    "65" : 5,
    "66" : 1,
    "67" : 2,
    "68" : 1,
    "70" : 2,
    "71" : 2,
    "72" : 2,
    "73" : 2,
    "76" : 1,
    "82" : 1,
    "87" : 1,
    "96" : 1,
    "97" : 1,
    "103" : 1,
    "114" : 1
  },
  "mean" : 19.20747164776518,
  "stdDev" : 10.038324076709445
}