{
  "distribution" : {
    "2" : 44,
    "3" : 228,
    "4" : 544,
    "5" : 763,
    "6" : 931,
    "7" : 1003,
    "8" : 951,
    "9" : 919,
    "10" : 837,
    "11" : 771,
    "12" : 588,
    "13" : 494,
    "14" : 429,
    "15" : 377,
    "16" : 344,
    "17" : 246,
    "18" : 213,
    "19" : 153,
    "20" : 132,
    "21" : 96,
    "22" : 84,
    "23" : 64,
    "24" : 71,
    "25" : 43,
    "26" : 39,
    "27" : 25,
    "28" : 20,
    "29" : 17,
    "30" : 15,
    "31" : 18,
    "32" : 10,
    "33" : 9,
    "34" : 11,
    "35" : 5,
    "36" : 6,
    "37" : 2,
    "38" : 3,
    "39" : 2,
    "40" : 3,
    "41" : 2,
    "43" : 3,
    "44" : 4,
    "49" : 1,
    "51" : 1,
    "53" : 1,
    "55" : 1,
    "56" : 1
  },
  "mean" : 10.508361839604714,
  "stdDev" : 5.499753902886336
}