{
  "distribution" : {
    "3" : 11,
    "4" : 34,
    "5" : 75,
    "6" : 147,
    "7" : 229,
    "8" : 288,
    "9" : 393,
    "10" : 445,
    "11" : 506,
    "12" : 536,
    "13" : 543,
    "14" : 554,
    "15" : 506,
    "16" : 505,
    "17" : 490,
    "18" : 451,
    "19" : 401,
    "20" : 386,
    "21" : 367,
    "22" : 349,
    "23" : 294,
    "24" : 280,
    "25" : 262,
    "26" : 237,
    "27" : 195,
    "28" : 203,
    "29" : 179,
    "30" : 145,
    "31" : 110,
    "32" : 112,
    "33" : 114,
    "34" : 90,
    "35" : 99,
    "36" : 78,
    "37" : 69,
    "38" : 48,
    "39" : 79,
    "40" : 44,
    "41" : 45,
    "42" : 35,
    "43" : 31,
    "44" : 32,
    "45" : 32,
    "46" : 24,
    "47" : 17,
    "48" : 17,
    "49" : 14,
    "50" : 26,
    "51" : 16,
    "52" : 9,
    "53" : 9,
    "54" : 9,
    "55" : 15,
    "56" : 4,
    "57" : 9,
    "58" : 6,
    "59" : 6,
    "60" : 9,
    "61" : 4,
    "62" : 7,
    "63" : 3,
    "64" : 3,
    "65" : 1,
    "66" : 3,
    "67" : 2,
    "68" : 5,
    "69" : 4,
    "70" : 4,
    "71" : 2,
    "74" : 2,
    "76" : 1,
    "77" : 2,
    "79" : 1,
    "81" : 1,
    "91" : 2
  },
  "mean" : 19.426456263393728,
  "stdDev" : 10.04236993004498
}