{
  "distribution" : {
    "2" : 19,
    "3" : 129,
    "4" : 339,
    "5" : 548,
    "6" : 752,
    "7" : 836,
    "8" : 835,
    "9" : 926,
    "10" : 802,
    "11" : 719,
    "12" : 714,
    "13" : 596,
    "14" : 547,
    "15" : 416,
    "16" : 390,
    "17" : 291,
    "18" : 301,
    "19" : 229,
    "20" : 170,
    "21" : 157,
    "22" : 143,
    "23" : 127,
    "24" : 92,
    "25" : 81,
    "26" : 85,
    "27" : 62,
    "28" : 56,
    "29" : 36,
    "30" : 32,
    "31" : 26,
    "32" : 18,
    "33" : 18,
    "34" : 17,
    "35" : 17,
    "36" : 15,
    "37" : 8,
    "38" : 10,
    "39" : 8,
    "40" : 2,
    "41" : 5,
    "42" : 7,
    "43" : 3,
    "44" : 4,
    "46" : 3,
    "48" : 1,
    "49" : 2,
    "50" : 1,
    "51" : 2,
    "52" : 1
  },
  "mean" : 12.030571806001133,
  "stdDev" : 6.318853777671175
}