{
  "distribution" : {
    "2" : 4,
    "3" : 36,
    "4" : 131,
    "5" : 282,
    "6" : 367,
    "7" : 520,
    "8" : 684,
    "9" : 718,
    "10" : 693,
    "11" : 692,
    "12" : 679,
    "13" : 629,
    "14" : 537,
    "15" : 520,
    "16" : 434,
    "17" : 395,
    "18" : 396,
    "19" : 347,
    "20" : 284,
    "21" : 263,
    "22" : 242,
    "23" : 184,
    "24" : 158,
    "25" : 139,
    "26" : 119,
    "27" : 96,
    "28" : 102,
    "29" : 75,
    "30" : 61,
    "31" : 57,
    "32" : 62,
    "33" : 45,
    "34" : 33,
    "35" : 34,
    "36" : 17,
    "37" : 20,
    "38" : 18,
    "39" : 11,
    "40" : 16,
    "41" : 12,
    "42" : 8,
    "43" : 11,
    "44" : 8,
    "45" : 7,
    "46" : 10,
    "47" : 5,
    "48" : 6,
    "49" : 4,
    "50" : 7,
    "51" : 6,
    "52" : 1,
    "53" : 2,
    "54" : 4,
    "55" : 3,
    "56" : 1,
    "57" : 1,
    "61" : 1,
    "62" : 1,
    "71" : 1
  },
  "mean" : 14.63535640749093,
  "stdDev" : 7.540977098692606
}