{
  "distribution" : {
    "2" : 12,
    "3" : 69,
    "4" : 293,
    "5" : 504,
    "6" : 698,
    "7" : 862,
    "8" : 891,
    "9" : 856,
    "10" : 848,
    "11" : 816,
    "12" : 685,
    "13" : 609,
    "14" : 543,
    "15" : 459,
    "16" : 367,
    "17" : 372,
    "18" : 263,
    "19" : 252,
    "20" : 223,
    "21" : 178,
    "22" : 154,
    "23" : 122,
    "24" : 86,
    "25" : 107,
    "26" : 86,
    "27" : 55,
    "28" : 45,
    "29" : 46,
    "30" : 29,
    "31" : 32,
    "32" : 22,
    "33" : 22,
    "34" : 20,
    "35" : 21,
    "36" : 12,
    "37" : 12,
    "38" : 6,
    "39" : 11,
    "40" : 8,
    "41" : 7,
    "42" : 9,
    "43" : 4,
    "44" : 6,
    "45" : 2,
    "46" : 5,
    "47" : 3,
    "48" : 3,
    "49" : 3,
    "50" : 1,
    "53" : 1,
    "54" : 1,
    "55" : 1,
    "58" : 1,
    "63" : 1,
    "74" : 1
  },
  "mean" : 12.381665891112146,
  "stdDev" : 6.548133456689662
}