{
  "distribution" : {
    "2" : 11,
    "3" : 64,
    "4" : 190,
    "5" : 356,
    "6" : 548,
    "7" : 656,
    "8" : 754,
    "9" : 762,
    "10" : 823,
    "11" : 750,
    "12" : 738,
    "13" : 622,
    "14" : 583,
    "15" : 564,
    "16" : 448,
    "17" : 421,
    "18" : 390,
    "19" : 288,
    "20" : 266,
    "21" : 232,
    "22" : 209,
    "23" : 165,
    "24" : 128,
    "25" : 114,
    "26" : 106,
    "27" : 77,
    "28" : 87,
    "29" : 78,
    "30" : 53,
    "31" : 60,
    "32" : 53,
    "33" : 44,
    "34" : 47,
    "35" : 28,
    "36" : 35,
    "37" : 17,
    "38" : 19,
    "39" : 16,
    "40" : 11,
    "41" : 10,
    "42" : 8,
    "43" : 16,
    "44" : 6,
    "45" : 7,
    "46" : 2,
    "47" : 5,
    "48" : 7,
    "49" : 3,
    "50" : 2,
    "51" : 2,
    "52" : 2,
    "53" : 1,
    "54" : 2,
    "55" : 2,
    "56" : 2,
    "59" : 2,
    "60" : 1,
    "65" : 2,
    "66" : 1,
    "68" : 1
  },
  "mean" : 13.87813159585207,
  "stdDev" : 7.391494588396997
}