{
  "distribution" : {
    "2" : 2,
    "3" : 39,
    "4" : 113,
    "5" : 254,
    "6" : 375,
    "7" : 499,
    "8" : 625,
    "9" : 690,
    "10" : 699,
    "11" : 709,
    "12" : 651,
    "13" : 627,
    "14" : 564,
    "15" : 527,
    "16" : 512,
    "17" : 415,
    "18" : 409,
    "19" : 334,
    "20" : 291,
    "21" : 262,
    "22" : 217,
    "23" : 182,
    "24" : 189,
    "25" : 137,
    "26" : 144,
    "27" : 114,
    "28" : 92,
    "29" : 88,
    "30" : 68,
    "31" : 63,
    "32" : 48,
    "33" : 62,
    "34" : 33,
    "35" : 29,
    "36" : 28,
    "37" : 32,
    "38" : 23,
    "39" : 25,
    "40" : 17,
    "41" : 12,
    "42" : 13,
    "43" : 13,
    "44" : 5,
    "45" : 10,
    "46" : 4,
    "47" : 7,
    "48" : 9,
    "49" : 6,
    "50" : 4,
    "51" : 5,
    "52" : 1,
    "53" : 3,
    "54" : 3,
    "55" : 3,
    "56" : 2,
    "57" : 2,
    "58" : 2,
    "60" : 2,
    "62" : 2,
    "73" : 1
  },
  "mean" : 14.964358551034282,
  "stdDev" : 7.746831316958066
}