{
  "distribution" : {
    "2" : 7,
    "3" : 77,
    "4" : 153,
    "5" : 337,
    "6" : 497,
    "7" : 593,
    "8" : 699,
    "9" : 744,
    "10" : 732,
    "11" : 687,
    "12" : 711,
    "13" : 621,
    "14" : 564,
    "15" : 488,
    "16" : 455,
    "17" : 396,
    "18" : 350,
    "19" : 320,
    "20" : 284,
    "21" : 224,
    "22" : 173,
    "23" : 172,
    "24" : 133,
    "25" : 113,
    "26" : 123,
    "27" : 79,
    "28" : 88,
    "29" : 60,
    "30" : 54,
    "31" : 43,
    "32" : 47,
    "33" : 45,
    "34" : 27,
    "35" : 25,
    "36" : 17,
    "37" : 16,
    "38" : 13,
    "39" : 12,
    "40" : 13,
    "41" : 5,
    "42" : 9,
    "43" : 6,
    "44" : 4,
    "45" : 7,
    "46" : 2,
    "47" : 3,
    "48" : 3,
    "49" : 2,
    "50" : 2,
    "51" : 2,
    "52" : 3,
    "54" : 3,
    "56" : 1,
    "58" : 2,
    "59" : 1,
    "60" : 1,
    "61" : 1,
    "64" : 2,
    "71" : 1
  },
  "mean" : 13.855833008193523,
  "stdDev" : 7.157651128663072
}