{
  "distribution" : {
    "2" : 2,
    "3" : 10,
    "4" : 56,
    "5" : 122,
    "6" : 217,
    "7" : 302,
    "8" : 403,
    "9" : 492,
    "10" : 538,
    "11" : 591,
    "12" : 572,
    "13" : 571,
    "14" : 564,
    "15" : 544,
    "16" : 513,
    "17" : 490,
    "18" : 467,
    "19" : 443,
    "20" : 366,
    "21" : 338,
    "22" : 313,
    "23" : 242,
    "24" : 272,
    "25" : 211,
    "26" : 184,
    "27" : 199,
    "28" : 143,
    "29" : 128,
    "30" : 123,
    "31" : 115,
    "32" : 86,
    "33" : 96,
    "34" : 78,
    "35" : 55,
    "36" : 62,
    "37" : 58,
    "38" : 50,
    "39" : 45,
    "40" : 38,
    "41" : 29,
    "42" : 48,
    "43" : 34,
    "44" : 20,
    "45" : 24,
    "46" : 22,
    "47" : 9,
    "48" : 15,
    "49" : 11,
    "50" : 17,
    "51" : 9,
    "52" : 12,
    "53" : 8,
    "54" : 6,
    "55" : 7,
    "56" : 5,
    "57" : 4,
    "58" : 6,
    "59" : 5,
    "60" : 2,
    "61" : 5,
    "62" : 4,
    "63" : 1,
    "64" : 1,
    "65" : 3,
    "66" : 1,
    "68" : 1,
    "69" : 1,
    "71" : 1,
    "75" : 1,
    "77" : 2,
    "80" : 1,
    "91" : 1
  },
  "mean" : 17.91445031204993,
  "stdDev" : 9.327630118143539
}