{
  "distribution" : {
    "2" : 21,
    "3" : 126,
    "4" : 297,
    "5" : 485,
    "6" : 631,
    "7" : 824,
    "8" : 901,
    "9" : 822,
    "10" : 774,
    "11" : 789,
    "12" : 705,
    "13" : 582,
    "14" : 518,
    "15" : 442,
    "16" : 409,
    "17" : 343,
    "18" : 297,
    "19" : 238,
    "20" : 200,
    "21" : 179,
    "22" : 140,
    "23" : 125,
    "24" : 109,
    "25" : 79,
    "26" : 67,
    "27" : 66,
    "28" : 54,
    "29" : 43,
    "30" : 50,
    "31" : 22,
    "32" : 25,
    "33" : 29,
    "34" : 17,
    "35" : 13,
    "36" : 9,
    "37" : 9,
    "38" : 3,
    "39" : 9,
    "40" : 5,
    "41" : 6,
    "42" : 4,
    "43" : 3,
    "44" : 4,
    "45" : 4,
    "46" : 2,
    "47" : 2,
    "48" : 3,
    "49" : 2,
    "52" : 1,
    "55" : 1,
    "58" : 1,
    "61" : 1,
    "70" : 1
  },
  "mean" : 12.320625238276783,
  "stdDev" : 6.438355961000351
}