{
  "distribution" : {
    "3" : 3,
    "4" : 22,
    "5" : 57,
    "6" : 95,
    "7" : 183,
    "8" : 249,
    "9" : 365,
    "10" : 416,
    "11" : 470,
    "12" : 519,
    "13" : 543,
    "14" : 563,
    "15" : 539,
    "16" : 505,
    "17" : 499,
    "18" : 450,
    "19" : 445,
    "20" : 384,
    "21" : 371,
    "22" : 381,
    "23" : 321,
    "24" : 309,
    "25" : 273,
    "26" : 249,
    "27" : 211,
    "28" : 217,
    "29" : 197,
    "30" : 162,
    "31" : 147,
    "32" : 127,
    "33" : 123,
    "34" : 113,
    "35" : 88,
    "36" : 91,
    "37" : 75,
    "38" : 66,
    "39" : 68,
    "40" : 60,
    "41" : 40,
    "42" : 50,
    "43" : 39,
    "44" : 43,
    "45" : 36,
    "46" : 42,
    "47" : 32,
    "48" : 22,
    "49" : 31,
    "50" : 21,
    "51" : 20,
    "52" : 15,
    "53" : 11,
    "54" : 9,
    "55" : 14,
    "56" : 15,
    "57" : 14,
    "58" : 13,
    "59" : 11,
    "60" : 8,
    "61" : 6,
    "62" : 4,
    "63" : 3,
    "64" : 5,
    "65" : 4,
    "66" : 4,
    "67" : 5,
    "68" : 2,
    "69" : 3,
    "70" : 3,
    "71" : 1,
    "72" : 1,
    "73" : 4,
    "74" : 1,
    "75" : 2,
    "76" : 3,
    "77" : 5,
    "78" : 1,
    "79" : 1,
    "80" : 3,
    "82" : 1,
    "83" : 1,
    "90" : 1,
    "99" : 1,
    "108" : 1,
    "115" : 1
  },
  "mean" : 20.42563516985441,
  "stdDev" : 10.682688154987723
}