{
  "distribution" : {
    "2" : 4,
    "3" : 37,
    "4" : 155,
    "5" : 304,
    "6" : 503,
    "7" : 602,
    "8" : 749,
    "9" : 756,
    "10" : 760,
    "11" : 679,
    "12" : 703,
    "13" : 650,
    "14" : 544,
    "15" : 539,
    "16" : 458,
    "17" : 386,
    "18" : 329,
    "19" : 281,
    "20" : 263,
    "21" : 233,
    "22" : 194,
    "23" : 160,
    "24" : 159,
    "25" : 121,
    "26" : 106,
    "27" : 88,
    "28" : 105,
    "29" : 90,
    "30" : 60,
    "31" : 54,
    "32" : 40,
    "33" : 34,
    "34" : 34,
    "35" : 25,
    "36" : 23,
    "37" : 21,
    "38" : 22,
    "39" : 9,
    "40" : 12,
    "41" : 15,
    "42" : 9,
    "43" : 10,
    "44" : 2,
    "45" : 6,
    "46" : 7,
    "47" : 1,
    "48" : 5,
    "49" : 2,
    "50" : 5,
    "51" : 1,
    "52" : 3,
    "53" : 2,
    "55" : 1,
    "56" : 1,
    "57" : 1,
    "58" : 1,
    "64" : 1,
    "80" : 1
  },
  "mean" : 14.01871502990546,
  "stdDev" : 7.281801813702919
}