{
  "distribution" : {
    "2" : 13,
    "3" : 92,
    "4" : 282,
    "5" : 520,
    "6" : 708,
    "7" : 839,
    "8" : 919,
    "9" : 897,
    "10" : 855,
    "11" : 732,
    "12" : 706,
    "13" : 636,
    "14" : 548,
    "15" : 431,
    "16" : 417,
    "17" : 326,
    "18" : 325,
    "19" : 251,
    "20" : 200,
    "21" : 158,
    "22" : 139,
    "23" : 128,
    "24" : 104,
    "25" : 105,
    "26" : 67,
    "27" : 47,
    "28" : 68,
    "29" : 46,
    "30" : 45,
    "31" : 37,
    "32" : 33,
    "33" : 20,
    "34" : 16,
    "35" : 11,
    "36" : 16,
    "37" : 11,
    "38" : 11,
    "39" : 8,
    "40" : 10,
    "41" : 9,
    "42" : 8,
    "43" : 3,
    "44" : 7,
    "45" : 6,
    "46" : 2,
    "47" : 1,
    "48" : 3,
    "49" : 2,
    "51" : 2,
    "53" : 1,
    "54" : 1,
    "55" : 1,
    "57" : 1,
    "68" : 1
  },
  "mean" : 12.38013856812933,
  "stdDev" : 6.571882997854263
}