{
  "distribution" : {
    "2" : 1,
    "3" : 13,
    "4" : 71,
    "5" : 148,
    "6" : 238,
    "7" : 382,
    "8" : 475,
    "9" : 538,
    "10" : 576,
    "11" : 645,
    "12" : 627,
    "13" : 593,
    "14" : 553,
    "15" : 607,
    "16" : 518,
    "17" : 461,
    "18" : 427,
    "19" : 391,
    "20" : 357,
    "21" : 320,
    "22" : 291,
    "23" : 255,
    "24" : 267,
    "25" : 206,
    "26" : 199,
    "27" : 185,
    "28" : 146,
    "29" : 119,
    "30" : 123,
    "31" : 107,
    "32" : 102,
    "33" : 65,
    "34" : 66,
    "35" : 67,
    "36" : 47,
    "37" : 53,
    "38" : 55,
    "39" : 28,
    "40" : 46,
    "41" : 23,
    "42" : 26,
    "43" : 34,
    "44" : 21,
    "45" : 17,
    "46" : 15,
    "47" : 18,
    "48" : 15,
    "49" : 13,
    "50" : 14,
    "51" : 9,
    "52" : 13,
    "53" : 8,
    "54" : 3,
    "55" : 9,
    "56" : 7,
    "57" : 6,
    "58" : 3,
    "59" : 2,
    "60" : 3,
    "61" : 2,
    "62" : 1,
    "63" : 2,
    "64" : 2,
    "66" : 1,
    "67" : 4,
    "68" : 1,
    "69" : 1,
    "73" : 1,
    "75" : 1
  },
  "mean" : 17.317955463685053,
  "stdDev" : 9.115012155746532
}