{
  "distribution" : {
    "1" : 1,
    "2" : 51,
    "3" : 217,
    "4" : 548,
    "5" : 882,
    "6" : 981,
    "7" : 1103,
    "8" : 1021,
    "9" : 868,
    "10" : 781,
    "11" : 702,
    "12" : 633,
    "13" : 512,
    "14" : 431,
    "15" : 345,
    "16" : 265,
    "17" : 242,
    "18" : 185,
    "19" : 151,
    "20" : 119,
    "21" : 93,
    "22" : 69,
    "23" : 73,
    "24" : 64,
    "25" : 48,
    "26" : 36,
    "27" : 26,
    "28" : 26,
    "29" : 21,
    "30" : 23,
    "31" : 10,
    "32" : 10,
    "33" : 11,
    "34" : 8,
    "35" : 2,
    "36" : 2,
    "37" : 3,
    "38" : 3,
    "39" : 2,
    "40" : 1,
    "41" : 1,
    "42" : 1,
    "43" : 1,
    "44" : 3,
    "46" : 1,
    "55" : 1,
    "60" : 1
  },
  "mean" : 10.265551143883531,
  "stdDev" : 5.386499524148182
}