{
  "distribution" : {
    "2" : 6,
    "3" : 87,
    "4" : 234,
    "5" : 448,
    "6" : 595,
    "7" : 702,
    "8" : 800,
    "9" : 826,
    "10" : 824,
    "11" : 720,
    "12" : 704,
    "13" : 613,
    "14" : 552,
    "15" : 456,
    "16" : 400,
    "17" : 379,
    "18" : 317,
    "19" : 247,
    "20" : 257,
    "21" : 186,
    "22" : 155,
    "23" : 144,
    "24" : 115,
    "25" : 102,
    "26" : 95,
    "27" : 73,
    "28" : 71,
    "29" : 45,
    "30" : 53,
    "31" : 41,
    "32" : 29,
    "33" : 32,
    "34" : 28,
    "35" : 21,
    "36" : 17,
    "37" : 13,
    "38" : 10,
    "39" : 14,
    "40" : 9,
    "41" : 4,
    "42" : 5,
    "43" : 8,
    "44" : 3,
    "45" : 2,
    "46" : 3,
    "48" : 4,
    "49" : 3,
    "50" : 2,
    "51" : 3,
    "53" : 1,
    "55" : 2
  },
  "mean" : 12.974187380497131,
  "stdDev" : 6.769680319027728
}