{
  "distribution" : {
    "2" : 1,
    "3" : 22,
    "4" : 78,
    "5" : 198,
    "6" : 309,
    "7" : 431,
    "8" : 503,
    "9" : 597,
    "10" : 640,
    "11" : 617,
    "12" : 666,
    "13" : 660,
    "14" : 601,
    "15" : 576,
    "16" : 505,
    "17" : 482,
    "18" : 445,
    "19" : 372,
    "20" : 371,
    "21" : 316,
    "22" : 294,
    "23" : 258,
    "24" : 237,
    "25" : 196,
    "26" : 176,
    "27" : 145,
    "28" : 134,
    "29" : 117,
    "30" : 112,
    "31" : 87,
    "32" : 82,
    "33" : 78,
    "34" : 68,
    "35" : 55,
    "36" : 53,
    "37" : 32,
    "38" : 34,
    "39" : 36,
    "40" : 24,
    "41" : 31,
    "42" : 22,
    "43" : 15,
    "44" : 29,
    "45" : 14,
    "46" : 13,
    "47" : 11,
    "48" : 11,
    "49" : 14,
    "50" : 10,
    "51" : 5,
    "52" : 6,
    "53" : 7,
    "54" : 7,
    "55" : 3,
    "56" : 3,
    "57" : 3,
    "58" : 3,
    "59" : 1,
    "60" : 4,
    "61" : 1,
    "62" : 3,
    "64" : 1,
    "65" : 1,
    "66" : 2,
    "68" : 2,
    "70" : 1,
    "71" : 2,
    "79" : 1,
    "85" : 1,
    "88" : 2,
    "104" : 1
  },
  "mean" : 16.598357630559143,
  "stdDev" : 8.815858157786467
}