{
  "distribution" : {
    "2" : 1,
    "3" : 17,
    "4" : 93,
    "5" : 201,
    "6" : 342,
    "7" : 514,
    "8" : 589,
    "9" : 663,
    "10" : 676,
    "11" : 678,
    "12" : 683,
    "13" : 625,
    "14" : 611,
    "15" : 566,
    "16" : 465,
    "17" : 503,
    "18" : 398,
    "19" : 374,
    "20" : 362,
    "21" : 295,
    "22" : 275,
    "23" : 214,
    "24" : 211,
    "25" : 158,
    "26" : 130,
    "27" : 154,
    "28" : 97,
    "29" : 98,
    "30" : 99,
    "31" : 60,
    "32" : 76,
    "33" : 56,
    "34" : 37,
    "35" : 28,
    "36" : 49,
    "37" : 31,
    "38" : 32,
    "39" : 20,
    "40" : 25,
    "41" : 25,
    "42" : 17,
    "43" : 17,
    "44" : 16,
    "45" : 7,
    "46" : 12,
    "47" : 10,
    "48" : 11,
    "49" : 8,
    "50" : 8,
    "51" : 5,
    "52" : 4,
    "53" : 3,
    "54" : 3,
    "55" : 3,
    "57" : 1,
    "58" : 2,
    "59" : 2,
    "60" : 2,
    "61" : 2,
    "62" : 2,
    "63" : 1,
    "65" : 1,
    "66" : 1,
    "67" : 1,
    "70" : 2,
    "74" : 1,
    "75" : 1,
    "77" : 1,
    "79" : 2,
    "95" : 1
  },
  "mean" : 15.704439033526878,
  "stdDev" : 8.278931971081393
}