{
  "distribution" : {
    "3" : 15,
    "4" : 56,
    "5" : 152,
    "6" : 232,
    "7" : 299,
    "8" : 437,
    "9" : 513,
    "10" : 581,
    "11" : 598,
    "12" : 608,
    "13" : 592,
    "14" : 639,
    "15" : 576,
    "16" : 519,
    "17" : 478,
    "18" : 441,
    "19" : 442,
    "20" : 374,
    "21" : 355,
    "22" : 285,
    "23" : 242,
    "24" : 252,
    "25" : 216,
    "26" : 179,
    "27" : 170,
    "28" : 162,
    "29" : 148,
    "30" : 113,
    "31" : 89,
    "32" : 89,
    "33" : 87,
    "34" : 76,
    "35" : 73,
    "36" : 70,
    "37" : 41,
    "38" : 49,
    "39" : 49,
    "40" : 28,
    "41" : 35,
    "42" : 23,
    "43" : 18,
    "44" : 25,
    "45" : 24,
    "46" : 13,
    "47" : 22,
    "48" : 20,
    "49" : 18,
    "50" : 10,
    "51" : 6,
    "52" : 7,
    "53" : 10,
    "54" : 9,
    "55" : 8,
    "56" : 6,
    "57" : 5,
    "58" : 3,
    "59" : 4,
    "60" : 3,
    "61" : 4,
    "62" : 1,
    "63" : 2,
    "64" : 5,
    "65" : 6,
    "66" : 1,
    "67" : 1,
    "70" : 1,
    "71" : 1,
    "72" : 1,
    "75" : 1,
    "80" : 1,
    "81" : 1,
    "88" : 1
  },
  "mean" : 17.6127483287826,
  "stdDev" : 9.26087813493723
}