{
  "distribution" : {
    "2" : 1,
    "3" : 9,
    "4" : 53,
    "5" : 127,
    "6" : 221,
    "7" : 321,
    "8" : 442,
    "9" : 498,
    "10" : 585,
    "11" : 581,
    "12" : 652,
    "13" : 592,
    "14" : 602,
    "15" : 572,
    "16" : 497,
    "17" : 458,
    "18" : 449,
    "19" : 394,
    "20" : 390,
    "21" : 331,
    "22" : 291,
    "23" : 285,
    "24" : 243,
    "25" : 216,
    "26" : 184,
    "27" : 175,
    "28" : 172,
    "29" : 148,
    "30" : 118,
    "31" : 122,
    "32" : 92,
    "33" : 87,
    "34" : 76,
    "35" : 59,
    "36" : 62,
    "37" : 51,
    "38" : 46,
    "39" : 39,
    "40" : 45,
    "41" : 31,
    "42" : 32,
    "43" : 24,
    "44" : 31,
    "45" : 17,
    "46" : 15,
    "47" : 13,
    "48" : 14,
    "49" : 15,
    "50" : 12,
    "51" : 13,
    "52" : 6,
    "53" : 5,
    "54" : 8,
    "55" : 7,
    "56" : 5,
    "57" : 4,
    "58" : 9,
    "59" : 3,
    "60" : 3,
    "61" : 3,
    "62" : 2,
    "64" : 1,
    "65" : 1,
    "66" : 2,
    "67" : 4,
    "68" : 1,
    "70" : 2,
    "71" : 1,
    "74" : 1,
    "78" : 1,
    "80" : 1,
    "81" : 1,
    "99" : 1,
    "106" : 1
  },
  "mean" : 17.703668683812406,
  "stdDev" : 9.28880613426755
}