{
  "distribution" : {
    "3" : 13,
    "4" : 50,
    "5" : 104,
    "6" : 199,
    "7" : 320,
    "8" : 427,
    "9" : 523,
    "10" : 590,
    "11" : 564,
    "12" : 615,
    "13" : 640,
    "14" : 557,
    "15" : 553,
    "16" : 541,
    "17" : 505,
    "18" : 451,
    "19" : 421,
    "20" : 398,
    "21" : 330,
    "22" : 278,
    "23" : 262,
    "24" : 249,
    "25" : 211,
    "26" : 156,
    "27" : 159,
    "28" : 150,
    "29" : 136,
    "30" : 127,
    "31" : 109,
    "32" : 87,
    "33" : 75,
    "34" : 85,
    "35" : 73,
    "36" : 60,
    "37" : 41,
    "38" : 47,
    "39" : 51,
    "40" : 34,
    "41" : 31,
    "42" : 36,
    "43" : 28,
    "44" : 15,
    "45" : 21,
    "46" : 13,
    "47" : 21,
    "48" : 18,
    "49" : 15,
    "50" : 10,
    "51" : 7,
    "52" : 10,
    "53" : 7,
    "54" : 10,
    "55" : 3,
    "56" : 4,
    "57" : 4,
    "58" : 5,
    "59" : 2,
    "60" : 1,
    "61" : 5,
    "62" : 2,
    "63" : 4,
    "65" : 2,
    "66" : 1,
    "67" : 1,
    "68" : 2,
    "69" : 1,
    "70" : 1,
    "71" : 3,
    "73" : 1,
    "74" : 2,
    "75" : 2,
    "77" : 1,
    "80" : 1,
    "93" : 1
  },
  "mean" : 17.673535584812058,
  "stdDev" : 9.231623048699193
}