{
  "distribution" : {
    "2" : 5,
    "3" : 25,
    "4" : 97,
    "5" : 212,
    "6" : 305,
    "7" : 498,
    "8" : 557,
    "9" : 608,
    "10" : 624,
    "11" : 716,
    "12" : 653,
    "13" : 657,
    "14" : 592,
    "15" : 531,
    "16" : 512,
    "17" : 439,
    "18" : 379,
    "19" : 340,
    "20" : 313,
    "21" : 308,
    "22" : 225,
    "23" : 243,
    "24" : 174,
    "25" : 146,
    "26" : 141,
    "27" : 124,
    "28" : 105,
    "29" : 98,
    "30" : 83,
    "31" : 74,
    "32" : 66,
    "33" : 52,
    "34" : 45,
    "35" : 47,
    "36" : 45,
    "37" : 30,
    "38" : 33,
    "39" : 20,
    "40" : 25,
    "41" : 17,
    "42" : 18,
    "43" : 19,
    "44" : 7,
    "45" : 9,
    "46" : 11,
    "47" : 6,
    "48" : 6,
    "49" : 7,
    "50" : 4,
    "51" : 4,
    "53" : 3,
    "54" : 1,
    "55" : 3,
    "56" : 1,
    "57" : 1,
    "59" : 1,
    "61" : 2,
    "63" : 2,
    "64" : 2,
    "65" : 1,
    "67" : 1,
    "70" : 2,
    "75" : 2,
    "76" : 1
  },
  "mean" : 15.579879353959914,
  "stdDev" : 8.058219114983714
}