{
  "distribution" : {
    "3" : 6,
    "4" : 18,
    "5" : 42,
    "6" : 100,
    "7" : 164,
    "8" : 254,
    "9" : 326,
    "10" : 362,
    "11" : 446,
    "12" : 496,
    "13" : 471,
    "14" : 463,
    "15" : 479,
    "16" : 526,
    "17" : 456,
    "18" : 472,
    "19" : 436,
    "20" : 438,
    "21" : 350,
    "22" : 376,
    "23" : 341,
    "24" : 301,
    "25" : 310,
    "26" : 242,
    "27" : 245,
    "28" : 211,
    "29" : 205,
    "30" : 168,
    "31" : 161,
    "32" : 140,
    "33" : 145,
    "34" : 106,
    "35" : 92,
    "36" : 87,
    "37" : 69,
    "38" : 81,
    "39" : 68,
    "40" : 52,
    "41" : 55,
    "42" : 57,
    "43" : 63,
    "44" : 44,
    "45" : 36,
    "46" : 38,
    "47" : 31,
    "48" : 28,
    "49" : 25,
    "50" : 29,
    "51" : 13,
    "52" : 19,
    "53" : 8,
    "54" : 18,
    "55" : 15,
    "56" : 9,
    "57" : 15,
    "58" : 8,
    "59" : 8,
    "60" : 10,
    "61" : 8,
    "62" : 8,
    "63" : 4,
    "64" : 6,
    "65" : 5,
    "66" : 4,
    "67" : 2,
    "68" : 3,
    "69" : 6,
    "71" : 2,
    "72" : 3,
    "73" : 1,
    "74" : 1,
    "75" : 2,
    "76" : 1,
    "77" : 1,
    "78" : 2,
    "79" : 2,
    "80" : 5,
    "82" : 1,
    "84" : 2,
    "85" : 1,
    "86" : 1,
    "87" : 2,
    "88" : 2,
    "90" : 1,
    "93" : 1,
    "105" : 1
  },
  "mean" : 20.970810705973623,
  "stdDev" : 10.864522283108485
}