{
  "distribution" : {
    "3" : 5,
    "4" : 21,
    "5" : 72,
    "6" : 135,
    "7" : 213,
    "8" : 276,
    "9" : 374,
    "10" : 438,
    "11" : 465,
    "12" : 484,
    "13" : 568,
    "14" : 538,
    "15" : 534,
    "16" : 470,
    "17" : 485,
    "18" : 464,
    "19" : 445,
    "20" : 394,
    "21" : 369,
    "22" : 340,
    "23" : 261,
    "24" : 275,
    "25" : 260,
    "26" : 211,
    "27" : 198,
    "28" : 198,
    "29" : 163,
    "30" : 134,
    "31" : 154,
    "32" : 113,
    "33" : 107,
    "34" : 106,
    "35" : 92,
    "36" : 82,
    "37" : 65,
    "38" : 55,
    "39" : 51,
    "40" : 55,
    "41" : 34,
    "42" : 37,
    "43" : 32,
    "44" : 35,
    "45" : 38,
    "46" : 30,
    "47" : 19,
    "48" : 26,
    "49" : 15,
    "50" : 12,
    "51" : 17,
    "52" : 17,
    "53" : 14,
    "54" : 15,
    "55" : 6,
    "56" : 9,
    "57" : 8,
    "58" : 7,
    "59" : 2,
    "60" : 6,
    "61" : 7,
    "62" : 3,
    "63" : 5,
    "64" : 5,
    "65" : 3,
    "66" : 1,
    "68" : 1,
    "69" : 2,
    "70" : 3,
    "71" : 2,
    "72" : 3,
    "73" : 1,
    "75" : 2,
    "76" : 3,
    "80" : 1,
    "83" : 1,
    "88" : 1,
    "93" : 1
  },
  "mean" : 19.59936595997622,
  "stdDev" : 10.046251091673094
}