{
  "distribution" : {
    "2" : 2,
    "3" : 30,
    "4" : 121,
    "5" : 217,
    "6" : 377,
    "7" : 535,
    "8" : 606,
    "9" : 678,
    "10" : 786,
    "11" : 716,
    "12" : 712,
    "13" : 632,
    "14" : 581,
    "15" : 530,
    "16" : 492,
    "17" : 443,
    "18" : 383,
    "19" : 342,
    "20" : 303,
    "21" : 286,
    "22" : 259,
    "23" : 212,
    "24" : 210,
    "25" : 150,
    "26" : 131,
    "27" : 112,
    "28" : 108,
    "29" : 110,
    "30" : 67,
    "31" : 75,
    "32" : 67,
    "33" : 46,
    "34" : 42,
    "35" : 51,
    "36" : 28,
    "37" : 33,
    "38" : 28,
    "39" : 24,
    "40" : 28,
    "41" : 20,
    "42" : 18,
    "43" : 10,
    "44" : 9,
    "45" : 6,
    "46" : 4,
    "47" : 10,
    "48" : 7,
    "49" : 6,
    "50" : 5,
    "51" : 1,
    "52" : 2,
    "53" : 4,
    "54" : 5,
    "55" : 5,
    "56" : 5,
    "57" : 1,
    "58" : 1,
    "59" : 1,
    "60" : 2,
    "61" : 3,
    "62" : 1,
    "63" : 3,
    "65" : 1,
    "66" : 1,
    "68" : 1,
    "69" : 2
  },
  "mean" : 15.260690558622626,
  "stdDev" : 8.048943234312771
}