{
  "distribution" : {
    "2" : 7,
    "3" : 70,
    "4" : 160,
    "5" : 331,
    "6" : 454,
    "7" : 597,
    "8" : 736,
    "9" : 798,
    "10" : 750,
    "11" : 772,
    "12" : 725,
    "13" : 625,
    "14" : 557,
    "15" : 500,
    "16" : 465,
    "17" : 399,
    "18" : 360,
    "19" : 297,
    "20" : 256,
    "21" : 224,
    "22" : 222,
    "23" : 177,
    "24" : 148,
    "25" : 130,
    "26" : 105,
    "27" : 99,
    "28" : 77,
    "29" : 89,
    "30" : 62,
    "31" : 47,
    "32" : 42,
    "33" : 44,
    "34" : 39,
    "35" : 37,
    "36" : 21,
    "37" : 24,
    "38" : 18,
    "39" : 17,
    "40" : 8,
    "41" : 9,
    "42" : 10,
    "43" : 8,
    "44" : 5,
    "45" : 2,
    "46" : 4,
    "47" : 2,
    "48" : 4,
    "49" : 2,
    "50" : 2,
    "51" : 3,
    "52" : 5,
    "54" : 1,
    "55" : 4,
    "57" : 2,
    "58" : 1,
    "59" : 3,
    "60" : 1,
    "61" : 1,
    "62" : 1,
    "63" : 1,
    "65" : 1
  },
  "mean" : 14.030584224978695,
  "stdDev" : 7.356487559533632
}