{
  "distribution" : {
    "3" : 8,
    "4" : 40,
    "5" : 100,
    "6" : 169,
    "7" : 270,
    "8" : 356,
    "9" : 430,
    "10" : 517,
    "11" : 530,
    "12" : 507,
    "13" : 551,
    "14" : 553,
    "15" : 515,
    "16" : 493,
    "17" : 465,
    "18" : 436,
    "19" : 417,
    "20" : 365,
    "21" : 365,
    "22" : 333,
    "23" : 277,
    "24" : 284,
    "25" : 233,
    "26" : 221,
    "27" : 184,
    "28" : 187,
    "29" : 172,
    "30" : 141,
    "31" : 113,
    "32" : 88,
    "33" : 93,
    "34" : 96,
    "35" : 95,
    "36" : 74,
    "37" : 68,
    "38" : 46,
    "39" : 41,
    "40" : 47,
    "41" : 33,
    "42" : 38,
    "43" : 37,
    "44" : 29,
    "45" : 25,
    "46" : 25,
    "47" : 17,
    "48" : 15,
    "49" : 15,
    "50" : 15,
    "51" : 9,
    "52" : 15,
    "53" : 6,
    "54" : 9,
    "55" : 5,
    "56" : 8,
    "57" : 5,
    "58" : 4,
    "59" : 6,
    "60" : 2,
    "61" : 4,
    "62" : 4,
    "63" : 2,
    "64" : 2,
    "65" : 5,
    "66" : 5,
    "67" : 1,
    "68" : 1,
    "69" : 1,
    "71" : 1,
    "74" : 1,
    "76" : 1,
    "80" : 1,
    "83" : 2,
    "85" : 1,
    "88" : 1
  },
  "mean" : 18.721141628384323,
  "stdDev" : 9.660702395719923
}