{
  "distribution" : {
    "2" : 4,
    "3" : 40,
    "4" : 156,
    "5" : 329,
    "6" : 552,
    "7" : 652,
    "8" : 757,
    "9" : 802,
    "10" : 724,
    "11" : 762,
    "12" : 664,
    "13" : 667,
    "14" : 567,
    "15" : 542,
    "16" : 451,
    "17" : 376,
    "18" : 334,
    "19" : 295,
    "20" : 269,
    "21" : 217,
    "22" : 180,
    "23" : 170,
    "24" : 143,
    "25" : 121,
    "26" : 98,
    "27" : 83,
    "28" : 75,
    "29" : 70,
    "30" : 61,
    "31" : 43,
    "32" : 45,
    "33" : 29,
    "34" : 28,
    "35" : 33,
    "36" : 22,
    "37" : 22,
    "38" : 19,
    "39" : 9,
    "40" : 19,
    "41" : 9,
    "42" : 11,
    "43" : 7,
    "44" : 7,
    "45" : 9,
    "46" : 3,
    "47" : 6,
    "48" : 7,
    "49" : 4,
    "50" : 2,
    "51" : 3,
    "52" : 1,
    "53" : 1,
    "54" : 1,
    "55" : 1,
    "60" : 2,
    "63" : 1,
    "65" : 1
  },
  "mean" : 13.792309156672378,
  "stdDev" : 7.212573099580212
}