{
  "distribution" : {
    "2" : 1,
    "3" : 7,
    "4" : 64,
    "5" : 152,
    "6" : 234,
    "7" : 335,
    "8" : 442,
    "9" : 541,
    "10" : 616,
    "11" : 641,
    "12" : 629,
    "13" : 598,
    "14" : 567,
    "15" : 598,
    "16" : 523,
    "17" : 492,
    "18" : 417,
    "19" : 384,
    "20" : 340,
    "21" : 313,
    "22" : 268,
    "23" : 224,
    "24" : 223,
    "25" : 170,
    "26" : 180,
    "27" : 147,
    "28" : 132,
    "29" : 128,
    "30" : 103,
    "31" : 96,
    "32" : 88,
    "33" : 67,
    "34" : 78,
    "35" : 68,
    "36" : 56,
    "37" : 60,
    "38" : 26,
    "39" : 32,
    "40" : 23,
    "41" : 22,
    "42" : 26,
    "43" : 20,
    "44" : 13,
    "45" : 16,
    "46" : 15,
    "47" : 15,
    "48" : 9,
    "49" : 8,
    "50" : 11,
    "51" : 7,
    "52" : 5,
    "53" : 3,
    "54" : 3,
    "55" : 3,
    "56" : 3,
    "57" : 4,
    "58" : 2,
    "59" : 1,
    "60" : 3,
    "61" : 2,
    "62" : 3,
    "63" : 2,
    "66" : 2,
    "67" : 2,
    "68" : 2,
    "69" : 1,
    "70" : 1,
    "71" : 1,
    "74" : 1,
    "76" : 2,
    "78" : 1,
    "81" : 1
  },
  "mean" : 16.934196437262727,
  "stdDev" : 8.756659219390663
}