{
  "distribution" : {
    "3" : 6,
    "4" : 27,
    "5" : 68,
    "6" : 131,
    "7" : 171,
    "8" : 297,
    "9" : 362,
    "10" : 419,
    "11" : 434,
    "12" : 500,
    "13" : 476,
    "14" : 513,
    "15" : 529,
    "16" : 516,
    "17" : 472,
    "18" : 477,
    "19" : 417,
    "20" : 380,
    "21" : 368,
    "22" : 327,
    "23" : 322,
    "24" : 307,
    "25" : 272,
    "26" : 240,
    "27" : 213,
    "28" : 220,
    "29" : 167,
    "30" : 178,
    "31" : 155,
    "32" : 151,
    "33" : 125,
    "34" : 89,
    "35" : 104,
    "36" : 68,
    "37" : 78,
    "38" : 82,
    "39" : 67,
    "40" : 46,
    "41" : 65,
    "42" : 50,
    "43" : 50,
    "44" : 26,
    "45" : 30,
    "46" : 30,
    "47" : 18,
    "48" : 29,
    "49" : 19,
    "50" : 21,
    "51" : 12,
    "52" : 16,
    "53" : 20,
    "54" : 10,
    "55" : 12,
    "56" : 15,
    "57" : 6,
    "58" : 1,
    "59" : 8,
    "60" : 1,
    "61" : 4,
    "62" : 14,
    "63" : 4,
    "64" : 4,
    "65" : 3,
    "66" : 6,
    "67" : 2,
    "68" : 5,
    "70" : 2,
    "71" : 2,
    "72" : 4,
    "73" : 1,
    "74" : 3,
    "75" : 1,
    "76" : 1,
    "77" : 1,
    "78" : 1,
    "81" : 1,
    "82" : 1,
    "83" : 2,
    "84" : 1,
    "85" : 1,
    "90" : 1,
    "93" : 1,
    "104" : 1
  },
  "mean" : 20.236089494163423,
  "stdDev" : 10.46802427076136
}