{
  "distribution" : {
    "2" : 31,
    "3" : 152,
    "4" : 395,
    "5" : 629,
    "6" : 787,
    "7" : 922,
    "8" : 895,
    "9" : 871,
    "10" : 802,
    "11" : 742,
    "12" : 667,
    "13" : 561,
    "14" : 516,
    "15" : 422,
    "16" : 359,
    "17" : 290,
    "18" : 284,
    "19" : 216,
    "20" : 158,
    "21" : 157,
    "22" : 118,
    "23" : 101,
    "24" : 69,
    "25" : 77,
    "26" : 57,
    "27" : 38,
    "28" : 51,
    "29" : 34,
    "30" : 35,
    "31" : 23,
    "32" : 21,
    "33" : 34,
    "34" : 15,
    "35" : 13,
    "36" : 8,
    "37" : 10,
    "38" : 2,
    "39" : 1,
    "40" : 8,
    "41" : 6,
    "42" : 2,
    "44" : 1,
    "50" : 3,
    "54" : 1
  },
  "mean" : 11.565854119425548,
  "stdDev" : 6.0704554939845154
}