{
  "distribution" : {
    "2" : 1,
    "3" : 1,
    "4" : 8,
    "5" : 47,
    "6" : 89,
    "7" : 154,
    "8" : 245,
    "9" : 297,
    "10" : 362,
    "11" : 380,
    "12" : 512,
    "13" : 476,
    "14" : 535,
    "15" : 475,
    "16" : 450,
    "17" : 414,
    "18" : 441,
    "19" : 389,
    "20" : 369,
    "21" : 362,
    "22" : 291,
    "23" : 339,
    "24" : 288,
    "25" : 256,
    "26" : 278,
    "27" : 210,
    "28" : 192,
    "29" : 168,
    "30" : 135,
    "31" : 144,
    "32" : 131,
    "33" : 128,
    "34" : 110,
    "35" : 95,
    "36" : 85,
    "37" : 80,
    "38" : 60,
    "39" : 75,
    "40" : 60,
    "41" : 60,
    "42" : 44,
    "43" : 47,
    "44" : 41,
    "45" : 36,
    "46" : 28,
    "47" : 22,
    "48" : 23,
    "49" : 24,
    "50" : 15,
    "51" : 12,
    "52" : 11,
    "53" : 12,
    "54" : 12,
    "55" : 5,
    "56" : 11,
    "57" : 6,
    "58" : 6,
    "59" : 7,
    "60" : 8,
    "61" : 2,
    "62" : 2,
    "63" : 4,
    "64" : 4,
    "65" : 3,
    "66" : 4,
    "67" : 3,
    "68" : 2,
    "69" : 4,
    "70" : 3,
    "73" : 1,
    "74" : 1,
    "77" : 2,
    "80" : 1,
    "82" : 1,
    "86" : 1,
    "87" : 1,
    "88" : 1,
    "98" : 1,
    "103" : 1
  },
  "mean" : 20.522490628904624,
  "stdDev" : 10.260544909580785
}