{
  "distribution" : {
    "1" : 1,
    "2" : 3,
    "3" : 35,
    "4" : 119,
    "5" : 217,
    "6" : 368,
    "7" : 497,
    "8" : 590,
    "9" : 665,
    "10" : 711,
    "11" : 710,
    "12" : 678,
    "13" : 662,
    "14" : 565,
    "15" : 496,
    "16" : 485,
    "17" : 442,
    "18" : 373,
    "19" : 353,
    "20" : 346,
    "21" : 264,
    "22" : 239,
    "23" : 187,
    "24" : 185,
    "25" : 195,
    "26" : 143,
    "27" : 103,
    "28" : 112,
    "29" : 85,
    "30" : 78,
    "31" : 62,
    "32" : 52,
    "33" : 45,
    "34" : 30,
    "35" : 38,
    "36" : 38,
    "37" : 34,
    "38" : 14,
    "39" : 32,
    "40" : 12,
    "41" : 15,
    "42" : 20,
    "43" : 14,
    "44" : 7,
    "45" : 9,
    "46" : 11,
    "47" : 6,
    "48" : 8,
    "49" : 5,
    "50" : 4,
    "51" : 4,
    "52" : 5,
    "53" : 3,
    "54" : 1,
    "55" : 2,
    "56" : 3,
    "57" : 3,
    "58" : 2,
    "59" : 1,
    "60" : 4,
    "62" : 2,
    "63" : 1,
    "65" : 1,
    "69" : 2
  },
  "mean" : 15.213523131672599,
  "stdDev" : 7.91444961822948
}