{
  "distribution" : {
    "1" : 80,
    "2" : 483,
    "3" : 989,
    "4" : 1375,
    "5" : 1556,
    "6" : 1513,
    "7" : 1309,
    "8" : 1196,
    "9" : 943,
    "10" : 763,
    "11" : 678,
    "12" : 504,
    "13" : 377,
    "14" : 347,
    "15" : 261,
    "16" : 226,
    "17" : 186,
    "18" : 132,
    "19" : 95,
    "20" : 84,
    "21" : 57,
    "22" : 58,
    "23" : 40,
    "24" : 30,
    "25" : 28,
    "26" : 20,
    "27" : 20,
    "28" : 15,
    "29" : 7,
    "30" : 10,
    "31" : 5,
    "32" : 7,
    "33" : 3,
    "34" : 5,
    "35" : 3,
    "36" : 1,
    "38" : 2,
    "39" : 1,
    "40" : 2,
    "41" : 1,
    "43" : 1,
    "44" : 1,
    "45" : 1,
    "47" : 1,
    "50" : 1
  },
  "mean" : 8.130580606693002,
  "stdDev" : 4.804878064876039
}