{
  "distribution" : {
    "2" : 21,
    "3" : 116,
    "4" : 326,
    "5" : 573,
    "6" : 742,
    "7" : 895,
    "8" : 959,
    "9" : 937,
    "10" : 806,
    "11" : 729,
    "12" : 702,
    "13" : 579,
    "14" : 537,
    "15" : 451,
    "16" : 399,
    "17" : 332,
    "18" : 287,
    "19" : 225,
    "20" : 188,
    "21" : 157,
    "22" : 164,
    "23" : 98,
    "24" : 100,
    "25" : 72,
    "26" : 74,
    "27" : 60,
    "28" : 38,
    "29" : 39,
    "30" : 41,
    "31" : 31,
    "32" : 26,
    "33" : 24,
    "34" : 18,
    "35" : 20,
    "36" : 14,
    "37" : 10,
    "38" : 10,
    "39" : 11,
    "40" : 7,
    "41" : 6,
    "42" : 2,
    "43" : 4,
    "44" : 4,
    "45" : 3,
    "46" : 2,
    "48" : 1,
    "50" : 1,
    "51" : 3,
    "52" : 1,
    "56" : 1,
    "73" : 1
  },
  "mean" : 12.026182354568084,
  "stdDev" : 6.39031459452016
}