{
  "distribution" : {
    "2" : 4,
    "3" : 36,
    "4" : 103,
    "5" : 205,
    "6" : 285,
    "7" : 425,
    "8" : 581,
    "9" : 637,
    "10" : 611,
    "11" : 680,
    "12" : 660,
    "13" : 636,
    "14" : 569,
    "15" : 535,
    "16" : 537,
    "17" : 485,
    "18" : 394,
    "19" : 374,
    "20" : 344,
    "21" : 292,
    "22" : 277,
    "23" : 233,
    "24" : 209,
    "25" : 206,
    "26" : 170,
    "27" : 145,
    "28" : 127,
    "29" : 111,
    "30" : 95,
    "31" : 74,
    "32" : 87,
    "33" : 63,
    "34" : 43,
    "35" : 49,
    "36" : 43,
    "37" : 47,
    "38" : 31,
    "39" : 46,
    "40" : 17,
    "41" : 21,
    "42" : 19,
    "43" : 17,
    "44" : 13,
    "45" : 7,
    "46" : 8,
    "47" : 12,
    "48" : 7,
    "49" : 10,
    "50" : 7,
    "51" : 4,
    "52" : 5,
    "53" : 5,
    "54" : 2,
    "55" : 3,
    "56" : 2,
    "58" : 1,
    "59" : 2,
    "60" : 2,
    "61" : 4,
    "63" : 2,
    "65" : 1,
    "66" : 1,
    "68" : 2,
    "69" : 1,
    "72" : 1,
    "74" : 1,
    "76" : 2,
    "77" : 1,
    "79" : 1,
    "81" : 1,
    "83" : 1
  },
  "mean" : 16.12170805116629,
  "stdDev" : 8.48141444050777
}