{
  "distribution" : {
    "2" : 20,
    "3" : 137,
    "4" : 388,
    "5" : 611,
    "6" : 763,
    "7" : 877,
    "8" : 896,
    "9" : 907,
    "10" : 835,
    "11" : 723,
    "12" : 608,
    "13" : 531,
    "14" : 482,
    "15" : 447,
    "16" : 323,
    "17" : 321,
    "18" : 247,
    "19" : 209,
    "20" : 161,
    "21" : 140,
    "22" : 126,
    "23" : 109,
    "24" : 89,
    "25" : 69,
    "26" : 60,
    "27" : 45,
    "28" : 34,
    "29" : 34,
    "30" : 23,
    "31" : 20,
    "32" : 20,
    "33" : 21,
    "34" : 10,
    "35" : 11,
    "36" : 10,
    "37" : 11,
    "38" : 5,
    "39" : 2,
    "40" : 4,
    "41" : 1,
    "42" : 2,
    "43" : 1,
    "44" : 3,
    "45" : 2,
    "47" : 2,
    "50" : 1,
    "52" : 1
  },
  "mean" : 11.532102107909495,
  "stdDev" : 5.98356096710258
}