{
  "distribution" : {
    "2" : 2,
    "3" : 16,
    "4" : 50,
    "5" : 102,
    "6" : 233,
    "7" : 305,
    "8" : 453,
    "9" : 464,
    "10" : 574,
    "11" : 594,
    "12" : 609,
    "13" : 625,
    "14" : 566,
    "15" : 512,
    "16" : 487,
    "17" : 467,
    "18" : 440,
    "19" : 376,
    "20" : 381,
    "21" : 317,
    "22" : 294,
    "23" : 258,
    "24" : 255,
    "25" : 237,
    "26" : 192,
    "27" : 164,
    "28" : 146,
    "29" : 142,
    "30" : 116,
    "31" : 111,
    "32" : 99,
    "33" : 86,
    "34" : 62,
    "35" : 72,
    "36" : 59,
    "37" : 44,
    "38" : 43,
    "39" : 35,
    "40" : 29,
    "41" : 30,
    "42" : 35,
    "43" : 21,
    "44" : 14,
    "45" : 19,
    "46" : 20,
    "47" : 11,
    "48" : 12,
    "49" : 11,
    "50" : 12,
    "51" : 13,
    "52" : 6,
    "53" : 6,
    "54" : 6,
    "55" : 10,
    "56" : 5,
    "57" : 6,
    "59" : 1,
    "60" : 2,
    "61" : 4,
    "62" : 2,
    "64" : 1,
    "65" : 1,
    "67" : 2,
    "68" : 4,
    "69" : 1,
    "71" : 1,
    "72" : 1,
    "75" : 1,
    "77" : 1,
    "78" : 1,
    "87" : 1,
    "89" : 1
  },
  "mean" : 17.582644226092032,
  "stdDev" : 9.094911234577863
}