{
  "distribution" : {
    "2" : 3,
    "3" : 35,
    "4" : 85,
    "5" : 227,
    "6" : 360,
    "7" : 511,
    "8" : 592,
    "9" : 625,
    "10" : 671,
    "11" : 692,
    "12" : 718,
    "13" : 655,
    "14" : 609,
    "15" : 553,
    "16" : 519,
    "17" : 479,
    "18" : 392,
    "19" : 319,
    "20" : 307,
    "21" : 278,
    "22" : 231,
    "23" : 214,
    "24" : 181,
    "25" : 171,
    "26" : 144,
    "27" : 110,
    "28" : 94,
    "29" : 108,
    "30" : 76,
    "31" : 75,
    "32" : 63,
    "33" : 66,
    "34" : 43,
    "35" : 42,
    "36" : 34,
    "37" : 29,
    "38" : 31,
    "39" : 22,
    "40" : 29,
    "41" : 17,
    "42" : 21,
    "43" : 15,
    "44" : 8,
    "45" : 12,
    "46" : 13,
    "47" : 10,
    "48" : 6,
    "49" : 5,
    "50" : 5,
    "51" : 3,
    "52" : 4,
    "53" : 5,
    "54" : 3,
    "55" : 2,
    "56" : 2,
    "57" : 2,
    "58" : 1,
    "60" : 3,
    "61" : 4,
    "62" : 2,
    "63" : 2,
    "68" : 1,
    "69" : 1,
    "70" : 1
  },
  "mean" : 15.44967270657433,
  "stdDev" : 8.092542021697803
}