{
  "distribution" : {
    "2" : 24,
    "3" : 176,
    "4" : 444,
    "5" : 677,
    "6" : 889,
    "7" : 945,
    "8" : 955,
    "9" : 929,
    "10" : 840,
    "11" : 718,
    "12" : 622,
    "13" : 554,
    "14" : 452,
    "15" : 405,
    "16" : 322,
    "17" : 289,
    "18" : 246,
    "19" : 179,
    "20" : 164,
    "21" : 139,
    "22" : 101,
    "23" : 100,
    "24" : 80,
    "25" : 51,
    "26" : 54,
    "27" : 47,
    "28" : 32,
    "29" : 27,
    "30" : 26,
    "31" : 17,
    "32" : 17,
    "33" : 8,
    "34" : 15,
    "35" : 9,
    "36" : 7,
    "37" : 7,
    "38" : 4,
    "39" : 8,
    "40" : 3,
    "41" : 3,
    "42" : 4,
    "43" : 1,
    "44" : 1,
    "47" : 1,
    "51" : 1,
    "54" : 1,
    "55" : 1
  },
  "mean" : 11.121849929211892,
  "stdDev" : 5.840314893695539
}