{
  "distribution" : {
    "2" : 2,
    "3" : 6,
    "4" : 26,
    "5" : 58,
    "6" : 94,
    "7" : 172,
    "8" : 240,
    "9" : 340,
    "10" : 388,
    "11" : 445,
    "12" : 488,
    "13" : 483,
    "14" : 511,
    "15" : 472,
    "16" : 459,
    "17" : 462,
    "18" : 473,
    "19" : 390,
    "20" : 372,
    "21" : 410,
    "22" : 388,
    "23" : 331,
    "24" : 298,
    "25" : 282,
    "26" : 277,
    "27" : 215,
    "28" : 217,
    "29" : 198,
    "30" : 188,
    "31" : 181,
    "32" : 171,
    "33" : 151,
    "34" : 118,
    "35" : 107,
    "36" : 101,
    "37" : 85,
    "38" : 91,
    "39" : 64,
    "40" : 79,
    "41" : 60,
    "42" : 50,
    "43" : 58,
    "44" : 41,
    "45" : 51,
    "46" : 45,
    "47" : 33,
    "48" : 23,
    "49" : 15,
    "50" : 17,
    "51" : 23,
    "52" : 21,
    "53" : 9,
    "54" : 22,
    "55" : 17,
    "56" : 19,
    "57" : 12,
    "58" : 11,
    "59" : 8,
    "60" : 12,
    "61" : 4,
    "62" : 7,
    "63" : 3,
    "64" : 5,
    "65" : 5,
    "66" : 5,
    "67" : 2,
    "68" : 4,
    "69" : 7,
    "70" : 6,
    "71" : 4,
    "72" : 2,
    "73" : 2,
    "74" : 2,
    "75" : 2,
    "76" : 1,
    "77" : 2,
    "78" : 1,
    "80" : 2,
    "81" : 4,
    "82" : 1,
    "83" : 1,
    "85" : 1,
    "87" : 1,
    "88" : 1,
    "92" : 2,
    "100" : 1
  },
  "mean" : 21.174603174603174,
  "stdDev" : 11.048188218234452
}