{
  "distribution" : {
    "2" : 5,
    "3" : 22,
    "4" : 88,
    "5" : 192,
    "6" : 290,
    "7" : 411,
    "8" : 497,
    "9" : 605,
    "10" : 628,
    "11" : 675,
    "12" : 605,
    "13" : 629,
    "14" : 606,
    "15" : 526,
    "16" : 531,
    "17" : 492,
    "18" : 438,
    "19" : 359,
    "20" : 340,
    "21" : 290,
    "22" : 266,
    "23" : 267,
    "24" : 209,
    "25" : 206,
    "26" : 183,
    "27" : 158,
    "28" : 135,
    "29" : 120,
    "30" : 86,
    "31" : 83,
    "32" : 83,
    "33" : 77,
    "34" : 46,
    "35" : 49,
    "36" : 28,
    "37" : 37,
    "38" : 32,
    "39" : 37,
    "40" : 24,
    "41" : 30,
    "42" : 15,
    "43" : 26,
    "44" : 19,
    "45" : 14,
    "46" : 12,
    "47" : 15,
    "48" : 7,
    "49" : 13,
    "50" : 6,
    "51" : 3,
    "52" : 8,
    "53" : 4,
    "54" : 5,
    "55" : 6,
    "56" : 2,
    "57" : 2,
    "58" : 4,
    "59" : 4,
    "60" : 1,
    "62" : 3,
    "63" : 2,
    "64" : 1,
    "65" : 1,
    "67" : 1,
    "68" : 1,
    "72" : 1,
    "74" : 1,
    "76" : 1,
    "81" : 1,
    "92" : 1
  },
  "mean" : 16.42640795078088,
  "stdDev" : 8.614399506116374
}