{
  "distribution" : {
    "2" : 7,
    "3" : 41,
    "4" : 106,
    "5" : 212,
    "6" : 348,
    "7" : 494,
    "8" : 618,
    "9" : 639,
    "10" : 701,
    "11" : 659,
    "12" : 663,
    "13" : 654,
    "14" : 564,
    "15" : 561,
    "16" : 483,
    "17" : 451,
    "18" : 425,
    "19" : 388,
    "20" : 313,
    "21" : 283,
    "22" : 245,
    "23" : 182,
    "24" : 207,
    "25" : 153,
    "26" : 158,
    "27" : 126,
    "28" : 115,
    "29" : 84,
    "30" : 76,
    "31" : 76,
    "32" : 63,
    "33" : 61,
    "34" : 48,
    "35" : 35,
    "36" : 37,
    "37" : 28,
    "38" : 32,
    "39" : 25,
    "40" : 19,
    "41" : 21,
    "42" : 10,
    "43" : 13,
    "44" : 11,
    "45" : 12,
    "46" : 12,
    "47" : 6,
    "48" : 5,
    "49" : 7,
    "50" : 5,
    "51" : 5,
    "52" : 2,
    "53" : 3,
    "54" : 3,
    "55" : 1,
    "57" : 2,
    "58" : 1,
    "59" : 3,
    "61" : 1,
    "62" : 1,
    "63" : 1,
    "64" : 1,
    "69" : 2,
    "70" : 1,
    "71" : 1,
    "74" : 1,
    "80" : 1,
    "83" : 1,
    "87" : 1
  },
  "mean" : 15.44169678523873,
  "stdDev" : 8.077968059838918
}