{
  "distribution" : {
    "2" : 1,
    "3" : 12,
    "4" : 58,
    "5" : 120,
    "6" : 173,
    "7" : 327,
    "8" : 401,
    "9" : 484,
    "10" : 542,
    "11" : 587,
    "12" : 603,
    "13" : 573,
    "14" : 541,
    "15" : 522,
    "16" : 468,
    "17" : 455,
    "18" : 444,
    "19" : 387,
    "20" : 349,
    "21" : 318,
    "22" : 275,
    "23" : 241,
    "24" : 243,
    "25" : 202,
    "26" : 170,
    "27" : 135,
    "28" : 164,
    "29" : 142,
    "30" : 111,
    "31" : 95,
    "32" : 78,
    "33" : 94,
    "34" : 66,
    "35" : 63,
    "36" : 65,
    "37" : 44,
    "38" : 34,
    "39" : 39,
    "40" : 34,
    "41" : 25,
    "42" : 23,
    "43" : 23,
    "44" : 16,
    "45" : 19,
    "46" : 14,
    "47" : 7,
    "48" : 13,
    "49" : 13,
    "50" : 6,
    "51" : 6,
    "52" : 6,
    "53" : 5,
    "54" : 3,
    "55" : 4,
    "56" : 5,
    "57" : 5,
    "59" : 2,
    "60" : 6,
    "61" : 3,
    "63" : 2,
    "65" : 1,
    "66" : 1,
    "67" : 2,
    "69" : 1,
    "72" : 1,
    "78" : 1,
    "79" : 1
  },
  "mean" : 17.411282155154954,
  "stdDev" : 8.826729287838477
}