{
  "distribution" : {
    "2" : 6,
    "3" : 21,
    "4" : 96,
    "5" : 177,
    "6" : 315,
    "7" : 416,
    "8" : 508,
    "9" : 579,
    "10" : 633,
    "11" : 622,
    "12" : 681,
    "13" : 640,
    "14" : 621,
    "15" : 583,
    "16" : 559,
    "17" : 526,
    "18" : 469,
    "19" : 443,
    "20" : 394,
    "21" : 373,
    "22" : 371,
    "23" : 277,
    "24" : 282,
    "25" : 248,
    "26" : 210,
    "27" : 184,
    "28" : 182,
    "29" : 175,
    "30" : 163,
    "31" : 139,
    "32" : 95,
    "33" : 91,
    "34" : 87,
    "35" : 95,
    "36" : 63,
    "37" : 52,
    "38" : 43,
    "39" : 60,
    "40" : 50,
    "41" : 43,
    "42" : 37,
    "43" : 31,
    "44" : 27,
    "45" : 31,
    "46" : 22,
    "47" : 21,
    "48" : 18,
    "49" : 12,
    "50" : 24,
    "51" : 11,
    "52" : 17,
    "53" : 16,
    "54" : 12,
    "55" : 7,
    "56" : 9,
    "57" : 7,
    "58" : 3,
    "59" : 7,
    "60" : 7,
    "61" : 6,
    "62" : 4,
    "63" : 6,
    "64" : 4,
    "65" : 3,
    "66" : 1,
    "67" : 4,
    "68" : 2,
    "69" : 2,
    "70" : 2,
    "71" : 1,
    "72" : 1,
    "73" : 1,
    "74" : 2,
    "75" : 2,
    "76" : 3,
    "77" : 2,
    "79" : 1,
    "80" : 3,
    "81" : 1,
    "93" : 1
  },
  "mean" : 17.87431968517123,
  "stdDev" : 9.966365954075295
}