{
  "distribution" : {
    "2" : 1,
    "3" : 22,
    "4" : 100,
    "5" : 232,
    "6" : 340,
    "7" : 480,
    "8" : 616,
    "9" : 645,
    "10" : 720,
    "11" : 698,
    "12" : 632,
    "13" : 603,
    "14" : 602,
    "15" : 556,
    "16" : 503,
    "17" : 461,
    "18" : 398,
    "19" : 367,
    "20" : 330,
    "21" : 313,
    "22" : 251,
    "23" : 211,
    "24" : 200,
    "25" : 147,
    "26" : 141,
    "27" : 113,
    "28" : 116,
    "29" : 108,
    "30" : 85,
    "31" : 78,
    "32" : 75,
    "33" : 57,
    "34" : 41,
    "35" : 41,
    "36" : 47,
    "37" : 33,
    "38" : 29,
    "39" : 26,
    "40" : 19,
    "41" : 21,
    "42" : 15,
    "43" : 26,
    "44" : 16,
    "45" : 16,
    "46" : 7,
    "47" : 11,
    "48" : 13,
    "49" : 3,
    "50" : 5,
    "51" : 6,
    "52" : 3,
    "53" : 1,
    "54" : 1,
    "55" : 2,
    "56" : 1,
    "57" : 1,
    "58" : 2,
    "59" : 4,
    "61" : 1,
    "64" : 1,
    "66" : 2,
    "67" : 2,
    "68" : 2,
    "70" : 1,
    "72" : 1,
    "73" : 1
  },
  "mean" : 15.621392190152802,
  "stdDev" : 8.206617898241072
}