{
  "distribution" : {
    "3" : 3,
    "4" : 15,
    "5" : 50,
    "6" : 85,
    "7" : 146,
    "8" : 223,
    "9" : 287,
    "10" : 344,
    "11" : 390,
    "12" : 504,
    "13" : 445,
    "14" : 481,
    "15" : 519,
    "16" : 455,
    "17" : 444,
    "18" : 458,
    "19" : 464,
    "20" : 443,
    "21" : 373,
    "22" : 375,
    "23" : 345,
    "24" : 285,
    "25" : 270,
    "26" : 274,
    "27" : 246,
    "28" : 221,
    "29" : 221,
    "30" : 171,
    "31" : 162,
    "32" : 161,
    "33" : 141,
    "34" : 127,
    "35" : 114,
    "36" : 108,
    "37" : 102,
    "38" : 88,
    "39" : 83,
    "40" : 66,
    "41" : 79,
    "42" : 64,
    "43" : 52,
    "44" : 43,
    "45" : 39,
    "46" : 42,
    "47" : 40,
    "48" : 36,
    "49" : 24,
    "50" : 34,
    "51" : 23,
    "52" : 14,
    "53" : 23,
    "54" : 21,
    "55" : 22,
    "56" : 12,
    "57" : 13,
    "58" : 9,
    "59" : 8,
    "60" : 17,
    "61" : 8,
    "62" : 8,
    "63" : 8,
    "64" : 8,
    "65" : 9,
    "66" : 6,
    "67" : 5,
    "68" : 5,
    "69" : 5,
    "70" : 3,
    "71" : 2,
    "72" : 1,
    "73" : 2,
    "74" : 2,
    "75" : 5,
    "76" : 2,
    "77" : 1,
    "78" : 1,
    "79" : 3,
    "80" : 1,
    "81" : 3,
    "82" : 4,
    "86" : 1,
    "89" : 2,
    "90" : 1,
    "91" : 1,
    "108" : 1
  },
  "mean" : 21.738704095366277,
  "stdDev" : 11.311888907848841
}