{
  "distribution" : {
    "1" : 1,
    "2" : 9,
    "3" : 65,
    "4" : 166,
    "5" : 291,
    "6" : 439,
    "7" : 634,
    "8" : 724,
    "9" : 719,
    "10" : 774,
    "11" : 658,
    "12" : 672,
    "13" : 603,
    "14" : 571,
    "15" : 527,
    "16" : 436,
    "17" : 387,
    "18" : 333,
    "19" : 298,
    "20" : 297,
    "21" : 254,
    "22" : 206,
    "23" : 153,
    "24" : 135,
    "25" : 133,
    "26" : 95,
    "27" : 99,
    "28" : 65,
    "29" : 59,
    "30" : 54,
    "31" : 49,
    "32" : 48,
    "33" : 30,
    "34" : 35,
    "35" : 25,
    "36" : 29,
    "37" : 21,
    "38" : 18,
    "39" : 18,
    "40" : 16,
    "41" : 11,
    "42" : 4,
    "43" : 10,
    "44" : 5,
    "45" : 8,
    "46" : 4,
    "47" : 1,
    "48" : 4,
    "49" : 4,
    "50" : 3,
    "52" : 5,
    "53" : 2,
    "54" : 2,
    "57" : 1
  },
  "mean" : 13.979333986287953,
  "stdDev" : 7.206514174975955
}