{
  "distribution" : {
    "2" : 36,
    "3" : 195,
    "4" : 475,
    "5" : 738,
    "6" : 895,
    "7" : 1002,
    "8" : 1011,
    "9" : 957,
    "10" : 803,
    "11" : 704,
    "12" : 633,
    "13" : 534,
    "14" : 420,
    "15" : 353,
    "16" : 295,
    "17" : 265,
    "18" : 207,
    "19" : 183,
    "20" : 170,
    "21" : 122,
    "22" : 93,
    "23" : 77,
    "24" : 69,
    "25" : 49,
    "26" : 40,
    "27" : 29,
    "28" : 25,
    "29" : 30,
    "30" : 21,
    "31" : 18,
    "32" : 14,
    "33" : 13,
    "34" : 5,
    "35" : 5,
    "36" : 4,
    "37" : 7,
    "38" : 2,
    "39" : 3,
    "42" : 2,
    "43" : 3,
    "44" : 2,
    "45" : 3,
    "46" : 1,
    "47" : 1,
    "56" : 1,
    "61" : 1
  },
  "mean" : 10.740966146823887,
  "stdDev" : 5.619766688255643
}