{
  "distribution" : {
    "3" : 5,
    "4" : 14,
    "5" : 58,
    "6" : 98,
    "7" : 181,
    "8" : 287,
    "9" : 309,
    "10" : 380,
    "11" : 432,
    "12" : 498,
    "13" : 556,
    "14" : 498,
    "15" : 526,
    "16" : 512,
    "17" : 459,
    "18" : 457,
    "19" : 400,
    "20" : 413,
    "21" : 387,
    "22" : 350,
    "23" : 336,
    "24" : 326,
    "25" : 276,
    "26" : 264,
    "27" : 235,
    "28" : 230,
    "29" : 184,
    "30" : 166,
    "31" : 156,
    "32" : 126,
    "33" : 139,
    "34" : 110,
    "35" : 97,
    "36" : 86,
    "37" : 92,
    "38" : 79,
    "39" : 75,
    "40" : 82,
    "41" : 53,
    "42" : 70,
    "43" : 54,
    "44" : 47,
    "45" : 31,
    "46" : 38,
    "47" : 36,
    "48" : 32,
    "49" : 28,
    "50" : 26,
    "51" : 17,
    "52" : 16,
    "53" : 16,
    "54" : 17,
    "55" : 16,
    "56" : 16,
    "57" : 8,
    "58" : 11,
    "59" : 7,
    "60" : 8,
    "61" : 12,
    "62" : 5,
    "63" : 5,
    "64" : 8,
    "65" : 11,
    "66" : 4,
    "67" : 7,
    "68" : 1,
    "69" : 2,
    "70" : 4,
    "71" : 2,
    "72" : 1,
    "73" : 2,
    "74" : 1,
    "75" : 4,
    "76" : 3,
    "77" : 1,
    "79" : 4,
    "80" : 1,
    "81" : 1,
    "84" : 2,
    "86" : 1,
    "90" : 1,
    "91" : 1,
    "96" : 1
  },
  "mean" : 20.945390543240414,
  "stdDev" : 10.955609132864529
}