{
  "distribution" : {
    "3" : 1,
    "4" : 22,
    "5" : 45,
    "6" : 107,
    "7" : 160,
    "8" : 253,
    "9" : 339,
    "10" : 388,
    "11" : 406,
    "12" : 442,
    "13" : 499,
    "14" : 553,
    "15" : 514,
    "16" : 516,
    "17" : 443,
    "18" : 405,
    "19" : 430,
    "20" : 358,
    "21" : 365,
    "22" : 341,
    "23" : 322,
    "24" : 283,
    "25" : 271,
    "26" : 227,
    "27" : 239,
    "28" : 178,
    "29" : 187,
    "30" : 176,
    "31" : 140,
    "32" : 119,
    "33" : 123,
    "34" : 122,
    "35" : 109,
    "36" : 78,
    "37" : 89,
    "38" : 78,
    "39" : 54,
    "40" : 65,
    "41" : 53,
    "42" : 56,
    "43" : 47,
    "44" : 32,
    "45" : 30,
    "46" : 39,
    "47" : 26,
    "48" : 23,
    "49" : 28,
    "50" : 20,
    "51" : 19,
    "52" : 14,
    "53" : 15,
    "54" : 10,
    "55" : 5,
    "56" : 14,
    "57" : 9,
    "58" : 5,
    "59" : 6,
    "60" : 9,
    "61" : 7,
    "62" : 7,
    "63" : 6,
    "64" : 4,
    "65" : 6,
    "66" : 4,
    "67" : 4,
    "68" : 2,
    "69" : 1,
    "70" : 1,
    "72" : 2,
    "73" : 4,
    "76" : 2,
    "77" : 1,
    "78" : 1,
    "79" : 1,
    "82" : 1,
    "83" : 1,
    "87" : 1,
    "114" : 1
  },
  "mean" : 20.547571256523483,
  "stdDev" : 10.464521877731443
}