{
  "distribution" : {
    "2" : 2,
    "3" : 15,
    "4" : 75,
    "5" : 170,
    "6" : 310,
    "7" : 431,
    "8" : 517,
    "9" : 594,
    "10" : 626,
    "11" : 693,
    "12" : 679,
    "13" : 660,
    "14" : 602,
    "15" : 552,
    "16" : 523,
    "17" : 446,
    "18" : 436,
    "19" : 381,
    "20" : 334,
    "21" : 299,
    "22" : 276,
    "23" : 237,
    "24" : 208,
    "25" : 185,
    "26" : 154,
    "27" : 138,
    "28" : 126,
    "29" : 105,
    "30" : 85,
    "31" : 95,
    "32" : 70,
    "33" : 72,
    "34" : 53,
    "35" : 51,
    "36" : 55,
    "37" : 36,
    "38" : 33,
    "39" : 31,
    "40" : 24,
    "41" : 25,
    "42" : 14,
    "43" : 19,
    "44" : 14,
    "45" : 23,
    "46" : 17,
    "47" : 12,
    "48" : 10,
    "49" : 5,
    "50" : 6,
    "51" : 5,
    "52" : 5,
    "53" : 4,
    "54" : 5,
    "55" : 3,
    "56" : 1,
    "57" : 2,
    "58" : 4,
    "59" : 3,
    "60" : 2,
    "61" : 1,
    "64" : 3,
    "65" : 2,
    "66" : 1,
    "68" : 1,
    "69" : 1,
    "71" : 1,
    "78" : 2,
    "79" : 1,
    "88" : 1,
    "91" : 1
  },
  "mean" : 16.280431287241086,
  "stdDev" : 8.540590588068994
}