{
  "distribution" : {
    "1" : 1,
    "2" : 34,
    "3" : 181,
    "4" : 394,
    "5" : 654,
    "6" : 882,
    "7" : 900,
    "8" : 973,
    "9" : 949,
    "10" : 858,
    "11" : 734,
    "12" : 655,
    "13" : 571,
    "14" : 476,
    "15" : 407,
    "16" : 308,
    "17" : 277,
    "18" : 254,
    "19" : 215,
    "20" : 160,
    "21" : 127,
    "22" : 98,
    "23" : 87,
    "24" : 75,
    "25" : 62,
    "26" : 50,
    "27" : 38,
    "28" : 36,
    "29" : 30,
    "30" : 24,
    "31" : 19,
    "32" : 13,
    "33" : 13,
    "34" : 8,
    "35" : 11,
    "36" : 7,
    "37" : 5,
    "38" : 15,
    "39" : 2,
    "40" : 4,
    "41" : 4,
    "42" : 1,
    "43" : 1,
    "44" : 1,
    "45" : 1,
    "46" : 6,
    "47" : 1,
    "48" : 2,
    "49" : 1,
    "50" : 1,
    "51" : 1,
    "53" : 1
  },
  "mean" : 11.193921716221302,
  "stdDev" : 5.887494241114123
}