{
  "distribution" : {
    "3" : 7,
    "4" : 28,
    "5" : 93,
    "6" : 145,
    "7" : 262,
    "8" : 346,
    "9" : 421,
    "10" : 458,
    "11" : 495,
    "12" : 579,
    "13" : 562,
    "14" : 512,
    "15" : 480,
    "16" : 552,
    "17" : 471,
    "18" : 446,
    "19" : 413,
    "20" : 372,
    "21" : 338,
    "22" : 340,
    "23" : 304,
    "24" : 295,
    "25" : 225,
    "26" : 216,
    "27" : 207,
    "28" : 191,
    "29" : 182,
    "30" : 165,
    "31" : 124,
    "32" : 102,
    "33" : 116,
    "34" : 78,
    "35" : 79,
    "36" : 87,
    "37" : 70,
    "38" : 51,
    "39" : 54,
    "40" : 42,
    "41" : 49,
    "42" : 34,
    "43" : 41,
    "44" : 35,
    "45" : 37,
    "46" : 24,
    "47" : 18,
    "48" : 11,
    "49" : 18,
    "50" : 20,
    "51" : 11,
    "52" : 19,
    "53" : 12,
    "54" : 15,
    "55" : 9,
    "56" : 14,
    "57" : 4,
    "58" : 7,
    "59" : 7,
    "60" : 3,
    "61" : 2,
    "62" : 4,
    "63" : 5,
    "65" : 3,
    "67" : 3,
    "68" : 1,
    "69" : 1,
    "70" : 1,
    "71" : 1,
    "72" : 2,
    "74" : 1,
    "75" : 1,
    "76" : 1,
    "78" : 2,
    "80" : 1,
    "81" : 1,
    "84" : 1,
    "85" : 1
  },
  "mean" : 19.17070100697134,
  "stdDev" : 9.939860091714056
}