{
  "distribution" : {
    "2" : 1,
    "3" : 7,
    "4" : 49,
    "5" : 139,
    "6" : 213,
    "7" : 329,
    "8" : 396,
    "9" : 525,
    "10" : 559,
    "11" : 566,
    "12" : 569,
    "13" : 596,
    "14" : 554,
    "15" : 562,
    "16" : 535,
    "17" : 479,
    "18" : 445,
    "19" : 395,
    "20" : 325,
    "21" : 343,
    "22" : 305,
    "23" : 276,
    "24" : 265,
    "25" : 227,
    "26" : 182,
    "27" : 186,
    "28" : 154,
    "29" : 108,
    "30" : 102,
    "31" : 101,
    "32" : 98,
    "33" : 88,
    "34" : 89,
    "35" : 53,
    "36" : 55,
    "37" : 55,
    "38" : 39,
    "39" : 26,
    "40" : 36,
    "41" : 39,
    "42" : 32,
    "43" : 27,
    "44" : 26,
    "45" : 13,
    "46" : 23,
    "47" : 17,
    "48" : 20,
    "49" : 12,
    "50" : 11,
    "51" : 9,
    "52" : 7,
    "53" : 7,
    "54" : 6,
    "55" : 7,
    "56" : 3,
    "57" : 3,
    "58" : 4,
    "59" : 5,
    "60" : 3,
    "61" : 2,
    "62" : 5,
    "63" : 2,
    "64" : 3,
    "65" : 1,
    "66" : 1,
    "68" : 1,
    "69" : 1,
    "70" : 1,
    "76" : 1,
    "78" : 1,
    "82" : 1,
    "85" : 1
  },
  "mean" : 17.661179432555436,
  "stdDev" : 9.156765558554822
}