{
  "distribution" : {
    "2" : 1,
    "3" : 41,
    "4" : 140,
    "5" : 367,
    "6" : 464,
    "7" : 695,
    "8" : 733,
    "9" : 797,
    "10" : 768,
    "11" : 803,
    "12" : 679,
    "13" : 589,
    "14" : 580,
    "15" : 492,
    "16" : 464,
    "17" : 352,
    "18" : 358,
    "19" : 301,
    "20" : 264,
    "21" : 197,
    "22" : 194,
    "23" : 166,
    "24" : 131,
    "25" : 128,
    "26" : 128,
    "27" : 91,
    "28" : 98,
    "29" : 71,
    "30" : 47,
    "31" : 49,
    "32" : 28,
    "33" : 33,
    "34" : 20,
    "35" : 23,
    "36" : 14,
    "37" : 22,
    "38" : 21,
    "39" : 9,
    "40" : 15,
    "41" : 7,
    "42" : 8,
    "43" : 8,
    "44" : 7,
    "45" : 2,
    "46" : 3,
    "47" : 5,
    "48" : 4,
    "49" : 2,
    "50" : 1,
    "51" : 4,
    "52" : 2,
    "53" : 2,
    "54" : 1,
    "55" : 1,
    "56" : 1,
    "57" : 2,
    "58" : 2,
    "59" : 1,
    "61" : 1,
    "65" : 1,
    "67" : 1,
    "73" : 1,
    "74" : 1
  },
  "mean" : 13.770903170194426,
  "stdDev" : 7.179232504038347
}