{
  "distribution" : {
    "2" : 101,
    "3" : 391,
    "4" : 812,
    "5" : 1063,
    "6" : 1132,
    "7" : 1184,
    "8" : 1024,
    "9" : 909,
    "10" : 773,
    "11" : 636,
    "12" : 495,
    "13" : 408,
    "14" : 333,
    "15" : 276,
    "16" : 193,
    "17" : 148,
    "18" : 135,
    "19" : 101,
    "20" : 90,
    "21" : 65,
    "22" : 48,
    "23" : 37,
    "24" : 25,
    "25" : 26,
    "26" : 15,
    "27" : 12,
    "28" : 15,
    "29" : 13,
    "30" : 12,
    "31" : 5,
    "32" : 6,
    "33" : 6,
    "34" : 4,
    "35" : 2,
    "36" : 1,
    "37" : 1,
    "38" : 1,
    "39" : 2,
    "40" : 3
  },
  "mean" : 9.080167571170142,
  "stdDev" : 4.747504821342293
}