{
  "distribution" : {
    "2" : 9,
    "3" : 38,
    "4" : 123,
    "5" : 248,
    "6" : 446,
    "7" : 538,
    "8" : 669,
    "9" : 675,
    "10" : 748,
    "11" : 721,
    "12" : 693,
    "13" : 623,
    "14" : 562,
    "15" : 516,
    "16" : 449,
    "17" : 441,
    "18" : 365,
    "19" : 329,
    "20" : 267,
    "21" : 242,
    "22" : 241,
    "23" : 197,
    "24" : 193,
    "25" : 142,
    "26" : 140,
    "27" : 124,
    "28" : 80,
    "29" : 92,
    "30" : 63,
    "31" : 73,
    "32" : 42,
    "33" : 48,
    "34" : 42,
    "35" : 35,
    "36" : 25,
    "37" : 25,
    "38" : 26,
    "39" : 10,
    "40" : 17,
    "41" : 15,
    "42" : 19,
    "43" : 13,
    "44" : 9,
    "45" : 4,
    "46" : 3,
    "47" : 5,
    "48" : 6,
    "49" : 1,
    "50" : 8,
    "51" : 2,
    "52" : 4,
    "53" : 2,
    "55" : 1,
    "57" : 1,
    "58" : 2,
    "61" : 2,
    "62" : 1,
    "66" : 1,
    "69" : 3,
    "74" : 1
  },
  "mean" : 14.726679462571976,
  "stdDev" : 7.669907862647352
}