{
  "distribution" : {
    "2" : 2,
    "3" : 17,
    "4" : 67,
    "5" : 143,
    "6" : 221,
    "7" : 349,
    "8" : 486,
    "9" : 547,
    "10" : 578,
    "11" : 590,
    "12" : 624,
    "13" : 607,
    "14" : 557,
    "15" : 545,
    "16" : 514,
    "17" : 515,
    "18" : 441,
    "19" : 409,
    "20" : 348,
    "21" : 312,
    "22" : 278,
    "23" : 248,
    "24" : 212,
    "25" : 190,
    "26" : 171,
    "27" : 140,
    "28" : 147,
    "29" : 138,
    "30" : 138,
    "31" : 87,
    "32" : 88,
    "33" : 75,
    "34" : 72,
    "35" : 68,
    "36" : 57,
    "37" : 42,
    "38" : 42,
    "39" : 46,
    "40" : 27,
    "41" : 34,
    "42" : 18,
    "43" : 27,
    "44" : 17,
    "45" : 20,
    "46" : 11,
    "47" : 21,
    "48" : 6,
    "49" : 13,
    "50" : 8,
    "51" : 7,
    "52" : 8,
    "53" : 5,
    "54" : 3,
    "55" : 8,
    "56" : 2,
    "57" : 1,
    "58" : 4,
    "59" : 3,
    "60" : 2,
    "61" : 2,
    "62" : 1,
    "63" : 1,
    "64" : 2,
    "65" : 1,
    "67" : 2,
    "68" : 2,
    "70" : 1,
    "71" : 1,
    "72" : 1,
    "78" : 1,
    "82" : 1,
    "83" : 1
  },
  "mean" : 17.136315434300588,
  "stdDev" : 8.904370733632152
}