{
  "distribution" : {
    "2" : 14,
    "3" : 113,
    "4" : 299,
    "5" : 467,
    "6" : 695,
    "7" : 820,
    "8" : 873,
    "9" : 889,
    "10" : 829,
    "11" : 785,
    "12" : 679,
    "13" : 648,
    "14" : 531,
    "15" : 481,
    "16" : 368,
    "17" : 340,
    "18" : 266,
    "19" : 215,
    "20" : 189,
    "21" : 140,
    "22" : 148,
    "23" : 128,
    "24" : 109,
    "25" : 98,
    "26" : 67,
    "27" : 52,
    "28" : 45,
    "29" : 43,
    "30" : 41,
    "31" : 32,
    "32" : 29,
    "33" : 33,
    "34" : 10,
    "35" : 16,
    "36" : 17,
    "37" : 17,
    "38" : 7,
    "39" : 8,
    "40" : 7,
    "41" : 7,
    "42" : 4,
    "43" : 1,
    "44" : 5,
    "46" : 4,
    "47" : 1,
    "48" : 3,
    "49" : 2,
    "50" : 1,
    "51" : 1,
    "54" : 2,
    "56" : 1,
    "57" : 1
  },
  "mean" : 12.27388715622342,
  "stdDev" : 6.4414497996847455
}