{
  "distribution" : {
    "2" : 24,
    "3" : 165,
    "4" : 394,
    "5" : 662,
    "6" : 851,
    "7" : 875,
    "8" : 951,
    "9" : 903,
    "10" : 801,
    "11" : 681,
    "12" : 625,
    "13" : 566,
    "14" : 478,
    "15" : 427,
    "16" : 325,
    "17" : 284,
    "18" : 264,
    "19" : 199,
    "20" : 141,
    "21" : 124,
    "22" : 115,
    "23" : 99,
    "24" : 74,
    "25" : 62,
    "26" : 43,
    "27" : 42,
    "28" : 26,
    "29" : 35,
    "30" : 17,
    "31" : 15,
    "32" : 14,
    "33" : 10,
    "34" : 10,
    "35" : 10,
    "36" : 8,
    "37" : 5,
    "38" : 8,
    "39" : 1,
    "40" : 1,
    "41" : 3,
    "42" : 2,
    "43" : 1,
    "44" : 1,
    "45" : 4,
    "47" : 1,
    "48" : 1,
    "49" : 3,
    "50" : 1,
    "54" : 1,
    "55" : 1
  },
  "mean" : 11.216727834653273,
  "stdDev" : 5.823290988001679
}