{
  "distribution" : {
    "3" : 6,
    "4" : 35,
    "5" : 83,
    "6" : 161,
    "7" : 232,
    "8" : 323,
    "9" : 382,
    "10" : 440,
    "11" : 500,
    "12" : 513,
    "13" : 551,
    "14" : 554,
    "15" : 520,
    "16" : 502,
    "17" : 499,
    "18" : 483,
    "19" : 388,
    "20" : 391,
    "21" : 385,
    "22" : 337,
    "23" : 303,
    "24" : 248,
    "25" : 259,
    "26" : 249,
    "27" : 188,
    "28" : 177,
    "29" : 168,
    "30" : 149,
    "31" : 130,
    "32" : 146,
    "33" : 110,
    "34" : 98,
    "35" : 118,
    "36" : 78,
    "37" : 74,
    "38" : 65,
    "39" : 47,
    "40" : 51,
    "41" : 46,
    "42" : 48,
    "43" : 37,
    "44" : 37,
    "45" : 31,
    "46" : 25,
    "47" : 21,
    "48" : 26,
    "49" : 24,
    "50" : 14,
    "51" : 10,
    "52" : 20,
    "53" : 12,
    "54" : 15,
    "55" : 15,
    "56" : 8,
    "57" : 7,
    "58" : 9,
    "59" : 5,
    "60" : 3,
    "61" : 3,
    "62" : 1,
    "63" : 1,
    "64" : 5,
    "65" : 4,
    "66" : 2,
    "67" : 3,
    "68" : 2,
    "69" : 3,
    "70" : 3,
    "71" : 1,
    "72" : 2,
    "73" : 2,
    "74" : 1,
    "75" : 1,
    "80" : 1,
    "81" : 2,
    "82" : 1,
    "83" : 1,
    "84" : 1,
    "86" : 1
  },
  "mean" : 19.533519284408964,
  "stdDev" : 10.161175007953789
}