{
  "distribution" : {
    "1" : 1,
    "2" : 17,
    "3" : 130,
    "4" : 328,
    "5" : 509,
    "6" : 742,
    "7" : 862,
    "8" : 814,
    "9" : 882,
    "10" : 856,
    "11" : 807,
    "12" : 752,
    "13" : 629,
    "14" : 490,
    "15" : 462,
    "16" : 428,
    "17" : 336,
    "18" : 290,
    "19" : 253,
    "20" : 201,
    "21" : 165,
    "22" : 139,
    "23" : 114,
    "24" : 114,
    "25" : 75,
    "26" : 66,
    "27" : 59,
    "28" : 55,
    "29" : 49,
    "30" : 38,
    "31" : 37,
    "32" : 30,
    "33" : 22,
    "34" : 20,
    "35" : 16,
    "36" : 20,
    "37" : 8,
    "38" : 8,
    "39" : 9,
    "40" : 7,
    "41" : 8,
    "42" : 8,
    "43" : 7,
    "44" : 4,
    "45" : 3,
    "46" : 4,
    "47" : 1,
    "48" : 1,
    "50" : 1,
    "51" : 1,
    "52" : 1,
    "58" : 2,
    "60" : 1,
    "76" : 1
  },
  "mean" : 12.257925204447304,
  "stdDev" : 6.523993322822173
}