{
  "distribution" : {
    "2" : 1,
    "3" : 12,
    "4" : 55,
    "5" : 113,
    "6" : 218,
    "7" : 298,
    "8" : 387,
    "9" : 483,
    "10" : 560,
    "11" : 573,
    "12" : 538,
    "13" : 600,
    "14" : 589,
    "15" : 541,
    "16" : 486,
    "17" : 478,
    "18" : 485,
    "19" : 423,
    "20" : 374,
    "21" : 342,
    "22" : 295,
    "23" : 286,
    "24" : 267,
    "25" : 194,
    "26" : 197,
    "27" : 162,
    "28" : 155,
    "29" : 115,
    "30" : 132,
    "31" : 125,
    "32" : 83,
    "33" : 83,
    "34" : 62,
    "35" : 78,
    "36" : 67,
    "37" : 57,
    "38" : 46,
    "39" : 47,
    "40" : 28,
    "41" : 40,
    "42" : 28,
    "43" : 31,
    "44" : 20,
    "45" : 15,
    "46" : 12,
    "47" : 17,
    "48" : 7,
    "49" : 13,
    "50" : 9,
    "51" : 8,
    "52" : 11,
    "53" : 8,
    "54" : 5,
    "55" : 4,
    "56" : 8,
    "57" : 4,
    "58" : 2,
    "59" : 1,
    "60" : 3,
    "61" : 3,
    "62" : 2,
    "63" : 4,
    "64" : 2,
    "65" : 1,
    "66" : 1,
    "67" : 3,
    "68" : 1,
    "69" : 1,
    "70" : 1,
    "71" : 1,
    "72" : 1,
    "74" : 1,
    "77" : 2,
    "78" : 1,
    "80" : 1,
    "81" : 1,
    "83" : 1,
    "87" : 1,
    "93" : 1
  },
  "mean" : 17.825623120938804,
  "stdDev" : 9.235156493419503
}