{
  "distribution" : {
    "3" : 13,
    "4" : 63,
    "5" : 141,
    "6" : 248,
    "7" : 396,
    "8" : 505,
    "9" : 547,
    "10" : 593,
    "11" : 589,
    "12" : 657,
    "13" : 584,
    "14" : 634,
    "15" : 558,
    "16" : 542,
    "17" : 457,
    "18" : 450,
    "19" : 365,
    "20" : 336,
    "21" : 303,
    "22" : 240,
    "23" : 243,
    "24" : 196,
    "25" : 206,
    "26" : 153,
    "27" : 144,
    "28" : 117,
    "29" : 123,
    "30" : 79,
    "31" : 91,
    "32" : 77,
    "33" : 74,
    "34" : 56,
    "35" : 55,
    "36" : 43,
    "37" : 57,
    "38" : 29,
    "39" : 38,
    "40" : 25,
    "41" : 26,
    "42" : 21,
    "43" : 20,
    "44" : 22,
    "45" : 16,
    "46" : 13,
    "47" : 8,
    "48" : 10,
    "49" : 19,
    "50" : 6,
    "51" : 7,
    "52" : 6,
    "53" : 2,
    "54" : 6,
    "56" : 3,
    "57" : 3,
    "58" : 1,
    "59" : 2,
    "60" : 2,
    "61" : 1,
    "63" : 1,
    "64" : 1,
    "65" : 2,
    "66" : 2,
    "68" : 1,
    "74" : 1,
    "75" : 1,
    "79" : 1,
    "87" : 1
  },
  "mean" : 16.639562157935888,
  "stdDev" : 8.587306571613086
}