{
  "distribution" : {
    "2" : 1,
    "3" : 60,
    "4" : 157,
    "5" : 307,
    "6" : 486,
    "7" : 615,
    "8" : 672,
    "9" : 796,
    "10" : 779,
    "11" : 791,
    "12" : 692,
    "13" : 684,
    "14" : 575,
    "15" : 495,
    "16" : 448,
    "17" : 416,
    "18" : 337,
    "19" : 301,
    "20" : 283,
    "21" : 269,
    "22" : 195,
    "23" : 168,
    "24" : 154,
    "25" : 143,
    "26" : 105,
    "27" : 100,
    "28" : 85,
    "29" : 63,
    "30" : 55,
    "31" : 58,
    "32" : 43,
    "33" : 30,
    "34" : 35,
    "35" : 32,
    "36" : 27,
    "37" : 20,
    "38" : 21,
    "39" : 12,
    "40" : 13,
    "41" : 15,
    "42" : 3,
    "43" : 11,
    "44" : 6,
    "45" : 7,
    "46" : 4,
    "47" : 12,
    "48" : 5,
    "49" : 2,
    "50" : 3,
    "51" : 3,
    "52" : 4,
    "53" : 2,
    "54" : 4,
    "57" : 1,
    "59" : 1,
    "60" : 1,
    "61" : 1,
    "62" : 2,
    "65" : 1,
    "72" : 1,
    "79" : 1
  },
  "mean" : 14.093564496372373,
  "stdDev" : 7.407070272145418
}