{
  "distribution" : {
    "2" : 4,
    "3" : 41,
    "4" : 136,
    "5" : 283,
    "6" : 430,
    "7" : 635,
    "8" : 714,
    "9" : 691,
    "10" : 757,
    "11" : 734,
    "12" : 670,
    "13" : 708,
    "14" : 549,
    "15" : 531,
    "16" : 467,
    "17" : 408,
    "18" : 356,
    "19" : 300,
    "20" : 282,
    "21" : 253,
    "22" : 226,
    "23" : 166,
    "24" : 146,
    "25" : 137,
    "26" : 109,
    "27" : 116,
    "28" : 89,
    "29" : 73,
    "30" : 49,
    "31" : 62,
    "32" : 48,
    "33" : 36,
    "34" : 34,
    "35" : 28,
    "36" : 34,
    "37" : 19,
    "38" : 14,
    "39" : 22,
    "40" : 6,
    "41" : 14,
    "42" : 11,
    "43" : 13,
    "44" : 9,
    "45" : 3,
    "46" : 10,
    "47" : 7,
    "48" : 5,
    "49" : 3,
    "50" : 3,
    "51" : 2,
    "52" : 2,
    "53" : 3,
    "54" : 2,
    "55" : 1,
    "59" : 1,
    "60" : 1,
    "62" : 2,
    "68" : 1,
    "74" : 1,
    "75" : 1,
    "84" : 1
  },
  "mean" : 14.311215221340472,
  "stdDev" : 7.466902776101393
}