{
  "distribution" : {
    "2" : 4,
    "3" : 29,
    "4" : 139,
    "5" : 296,
    "6" : 442,
    "7" : 589,
    "8" : 689,
    "9" : 745,
    "10" : 786,
    "11" : 734,
    "12" : 687,
    "13" : 699,
    "14" : 596,
    "15" : 534,
    "16" : 496,
    "17" : 422,
    "18" : 382,
    "19" : 304,
    "20" : 301,
    "21" : 238,
    "22" : 213,
    "23" : 187,
    "24" : 148,
    "25" : 136,
    "26" : 114,
    "27" : 98,
    "28" : 99,
    "29" : 82,
    "30" : 67,
    "31" : 79,
    "32" : 66,
    "33" : 46,
    "34" : 33,
    "35" : 27,
    "36" : 24,
    "37" : 27,
    "38" : 18,
    "39" : 26,
    "40" : 21,
    "41" : 20,
    "42" : 14,
    "43" : 13,
    "44" : 4,
    "45" : 7,
    "46" : 8,
    "47" : 8,
    "48" : 6,
    "49" : 2,
    "50" : 3,
    "51" : 7,
    "52" : 2,
    "53" : 2,
    "54" : 1,
    "55" : 1,
    "57" : 1,
    "58" : 3,
    "60" : 3,
    "62" : 3,
    "63" : 1,
    "66" : 1,
    "69" : 1,
    "76" : 1
  },
  "mean" : 14.537773637633908,
  "stdDev" : 7.684919455070698
}