{
  "distribution" : {
    "2" : 2,
    "3" : 42,
    "4" : 137,
    "5" : 314,
    "6" : 451,
    "7" : 567,
    "8" : 686,
    "9" : 754,
    "10" : 741,
    "11" : 720,
    "12" : 614,
    "13" : 658,
    "14" : 530,
    "15" : 498,
    "16" : 409,
    "17" : 356,
    "18" : 365,
    "19" : 299,
    "20" : 254,
    "21" : 216,
    "22" : 193,
    "23" : 161,
    "24" : 144,
    "25" : 129,
    "26" : 115,
    "27" : 98,
    "28" : 84,
    "29" : 69,
    "30" : 56,
    "31" : 50,
    "32" : 49,
    "33" : 23,
    "34" : 35,
    "35" : 20,
    "36" : 11,
    "37" : 21,
    "38" : 10,
    "39" : 9,
    "40" : 11,
    "41" : 8,
    "42" : 7,
    "43" : 8,
    "44" : 3,
    "45" : 2,
    "46" : 2,
    "47" : 2,
    "48" : 6,
    "49" : 4,
    "50" : 1,
    "51" : 2,
    "52" : 2,
    "53" : 1,
    "54" : 3,
    "59" : 1,
    "61" : 1,
    "62" : 1,
    "66" : 1,
    "82" : 1
  },
  "mean" : 13.947072411368886,
  "stdDev" : 7.100078847626001
}