{
  "distribution" : {
    "2" : 33,
    "3" : 204,
    "4" : 443,
    "5" : 737,
    "6" : 896,
    "7" : 938,
    "8" : 1013,
    "9" : 896,
    "10" : 747,
    "11" : 704,
    "12" : 599,
    "13" : 529,
    "14" : 463,
    "15" : 392,
    "16" : 356,
    "17" : 238,
    "18" : 211,
    "19" : 172,
    "20" : 144,
    "21" : 120,
    "22" : 94,
    "23" : 79,
    "24" : 57,
    "25" : 50,
    "26" : 45,
    "27" : 38,
    "28" : 30,
    "29" : 20,
    "30" : 18,
    "31" : 16,
    "32" : 9,
    "33" : 9,
    "34" : 6,
    "35" : 7,
    "36" : 8,
    "37" : 9,
    "38" : 3,
    "39" : 4,
    "40" : 3,
    "41" : 2,
    "42" : 2,
    "44" : 1,
    "51" : 2,
    "55" : 1
  },
  "mean" : 10.790587553150367,
  "stdDev" : 5.600114621661702
}