{
  "distribution" : {
    "2" : 2,
    "3" : 19,
    "4" : 67,
    "5" : 137,
    "6" : 278,
    "7" : 406,
    "8" : 498,
    "9" : 577,
    "10" : 604,
    "11" : 682,
    "12" : 617,
    "13" : 610,
    "14" : 618,
    "15" : 608,
    "16" : 570,
    "17" : 456,
    "18" : 454,
    "19" : 389,
    "20" : 350,
    "21" : 325,
    "22" : 275,
    "23" : 239,
    "24" : 252,
    "25" : 189,
    "26" : 184,
    "27" : 163,
    "28" : 146,
    "29" : 112,
    "30" : 119,
    "31" : 73,
    "32" : 80,
    "33" : 79,
    "34" : 72,
    "35" : 55,
    "36" : 53,
    "37" : 43,
    "38" : 31,
    "39" : 33,
    "40" : 33,
    "41" : 30,
    "42" : 21,
    "43" : 23,
    "44" : 17,
    "45" : 16,
    "46" : 20,
    "47" : 8,
    "48" : 9,
    "49" : 6,
    "50" : 9,
    "51" : 15,
    "52" : 4,
    "53" : 11,
    "54" : 8,
    "55" : 9,
    "56" : 2,
    "57" : 1,
    "58" : 9,
    "60" : 2,
    "61" : 4,
    "62" : 3,
    "63" : 4,
    "64" : 1,
    "66" : 2,
    "67" : 1,
    "68" : 2,
    "69" : 1,
    "70" : 1,
    "71" : 2,
    "72" : 1,
    "75" : 1,
    "86" : 1,
    "98" : 1
  },
  "mean" : 16.860746532625896,
  "stdDev" : 8.915664758570157
}