{
  "distribution" : {
    "2" : 15,
    "3" : 85,
    "4" : 254,
    "5" : 446,
    "6" : 657,
    "7" : 763,
    "8" : 843,
    "9" : 826,
    "10" : 765,
    "11" : 751,
    "12" : 682,
    "13" : 592,
    "14" : 491,
    "15" : 452,
    "16" : 419,
    "17" : 333,
    "18" : 268,
    "19" : 255,
    "20" : 213,
    "21" : 155,
    "22" : 138,
    "23" : 115,
    "24" : 91,
    "25" : 83,
    "26" : 71,
    "27" : 62,
    "28" : 52,
    "29" : 44,
    "30" : 40,
    "31" : 34,
    "32" : 31,
    "33" : 18,
    "34" : 17,
    "35" : 9,
    "36" : 7,
    "37" : 4,
    "38" : 11,
    "39" : 5,
    "40" : 5,
    "41" : 7,
    "42" : 2,
    "43" : 4,
    "44" : 2,
    "45" : 3,
    "46" : 1,
    "47" : 4,
    "48" : 1,
    "49" : 2,
    "50" : 1,
    "51" : 2,
    "52" : 1,
    "58" : 1,
    "59" : 1,
    "61" : 1
  },
  "mean" : 12.397829304390726,
  "stdDev" : 6.367750677593848
}