{
  "distribution" : {
    "2" : 2,
    "3" : 11,
    "4" : 60,
    "5" : 118,
    "6" : 213,
    "7" : 365,
    "8" : 422,
    "9" : 485,
    "10" : 578,
    "11" : 565,
    "12" : 561,
    "13" : 570,
    "14" : 563,
    "15" : 532,
    "16" : 533,
    "17" : 436,
    "18" : 416,
    "19" : 416,
    "20" : 353,
    "21" : 324,
    "22" : 307,
    "23" : 274,
    "24" : 247,
    "25" : 217,
    "26" : 186,
    "27" : 146,
    "28" : 154,
    "29" : 134,
    "30" : 111,
    "31" : 93,
    "32" : 97,
    "33" : 72,
    "34" : 59,
    "35" : 74,
    "36" : 60,
    "37" : 50,
    "38" : 40,
    "39" : 36,
    "40" : 32,
    "41" : 19,
    "42" : 27,
    "43" : 23,
    "44" : 28,
    "45" : 20,
    "46" : 15,
    "47" : 14,
    "48" : 17,
    "49" : 15,
    "50" : 8,
    "51" : 5,
    "52" : 5,
    "53" : 6,
    "54" : 5,
    "55" : 3,
    "56" : 3,
    "57" : 3,
    "58" : 6,
    "59" : 4,
    "60" : 4,
    "61" : 4,
    "63" : 1,
    "64" : 2,
    "65" : 2,
    "66" : 1,
    "67" : 1,
    "68" : 1,
    "70" : 3,
    "71" : 1,
    "77" : 1
  },
  "mean" : 17.463529874987696,
  "stdDev" : 8.98056485797027
}