{
  "distribution" : {
    "3" : 2,
    "4" : 14,
    "5" : 32,
    "6" : 84,
    "7" : 133,
    "8" : 173,
    "9" : 264,
    "10" : 313,
    "11" : 362,
    "12" : 394,
    "13" : 423,
    "14" : 448,
    "15" : 448,
    "16" : 470,
    "17" : 479,
    "18" : 455,
    "19" : 375,
    "20" : 427,
    "21" : 418,
    "22" : 355,
    "23" : 345,
    "24" : 315,
    "25" : 313,
    "26" : 286,
    "27" : 246,
    "28" : 237,
    "29" : 212,
    "30" : 177,
    "31" : 175,
    "32" : 163,
    "33" : 147,
    "34" : 138,
    "35" : 132,
    "36" : 118,
    "37" : 112,
    "38" : 113,
    "39" : 89,
    "40" : 72,
    "41" : 66,
    "42" : 74,
    "43" : 59,
    "44" : 52,
    "45" : 49,
    "46" : 44,
    "47" : 33,
    "48" : 36,
    "49" : 21,
    "50" : 29,
    "51" : 31,
    "52" : 25,
    "53" : 25,
    "54" : 19,
    "55" : 19,
    "56" : 19,
    "57" : 12,
    "58" : 19,
    "59" : 17,
    "60" : 13,
    "61" : 8,
    "62" : 8,
    "63" : 12,
    "64" : 6,
    "65" : 7,
    "66" : 3,
    "67" : 1,
    "68" : 6,
    "69" : 4,
    "70" : 3,
    "71" : 2,
    "72" : 6,
    "73" : 4,
    "74" : 4,
    "75" : 7,
    "76" : 1,
    "77" : 3,
    "78" : 1,
    "79" : 5,
    "80" : 1,
    "81" : 1,
    "83" : 2,
    "84" : 3,
    "86" : 3,
    "89" : 2,
    "90" : 1,
    "92" : 1,
    "93" : 1,
    "114" : 1
  },
  "mean" : 22.519749706687524,
  "stdDev" : 11.619396101059834
}