{
  "distribution" : {
    "3" : 33,
    "4" : 105,
    "5" : 237,
    "6" : 379,
    "7" : 527,
    "8" : 591,
    "9" : 678,
    "10" : 635,
    "11" : 715,
    "12" : 663,
    "13" : 627,
    "14" : 575,
    "15" : 517,
    "16" : 472,
    "17" : 420,
    "18" : 401,
    "19" : 305,
    "20" : 315,
    "21" : 271,
    "22" : 216,
    "23" : 186,
    "24" : 172,
    "25" : 143,
    "26" : 135,
    "27" : 128,
    "28" : 84,
    "29" : 103,
    "30" : 75,
    "31" : 63,
    "32" : 47,
    "33" : 49,
    "34" : 40,
    "35" : 39,
    "36" : 36,
    "37" : 28,
    "38" : 20,
    "39" : 20,
    "40" : 26,
    "41" : 6,
    "42" : 13,
    "43" : 8,
    "44" : 13,
    "45" : 12,
    "46" : 3,
    "47" : 5,
    "48" : 4,
    "49" : 6,
    "50" : 3,
    "51" : 2,
    "52" : 2,
    "53" : 1,
    "55" : 1,
    "56" : 1,
    "57" : 2,
    "58" : 2,
    "59" : 2,
    "61" : 1,
    "64" : 1,
    "67" : 1,
    "68" : 1,
    "72" : 1,
    "80" : 1
  },
  "mean" : 15.018292682926829,
  "stdDev" : 7.726136394741047
}