{
  "distribution" : {
    "3" : 3,
    "4" : 26,
    "5" : 61,
    "6" : 100,
    "7" : 170,
    "8" : 217,
    "9" : 339,
    "10" : 350,
    "11" : 452,
    "12" : 499,
    "13" : 490,
    "14" : 483,
    "15" : 485,
    "16" : 493,
    "17" : 492,
    "18" : 440,
    "19" : 430,
    "20" : 395,
    "21" : 331,
    "22" : 354,
    "23" : 311,
    "24" : 306,
    "25" : 273,
    "26" : 265,
    "27" : 233,
    "28" : 204,
    "29" : 198,
    "30" : 171,
    "31" : 165,
    "32" : 142,
    "33" : 116,
    "34" : 102,
    "35" : 106,
    "36" : 91,
    "37" : 93,
    "38" : 79,
    "39" : 72,
    "40" : 72,
    "41" : 63,
    "42" : 60,
    "43" : 40,
    "44" : 42,
    "45" : 28,
    "46" : 35,
    "47" : 33,
    "48" : 30,
    "49" : 31,
    "50" : 29,
    "51" : 18,
    "52" : 22,
    "53" : 10,
    "54" : 17,
    "55" : 7,
    "56" : 6,
    "57" : 15,
    "58" : 7,
    "59" : 7,
    "60" : 8,
    "61" : 9,
    "62" : 9,
    "63" : 9,
    "64" : 3,
    "65" : 7,
    "66" : 1,
    "67" : 10,
    "68" : 4,
    "69" : 4,
    "70" : 5,
    "71" : 4,
    "72" : 1,
    "73" : 1,
    "75" : 2,
    "76" : 2,
    "81" : 1,
    "84" : 1,
    "88" : 1,
    "90" : 1,
    "92" : 1
  },
  "mean" : 20.89757676837045,
  "stdDev" : 10.763891895355863
}