{
  "distribution" : {
    "2" : 5,
    "3" : 99,
    "4" : 246,
    "5" : 448,
    "6" : 671,
    "7" : 697,
    "8" : 783,
    "9" : 858,
    "10" : 802,
    "11" : 761,
    "12" : 714,
    "13" : 635,
    "14" : 540,
    "15" : 473,
    "16" : 431,
    "17" : 356,
    "18" : 294,
    "19" : 246,
    "20" : 227,
    "21" : 203,
    "22" : 159,
    "23" : 140,
    "24" : 113,
    "25" : 100,
    "26" : 74,
    "27" : 82,
    "28" : 66,
    "29" : 41,
    "30" : 47,
    "31" : 31,
    "32" : 35,
    "33" : 17,
    "34" : 26,
    "35" : 31,
    "36" : 11,
    "37" : 19,
    "38" : 13,
    "39" : 13,
    "40" : 9,
    "41" : 4,
    "42" : 5,
    "43" : 4,
    "44" : 3,
    "45" : 3,
    "46" : 4,
    "47" : 3,
    "48" : 2,
    "49" : 2,
    "52" : 1,
    "53" : 1,
    "54" : 1,
    "67" : 1,
    "68" : 1,
    "76" : 1
  },
  "mean" : 12.821834723275208,
  "stdDev" : 6.719991332342149
}