{
  "distribution" : {
    "2" : 1,
    "3" : 17,
    "4" : 65,
    "5" : 109,
    "6" : 244,
    "7" : 335,
    "8" : 407,
    "9" : 502,
    "10" : 560,
    "11" : 600,
    "12" : 607,
    "13" : 623,
    "14" : 563,
    "15" : 568,
    "16" : 499,
    "17" : 468,
    "18" : 427,
    "19" : 444,
    "20" : 353,
    "21" : 309,
    "22" : 312,
    "23" : 293,
    "24" : 247,
    "25" : 229,
    "26" : 183,
    "27" : 172,
    "28" : 165,
    "29" : 150,
    "30" : 113,
    "31" : 107,
    "32" : 95,
    "33" : 86,
    "34" : 79,
    "35" : 61,
    "36" : 63,
    "37" : 57,
    "38" : 45,
    "39" : 54,
    "40" : 33,
    "41" : 35,
    "42" : 29,
    "43" : 29,
    "44" : 14,
    "45" : 18,
    "46" : 23,
    "47" : 18,
    "48" : 14,
    "49" : 10,
    "50" : 11,
    "51" : 11,
    "52" : 9,
    "53" : 9,
    "54" : 8,
    "55" : 7,
    "56" : 5,
    "57" : 2,
    "58" : 2,
    "59" : 8,
    "60" : 2,
    "61" : 3,
    "62" : 4,
    "63" : 2,
    "64" : 1,
    "65" : 2,
    "66" : 3,
    "69" : 1,
    "70" : 1,
    "71" : 1,
    "76" : 2,
    "77" : 1,
    "81" : 1,
    "87" : 1,
    "89" : 1
  },
  "mean" : 17.715370739580365,
  "stdDev" : 9.27610962564883
}