{
  "distribution" : {
    "2" : 8,
    "3" : 72,
    "4" : 202,
    "5" : 378,
    "6" : 571,
    "7" : 718,
    "8" : 771,
    "9" : 782,
    "10" : 834,
    "11" : 740,
    "12" : 666,
    "13" : 635,
    "14" : 599,
    "15" : 528,
    "16" : 424,
    "17" : 388,
    "18" : 352,
    "19" : 282,
    "20" : 295,
    "21" : 225,
    "22" : 187,
    "23" : 160,
    "24" : 140,
    "25" : 121,
    "26" : 109,
    "27" : 77,
    "28" : 87,
    "29" : 60,
    "30" : 61,
    "31" : 55,
    "32" : 43,
    "33" : 35,
    "34" : 26,
    "35" : 19,
    "36" : 26,
    "37" : 24,
    "38" : 17,
    "39" : 17,
    "40" : 9,
    "41" : 17,
    "42" : 10,
    "43" : 13,
    "44" : 5,
    "45" : 6,
    "46" : 2,
    "47" : 7,
    "48" : 1,
    "49" : 3,
    "50" : 3,
    "51" : 4,
    "52" : 1,
    "53" : 3,
    "55" : 2,
    "56" : 2,
    "59" : 1,
    "61" : 1
  },
  "mean" : 13.61650036954915,
  "stdDev" : 7.2275426990825
}