{
  "distribution" : {
    "3" : 6,
    "4" : 29,
    "5" : 68,
    "6" : 149,
    "7" : 229,
    "8" : 289,
    "9" : 404,
    "10" : 476,
    "11" : 509,
    "12" : 508,
    "13" : 580,
    "14" : 571,
    "15" : 578,
    "16" : 526,
    "17" : 501,
    "18" : 446,
    "19" : 404,
    "20" : 392,
    "21" : 363,
    "22" : 362,
    "23" : 316,
    "24" : 271,
    "25" : 221,
    "26" : 219,
    "27" : 189,
    "28" : 156,
    "29" : 152,
    "30" : 161,
    "31" : 125,
    "32" : 125,
    "33" : 113,
    "34" : 108,
    "35" : 89,
    "36" : 79,
    "37" : 70,
    "38" : 64,
    "39" : 51,
    "40" : 45,
    "41" : 52,
    "42" : 48,
    "43" : 29,
    "44" : 35,
    "45" : 32,
    "46" : 30,
    "47" : 21,
    "48" : 22,
    "49" : 17,
    "50" : 18,
    "51" : 10,
    "52" : 17,
    "53" : 7,
    "54" : 9,
    "55" : 8,
    "56" : 7,
    "57" : 10,
    "58" : 9,
    "59" : 7,
    "60" : 7,
    "61" : 7,
    "62" : 8,
    "63" : 5,
    "64" : 3,
    "65" : 3,
    "66" : 2,
    "67" : 2,
    "68" : 2,
    "69" : 2,
    "70" : 2,
    "71" : 3,
    "72" : 2,
    "76" : 4,
    "77" : 1,
    "78" : 1,
    "81" : 2,
    "84" : 1,
    "85" : 1
  },
  "mean" : 19.382001924927817,
  "stdDev" : 10.079550915157979
}