{
  "distribution" : {
    "2" : 3,
    "3" : 17,
    "4" : 66,
    "5" : 156,
    "6" : 284,
    "7" : 354,
    "8" : 527,
    "9" : 591,
    "10" : 637,
    "11" : 658,
    "12" : 635,
    "13" : 587,
    "14" : 534,
    "15" : 543,
    "16" : 488,
    "17" : 464,
    "18" : 368,
    "19" : 363,
    "20" : 334,
    "21" : 287,
    "22" : 232,
    "23" : 217,
    "24" : 204,
    "25" : 201,
    "26" : 149,
    "27" : 115,
    "28" : 129,
    "29" : 95,
    "30" : 87,
    "31" : 76,
    "32" : 63,
    "33" : 63,
    "34" : 49,
    "35" : 47,
    "36" : 42,
    "37" : 28,
    "38" : 30,
    "39" : 28,
    "40" : 16,
    "41" : 18,
    "42" : 18,
    "43" : 22,
    "44" : 7,
    "45" : 13,
    "46" : 10,
    "47" : 11,
    "48" : 4,
    "49" : 13,
    "50" : 7,
    "52" : 2,
    "53" : 7,
    "54" : 3,
    "55" : 2,
    "56" : 3,
    "57" : 2,
    "59" : 3,
    "62" : 1,
    "63" : 1,
    "64" : 1,
    "66" : 1,
    "67" : 1,
    "68" : 2,
    "73" : 1
  },
  "mean" : 16.08891129032258,
  "stdDev" : 8.17554636997548
}