{
  "distribution" : {
    "2" : 1,
    "3" : 6,
    "4" : 33,
    "5" : 58,
    "6" : 134,
    "7" : 224,
    "8" : 297,
    "9" : 362,
    "10" : 432,
    "11" : 452,
    "12" : 551,
    "13" : 542,
    "14" : 544,
    "15" : 538,
    "16" : 516,
    "17" : 514,
    "18" : 431,
    "19" : 442,
    "20" : 367,
    "21" : 376,
    "22" : 319,
    "23" : 336,
    "24" : 263,
    "25" : 241,
    "26" : 208,
    "27" : 227,
    "28" : 187,
    "29" : 172,
    "30" : 159,
    "31" : 156,
    "32" : 124,
    "33" : 105,
    "34" : 101,
    "35" : 79,
    "36" : 79,
    "37" : 76,
    "38" : 76,
    "39" : 59,
    "40" : 54,
    "41" : 53,
    "42" : 38,
    "43" : 35,
    "44" : 28,
    "45" : 33,
    "46" : 16,
    "47" : 27,
    "48" : 27,
    "49" : 18,
    "50" : 15,
    "51" : 19,
    "52" : 20,
    "53" : 17,
    "54" : 14,
    "55" : 9,
    "56" : 8,
    "57" : 8,
    "58" : 14,
    "59" : 3,
    "60" : 6,
    "61" : 4,
    "62" : 5,
    "63" : 5,
    "64" : 3,
    "65" : 5,
    "66" : 2,
    "67" : 2,
    "68" : 4,
    "70" : 3,
    "71" : 2,
    "72" : 1,
    "73" : 3,
    "74" : 1,
    "75" : 1,
    "76" : 1,
    "77" : 2,
    "78" : 2,
    "93" : 1,
    "102" : 1
  },
  "mean" : 19.73312615324852,
  "stdDev" : 10.21611190094751
}