{
  "distribution" : {
    "2" : 7,
    "3" : 57,
    "4" : 217,
    "5" : 405,
    "6" : 576,
    "7" : 689,
    "8" : 733,
    "9" : 830,
    "10" : 814,
    "11" : 757,
    "12" : 685,
    "13" : 652,
    "14" : 581,
    "15" : 509,
    "16" : 467,
    "17" : 415,
    "18" : 330,
    "19" : 295,
    "20" : 251,
    "21" : 209,
    "22" : 198,
    "23" : 161,
    "24" : 139,
    "25" : 120,
    "26" : 108,
    "27" : 86,
    "28" : 68,
    "29" : 63,
    "30" : 57,
    "31" : 45,
    "32" : 32,
    "33" : 45,
    "34" : 28,
    "35" : 27,
    "36" : 30,
    "37" : 17,
    "38" : 13,
    "39" : 15,
    "40" : 7,
    "41" : 8,
    "42" : 5,
    "43" : 9,
    "44" : 3,
    "45" : 10,
    "46" : 5,
    "47" : 4,
    "48" : 5,
    "49" : 3,
    "50" : 3,
    "51" : 1,
    "52" : 4,
    "53" : 1,
    "55" : 1,
    "57" : 1,
    "58" : 1,
    "59" : 2,
    "64" : 2,
    "65" : 1,
    "67" : 1,
    "69" : 1
  },
  "mean" : 13.537792580257193,
  "stdDev" : 7.181111185475224
}