{
  "distribution" : {
    "3" : 5,
    "4" : 42,
    "5" : 109,
    "6" : 192,
    "7" : 329,
    "8" : 374,
    "9" : 517,
    "10" : 519,
    "11" : 584,
    "12" : 594,
    "13" : 578,
    "14" : 565,
    "15" : 543,
    "16" : 544,
    "17" : 478,
    "18" : 429,
    "19" : 390,
    "20" : 381,
    "21" : 330,
    "22" : 292,
    "23" : 265,
    "24" : 221,
    "25" : 197,
    "26" : 188,
    "27" : 182,
    "28" : 162,
    "29" : 134,
    "30" : 119,
    "31" : 111,
    "32" : 92,
    "33" : 92,
    "34" : 84,
    "35" : 66,
    "36" : 64,
    "37" : 56,
    "38" : 47,
    "39" : 52,
    "40" : 39,
    "41" : 32,
    "42" : 21,
    "43" : 26,
    "44" : 16,
    "45" : 16,
    "46" : 27,
    "47" : 6,
    "48" : 12,
    "49" : 10,
    "50" : 9,
    "51" : 12,
    "52" : 6,
    "53" : 9,
    "54" : 9,
    "55" : 6,
    "56" : 10,
    "57" : 3,
    "58" : 3,
    "59" : 1,
    "60" : 4,
    "61" : 5,
    "62" : 2,
    "63" : 2,
    "64" : 1,
    "65" : 1,
    "67" : 5,
    "68" : 2,
    "69" : 1,
    "70" : 1,
    "71" : 1,
    "73" : 2,
    "81" : 1,
    "82" : 1
  },
  "mean" : 17.83175285951706,
  "stdDev" : 9.201495807473796
}