{
  "distribution" : {
    "3" : 5,
    "4" : 34,
    "5" : 60,
    "6" : 128,
    "7" : 189,
    "8" : 268,
    "9" : 363,
    "10" : 461,
    "11" : 491,
    "12" : 502,
    "13" : 543,
    "14" : 563,
    "15" : 531,
    "16" : 484,
    "17" : 509,
    "18" : 453,
    "19" : 409,
    "20" : 420,
    "21" : 388,
    "22" : 357,
    "23" : 333,
    "24" : 299,
    "25" : 285,
    "26" : 246,
    "27" : 221,
    "28" : 181,
    "29" : 198,
    "30" : 179,
    "31" : 153,
    "32" : 139,
    "33" : 110,
    "34" : 103,
    "35" : 96,
    "36" : 84,
    "37" : 96,
    "38" : 88,
    "39" : 64,
    "40" : 54,
    "41" : 51,
    "42" : 51,
    "43" : 35,
    "44" : 30,
    "45" : 52,
    "46" : 32,
    "47" : 36,
    "48" : 26,
    "49" : 27,
    "50" : 26,
    "51" : 22,
    "52" : 16,
    "53" : 20,
    "54" : 19,
    "55" : 16,
    "56" : 13,
    "57" : 8,
    "58" : 13,
    "59" : 6,
    "60" : 4,
    "61" : 9,
    "62" : 8,
    "63" : 4,
    "64" : 2,
    "65" : 2,
    "66" : 2,
    "67" : 2,
    "68" : 5,
    "69" : 2,
    "70" : 4,
    "71" : 3,
    "72" : 2,
    "73" : 2,
    "74" : 1,
    "77" : 1,
    "78" : 3,
    "79" : 2,
    "80" : 3,
    "81" : 2,
    "82" : 1,
    "83" : 1,
    "84" : 2,
    "97" : 1,
    "98" : 1,
    "99" : 1
  },
  "mean" : 20.356512762762762,
  "stdDev" : 10.721151454223047
}