{
  "distribution" : {
    "3" : 4,
    "4" : 13,
    "5" : 45,
    "6" : 129,
    "7" : 153,
    "8" : 257,
    "9" : 327,
    "10" : 425,
    "11" : 437,
    "12" : 457,
    "13" : 488,
    "14" : 529,
    "15" : 505,
    "16" : 498,
    "17" : 508,
    "18" : 452,
    "19" : 408,
    "20" : 427,
    "21" : 372,
    "22" : 324,
    "23" : 322,
    "24" : 323,
    "25" : 312,
    "26" : 268,
    "27" : 238,
    "28" : 225,
    "29" : 225,
    "30" : 188,
    "31" : 175,
    "32" : 155,
    "33" : 118,
    "34" : 118,
    "35" : 91,
    "36" : 108,
    "37" : 84,
    "38" : 68,
    "39" : 67,
    "40" : 63,
    "41" : 70,
    "42" : 45,
    "43" : 54,
    "44" : 44,
    "45" : 44,
    "46" : 33,
    "47" : 30,
    "48" : 33,
    "49" : 29,
    "50" : 29,
    "51" : 27,
    "52" : 23,
    "53" : 16,
    "54" : 18,
    "55" : 15,
    "56" : 14,
    "57" : 9,
    "58" : 14,
    "59" : 8,
    "60" : 13,
    "61" : 8,
    "62" : 8,
    "63" : 7,
    "64" : 8,
    "65" : 2,
    "66" : 1,
    "67" : 3,
    "68" : 7,
    "69" : 1,
    "70" : 8,
    "71" : 3,
    "72" : 4,
    "73" : 1,
    "74" : 6,
    "75" : 4,
    "76" : 1,
    "77" : 2,
    "79" : 1,
    "81" : 1,
    "82" : 1,
    "85" : 1,
    "86" : 1,
    "87" : 2,
    "89" : 1,
    "94" : 1,
    "105" : 1,
    "106" : 1
  },
  "mean" : 21.11042712378066,
  "stdDev" : 11.067425148166754
}