{
  "distribution" : {
    "2" : 6,
    "3" : 89,
    "4" : 277,
    "5" : 441,
    "6" : 557,
    "7" : 735,
    "8" : 783,
    "9" : 804,
    "10" : 848,
    "11" : 744,
    "12" : 708,
    "13" : 633,
    "14" : 528,
    "15" : 485,
    "16" : 392,
    "17" : 419,
    "18" : 317,
    "19" : 282,
    "20" : 228,
    "21" : 200,
    "22" : 174,
    "23" : 146,
    "24" : 132,
    "25" : 113,
    "26" : 101,
    "27" : 79,
    "28" : 78,
    "29" : 50,
    "30" : 43,
    "31" : 38,
    "32" : 32,
    "33" : 25,
    "34" : 24,
    "35" : 17,
    "36" : 20,
    "37" : 15,
    "38" : 13,
    "39" : 9,
    "40" : 10,
    "41" : 8,
    "42" : 11,
    "43" : 7,
    "44" : 2,
    "45" : 6,
    "46" : 6,
    "47" : 8,
    "48" : 2,
    "49" : 2,
    "50" : 1,
    "51" : 2,
    "52" : 1,
    "58" : 1,
    "59" : 1,
    "65" : 1
  },
  "mean" : 13.080063825793129,
  "stdDev" : 6.888326918660718
}