{
  "distribution" : {
    "2" : 10,
    "3" : 96,
    "4" : 323,
    "5" : 563,
    "6" : 716,
    "7" : 804,
    "8" : 899,
    "9" : 867,
    "10" : 861,
    "11" : 730,
    "12" : 651,
    "13" : 591,
    "14" : 538,
    "15" : 464,
    "16" : 347,
    "17" : 321,
    "18" : 260,
    "19" : 232,
    "20" : 182,
    "21" : 172,
    "22" : 121,
    "23" : 111,
    "24" : 103,
    "25" : 76,
    "26" : 71,
    "27" : 60,
    "28" : 50,
    "29" : 36,
    "30" : 36,
    "31" : 26,
    "32" : 19,
    "33" : 17,
    "34" : 19,
    "35" : 14,
    "36" : 22,
    "37" : 10,
    "38" : 6,
    "39" : 6,
    "40" : 2,
    "41" : 6,
    "42" : 4,
    "43" : 4,
    "44" : 3,
    "45" : 4,
    "47" : 1,
    "48" : 2,
    "50" : 2,
    "52" : 1,
    "53" : 1,
    "54" : 1
  },
  "mean" : 12.044928783099131,
  "stdDev" : 6.285274327511785
}