{
  "distribution" : {
    "2" : 2,
    "3" : 47,
    "4" : 109,
    "5" : 211,
    "6" : 375,
    "7" : 470,
    "8" : 551,
    "9" : 632,
    "10" : 670,
    "11" : 662,
    "12" : 651,
    "13" : 636,
    "14" : 582,
    "15" : 519,
    "16" : 518,
    "17" : 437,
    "18" : 394,
    "19" : 337,
    "20" : 305,
    "21" : 293,
    "22" : 266,
    "23" : 214,
    "24" : 179,
    "25" : 182,
    "26" : 121,
    "27" : 136,
    "28" : 107,
    "29" : 100,
    "30" : 75,
    "31" : 73,
    "32" : 51,
    "33" : 49,
    "34" : 37,
    "35" : 29,
    "36" : 31,
    "37" : 38,
    "38" : 26,
    "39" : 25,
    "40" : 22,
    "41" : 13,
    "42" : 10,
    "43" : 13,
    "44" : 5,
    "45" : 12,
    "46" : 6,
    "47" : 5,
    "48" : 5,
    "49" : 6,
    "50" : 9,
    "51" : 2,
    "52" : 2,
    "53" : 2,
    "54" : 4,
    "55" : 4,
    "56" : 4,
    "57" : 1,
    "59" : 1,
    "61" : 2,
    "63" : 1,
    "64" : 1,
    "68" : 1,
    "75" : 1,
    "78" : 1,
    "80" : 1,
    "98" : 1
  },
  "mean" : 15.37411192214112,
  "stdDev" : 7.950522941599422
}