{
  "distribution" : {
    "2" : 3,
    "3" : 23,
    "4" : 62,
    "5" : 151,
    "6" : 284,
    "7" : 379,
    "8" : 482,
    "9" : 528,
    "10" : 600,
    "11" : 642,
    "12" : 632,
    "13" : 554,
    "14" : 571,
    "15" : 580,
    "16" : 523,
    "17" : 474,
    "18" : 419,
    "19" : 416,
    "20" : 379,
    "21" : 296,
    "22" : 292,
    "23" : 239,
    "24" : 224,
    "25" : 195,
    "26" : 172,
    "27" : 159,
    "28" : 154,
    "29" : 137,
    "30" : 100,
    "31" : 94,
    "32" : 87,
    "33" : 65,
    "34" : 70,
    "35" : 54,
    "36" : 55,
    "37" : 44,
    "38" : 52,
    "39" : 25,
    "40" : 32,
    "41" : 25,
    "42" : 23,
    "43" : 20,
    "44" : 18,
    "45" : 15,
    "46" : 19,
    "47" : 11,
    "48" : 9,
    "49" : 12,
    "50" : 9,
    "51" : 9,
    "52" : 8,
    "53" : 7,
    "54" : 6,
    "55" : 5,
    "56" : 4,
    "57" : 4,
    "58" : 2,
    "60" : 2,
    "61" : 1,
    "62" : 1,
    "63" : 4,
    "64" : 1,
    "66" : 1,
    "67" : 1,
    "68" : 1,
    "69" : 1,
    "74" : 2,
    "75" : 1,
    "77" : 2,
    "82" : 1
  },
  "mean" : 16.929915019574143,
  "stdDev" : 8.839502183743948
}