{
  "distribution" : {
    "2" : 3,
    "3" : 21,
    "4" : 75,
    "5" : 200,
    "6" : 339,
    "7" : 460,
    "8" : 561,
    "9" : 660,
    "10" : 659,
    "11" : 717,
    "12" : 653,
    "13" : 671,
    "14" : 566,
    "15" : 513,
    "16" : 476,
    "17" : 445,
    "18" : 402,
    "19" : 350,
    "20" : 317,
    "21" : 257,
    "22" : 229,
    "23" : 220,
    "24" : 180,
    "25" : 141,
    "26" : 119,
    "27" : 134,
    "28" : 103,
    "29" : 90,
    "30" : 60,
    "31" : 67,
    "32" : 51,
    "33" : 53,
    "34" : 43,
    "35" : 36,
    "36" : 41,
    "37" : 23,
    "38" : 27,
    "39" : 17,
    "40" : 17,
    "41" : 22,
    "42" : 17,
    "43" : 12,
    "44" : 10,
    "45" : 20,
    "46" : 9,
    "47" : 9,
    "48" : 7,
    "49" : 5,
    "50" : 10,
    "52" : 3,
    "53" : 4,
    "54" : 3,
    "55" : 6,
    "57" : 2,
    "58" : 2,
    "62" : 1,
    "68" : 1,
    "72" : 1,
    "78" : 1
  },
  "mean" : 15.392466226210432,
  "stdDev" : 7.908176082800394
}