{
  "distribution" : {
    "2" : 34,
    "3" : 245,
    "4" : 513,
    "5" : 790,
    "6" : 982,
    "7" : 985,
    "8" : 1017,
    "9" : 913,
    "10" : 785,
    "11" : 751,
    "12" : 556,
    "13" : 495,
    "14" : 388,
    "15" : 315,
    "16" : 272,
    "17" : 210,
    "18" : 180,
    "19" : 153,
    "20" : 135,
    "21" : 76,
    "22" : 92,
    "23" : 66,
    "24" : 42,
    "25" : 45,
    "26" : 39,
    "27" : 29,
    "28" : 20,
    "29" : 20,
    "30" : 6,
    "31" : 10,
    "32" : 9,
    "33" : 6,
    "34" : 7,
    "35" : 6,
    "36" : 7,
    "37" : 3,
    "38" : 5,
    "39" : 1,
    "42" : 2,
    "47" : 2,
    "48" : 1
  },
  "mean" : 10.235875844511897,
  "stdDev" : 5.277723464871756
}