{
  "distribution" : {
    "3" : 6,
    "4" : 31,
    "5" : 67,
    "6" : 138,
    "7" : 202,
    "8" : 290,
    "9" : 408,
    "10" : 457,
    "11" : 462,
    "12" : 514,
    "13" : 537,
    "14" : 536,
    "15" : 548,
    "16" : 538,
    "17" : 472,
    "18" : 468,
    "19" : 413,
    "20" : 385,
    "21" : 369,
    "22" : 330,
    "23" : 291,
    "24" : 281,
    "25" : 267,
    "26" : 236,
    "27" : 190,
    "28" : 181,
    "29" : 154,
    "30" : 140,
    "31" : 124,
    "32" : 141,
    "33" : 121,
    "34" : 104,
    "35" : 108,
    "36" : 93,
    "37" : 76,
    "38" : 69,
    "39" : 60,
    "40" : 61,
    "41" : 40,
    "42" : 41,
    "43" : 39,
    "44" : 34,
    "45" : 28,
    "46" : 22,
    "47" : 29,
    "48" : 20,
    "49" : 31,
    "50" : 29,
    "51" : 14,
    "52" : 18,
    "53" : 10,
    "54" : 8,
    "55" : 15,
    "56" : 7,
    "57" : 4,
    "58" : 11,
    "59" : 8,
    "60" : 7,
    "61" : 5,
    "63" : 6,
    "64" : 4,
    "65" : 3,
    "66" : 2,
    "67" : 7,
    "68" : 2,
    "70" : 1,
    "71" : 2,
    "72" : 1,
    "73" : 2,
    "74" : 1,
    "76" : 1,
    "77" : 1,
    "78" : 1,
    "82" : 1,
    "90" : 1,
    "118" : 1
  },
  "mean" : 19.735496368038742,
  "stdDev" : 10.231231295322932
}