{
  "distribution" : {
    "2" : 27,
    "3" : 220,
    "4" : 533,
    "5" : 759,
    "6" : 969,
    "7" : 1044,
    "8" : 1043,
    "9" : 956,
    "10" : 835,
    "11" : 723,
    "12" : 648,
    "13" : 541,
    "14" : 477,
    "15" : 367,
    "16" : 342,
    "17" : 283,
    "18" : 223,
    "19" : 190,
    "20" : 149,
    "21" : 128,
    "22" : 102,
    "23" : 109,
    "24" : 72,
    "25" : 61,
    "26" : 44,
    "27" : 35,
    "28" : 37,
    "29" : 28,
    "30" : 23,
    "31" : 25,
    "32" : 17,
    "33" : 13,
    "34" : 14,
    "35" : 8,
    "36" : 5,
    "37" : 9,
    "38" : 3,
    "39" : 9,
    "41" : 5,
    "43" : 1,
    "44" : 3,
    "45" : 1,
    "46" : 3,
    "47" : 2,
    "48" : 1,
    "62" : 1
  },
  "mean" : 10.864087301587302,
  "stdDev" : 5.836519263881479
}