{
  "distribution" : {
    "2" : 4,
    "3" : 22,
    "4" : 63,
    "5" : 139,
    "6" : 265,
    "7" : 319,
    "8" : 422,
    "9" : 565,
    "10" : 590,
    "11" : 631,
    "12" : 621,
    "13" : 591,
    "14" : 579,
    "15" : 549,
    "16" : 510,
    "17" : 470,
    "18" : 472,
    "19" : 381,
    "20" : 360,
    "21" : 324,
    "22" : 277,
    "23" : 237,
    "24" : 210,
    "25" : 167,
    "26" : 167,
    "27" : 173,
    "28" : 137,
    "29" : 140,
    "30" : 112,
    "31" : 96,
    "32" : 97,
    "33" : 72,
    "34" : 51,
    "35" : 57,
    "36" : 40,
    "37" : 39,
    "38" : 36,
    "39" : 33,
    "40" : 34,
    "41" : 27,
    "42" : 27,
    "43" : 24,
    "44" : 16,
    "45" : 16,
    "46" : 19,
    "47" : 18,
    "48" : 10,
    "49" : 9,
    "50" : 6,
    "52" : 2,
    "53" : 5,
    "54" : 3,
    "55" : 6,
    "56" : 4,
    "57" : 6,
    "58" : 3,
    "59" : 3,
    "60" : 1,
    "61" : 3,
    "62" : 2,
    "63" : 1,
    "64" : 2,
    "66" : 2,
    "68" : 3,
    "70" : 2,
    "72" : 1,
    "75" : 2,
    "76" : 1,
    "81" : 1
  },
  "mean" : 16.974992702150434,
  "stdDev" : 8.779734957555242
}