{
  "distribution" : {
    "2" : 2,
    "3" : 14,
    "4" : 45,
    "5" : 92,
    "6" : 178,
    "7" : 257,
    "8" : 327,
    "9" : 402,
    "10" : 410,
    "11" : 523,
    "12" : 534,
    "13" : 573,
    "14" : 579,
    "15" : 531,
    "16" : 516,
    "17" : 495,
    "18" : 511,
    "19" : 451,
    "20" : 374,
    "21" : 335,
    "22" : 339,
    "23" : 302,
    "24" : 275,
    "25" : 267,
    "26" : 241,
    "27" : 207,
    "28" : 201,
    "29" : 148,
    "30" : 145,
    "31" : 117,
    "32" : 118,
    "33" : 106,
    "34" : 84,
    "35" : 84,
    "36" : 82,
    "37" : 81,
    "38" : 45,
    "39" : 71,
    "40" : 49,
    "41" : 55,
    "42" : 25,
    "43" : 27,
    "44" : 40,
    "45" : 31,
    "46" : 31,
    "47" : 22,
    "48" : 35,
    "49" : 22,
    "50" : 20,
    "51" : 12,
    "52" : 13,
    "53" : 9,
    "54" : 16,
    "55" : 11,
    "56" : 10,
    "57" : 4,
    "58" : 2,
    "59" : 10,
    "60" : 6,
    "61" : 2,
    "62" : 5,
    "63" : 10,
    "64" : 2,
    "65" : 4,
    "66" : 4,
    "67" : 2,
    "68" : 1,
    "69" : 2,
    "70" : 3,
    "73" : 1,
    "74" : 1,
    "75" : 2,
    "77" : 1,
    "78" : 1,
    "81" : 2,
    "82" : 2,
    "87" : 1
  },
  "mean" : 19.271263496874408,
  "stdDev" : 10.102585965428595
}