{
  "distribution" : {
    "3" : 10,
    "4" : 54,
    "5" : 139,
    "6" : 242,
    "7" : 318,
    "8" : 412,
    "9" : 498,
    "10" : 578,
    "11" : 568,
    "12" : 606,
    "13" : 632,
    "14" : 566,
    "15" : 561,
    "16" : 551,
    "17" : 492,
    "18" : 430,
    "19" : 430,
    "20" : 327,
    "21" : 339,
    "22" : 304,
    "23" : 252,
    "24" : 236,
    "25" : 206,
    "26" : 205,
    "27" : 169,
    "28" : 160,
    "29" : 127,
    "30" : 128,
    "31" : 102,
    "32" : 98,
    "33" : 87,
    "34" : 84,
    "35" : 73,
    "36" : 59,
    "37" : 68,
    "38" : 34,
    "39" : 36,
    "40" : 38,
    "41" : 25,
    "42" : 25,
    "43" : 27,
    "44" : 26,
    "45" : 18,
    "46" : 7,
    "47" : 18,
    "48" : 8,
    "49" : 13,
    "50" : 18,
    "51" : 9,
    "52" : 9,
    "53" : 6,
    "54" : 4,
    "55" : 9,
    "56" : 7,
    "57" : 4,
    "58" : 4,
    "59" : 2,
    "60" : 1,
    "61" : 3,
    "62" : 1,
    "63" : 2,
    "64" : 6,
    "65" : 4,
    "66" : 1,
    "67" : 1,
    "68" : 1,
    "69" : 1,
    "70" : 1,
    "71" : 1,
    "73" : 1,
    "74" : 1,
    "78" : 1,
    "80" : 1,
    "83" : 1,
    "94" : 1
  },
  "mean" : 17.62219891293983,
  "stdDev" : 9.207357348513524
}