{
  "distribution" : {
    "3" : 12,
    "4" : 56,
    "5" : 146,
    "6" : 230,
    "7" : 359,
    "8" : 480,
    "9" : 515,
    "10" : 617,
    "11" : 636,
    "12" : 623,
    "13" : 600,
    "14" : 582,
    "15" : 541,
    "16" : 459,
    "17" : 416,
    "18" : 458,
    "19" : 382,
    "20" : 319,
    "21" : 305,
    "22" : 277,
    "23" : 248,
    "24" : 208,
    "25" : 225,
    "26" : 145,
    "27" : 156,
    "28" : 130,
    "29" : 109,
    "30" : 101,
    "31" : 81,
    "32" : 78,
    "33" : 56,
    "34" : 41,
    "35" : 49,
    "36" : 52,
    "37" : 43,
    "38" : 31,
    "39" : 28,
    "40" : 24,
    "41" : 14,
    "42" : 16,
    "43" : 18,
    "44" : 16,
    "45" : 13,
    "46" : 11,
    "47" : 10,
    "48" : 13,
    "49" : 4,
    "50" : 8,
    "51" : 7,
    "52" : 7,
    "53" : 10,
    "54" : 3,
    "55" : 2,
    "56" : 4,
    "57" : 3,
    "58" : 2,
    "59" : 4,
    "60" : 1,
    "61" : 1,
    "62" : 1,
    "63" : 1,
    "65" : 2,
    "66" : 3,
    "67" : 2,
    "72" : 1,
    "77" : 1,
    "86" : 1
  },
  "mean" : 16.64189256777033,
  "stdDev" : 8.489218118823981
}