{
  "distribution" : {
    "1" : 1,
    "2" : 33,
    "3" : 118,
    "4" : 373,
    "5" : 577,
    "6" : 815,
    "7" : 920,
    "8" : 948,
    "9" : 884,
    "10" : 842,
    "11" : 825,
    "12" : 687,
    "13" : 573,
    "14" : 505,
    "15" : 460,
    "16" : 393,
    "17" : 369,
    "18" : 272,
    "19" : 220,
    "20" : 197,
    "21" : 161,
    "22" : 133,
    "23" : 122,
    "24" : 91,
    "25" : 81,
    "26" : 69,
    "27" : 69,
    "28" : 48,
    "29" : 31,
    "30" : 17,
    "31" : 20,
    "32" : 19,
    "33" : 27,
    "34" : 15,
    "35" : 14,
    "36" : 11,
    "37" : 12,
    "38" : 7,
    "39" : 7,
    "40" : 7,
    "41" : 6,
    "42" : 2,
    "43" : 3,
    "44" : 2,
    "45" : 2,
    "46" : 3,
    "47" : 2,
    "48" : 1,
    "50" : 2,
    "51" : 2,
    "52" : 1,
    "53" : 1,
    "55" : 1,
    "57" : 1,
    "58" : 1,
    "61" : 1,
    "62" : 2,
    "88" : 1
  },
  "mean" : 11.863359680203507,
  "stdDev" : 6.350079111394814
}