{
  "distribution" : {
    "1" : 3,
    "2" : 97,
    "3" : 453,
    "4" : 830,
    "5" : 1077,
    "6" : 1145,
    "7" : 1167,
    "8" : 1015,
    "9" : 918,
    "10" : 750,
    "11" : 629,
    "12" : 475,
    "13" : 385,
    "14" : 312,
    "15" : 248,
    "16" : 239,
    "17" : 157,
    "18" : 107,
    "19" : 101,
    "20" : 97,
    "21" : 73,
    "22" : 33,
    "23" : 29,
    "24" : 38,
    "25" : 18,
    "26" : 20,
    "27" : 14,
    "28" : 10,
    "29" : 16,
    "30" : 11,
    "31" : 6,
    "32" : 7,
    "33" : 1,
    "34" : 2,
    "36" : 1,
    "37" : 2,
    "38" : 1,
    "41" : 1
  },
  "mean" : 8.975209763539283,
  "stdDev" : 4.689374286050487
}