{
  "distribution" : {
    "2" : 1,
    "3" : 32,
    "4" : 109,
    "5" : 187,
    "6" : 302,
    "7" : 419,
    "8" : 596,
    "9" : 624,
    "10" : 700,
    "11" : 681,
    "12" : 677,
    "13" : 671,
    "14" : 621,
    "15" : 598,
    "16" : 515,
    "17" : 451,
    "18" : 436,
    "19" : 380,
    "20" : 298,
    "21" : 280,
    "22" : 278,
    "23" : 237,
    "24" : 214,
    "25" : 167,
    "26" : 167,
    "27" : 138,
    "28" : 138,
    "29" : 130,
    "30" : 102,
    "31" : 70,
    "32" : 62,
    "33" : 68,
    "34" : 84,
    "35" : 50,
    "36" : 59,
    "37" : 34,
    "38" : 33,
    "39" : 34,
    "40" : 22,
    "41" : 24,
    "42" : 16,
    "43" : 15,
    "44" : 19,
    "45" : 7,
    "46" : 8,
    "47" : 7,
    "48" : 10,
    "49" : 13,
    "50" : 4,
    "51" : 5,
    "52" : 5,
    "53" : 3,
    "54" : 2,
    "55" : 3,
    "56" : 5,
    "57" : 2,
    "58" : 3,
    "59" : 2,
    "60" : 3,
    "61" : 1,
    "62" : 1,
    "63" : 1,
    "64" : 4,
    "65" : 1,
    "67" : 1,
    "68" : 2,
    "70" : 1,
    "71" : 1,
    "73" : 1,
    "74" : 1,
    "75" : 1,
    "77" : 3,
    "101" : 1
  },
  "mean" : 16.104141684346462,
  "stdDev" : 8.554542955038077
}