{
  "distribution" : {
    "2" : 1,
    "3" : 27,
    "4" : 75,
    "5" : 186,
    "6" : 326,
    "7" : 417,
    "8" : 536,
    "9" : 613,
    "10" : 686,
    "11" : 684,
    "12" : 629,
    "13" : 619,
    "14" : 634,
    "15" : 548,
    "16" : 487,
    "17" : 469,
    "18" : 385,
    "19" : 353,
    "20" : 289,
    "21" : 294,
    "22" : 258,
    "23" : 234,
    "24" : 184,
    "25" : 163,
    "26" : 139,
    "27" : 115,
    "28" : 112,
    "29" : 116,
    "30" : 88,
    "31" : 70,
    "32" : 72,
    "33" : 64,
    "34" : 58,
    "35" : 49,
    "36" : 44,
    "37" : 40,
    "38" : 34,
    "39" : 19,
    "40" : 21,
    "41" : 15,
    "42" : 13,
    "43" : 15,
    "44" : 19,
    "45" : 9,
    "46" : 12,
    "47" : 7,
    "48" : 4,
    "49" : 5,
    "50" : 6,
    "51" : 6,
    "52" : 7,
    "53" : 1,
    "54" : 3,
    "55" : 2,
    "56" : 3,
    "57" : 3,
    "58" : 3,
    "59" : 4,
    "60" : 2,
    "61" : 1,
    "64" : 1,
    "68" : 1,
    "74" : 1,
    "77" : 1,
    "83" : 1
  },
  "mean" : 15.851210736166488,
  "stdDev" : 8.200834190886239
}