{
  "distribution" : {
    "2" : 2,
    "3" : 25,
    "4" : 99,
    "5" : 201,
    "6" : 368,
    "7" : 485,
    "8" : 577,
    "9" : 630,
    "10" : 669,
    "11" : 661,
    "12" : 646,
    "13" : 643,
    "14" : 581,
    "15" : 541,
    "16" : 545,
    "17" : 447,
    "18" : 442,
    "19" : 366,
    "20" : 296,
    "21" : 255,
    "22" : 237,
    "23" : 195,
    "24" : 175,
    "25" : 155,
    "26" : 163,
    "27" : 139,
    "28" : 114,
    "29" : 94,
    "30" : 87,
    "31" : 86,
    "32" : 62,
    "33" : 58,
    "34" : 45,
    "35" : 41,
    "36" : 32,
    "37" : 28,
    "38" : 36,
    "39" : 27,
    "40" : 25,
    "41" : 16,
    "42" : 13,
    "43" : 9,
    "44" : 13,
    "45" : 8,
    "46" : 13,
    "47" : 4,
    "48" : 7,
    "49" : 6,
    "50" : 4,
    "51" : 6,
    "52" : 5,
    "53" : 3,
    "54" : 3,
    "55" : 1,
    "56" : 2,
    "57" : 1,
    "59" : 6,
    "62" : 2,
    "64" : 2,
    "70" : 1,
    "71" : 1,
    "75" : 1,
    "82" : 1,
    "88" : 1
  },
  "mean" : 15.55347362352263,
  "stdDev" : 8.094791998465142
}