{
  "distribution" : {
    "4" : 13,
    "5" : 35,
    "6" : 90,
    "7" : 127,
    "8" : 203,
    "9" : 249,
    "10" : 306,
    "11" : 397,
    "12" : 425,
    "13" : 439,
    "14" : 462,
    "15" : 457,
    "16" : 483,
    "17" : 527,
    "18" : 414,
    "19" : 427,
    "20" : 415,
    "21" : 403,
    "22" : 372,
    "23" : 365,
    "24" : 290,
    "25" : 309,
    "26" : 283,
    "27" : 233,
    "28" : 236,
    "29" : 229,
    "30" : 204,
    "31" : 162,
    "32" : 167,
    "33" : 144,
    "34" : 127,
    "35" : 118,
    "36" : 120,
    "37" : 100,
    "38" : 91,
    "39" : 88,
    "40" : 75,
    "41" : 81,
    "42" : 62,
    "43" : 57,
    "44" : 59,
    "45" : 44,
    "46" : 47,
    "47" : 49,
    "48" : 36,
    "49" : 22,
    "50" : 35,
    "51" : 28,
    "52" : 23,
    "53" : 22,
    "54" : 16,
    "55" : 23,
    "56" : 10,
    "57" : 17,
    "58" : 19,
    "59" : 18,
    "60" : 14,
    "61" : 16,
    "62" : 14,
    "63" : 9,
    "64" : 9,
    "65" : 3,
    "66" : 3,
    "67" : 6,
    "68" : 5,
    "69" : 4,
    "70" : 4,
    "71" : 4,
    "72" : 4,
    "73" : 6,
    "74" : 4,
    "75" : 2,
    "76" : 3,
    "78" : 4,
    "79" : 4,
    "80" : 1,
    "82" : 1,
    "84" : 2,
    "87" : 1,
    "89" : 2,
    "91" : 1,
    "92" : 1,
    "96" : 1,
    "113" : 1,
    "120" : 1
  },
  "mean" : 22.380140614465954,
  "stdDev" : 11.634717546146424
}