{
  "distribution" : {
    "3" : 2,
    "4" : 13,
    "5" : 57,
    "6" : 116,
    "7" : 204,
    "8" : 282,
    "9" : 350,
    "10" : 407,
    "11" : 454,
    "12" : 484,
    "13" : 517,
    "14" : 516,
    "15" : 539,
    "16" : 495,
    "17" : 500,
    "18" : 462,
    "19" : 425,
    "20" : 412,
    "21" : 361,
    "22" : 349,
    "23" : 352,
    "24" : 291,
    "25" : 256,
    "26" : 252,
    "27" : 233,
    "28" : 183,
    "29" : 171,
    "30" : 137,
    "31" : 142,
    "32" : 126,
    "33" : 128,
    "34" : 91,
    "35" : 84,
    "36" : 87,
    "37" : 94,
    "38" : 74,
    "39" : 73,
    "40" : 56,
    "41" : 62,
    "42" : 48,
    "43" : 47,
    "44" : 36,
    "45" : 34,
    "46" : 38,
    "47" : 27,
    "48" : 27,
    "49" : 29,
    "50" : 24,
    "51" : 18,
    "52" : 15,
    "53" : 8,
    "54" : 8,
    "55" : 10,
    "56" : 13,
    "57" : 5,
    "58" : 9,
    "59" : 4,
    "60" : 4,
    "61" : 9,
    "62" : 7,
    "63" : 7,
    "64" : 4,
    "65" : 4,
    "66" : 2,
    "67" : 7,
    "68" : 3,
    "69" : 4,
    "70" : 1,
    "71" : 2,
    "72" : 1,
    "73" : 3,
    "74" : 1,
    "76" : 1,
    "77" : 2,
    "78" : 3,
    "79" : 1,
    "82" : 1,
    "83" : 1,
    "87" : 1,
    "90" : 1,
    "99" : 1,
    "112" : 1
  },
  "mean" : 20.296634009118247,
  "stdDev" : 10.513793872016306
}