{
  "distribution" : {
    "2" : 1,
    "3" : 9,
    "4" : 35,
    "5" : 80,
    "6" : 143,
    "7" : 221,
    "8" : 339,
    "9" : 374,
    "10" : 466,
    "11" : 479,
    "12" : 530,
    "13" : 583,
    "14" : 506,
    "15" : 492,
    "16" : 534,
    "17" : 498,
    "18" : 402,
    "19" : 417,
    "20" : 424,
    "21" : 360,
    "22" : 347,
    "23" : 294,
    "24" : 287,
    "25" : 243,
    "26" : 205,
    "27" : 177,
    "28" : 213,
    "29" : 157,
    "30" : 142,
    "31" : 143,
    "32" : 112,
    "33" : 102,
    "34" : 110,
    "35" : 93,
    "36" : 73,
    "37" : 90,
    "38" : 57,
    "39" : 72,
    "40" : 49,
    "41" : 47,
    "42" : 36,
    "43" : 30,
    "44" : 41,
    "45" : 23,
    "46" : 24,
    "47" : 31,
    "48" : 19,
    "49" : 15,
    "50" : 14,
    "51" : 17,
    "52" : 19,
    "53" : 17,
    "54" : 13,
    "55" : 6,
    "56" : 5,
    "57" : 3,
    "58" : 9,
    "59" : 8,
    "60" : 4,
    "61" : 7,
    "62" : 1,
    "63" : 6,
    "64" : 1,
    "65" : 4,
    "66" : 2,
    "67" : 3,
    "68" : 3,
    "69" : 3,
    "70" : 3,
    "71" : 2,
    "75" : 2,
    "77" : 1,
    "78" : 1,
    "81" : 1,
    "84" : 1,
    "86" : 1
  },
  "mean" : 19.441742851585296,
  "stdDev" : 10.05823721043374
}