{
  "distribution" : {
    "2" : 3,
    "3" : 22,
    "4" : 93,
    "5" : 217,
    "6" : 373,
    "7" : 470,
    "8" : 569,
    "9" : 655,
    "10" : 677,
    "11" : 687,
    "12" : 712,
    "13" : 665,
    "14" : 551,
    "15" : 588,
    "16" : 490,
    "17" : 475,
    "18" : 414,
    "19" : 340,
    "20" : 292,
    "21" : 281,
    "22" : 245,
    "23" : 213,
    "24" : 195,
    "25" : 180,
    "26" : 170,
    "27" : 124,
    "28" : 119,
    "29" : 101,
    "30" : 87,
    "31" : 65,
    "32" : 61,
    "33" : 51,
    "34" : 45,
    "35" : 31,
    "36" : 38,
    "37" : 29,
    "38" : 41,
    "39" : 21,
    "40" : 29,
    "41" : 22,
    "42" : 16,
    "43" : 20,
    "44" : 12,
    "45" : 8,
    "46" : 5,
    "47" : 5,
    "48" : 9,
    "49" : 9,
    "50" : 7,
    "51" : 3,
    "52" : 9,
    "53" : 4,
    "54" : 1,
    "55" : 5,
    "56" : 3,
    "57" : 2,
    "58" : 2,
    "59" : 3,
    "60" : 1,
    "61" : 1,
    "62" : 1,
    "63" : 1,
    "64" : 1,
    "65" : 1,
    "74" : 1,
    "75" : 1,
    "76" : 1,
    "86" : 1
  },
  "mean" : 15.595422735010402,
  "stdDev" : 8.182037120107811
}