{
  "distribution" : {
    "3" : 7,
    "4" : 46,
    "5" : 107,
    "6" : 213,
    "7" : 323,
    "8" : 380,
    "9" : 478,
    "10" : 526,
    "11" : 541,
    "12" : 595,
    "13" : 563,
    "14" : 575,
    "15" : 550,
    "16" : 494,
    "17" : 479,
    "18" : 428,
    "19" : 405,
    "20" : 392,
    "21" : 374,
    "22" : 298,
    "23" : 301,
    "24" : 230,
    "25" : 248,
    "26" : 180,
    "27" : 185,
    "28" : 148,
    "29" : 153,
    "30" : 138,
    "31" : 131,
    "32" : 102,
    "33" : 73,
    "34" : 73,
    "35" : 80,
    "36" : 62,
    "37" : 56,
    "38" : 44,
    "39" : 41,
    "40" : 38,
    "41" : 33,
    "42" : 31,
    "43" : 33,
    "44" : 26,
    "45" : 26,
    "46" : 20,
    "47" : 13,
    "48" : 15,
    "49" : 14,
    "50" : 17,
    "51" : 16,
    "52" : 12,
    "53" : 8,
    "54" : 11,
    "55" : 4,
    "56" : 3,
    "57" : 4,
    "58" : 3,
    "59" : 5,
    "60" : 4,
    "61" : 3,
    "62" : 2,
    "63" : 7,
    "64" : 1,
    "65" : 2,
    "67" : 2,
    "68" : 1,
    "69" : 1,
    "77" : 2,
    "81" : 1,
    "82" : 1,
    "90" : 1,
    "96" : 1
  },
  "mean" : 18.122447013487477,
  "stdDev" : 9.420195733751438
}