{
  "distribution" : {
    "2" : 9,
    "3" : 67,
    "4" : 124,
    "5" : 248,
    "6" : 352,
    "7" : 500,
    "8" : 612,
    "9" : 739,
    "10" : 703,
    "11" : 700,
    "12" : 631,
    "13" : 685,
    "14" : 587,
    "15" : 590,
    "16" : 453,
    "17" : 445,
    "18" : 387,
    "19" : 352,
    "20" : 308,
    "21" : 275,
    "22" : 242,
    "23" : 208,
    "24" : 195,
    "25" : 171,
    "26" : 139,
    "27" : 137,
    "28" : 108,
    "29" : 80,
    "30" : 85,
    "31" : 73,
    "32" : 59,
    "33" : 55,
    "34" : 40,
    "35" : 41,
    "36" : 27,
    "37" : 25,
    "38" : 25,
    "39" : 23,
    "40" : 20,
    "41" : 23,
    "42" : 11,
    "43" : 17,
    "44" : 8,
    "45" : 13,
    "46" : 10,
    "47" : 16,
    "48" : 9,
    "49" : 5,
    "50" : 7,
    "51" : 1,
    "52" : 8,
    "53" : 3,
    "54" : 2,
    "55" : 3,
    "56" : 2,
    "57" : 2,
    "58" : 1,
    "59" : 1,
    "60" : 1,
    "61" : 1,
    "64" : 4,
    "65" : 1
  },
  "mean" : 15.218108538757146,
  "stdDev" : 8.019949941206574
}