{
  "distribution" : {
    "3" : 5,
    "4" : 32,
    "5" : 82,
    "6" : 163,
    "7" : 252,
    "8" : 299,
    "9" : 441,
    "10" : 479,
    "11" : 502,
    "12" : 498,
    "13" : 550,
    "14" : 526,
    "15" : 532,
    "16" : 511,
    "17" : 486,
    "18" : 469,
    "19" : 377,
    "20" : 373,
    "21" : 308,
    "22" : 353,
    "23" : 275,
    "24" : 247,
    "25" : 211,
    "26" : 203,
    "27" : 227,
    "28" : 167,
    "29" : 136,
    "30" : 130,
    "31" : 134,
    "32" : 106,
    "33" : 103,
    "34" : 91,
    "35" : 77,
    "36" : 68,
    "37" : 49,
    "38" : 58,
    "39" : 48,
    "40" : 41,
    "41" : 47,
    "42" : 34,
    "43" : 31,
    "44" : 33,
    "45" : 13,
    "46" : 16,
    "47" : 15,
    "48" : 16,
    "49" : 20,
    "50" : 15,
    "51" : 10,
    "52" : 13,
    "53" : 8,
    "54" : 8,
    "55" : 2,
    "56" : 9,
    "57" : 5,
    "58" : 5,
    "59" : 11,
    "60" : 3,
    "61" : 2,
    "62" : 2,
    "63" : 1,
    "64" : 3,
    "65" : 1,
    "66" : 3,
    "67" : 2,
    "68" : 1,
    "69" : 3,
    "71" : 1,
    "78" : 2,
    "80" : 1,
    "82" : 1,
    "89" : 1
  },
  "mean" : 18.771086759827085,
  "stdDev" : 9.551756442211127
}