{
  "distribution" : {
    "2" : 12,
    "3" : 119,
    "4" : 329,
    "5" : 581,
    "6" : 851,
    "7" : 880,
    "8" : 949,
    "9" : 935,
    "10" : 807,
    "11" : 744,
    "12" : 674,
    "13" : 545,
    "14" : 531,
    "15" : 440,
    "16" : 343,
    "17" : 275,
    "18" : 268,
    "19" : 223,
    "20" : 197,
    "21" : 143,
    "22" : 118,
    "23" : 106,
    "24" : 98,
    "25" : 77,
    "26" : 49,
    "27" : 53,
    "28" : 36,
    "29" : 36,
    "30" : 31,
    "31" : 28,
    "32" : 20,
    "33" : 22,
    "34" : 16,
    "35" : 9,
    "36" : 7,
    "37" : 11,
    "38" : 7,
    "39" : 7,
    "40" : 5,
    "41" : 4,
    "42" : 5,
    "43" : 2,
    "44" : 1,
    "45" : 3,
    "46" : 3,
    "48" : 1,
    "49" : 1,
    "50" : 3,
    "53" : 2,
    "58" : 1
  },
  "mean" : 11.706259426847662,
  "stdDev" : 6.151313970149223
}