{
  "distribution" : {
    "2" : 17,
    "3" : 113,
    "4" : 292,
    "5" : 515,
    "6" : 711,
    "7" : 882,
    "8" : 897,
    "9" : 919,
    "10" : 878,
    "11" : 795,
    "12" : 708,
    "13" : 619,
    "14" : 490,
    "15" : 439,
    "16" : 388,
    "17" : 336,
    "18" : 276,
    "19" : 258,
    "20" : 213,
    "21" : 174,
    "22" : 168,
    "23" : 146,
    "24" : 102,
    "25" : 100,
    "26" : 81,
    "27" : 60,
    "28" : 37,
    "29" : 44,
    "30" : 47,
    "31" : 27,
    "32" : 25,
    "33" : 23,
    "34" : 18,
    "35" : 27,
    "36" : 18,
    "37" : 17,
    "38" : 8,
    "39" : 9,
    "40" : 7,
    "41" : 9,
    "42" : 7,
    "43" : 7,
    "44" : 5,
    "45" : 1,
    "46" : 3,
    "48" : 1,
    "49" : 2,
    "51" : 2,
    "53" : 1,
    "55" : 1,
    "59" : 1,
    "60" : 1,
    "70" : 1
  },
  "mean" : 12.332692659710782,
  "stdDev" : 6.576580473622803
}