{
  "distribution" : {
    "1" : 1,
    "2" : 9,
    "3" : 34,
    "4" : 129,
    "5" : 269,
    "6" : 401,
    "7" : 533,
    "8" : 656,
    "9" : 715,
    "10" : 686,
    "11" : 706,
    "12" : 684,
    "13" : 662,
    "14" : 588,
    "15" : 531,
    "16" : 517,
    "17" : 436,
    "18" : 368,
    "19" : 330,
    "20" : 321,
    "21" : 246,
    "22" : 236,
    "23" : 208,
    "24" : 187,
    "25" : 151,
    "26" : 144,
    "27" : 125,
    "28" : 92,
    "29" : 109,
    "30" : 83,
    "31" : 72,
    "32" : 62,
    "33" : 57,
    "34" : 33,
    "35" : 45,
    "36" : 31,
    "37" : 37,
    "38" : 22,
    "39" : 23,
    "40" : 15,
    "41" : 15,
    "42" : 11,
    "43" : 12,
    "44" : 10,
    "45" : 5,
    "46" : 4,
    "47" : 8,
    "48" : 3,
    "49" : 5,
    "50" : 4,
    "51" : 4,
    "52" : 3,
    "53" : 3,
    "54" : 5,
    "55" : 2,
    "56" : 3,
    "57" : 2,
    "58" : 1,
    "59" : 1,
    "60" : 1,
    "61" : 2,
    "62" : 2,
    "66" : 1,
    "67" : 1,
    "68" : 1,
    "69" : 1,
    "70" : 1,
    "81" : 1
  },
  "mean" : 15.022688918057378,
  "stdDev" : 7.915401908191261
}