{
  "distribution" : {
    "2" : 1,
    "3" : 10,
    "4" : 59,
    "5" : 95,
    "6" : 206,
    "7" : 313,
    "8" : 363,
    "9" : 487,
    "10" : 522,
    "11" : 594,
    "12" : 549,
    "13" : 588,
    "14" : 633,
    "15" : 535,
    "16" : 500,
    "17" : 485,
    "18" : 443,
    "19" : 408,
    "20" : 363,
    "21" : 343,
    "22" : 304,
    "23" : 283,
    "24" : 257,
    "25" : 235,
    "26" : 202,
    "27" : 166,
    "28" : 199,
    "29" : 150,
    "30" : 130,
    "31" : 118,
    "32" : 82,
    "33" : 82,
    "34" : 80,
    "35" : 74,
    "36" : 57,
    "37" : 68,
    "38" : 48,
    "39" : 39,
    "40" : 44,
    "41" : 33,
    "42" : 27,
    "43" : 34,
    "44" : 26,
    "45" : 32,
    "46" : 18,
    "47" : 6,
    "48" : 24,
    "49" : 10,
    "50" : 20,
    "51" : 15,
    "52" : 8,
    "53" : 5,
    "54" : 5,
    "55" : 5,
    "56" : 5,
    "57" : 4,
    "58" : 5,
    "59" : 2,
    "60" : 1,
    "61" : 4,
    "62" : 4,
    "63" : 1,
    "64" : 4,
    "65" : 1,
    "66" : 3,
    "67" : 1,
    "68" : 3,
    "70" : 2,
    "73" : 2,
    "75" : 2,
    "77" : 1,
    "78" : 1,
    "81" : 1,
    "83" : 1,
    "86" : 1,
    "87" : 1
  },
  "mean" : 18.12096233106489,
  "stdDev" : 9.443087848945911
}