{
  "distribution" : {
    "3" : 9,
    "4" : 23,
    "5" : 56,
    "6" : 134,
    "7" : 179,
    "8" : 244,
    "9" : 342,
    "10" : 376,
    "11" : 435,
    "12" : 497,
    "13" : 544,
    "14" : 493,
    "15" : 552,
    "16" : 515,
    "17" : 491,
    "18" : 494,
    "19" : 427,
    "20" : 400,
    "21" : 365,
    "22" : 341,
    "23" : 345,
    "24" : 288,
    "25" : 255,
    "26" : 277,
    "27" : 236,
    "28" : 217,
    "29" : 169,
    "30" : 161,
    "31" : 136,
    "32" : 152,
    "33" : 118,
    "34" : 119,
    "35" : 113,
    "36" : 99,
    "37" : 84,
    "38" : 80,
    "39" : 67,
    "40" : 60,
    "41" : 44,
    "42" : 46,
    "43" : 55,
    "44" : 45,
    "45" : 39,
    "46" : 30,
    "47" : 29,
    "48" : 26,
    "49" : 19,
    "50" : 16,
    "51" : 18,
    "52" : 13,
    "53" : 16,
    "54" : 11,
    "55" : 18,
    "56" : 6,
    "57" : 16,
    "58" : 12,
    "59" : 9,
    "60" : 5,
    "61" : 12,
    "62" : 2,
    "63" : 4,
    "64" : 4,
    "65" : 8,
    "66" : 1,
    "67" : 1,
    "68" : 4,
    "69" : 6,
    "70" : 5,
    "71" : 5,
    "72" : 3,
    "73" : 4,
    "75" : 1,
    "77" : 1,
    "78" : 1,
    "80" : 2,
    "82" : 2,
    "83" : 1,
    "84" : 1,
    "87" : 2,
    "90" : 1,
    "95" : 2,
    "97" : 1,
    "99" : 1
  },
  "mean" : 20.58777894837659,
  "stdDev" : 10.73310755364112
}