{
  "distribution" : {
    "2" : 5,
    "3" : 31,
    "4" : 101,
    "5" : 188,
    "6" : 327,
    "7" : 455,
    "8" : 557,
    "9" : 636,
    "10" : 666,
    "11" : 708,
    "12" : 650,
    "13" : 616,
    "14" : 612,
    "15" : 520,
    "16" : 500,
    "17" : 463,
    "18" : 373,
    "19" : 392,
    "20" : 321,
    "21" : 300,
    "22" : 225,
    "23" : 225,
    "24" : 190,
    "25" : 159,
    "26" : 159,
    "27" : 141,
    "28" : 92,
    "29" : 88,
    "30" : 84,
    "31" : 78,
    "32" : 61,
    "33" : 50,
    "34" : 42,
    "35" : 44,
    "36" : 37,
    "37" : 25,
    "38" : 24,
    "39" : 25,
    "40" : 18,
    "41" : 18,
    "42" : 12,
    "43" : 18,
    "44" : 13,
    "45" : 13,
    "46" : 10,
    "47" : 7,
    "48" : 8,
    "49" : 11,
    "50" : 2,
    "51" : 4,
    "52" : 4,
    "53" : 8,
    "54" : 1,
    "55" : 4,
    "56" : 2,
    "57" : 1,
    "58" : 1,
    "59" : 1,
    "60" : 1,
    "62" : 3,
    "63" : 1,
    "64" : 2,
    "65" : 3,
    "66" : 2,
    "69" : 1,
    "72" : 1
  },
  "mean" : 15.622630560928433,
  "stdDev" : 8.10446295589871
}