{
  "distribution" : {
    "2" : 12,
    "3" : 77,
    "4" : 248,
    "5" : 419,
    "6" : 619,
    "7" : 694,
    "8" : 843,
    "9" : 822,
    "10" : 802,
    "11" : 755,
    "12" : 709,
    "13" : 689,
    "14" : 565,
    "15" : 515,
    "16" : 421,
    "17" : 378,
    "18" : 336,
    "19" : 310,
    "20" : 240,
    "21" : 209,
    "22" : 208,
    "23" : 174,
    "24" : 137,
    "25" : 124,
    "26" : 90,
    "27" : 90,
    "28" : 90,
    "29" : 59,
    "30" : 69,
    "31" : 45,
    "32" : 53,
    "33" : 22,
    "34" : 20,
    "35" : 22,
    "36" : 26,
    "37" : 20,
    "38" : 18,
    "39" : 13,
    "40" : 11,
    "41" : 13,
    "42" : 9,
    "43" : 7,
    "44" : 3,
    "45" : 4,
    "46" : 9,
    "47" : 2,
    "48" : 6,
    "50" : 3,
    "51" : 1,
    "52" : 1,
    "53" : 1,
    "54" : 1,
    "56" : 2,
    "57" : 1,
    "61" : 1,
    "63" : 2,
    "67" : 1,
    "69" : 1,
    "70" : 1
  },
  "mean" : 13.392270706704164,
  "stdDev" : 7.173864219586564
}