{
  "distribution" : {
    "2" : 2,
    "3" : 24,
    "4" : 89,
    "5" : 187,
    "6" : 338,
    "7" : 500,
    "8" : 606,
    "9" : 621,
    "10" : 679,
    "11" : 633,
    "12" : 660,
    "13" : 669,
    "14" : 617,
    "15" : 550,
    "16" : 535,
    "17" : 471,
    "18" : 389,
    "19" : 365,
    "20" : 334,
    "21" : 265,
    "22" : 225,
    "23" : 255,
    "24" : 172,
    "25" : 180,
    "26" : 143,
    "27" : 112,
    "28" : 127,
    "29" : 100,
    "30" : 110,
    "31" : 80,
    "32" : 68,
    "33" : 52,
    "34" : 48,
    "35" : 54,
    "36" : 50,
    "37" : 40,
    "38" : 31,
    "39" : 21,
    "40" : 26,
    "41" : 20,
    "42" : 24,
    "43" : 19,
    "44" : 7,
    "45" : 11,
    "46" : 11,
    "47" : 11,
    "48" : 2,
    "49" : 5,
    "50" : 8,
    "51" : 4,
    "52" : 6,
    "53" : 1,
    "54" : 2,
    "55" : 6,
    "56" : 5,
    "57" : 3,
    "58" : 3,
    "60" : 1,
    "61" : 4,
    "62" : 2,
    "63" : 1,
    "64" : 1,
    "65" : 1,
    "66" : 3,
    "67" : 1,
    "72" : 1
  },
  "mean" : 15.795675573600226,
  "stdDev" : 8.293733153784387
}