{
  "distribution" : {
    "2" : 1,
    "3" : 2,
    "4" : 26,
    "5" : 68,
    "6" : 122,
    "7" : 198,
    "8" : 276,
    "9" : 383,
    "10" : 461,
    "11" : 506,
    "12" : 547,
    "13" : 536,
    "14" : 539,
    "15" : 498,
    "16" : 494,
    "17" : 480,
    "18" : 449,
    "19" : 439,
    "20" : 399,
    "21" : 350,
    "22" : 366,
    "23" : 301,
    "24" : 278,
    "25" : 242,
    "26" : 231,
    "27" : 205,
    "28" : 168,
    "29" : 189,
    "30" : 166,
    "31" : 129,
    "32" : 132,
    "33" : 105,
    "34" : 109,
    "35" : 93,
    "36" : 74,
    "37" : 95,
    "38" : 73,
    "39" : 51,
    "40" : 48,
    "41" : 40,
    "42" : 41,
    "43" : 33,
    "44" : 34,
    "45" : 25,
    "46" : 25,
    "47" : 27,
    "48" : 23,
    "49" : 24,
    "50" : 16,
    "51" : 19,
    "52" : 13,
    "53" : 11,
    "54" : 10,
    "55" : 11,
    "56" : 4,
    "57" : 9,
    "58" : 10,
    "59" : 5,
    "60" : 5,
    "61" : 8,
    "62" : 9,
    "63" : 2,
    "64" : 3,
    "65" : 1,
    "66" : 1,
    "67" : 5,
    "68" : 1,
    "69" : 2,
    "70" : 4,
    "71" : 1,
    "72" : 1,
    "73" : 3,
    "75" : 2,
    "76" : 4,
    "77" : 1,
    "78" : 2,
    "79" : 1,
    "80" : 1,
    "83" : 1,
    "91" : 1,
    "93" : 1
  },
  "mean" : 19.734832992501705,
  "stdDev" : 10.203199188930558
}