{
  "distribution" : {
    "3" : 6,
    "4" : 22,
    "5" : 47,
    "6" : 93,
    "7" : 213,
    "8" : 280,
    "9" : 366,
    "10" : 431,
    "139" : 1,
    "11" : 437,
    "12" : 523,
    "13" : 498,
    "14" : 485,
    "15" : 554,
    "16" : 525,
    "17" : 475,
    "18" : 490,
    "19" : 452,
    "20" : 374,
    "21" : 396,
    "22" : 359,
    "23" : 343,
    "24" : 303,
    "25" : 283,
    "26" : 261,
    "27" : 233,
    "28" : 201,
    "29" : 207,
    "30" : 177,
    "31" : 127,
    "32" : 118,
    "33" : 139,
    "34" : 127,
    "35" : 110,
    "36" : 100,
    "37" : 77,
    "38" : 79,
    "39" : 67,
    "40" : 66,
    "41" : 51,
    "42" : 56,
    "43" : 32,
    "44" : 46,
    "45" : 47,
    "46" : 50,
    "47" : 34,
    "48" : 21,
    "49" : 31,
    "50" : 25,
    "51" : 22,
    "52" : 17,
    "53" : 19,
    "54" : 14,
    "55" : 15,
    "56" : 16,
    "57" : 5,
    "58" : 9,
    "59" : 15,
    "60" : 7,
    "61" : 5,
    "62" : 4,
    "63" : 1,
    "64" : 2,
    "65" : 5,
    "66" : 2,
    "68" : 4,
    "69" : 3,
    "70" : 1,
    "71" : 4,
    "72" : 3,
    "73" : 2,
    "75" : 1,
    "76" : 1,
    "77" : 1,
    "78" : 3,
    "79" : 2,
    "80" : 3,
    "81" : 1,
    "82" : 2,
    "84" : 1,
    "86" : 1,
    "89" : 1,
    "90" : 2,
    "92" : 1,
    "96" : 1,
    "97" : 1,
    "120" : 1
  },
  "mean" : 20.648081985708913,
  "stdDev" : 10.864475959831617
}