{
  "distribution" : {
    "1" : 1,
    "2" : 27,
    "3" : 140,
    "4" : 283,
    "5" : 505,
    "6" : 675,
    "7" : 782,
    "8" : 858,
    "9" : 887,
    "10" : 852,
    "11" : 733,
    "12" : 643,
    "13" : 622,
    "14" : 517,
    "15" : 474,
    "16" : 417,
    "17" : 349,
    "18" : 292,
    "19" : 236,
    "20" : 215,
    "21" : 190,
    "22" : 159,
    "23" : 124,
    "24" : 110,
    "25" : 86,
    "26" : 71,
    "27" : 54,
    "28" : 59,
    "29" : 60,
    "30" : 41,
    "31" : 26,
    "32" : 37,
    "33" : 22,
    "34" : 21,
    "35" : 14,
    "36" : 21,
    "37" : 11,
    "38" : 6,
    "39" : 12,
    "40" : 6,
    "41" : 8,
    "42" : 3,
    "43" : 6,
    "44" : 3,
    "45" : 7,
    "48" : 2,
    "50" : 1,
    "52" : 2,
    "54" : 1,
    "61" : 1
  },
  "mean" : 12.413793103448276,
  "stdDev" : 6.542542524103973
}