{
  "distribution" : {
    "2" : 1,
    "3" : 6,
    "4" : 47,
    "5" : 114,
    "6" : 207,
    "7" : 290,
    "8" : 380,
    "9" : 483,
    "10" : 529,
    "11" : 556,
    "12" : 539,
    "13" : 590,
    "14" : 589,
    "15" : 543,
    "16" : 500,
    "17" : 478,
    "18" : 429,
    "19" : 379,
    "20" : 361,
    "21" : 332,
    "22" : 302,
    "23" : 283,
    "24" : 238,
    "25" : 212,
    "26" : 183,
    "27" : 181,
    "28" : 147,
    "29" : 137,
    "30" : 109,
    "31" : 102,
    "32" : 86,
    "33" : 79,
    "34" : 66,
    "35" : 73,
    "36" : 64,
    "37" : 45,
    "38" : 38,
    "39" : 46,
    "40" : 26,
    "41" : 34,
    "42" : 25,
    "43" : 25,
    "44" : 14,
    "45" : 14,
    "46" : 16,
    "47" : 17,
    "48" : 11,
    "49" : 24,
    "50" : 13,
    "51" : 9,
    "52" : 3,
    "53" : 5,
    "54" : 11,
    "55" : 6,
    "56" : 2,
    "57" : 5,
    "58" : 6,
    "60" : 4,
    "61" : 2,
    "62" : 1,
    "64" : 2,
    "66" : 1,
    "67" : 4,
    "69" : 3,
    "70" : 1,
    "71" : 1,
    "78" : 1,
    "79" : 1,
    "91" : 1
  },
  "mean" : 17.746610845295056,
  "stdDev" : 9.068838547235636
}