{
  "distribution" : {
    "3" : 5,
    "4" : 17,
    "5" : 38,
    "6" : 101,
    "7" : 151,
    "8" : 223,
    "9" : 283,
    "10" : 339,
    "11" : 379,
    "12" : 422,
    "13" : 489,
    "14" : 481,
    "15" : 488,
    "16" : 513,
    "17" : 481,
    "18" : 447,
    "19" : 426,
    "20" : 436,
    "21" : 375,
    "22" : 363,
    "23" : 338,
    "24" : 282,
    "25" : 304,
    "26" : 261,
    "27" : 264,
    "28" : 221,
    "29" : 214,
    "30" : 175,
    "31" : 192,
    "32" : 160,
    "33" : 156,
    "34" : 115,
    "35" : 104,
    "36" : 87,
    "37" : 111,
    "38" : 81,
    "39" : 66,
    "40" : 74,
    "41" : 65,
    "42" : 71,
    "43" : 51,
    "44" : 48,
    "45" : 52,
    "46" : 44,
    "47" : 48,
    "48" : 28,
    "49" : 37,
    "50" : 14,
    "51" : 25,
    "52" : 35,
    "53" : 15,
    "54" : 15,
    "55" : 8,
    "56" : 11,
    "57" : 16,
    "58" : 11,
    "59" : 18,
    "60" : 4,
    "61" : 8,
    "62" : 6,
    "63" : 7,
    "64" : 8,
    "65" : 10,
    "66" : 3,
    "67" : 4,
    "68" : 4,
    "69" : 1,
    "70" : 6,
    "71" : 4,
    "72" : 5,
    "73" : 3,
    "74" : 5,
    "75" : 4,
    "76" : 4,
    "78" : 4,
    "79" : 2,
    "80" : 1,
    "81" : 1,
    "82" : 2,
    "84" : 2,
    "88" : 1,
    "92" : 2,
    "104" : 1,
    "121" : 1
  },
  "mean" : 21.75503517394237,
  "stdDev" : 11.306590296709297
}