{
  "distribution" : {
    "2" : 8,
    "3" : 73,
    "4" : 186,
    "5" : 362,
    "6" : 549,
    "7" : 706,
    "8" : 818,
    "9" : 807,
    "10" : 831,
    "11" : 754,
    "12" : 720,
    "13" : 642,
    "14" : 540,
    "15" : 524,
    "16" : 437,
    "17" : 354,
    "18" : 334,
    "19" : 278,
    "20" : 217,
    "21" : 207,
    "22" : 191,
    "23" : 159,
    "24" : 133,
    "25" : 100,
    "26" : 106,
    "27" : 82,
    "28" : 64,
    "29" : 48,
    "30" : 38,
    "31" : 48,
    "32" : 29,
    "33" : 32,
    "34" : 32,
    "35" : 17,
    "36" : 22,
    "37" : 13,
    "38" : 17,
    "39" : 12,
    "40" : 16,
    "41" : 8,
    "42" : 9,
    "43" : 8,
    "44" : 3,
    "45" : 5,
    "46" : 5,
    "47" : 2,
    "48" : 5,
    "50" : 2,
    "51" : 3,
    "52" : 3,
    "53" : 2,
    "54" : 1,
    "56" : 2,
    "58" : 1,
    "60" : 1,
    "62" : 1,
    "84" : 1
  },
  "mean" : 13.320968962906889,
  "stdDev" : 6.986591500896509
}