{
  "distribution" : {
    "2" : 5,
    "3" : 64,
    "4" : 227,
    "5" : 391,
    "6" : 587,
    "7" : 723,
    "8" : 817,
    "9" : 817,
    "10" : 843,
    "11" : 731,
    "12" : 757,
    "13" : 653,
    "14" : 577,
    "15" : 519,
    "16" : 460,
    "17" : 375,
    "18" : 358,
    "19" : 317,
    "20" : 267,
    "21" : 233,
    "22" : 190,
    "23" : 145,
    "24" : 135,
    "25" : 127,
    "26" : 110,
    "27" : 97,
    "28" : 74,
    "29" : 69,
    "30" : 56,
    "31" : 48,
    "32" : 37,
    "33" : 36,
    "34" : 35,
    "35" : 26,
    "36" : 23,
    "37" : 17,
    "38" : 16,
    "39" : 14,
    "40" : 4,
    "41" : 10,
    "42" : 12,
    "43" : 9,
    "44" : 4,
    "45" : 5,
    "46" : 4,
    "47" : 4,
    "48" : 6,
    "49" : 4,
    "50" : 3,
    "51" : 7,
    "52" : 2,
    "53" : 3,
    "54" : 1,
    "55" : 3,
    "57" : 1,
    "58" : 1,
    "60" : 2,
    "62" : 2,
    "66" : 1,
    "68" : 1,
    "77" : 1
  },
  "mean" : 13.545002711006687,
  "stdDev" : 7.269681443633145
}