{
  "distribution" : {
    "2" : 1,
    "3" : 8,
    "4" : 24,
    "5" : 83,
    "6" : 127,
    "7" : 174,
    "8" : 305,
    "9" : 377,
    "10" : 408,
    "11" : 443,
    "12" : 510,
    "13" : 530,
    "14" : 515,
    "15" : 481,
    "16" : 509,
    "17" : 479,
    "18" : 475,
    "19" : 463,
    "20" : 437,
    "21" : 345,
    "22" : 332,
    "23" : 351,
    "24" : 285,
    "25" : 274,
    "26" : 276,
    "27" : 224,
    "28" : 197,
    "29" : 181,
    "30" : 160,
    "31" : 154,
    "32" : 160,
    "33" : 120,
    "34" : 128,
    "35" : 96,
    "36" : 93,
    "37" : 82,
    "38" : 81,
    "39" : 76,
    "40" : 60,
    "41" : 51,
    "42" : 51,
    "43" : 50,
    "44" : 41,
    "45" : 28,
    "46" : 33,
    "47" : 33,
    "48" : 24,
    "49" : 29,
    "50" : 21,
    "51" : 17,
    "52" : 21,
    "53" : 16,
    "54" : 20,
    "55" : 14,
    "56" : 9,
    "57" : 13,
    "58" : 8,
    "59" : 8,
    "60" : 10,
    "61" : 3,
    "62" : 8,
    "63" : 7,
    "64" : 10,
    "65" : 2,
    "66" : 4,
    "67" : 3,
    "68" : 5,
    "69" : 3,
    "70" : 2,
    "71" : 4,
    "72" : 2,
    "75" : 1,
    "76" : 1,
    "78" : 1,
    "79" : 1,
    "80" : 1,
    "81" : 2,
    "82" : 1,
    "84" : 1,
    "87" : 1,
    "89" : 1,
    "90" : 1,
    "100" : 1,
    "117" : 1
  },
  "mean" : 20.480638458632413,
  "stdDev" : 10.751400676184483
}