{
  "distribution" : {
    "2" : 12,
    "3" : 84,
    "4" : 235,
    "5" : 463,
    "6" : 665,
    "7" : 752,
    "8" : 807,
    "9" : 785,
    "10" : 848,
    "11" : 735,
    "12" : 643,
    "13" : 571,
    "14" : 513,
    "15" : 445,
    "16" : 415,
    "17" : 348,
    "18" : 296,
    "19" : 213,
    "20" : 195,
    "21" : 185,
    "22" : 153,
    "23" : 125,
    "24" : 100,
    "25" : 86,
    "26" : 75,
    "27" : 65,
    "28" : 55,
    "29" : 46,
    "30" : 31,
    "31" : 33,
    "32" : 31,
    "33" : 30,
    "34" : 13,
    "35" : 10,
    "36" : 10,
    "37" : 13,
    "38" : 8,
    "39" : 7,
    "40" : 7,
    "41" : 7,
    "42" : 3,
    "43" : 3,
    "44" : 5,
    "46" : 2,
    "47" : 3,
    "49" : 2,
    "50" : 1,
    "60" : 1,
    "63" : 1
  },
  "mean" : 12.494475138121548,
  "stdDev" : 6.417459616063209
}