{
  "distribution" : {
    "2" : 6,
    "3" : 86,
    "4" : 238,
    "5" : 462,
    "6" : 626,
    "7" : 801,
    "8" : 811,
    "9" : 875,
    "10" : 852,
    "11" : 759,
    "12" : 708,
    "13" : 643,
    "14" : 558,
    "15" : 466,
    "16" : 457,
    "17" : 378,
    "18" : 319,
    "19" : 290,
    "20" : 210,
    "21" : 194,
    "22" : 184,
    "23" : 142,
    "24" : 139,
    "25" : 107,
    "26" : 112,
    "27" : 78,
    "28" : 73,
    "29" : 61,
    "30" : 44,
    "31" : 28,
    "32" : 38,
    "33" : 30,
    "34" : 32,
    "35" : 25,
    "36" : 18,
    "37" : 19,
    "38" : 10,
    "39" : 11,
    "40" : 9,
    "41" : 11,
    "42" : 10,
    "43" : 5,
    "44" : 4,
    "45" : 6,
    "46" : 5,
    "47" : 1,
    "48" : 2,
    "49" : 4,
    "50" : 4,
    "51" : 2,
    "52" : 1,
    "53" : 3,
    "55" : 2,
    "59" : 1,
    "61" : 1,
    "62" : 1,
    "66" : 1
  },
  "mean" : 13.04870929490103,
  "stdDev" : 6.970799399303336
}