{
  "distribution" : {
    "2" : 1,
    "3" : 23,
    "4" : 62,
    "5" : 156,
    "6" : 267,
    "7" : 370,
    "8" : 494,
    "9" : 542,
    "10" : 641,
    "11" : 591,
    "12" : 608,
    "13" : 592,
    "14" : 618,
    "15" : 547,
    "16" : 511,
    "17" : 485,
    "18" : 452,
    "19" : 409,
    "20" : 334,
    "21" : 316,
    "22" : 300,
    "23" : 226,
    "24" : 230,
    "25" : 209,
    "26" : 188,
    "27" : 166,
    "28" : 123,
    "29" : 133,
    "30" : 119,
    "31" : 94,
    "32" : 83,
    "33" : 75,
    "34" : 65,
    "35" : 62,
    "36" : 50,
    "37" : 41,
    "38" : 36,
    "39" : 36,
    "40" : 37,
    "41" : 37,
    "42" : 23,
    "43" : 19,
    "44" : 16,
    "45" : 16,
    "46" : 18,
    "47" : 9,
    "48" : 9,
    "49" : 16,
    "50" : 7,
    "51" : 10,
    "52" : 6,
    "53" : 12,
    "54" : 4,
    "55" : 5,
    "56" : 3,
    "57" : 5,
    "58" : 3,
    "59" : 2,
    "60" : 3,
    "61" : 4,
    "62" : 3,
    "63" : 1,
    "65" : 2,
    "66" : 1,
    "67" : 1,
    "70" : 1,
    "74" : 1,
    "78" : 1,
    "79" : 1,
    "87" : 1
  },
  "mean" : 16.982719331560958,
  "stdDev" : 8.891878714118747
}