{
  "distribution" : {
    "2" : 22,
    "3" : 119,
    "4" : 293,
    "5" : 552,
    "6" : 753,
    "7" : 879,
    "8" : 905,
    "9" : 873,
    "10" : 772,
    "11" : 800,
    "12" : 693,
    "13" : 593,
    "14" : 499,
    "15" : 465,
    "16" : 393,
    "17" : 298,
    "18" : 291,
    "19" : 197,
    "20" : 207,
    "21" : 179,
    "22" : 114,
    "23" : 113,
    "24" : 91,
    "25" : 82,
    "26" : 67,
    "27" : 60,
    "28" : 47,
    "29" : 39,
    "30" : 24,
    "31" : 21,
    "32" : 22,
    "33" : 23,
    "34" : 12,
    "35" : 18,
    "36" : 6,
    "37" : 5,
    "38" : 14,
    "39" : 12,
    "40" : 9,
    "41" : 5,
    "42" : 5,
    "43" : 4,
    "44" : 1,
    "45" : 3,
    "46" : 3,
    "47" : 1,
    "49" : 1,
    "50" : 1,
    "51" : 1,
    "55" : 2,
    "57" : 1,
    "68" : 1
  },
  "mean" : 11.987536587668775,
  "stdDev" : 6.293936068932423
}