{
  "distribution" : {
    "2" : 4,
    "3" : 43,
    "4" : 178,
    "5" : 375,
    "6" : 520,
    "7" : 678,
    "8" : 764,
    "9" : 818,
    "10" : 740,
    "11" : 748,
    "12" : 694,
    "13" : 626,
    "14" : 580,
    "15" : 485,
    "16" : 456,
    "17" : 394,
    "18" : 338,
    "19" : 296,
    "20" : 234,
    "21" : 211,
    "22" : 162,
    "23" : 140,
    "24" : 137,
    "25" : 136,
    "26" : 86,
    "27" : 86,
    "28" : 76,
    "29" : 61,
    "30" : 46,
    "31" : 45,
    "32" : 36,
    "33" : 24,
    "34" : 40,
    "35" : 31,
    "36" : 18,
    "37" : 18,
    "38" : 14,
    "39" : 15,
    "40" : 9,
    "41" : 13,
    "42" : 8,
    "43" : 8,
    "44" : 7,
    "45" : 5,
    "46" : 4,
    "47" : 4,
    "48" : 5,
    "52" : 1,
    "54" : 1,
    "55" : 2,
    "57" : 1,
    "58" : 1,
    "60" : 1,
    "63" : 1,
    "64" : 1,
    "80" : 1
  },
  "mean" : 13.543449069633608,
  "stdDev" : 7.055482876172757
}