{
  "distribution" : {
    "1" : 1,
    "2" : 22,
    "3" : 197,
    "4" : 518,
    "5" : 733,
    "6" : 937,
    "7" : 950,
    "8" : 1031,
    "9" : 874,
    "10" : 891,
    "11" : 780,
    "12" : 581,
    "13" : 561,
    "14" : 457,
    "15" : 370,
    "16" : 314,
    "17" : 253,
    "18" : 236,
    "19" : 203,
    "20" : 124,
    "21" : 111,
    "22" : 111,
    "23" : 82,
    "24" : 60,
    "25" : 67,
    "26" : 40,
    "27" : 29,
    "28" : 29,
    "29" : 40,
    "30" : 24,
    "31" : 22,
    "32" : 20,
    "33" : 14,
    "34" : 6,
    "35" : 10,
    "36" : 4,
    "37" : 6,
    "38" : 2,
    "39" : 3,
    "41" : 5,
    "43" : 1,
    "44" : 1,
    "45" : 3,
    "46" : 2,
    "47" : 1,
    "49" : 1,
    "54" : 1,
    "60" : 1
  },
  "mean" : 10.838568366110541,
  "stdDev" : 5.727665507299377
}