{
  "distribution" : {
    "2" : 6,
    "3" : 37,
    "4" : 137,
    "5" : 302,
    "6" : 506,
    "7" : 586,
    "8" : 706,
    "9" : 750,
    "10" : 800,
    "11" : 750,
    "12" : 734,
    "13" : 646,
    "14" : 557,
    "15" : 521,
    "16" : 446,
    "17" : 400,
    "18" : 346,
    "19" : 329,
    "20" : 281,
    "21" : 258,
    "22" : 195,
    "23" : 175,
    "24" : 147,
    "25" : 123,
    "26" : 115,
    "27" : 95,
    "28" : 94,
    "29" : 79,
    "30" : 65,
    "31" : 57,
    "32" : 48,
    "33" : 36,
    "34" : 22,
    "35" : 26,
    "36" : 26,
    "37" : 22,
    "38" : 16,
    "39" : 13,
    "40" : 13,
    "41" : 14,
    "42" : 8,
    "43" : 12,
    "44" : 2,
    "45" : 7,
    "46" : 6,
    "47" : 7,
    "48" : 7,
    "49" : 7,
    "50" : 1,
    "51" : 3,
    "52" : 3,
    "53" : 1,
    "54" : 1,
    "57" : 2,
    "58" : 1,
    "59" : 3,
    "60" : 2,
    "62" : 1,
    "63" : 1,
    "64" : 3,
    "80" : 1
  },
  "mean" : 14.165940519037697,
  "stdDev" : 7.426513285166261
}