{
  "distribution" : {
    "2" : 18,
    "3" : 93,
    "4" : 309,
    "5" : 512,
    "6" : 718,
    "7" : 787,
    "8" : 881,
    "9" : 822,
    "10" : 801,
    "11" : 730,
    "12" : 671,
    "13" : 600,
    "14" : 489,
    "15" : 420,
    "16" : 363,
    "17" : 303,
    "18" : 259,
    "19" : 212,
    "20" : 202,
    "21" : 174,
    "22" : 131,
    "23" : 101,
    "24" : 94,
    "25" : 80,
    "26" : 68,
    "27" : 42,
    "28" : 46,
    "29" : 39,
    "30" : 36,
    "31" : 23,
    "32" : 22,
    "33" : 19,
    "34" : 16,
    "35" : 11,
    "36" : 5,
    "37" : 8,
    "38" : 9,
    "39" : 5,
    "40" : 4,
    "41" : 3,
    "42" : 1,
    "43" : 2,
    "44" : 2,
    "45" : 2,
    "46" : 1,
    "47" : 1,
    "49" : 2,
    "50" : 1,
    "51" : 1,
    "64" : 1,
    "70" : 1
  },
  "mean" : 11.992702889261414,
  "stdDev" : 6.161689392928817
}