{
  "distribution" : {
    "3" : 6,
    "4" : 40,
    "5" : 122,
    "6" : 195,
    "7" : 285,
    "8" : 394,
    "9" : 481,
    "10" : 541,
    "11" : 577,
    "12" : 559,
    "13" : 528,
    "14" : 588,
    "15" : 583,
    "16" : 488,
    "17" : 490,
    "18" : 443,
    "19" : 431,
    "20" : 356,
    "21" : 330,
    "22" : 303,
    "23" : 316,
    "24" : 239,
    "25" : 207,
    "26" : 222,
    "27" : 190,
    "28" : 152,
    "29" : 140,
    "30" : 136,
    "31" : 136,
    "32" : 112,
    "33" : 90,
    "34" : 60,
    "35" : 77,
    "36" : 69,
    "37" : 49,
    "38" : 56,
    "39" : 40,
    "40" : 35,
    "41" : 33,
    "42" : 39,
    "43" : 26,
    "44" : 31,
    "45" : 19,
    "46" : 17,
    "47" : 21,
    "48" : 18,
    "49" : 12,
    "50" : 9,
    "51" : 17,
    "52" : 7,
    "53" : 10,
    "54" : 6,
    "55" : 10,
    "56" : 6,
    "57" : 8,
    "58" : 6,
    "59" : 5,
    "60" : 2,
    "61" : 3,
    "62" : 2,
    "63" : 3,
    "64" : 2,
    "65" : 5,
    "67" : 2,
    "70" : 1,
    "71" : 2,
    "73" : 1,
    "74" : 2,
    "85" : 1,
    "89" : 1,
    "90" : 1
  },
  "mean" : 18.19251491244949,
  "stdDev" : 9.462814834272168
}