{
  "distribution" : {
    "1" : 1,
    "2" : 45,
    "3" : 185,
    "4" : 416,
    "5" : 710,
    "6" : 855,
    "7" : 936,
    "8" : 989,
    "9" : 956,
    "10" : 867,
    "11" : 732,
    "12" : 639,
    "13" : 522,
    "14" : 455,
    "15" : 409,
    "16" : 315,
    "17" : 266,
    "18" : 218,
    "19" : 169,
    "20" : 159,
    "21" : 112,
    "22" : 87,
    "23" : 90,
    "24" : 67,
    "25" : 44,
    "26" : 31,
    "27" : 34,
    "28" : 27,
    "29" : 29,
    "30" : 19,
    "31" : 17,
    "32" : 17,
    "33" : 13,
    "34" : 10,
    "35" : 10,
    "36" : 3,
    "37" : 7,
    "38" : 7,
    "39" : 8,
    "40" : 7,
    "41" : 5,
    "43" : 2,
    "45" : 1,
    "47" : 1,
    "48" : 1,
    "49" : 2,
    "53" : 1
  },
  "mean" : 10.913490853658537,
  "stdDev" : 5.704218491090962
}