{
  "distribution" : {
    "2" : 1,
    "3" : 1,
    "4" : 13,
    "5" : 60,
    "6" : 91,
    "7" : 153,
    "8" : 247,
    "9" : 311,
    "10" : 368,
    "11" : 407,
    "12" : 453,
    "13" : 509,
    "14" : 508,
    "15" : 507,
    "16" : 509,
    "17" : 488,
    "18" : 446,
    "19" : 451,
    "20" : 418,
    "21" : 386,
    "22" : 353,
    "23" : 326,
    "24" : 328,
    "25" : 315,
    "26" : 281,
    "27" : 230,
    "28" : 217,
    "29" : 210,
    "30" : 184,
    "31" : 160,
    "32" : 127,
    "33" : 113,
    "34" : 132,
    "35" : 100,
    "36" : 115,
    "37" : 94,
    "38" : 91,
    "39" : 79,
    "40" : 72,
    "41" : 51,
    "42" : 55,
    "43" : 54,
    "44" : 56,
    "45" : 38,
    "46" : 43,
    "47" : 26,
    "48" : 30,
    "49" : 33,
    "50" : 24,
    "51" : 29,
    "52" : 15,
    "53" : 29,
    "54" : 17,
    "55" : 13,
    "56" : 22,
    "57" : 11,
    "58" : 19,
    "59" : 10,
    "60" : 14,
    "61" : 6,
    "62" : 14,
    "63" : 6,
    "64" : 6,
    "65" : 4,
    "66" : 4,
    "67" : 3,
    "68" : 2,
    "69" : 4,
    "70" : 3,
    "71" : 3,
    "73" : 3,
    "74" : 3,
    "75" : 4,
    "77" : 1,
    "78" : 3,
    "79" : 2,
    "81" : 2,
    "82" : 3,
    "83" : 2,
    "84" : 1,
    "85" : 1,
    "87" : 1,
    "96" : 1,
    "104" : 2,
    "114" : 1
  },
  "mean" : 21.40558510638298,
  "stdDev" : 11.205635751436736
}