{
  "distribution" : {
    "3" : 1,
    "4" : 17,
    "5" : 48,
    "6" : 86,
    "7" : 219,
    "8" : 245,
    "9" : 323,
    "10" : 425,
    "11" : 463,
    "12" : 469,
    "13" : 513,
    "14" : 511,
    "15" : 453,
    "16" : 482,
    "17" : 479,
    "18" : 469,
    "19" : 460,
    "20" : 389,
    "21" : 404,
    "22" : 349,
    "23" : 331,
    "24" : 224,
    "25" : 260,
    "26" : 254,
    "27" : 234,
    "28" : 217,
    "29" : 192,
    "30" : 160,
    "31" : 147,
    "32" : 134,
    "33" : 128,
    "34" : 88,
    "35" : 102,
    "36" : 91,
    "37" : 74,
    "38" : 72,
    "39" : 70,
    "40" : 71,
    "41" : 54,
    "42" : 53,
    "43" : 41,
    "44" : 35,
    "45" : 41,
    "46" : 29,
    "47" : 23,
    "48" : 35,
    "49" : 27,
    "50" : 21,
    "51" : 19,
    "52" : 16,
    "53" : 19,
    "54" : 16,
    "55" : 15,
    "56" : 6,
    "57" : 2,
    "58" : 6,
    "59" : 6,
    "60" : 8,
    "61" : 8,
    "62" : 8,
    "63" : 4,
    "64" : 4,
    "65" : 3,
    "66" : 3,
    "67" : 1,
    "68" : 3,
    "69" : 1,
    "70" : 7,
    "71" : 1,
    "72" : 4,
    "73" : 1,
    "74" : 5,
    "76" : 1,
    "77" : 1,
    "79" : 3,
    "80" : 1,
    "81" : 1,
    "82" : 1,
    "83" : 3,
    "85" : 1,
    "87" : 1
  },
  "mean" : 20.541306907378335,
  "stdDev" : 10.579604694936755
}