{
  "distribution" : {
    "2" : 1,
    "3" : 3,
    "4" : 17,
    "5" : 71,
    "6" : 128,
    "7" : 227,
    "8" : 302,
    "9" : 372,
    "10" : 473,
    "11" : 535,
    "12" : 543,
    "13" : 546,
    "14" : 524,
    "15" : 548,
    "16" : 541,
    "17" : 483,
    "18" : 477,
    "19" : 429,
    "20" : 427,
    "21" : 347,
    "22" : 352,
    "23" : 300,
    "24" : 286,
    "25" : 259,
    "26" : 252,
    "27" : 219,
    "28" : 163,
    "29" : 184,
    "30" : 149,
    "31" : 144,
    "32" : 130,
    "33" : 120,
    "34" : 91,
    "35" : 84,
    "36" : 106,
    "37" : 67,
    "38" : 61,
    "39" : 54,
    "40" : 49,
    "41" : 39,
    "42" : 40,
    "43" : 36,
    "44" : 35,
    "45" : 37,
    "46" : 23,
    "47" : 18,
    "48" : 24,
    "49" : 15,
    "50" : 18,
    "51" : 11,
    "52" : 17,
    "53" : 13,
    "54" : 11,
    "55" : 9,
    "56" : 7,
    "57" : 8,
    "58" : 12,
    "59" : 8,
    "60" : 4,
    "61" : 8,
    "62" : 7,
    "63" : 5,
    "64" : 1,
    "65" : 5,
    "66" : 3,
    "67" : 6,
    "68" : 3,
    "69" : 1,
    "70" : 4,
    "71" : 4,
    "72" : 3,
    "73" : 1,
    "74" : 1,
    "75" : 2,
    "77" : 3,
    "78" : 1,
    "79" : 2,
    "81" : 1,
    "82" : 1,
    "83" : 2,
    "86" : 1,
    "87" : 3
  },
  "mean" : 19.664067699914423,
  "stdDev" : 10.288174471972528
}