{
  "distribution" : {
    "3" : 9,
    "4" : 31,
    "5" : 94,
    "6" : 150,
    "7" : 266,
    "8" : 352,
    "9" : 439,
    "10" : 488,
    "11" : 544,
    "12" : 536,
    "13" : 574,
    "14" : 565,
    "15" : 525,
    "16" : 464,
    "17" : 497,
    "18" : 447,
    "19" : 442,
    "20" : 345,
    "21" : 361,
    "22" : 323,
    "23" : 296,
    "24" : 244,
    "25" : 225,
    "26" : 188,
    "27" : 172,
    "28" : 179,
    "29" : 155,
    "30" : 149,
    "31" : 139,
    "32" : 108,
    "33" : 102,
    "34" : 98,
    "35" : 70,
    "36" : 71,
    "37" : 72,
    "38" : 61,
    "39" : 47,
    "40" : 44,
    "41" : 44,
    "42" : 37,
    "43" : 34,
    "44" : 33,
    "45" : 19,
    "46" : 13,
    "47" : 18,
    "48" : 15,
    "49" : 13,
    "50" : 16,
    "51" : 11,
    "52" : 12,
    "53" : 11,
    "54" : 10,
    "55" : 9,
    "56" : 9,
    "57" : 4,
    "58" : 5,
    "59" : 4,
    "60" : 4,
    "61" : 6,
    "62" : 2,
    "63" : 4,
    "64" : 2,
    "65" : 1,
    "66" : 1,
    "67" : 2,
    "68" : 1,
    "69" : 1,
    "71" : 1,
    "72" : 2,
    "73" : 1,
    "76" : 1,
    "81" : 1,
    "82" : 3,
    "96" : 1
  },
  "mean" : 18.734911474126967,
  "stdDev" : 9.664634825861015
}