{
  "distribution" : {
    "2" : 8,
    "3" : 71,
    "4" : 218,
    "5" : 418,
    "6" : 562,
    "7" : 715,
    "8" : 847,
    "9" : 872,
    "10" : 784,
    "11" : 739,
    "12" : 731,
    "13" : 621,
    "14" : 567,
    "15" : 493,
    "16" : 427,
    "17" : 395,
    "18" : 333,
    "19" : 318,
    "20" : 232,
    "21" : 206,
    "22" : 175,
    "23" : 162,
    "24" : 139,
    "25" : 126,
    "26" : 105,
    "27" : 89,
    "28" : 80,
    "29" : 50,
    "30" : 62,
    "31" : 41,
    "32" : 41,
    "33" : 41,
    "34" : 36,
    "35" : 26,
    "36" : 20,
    "37" : 23,
    "38" : 10,
    "39" : 10,
    "40" : 13,
    "41" : 5,
    "42" : 6,
    "43" : 6,
    "44" : 8,
    "45" : 4,
    "46" : 2,
    "47" : 2,
    "48" : 5,
    "49" : 5,
    "50" : 4,
    "51" : 2,
    "53" : 2,
    "54" : 1,
    "55" : 4,
    "56" : 2,
    "58" : 1,
    "67" : 1,
    "68" : 1
  },
  "mean" : 13.386307168491765,
  "stdDev" : 7.119359715828395
}