{
  "distribution" : {
    "2" : 1,
    "3" : 19,
    "4" : 81,
    "5" : 208,
    "6" : 372,
    "7" : 484,
    "8" : 559,
    "9" : 626,
    "10" : 702,
    "11" : 651,
    "12" : 632,
    "13" : 640,
    "14" : 582,
    "15" : 519,
    "16" : 479,
    "17" : 462,
    "18" : 372,
    "19" : 361,
    "20" : 296,
    "21" : 275,
    "22" : 218,
    "23" : 232,
    "24" : 179,
    "25" : 160,
    "26" : 139,
    "27" : 123,
    "28" : 122,
    "29" : 80,
    "30" : 76,
    "31" : 58,
    "32" : 50,
    "33" : 57,
    "34" : 45,
    "35" : 37,
    "36" : 39,
    "37" : 27,
    "38" : 22,
    "39" : 23,
    "40" : 15,
    "41" : 20,
    "42" : 19,
    "43" : 15,
    "44" : 14,
    "45" : 10,
    "46" : 10,
    "47" : 6,
    "48" : 5,
    "49" : 3,
    "50" : 4,
    "51" : 5,
    "52" : 6,
    "53" : 3,
    "56" : 2,
    "57" : 1,
    "58" : 1,
    "60" : 4,
    "62" : 3,
    "63" : 1,
    "69" : 2,
    "70" : 1
  },
  "mean" : 15.402835203780272,
  "stdDev" : 7.919910206874776
}