{
  "distribution" : {
    "2" : 1,
    "3" : 6,
    "4" : 22,
    "5" : 78,
    "6" : 139,
    "7" : 197,
    "8" : 278,
    "9" : 362,
    "10" : 397,
    "11" : 459,
    "12" : 520,
    "13" : 571,
    "14" : 558,
    "15" : 536,
    "16" : 496,
    "17" : 495,
    "18" : 486,
    "19" : 419,
    "20" : 398,
    "21" : 352,
    "22" : 331,
    "23" : 307,
    "24" : 295,
    "25" : 272,
    "26" : 235,
    "27" : 238,
    "28" : 216,
    "29" : 163,
    "30" : 162,
    "31" : 151,
    "32" : 121,
    "33" : 109,
    "34" : 106,
    "35" : 113,
    "36" : 87,
    "37" : 92,
    "38" : 85,
    "39" : 53,
    "40" : 68,
    "41" : 62,
    "42" : 43,
    "43" : 37,
    "44" : 49,
    "45" : 38,
    "46" : 27,
    "47" : 30,
    "48" : 23,
    "49" : 22,
    "50" : 19,
    "51" : 21,
    "52" : 17,
    "53" : 18,
    "54" : 9,
    "55" : 16,
    "56" : 11,
    "57" : 7,
    "58" : 6,
    "59" : 4,
    "60" : 5,
    "61" : 2,
    "62" : 4,
    "63" : 4,
    "64" : 3,
    "65" : 3,
    "66" : 3,
    "67" : 3,
    "68" : 2,
    "69" : 4,
    "71" : 5,
    "72" : 2,
    "73" : 4,
    "74" : 1,
    "75" : 2,
    "77" : 2,
    "80" : 2,
    "81" : 1,
    "86" : 1,
    "87" : 1,
    "88" : 1,
    "90" : 2,
    "93" : 1,
    "95" : 1,
    "97" : 1,
    "105" : 1
  },
  "mean" : 20.16571374118544,
  "stdDev" : 10.53959611319633
}