{
  "distribution" : {
    "3" : 4,
    "4" : 29,
    "5" : 87,
    "6" : 171,
    "7" : 284,
    "8" : 406,
    "9" : 481,
    "10" : 487,
    "11" : 549,
    "12" : 554,
    "13" : 595,
    "14" : 600,
    "15" : 542,
    "16" : 504,
    "17" : 489,
    "18" : 439,
    "19" : 372,
    "20" : 418,
    "21" : 335,
    "22" : 315,
    "23" : 298,
    "24" : 283,
    "25" : 229,
    "26" : 204,
    "27" : 191,
    "28" : 164,
    "29" : 177,
    "30" : 128,
    "31" : 120,
    "32" : 95,
    "33" : 107,
    "34" : 88,
    "35" : 76,
    "36" : 78,
    "37" : 63,
    "38" : 62,
    "39" : 42,
    "40" : 38,
    "41" : 47,
    "42" : 36,
    "43" : 25,
    "44" : 29,
    "45" : 24,
    "46" : 18,
    "47" : 18,
    "48" : 18,
    "49" : 11,
    "50" : 16,
    "51" : 13,
    "52" : 8,
    "53" : 11,
    "54" : 6,
    "55" : 6,
    "56" : 2,
    "57" : 8,
    "58" : 5,
    "59" : 3,
    "60" : 3,
    "61" : 5,
    "62" : 8,
    "63" : 5,
    "64" : 3,
    "65" : 5,
    "66" : 1,
    "67" : 1,
    "68" : 4,
    "69" : 1,
    "70" : 2,
    "71" : 1,
    "72" : 1,
    "74" : 2,
    "77" : 2,
    "78" : 2,
    "83" : 1,
    "87" : 1,
    "91" : 1
  },
  "mean" : 18.554843645404993,
  "stdDev" : 9.680466834706374
}