{
  "distribution" : {
    "3" : 3,
    "4" : 16,
    "5" : 51,
    "6" : 119,
    "7" : 189,
    "8" : 274,
    "9" : 351,
    "10" : 445,
    "11" : 467,
    "12" : 435,
    "13" : 503,
    "14" : 470,
    "15" : 507,
    "16" : 518,
    "17" : 499,
    "18" : 445,
    "19" : 423,
    "20" : 471,
    "21" : 360,
    "22" : 319,
    "23" : 327,
    "24" : 301,
    "25" : 252,
    "26" : 259,
    "27" : 221,
    "28" : 200,
    "29" : 182,
    "30" : 161,
    "31" : 137,
    "32" : 124,
    "33" : 126,
    "34" : 119,
    "35" : 89,
    "36" : 99,
    "37" : 88,
    "38" : 76,
    "39" : 53,
    "40" : 59,
    "41" : 44,
    "42" : 30,
    "43" : 51,
    "44" : 32,
    "45" : 35,
    "46" : 29,
    "47" : 32,
    "48" : 26,
    "49" : 26,
    "50" : 20,
    "51" : 11,
    "52" : 15,
    "53" : 13,
    "54" : 11,
    "55" : 10,
    "56" : 17,
    "57" : 10,
    "58" : 8,
    "59" : 5,
    "60" : 9,
    "61" : 8,
    "62" : 3,
    "63" : 5,
    "64" : 7,
    "65" : 7,
    "66" : 5,
    "67" : 2,
    "68" : 4,
    "69" : 4,
    "70" : 4,
    "71" : 3,
    "72" : 3,
    "73" : 2,
    "74" : 2,
    "75" : 3,
    "76" : 4,
    "77" : 1,
    "79" : 1,
    "82" : 1,
    "96" : 1
  },
  "mean" : 20.36233157586409,
  "stdDev" : 10.51344867393324
}