{
  "distribution" : {
    "3" : 4,
    "4" : 18,
    "5" : 83,
    "6" : 135,
    "7" : 219,
    "8" : 304,
    "9" : 360,
    "10" : 420,
    "11" : 473,
    "12" : 518,
    "13" : 512,
    "14" : 525,
    "15" : 564,
    "16" : 489,
    "17" : 482,
    "18" : 456,
    "19" : 408,
    "20" : 387,
    "21" : 348,
    "22" : 329,
    "23" : 322,
    "24" : 277,
    "25" : 261,
    "26" : 239,
    "27" : 227,
    "28" : 159,
    "29" : 175,
    "30" : 135,
    "31" : 147,
    "32" : 109,
    "33" : 99,
    "34" : 103,
    "35" : 87,
    "36" : 78,
    "37" : 72,
    "38" : 51,
    "39" : 56,
    "40" : 55,
    "41" : 42,
    "42" : 32,
    "43" : 34,
    "44" : 42,
    "45" : 29,
    "46" : 28,
    "47" : 22,
    "48" : 24,
    "49" : 19,
    "50" : 18,
    "51" : 19,
    "52" : 13,
    "53" : 20,
    "54" : 8,
    "55" : 7,
    "56" : 9,
    "57" : 11,
    "58" : 6,
    "59" : 9,
    "60" : 2,
    "62" : 1,
    "63" : 3,
    "64" : 6,
    "65" : 5,
    "66" : 5,
    "67" : 1,
    "68" : 2,
    "69" : 3,
    "71" : 1,
    "72" : 1,
    "73" : 1,
    "74" : 1,
    "75" : 1,
    "77" : 1,
    "81" : 2,
    "85" : 1,
    "86" : 1,
    "91" : 1,
    "96" : 1
  },
  "mean" : 19.60021743427555,
  "stdDev" : 10.059061917015686
}