{
  "distribution" : {
    "2" : 3,
    "3" : 61,
    "4" : 162,
    "5" : 385,
    "6" : 527,
    "7" : 715,
    "8" : 726,
    "9" : 793,
    "10" : 770,
    "11" : 756,
    "12" : 701,
    "13" : 595,
    "14" : 597,
    "15" : 507,
    "16" : 442,
    "17" : 392,
    "18" : 345,
    "19" : 286,
    "20" : 288,
    "21" : 223,
    "22" : 173,
    "23" : 173,
    "24" : 138,
    "25" : 99,
    "26" : 108,
    "27" : 90,
    "28" : 81,
    "29" : 79,
    "30" : 46,
    "31" : 38,
    "32" : 40,
    "33" : 40,
    "34" : 19,
    "35" : 28,
    "36" : 20,
    "37" : 21,
    "38" : 12,
    "39" : 16,
    "40" : 16,
    "41" : 17,
    "42" : 8,
    "43" : 9,
    "44" : 4,
    "45" : 8,
    "46" : 2,
    "47" : 2,
    "48" : 1,
    "49" : 1,
    "50" : 2,
    "51" : 2,
    "53" : 4,
    "55" : 1,
    "56" : 2,
    "57" : 2,
    "58" : 2,
    "59" : 1,
    "60" : 1,
    "66" : 1,
    "73" : 1
  },
  "mean" : 13.655358155358156,
  "stdDev" : 7.167010679126828
}