{
  "distribution" : {
    "2" : 6,
    "3" : 25,
    "4" : 81,
    "5" : 146,
    "6" : 305,
    "7" : 388,
    "8" : 484,
    "9" : 554,
    "10" : 594,
    "11" : 625,
    "12" : 633,
    "13" : 626,
    "14" : 611,
    "15" : 554,
    "16" : 500,
    "17" : 484,
    "18" : 446,
    "19" : 382,
    "20" : 337,
    "21" : 323,
    "22" : 284,
    "23" : 258,
    "24" : 253,
    "25" : 211,
    "26" : 166,
    "27" : 146,
    "28" : 126,
    "29" : 117,
    "30" : 98,
    "31" : 88,
    "32" : 87,
    "33" : 63,
    "34" : 66,
    "35" : 59,
    "36" : 53,
    "37" : 40,
    "38" : 43,
    "39" : 32,
    "40" : 42,
    "41" : 35,
    "42" : 23,
    "43" : 19,
    "44" : 21,
    "45" : 15,
    "46" : 12,
    "47" : 15,
    "48" : 10,
    "49" : 15,
    "50" : 10,
    "51" : 5,
    "52" : 9,
    "53" : 3,
    "54" : 2,
    "55" : 5,
    "56" : 5,
    "57" : 1,
    "58" : 5,
    "59" : 2,
    "60" : 3,
    "61" : 1,
    "62" : 1,
    "63" : 1,
    "64" : 6,
    "65" : 1,
    "67" : 1,
    "70" : 1,
    "73" : 1,
    "74" : 1,
    "76" : 1,
    "78" : 1
  },
  "mean" : 16.80183590423015,
  "stdDev" : 8.811929885564624
}