{
  "distribution" : {
    "2" : 7,
    "3" : 88,
    "4" : 280,
    "5" : 477,
    "6" : 667,
    "7" : 769,
    "8" : 914,
    "9" : 853,
    "10" : 879,
    "11" : 772,
    "12" : 673,
    "13" : 607,
    "14" : 538,
    "15" : 468,
    "16" : 404,
    "17" : 305,
    "18" : 303,
    "19" : 243,
    "20" : 237,
    "21" : 180,
    "22" : 150,
    "23" : 134,
    "24" : 99,
    "25" : 95,
    "26" : 60,
    "27" : 69,
    "28" : 67,
    "29" : 45,
    "30" : 44,
    "31" : 31,
    "32" : 25,
    "33" : 21,
    "34" : 20,
    "35" : 16,
    "36" : 14,
    "37" : 8,
    "38" : 14,
    "39" : 6,
    "40" : 7,
    "41" : 8,
    "42" : 6,
    "43" : 9,
    "44" : 5,
    "45" : 4,
    "46" : 2,
    "47" : 3,
    "48" : 3,
    "49" : 1,
    "50" : 2,
    "51" : 1,
    "53" : 2,
    "54" : 2,
    "57" : 2
  },
  "mean" : 12.50747250681455,
  "stdDev" : 6.582128663407707
}