{
  "distribution" : {
    "2" : 13,
    "3" : 78,
    "4" : 251,
    "5" : 421,
    "6" : 646,
    "7" : 742,
    "8" : 832,
    "9" : 843,
    "10" : 896,
    "11" : 760,
    "12" : 691,
    "13" : 590,
    "14" : 552,
    "15" : 485,
    "16" : 408,
    "17" : 383,
    "18" : 326,
    "19" : 263,
    "20" : 211,
    "21" : 178,
    "22" : 160,
    "23" : 143,
    "24" : 123,
    "25" : 110,
    "26" : 98,
    "27" : 70,
    "28" : 61,
    "29" : 51,
    "30" : 49,
    "31" : 29,
    "32" : 34,
    "33" : 35,
    "34" : 18,
    "35" : 22,
    "36" : 15,
    "37" : 12,
    "38" : 19,
    "39" : 11,
    "40" : 10,
    "41" : 13,
    "42" : 5,
    "43" : 2,
    "44" : 1,
    "45" : 4,
    "46" : 5,
    "47" : 2,
    "48" : 3,
    "49" : 2,
    "50" : 2,
    "51" : 3,
    "53" : 1,
    "54" : 1,
    "55" : 1,
    "56" : 1,
    "59" : 1,
    "60" : 1,
    "67" : 1
  },
  "mean" : 12.890157185628743,
  "stdDev" : 6.798872674842895
}