{
  "distribution" : {
    "2" : 1,
    "3" : 17,
    "4" : 70,
    "5" : 147,
    "6" : 261,
    "7" : 335,
    "8" : 493,
    "9" : 505,
    "10" : 588,
    "11" : 650,
    "12" : 638,
    "13" : 622,
    "14" : 639,
    "15" : 550,
    "16" : 572,
    "17" : 550,
    "18" : 482,
    "19" : 488,
    "20" : 413,
    "21" : 391,
    "22" : 337,
    "23" : 301,
    "24" : 289,
    "25" : 262,
    "26" : 221,
    "27" : 209,
    "28" : 196,
    "29" : 193,
    "30" : 143,
    "31" : 154,
    "32" : 144,
    "33" : 123,
    "34" : 110,
    "35" : 93,
    "36" : 78,
    "37" : 78,
    "38" : 59,
    "39" : 52,
    "40" : 46,
    "41" : 57,
    "42" : 47,
    "43" : 38,
    "44" : 33,
    "45" : 34,
    "46" : 38,
    "47" : 28,
    "48" : 34,
    "49" : 25,
    "50" : 18,
    "51" : 23,
    "52" : 17,
    "53" : 25,
    "54" : 11,
    "55" : 12,
    "56" : 16,
    "57" : 8,
    "58" : 7,
    "59" : 8,
    "60" : 10,
    "61" : 9,
    "62" : 10,
    "63" : 14,
    "64" : 4,
    "65" : 1,
    "66" : 3,
    "67" : 2,
    "68" : 4,
    "69" : 4,
    "70" : 6,
    "71" : 1,
    "72" : 1,
    "73" : 2,
    "74" : 2,
    "75" : 1,
    "77" : 1,
    "80" : 2,
    "82" : 2,
    "83" : 1,
    "84" : 1,
    "86" : 1,
    "95" : 1
  },
  "mean" : 18.846874481843805,
  "stdDev" : 10.560701302611582
}