{
  "distribution" : {
    "2" : 20,
    "67" : 1,
    "3" : 132,
    "4" : 348,
    "5" : 633,
    "6" : 794,
    "7" : 922,
    "8" : 927,
    "9" : 907,
    "10" : 828,
    "11" : 702,
    "12" : 632,
    "13" : 604,
    "14" : 520,
    "15" : 447,
    "16" : 347,
    "17" : 291,
    "18" : 241,
    "19" : 239,
    "20" : 203,
    "21" : 140,
    "22" : 140,
    "23" : 111,
    "24" : 93,
    "25" : 70,
    "26" : 63,
    "27" : 49,
    "28" : 38,
    "29" : 48,
    "30" : 27,
    "31" : 25,
    "32" : 20,
    "33" : 20,
    "34" : 13,
    "35" : 9,
    "36" : 9,
    "37" : 15,
    "38" : 5,
    "39" : 7,
    "40" : 5,
    "41" : 3,
    "42" : 2,
    "44" : 1,
    "45" : 4,
    "46" : 2,
    "47" : 6,
    "48" : 1,
    "49" : 1
  },
  "mean" : 11.69957805907173,
  "stdDev" : 6.164196832527431
}