{
  "distribution" : {
    "2" : 21,
    "3" : 115,
    "4" : 266,
    "5" : 472,
    "6" : 684,
    "7" : 764,
    "8" : 829,
    "9" : 840,
    "10" : 778,
    "11" : 756,
    "12" : 663,
    "13" : 619,
    "14" : 483,
    "15" : 492,
    "16" : 356,
    "17" : 347,
    "18" : 280,
    "19" : 211,
    "20" : 200,
    "21" : 156,
    "22" : 148,
    "23" : 102,
    "24" : 99,
    "25" : 102,
    "26" : 74,
    "27" : 60,
    "28" : 59,
    "29" : 38,
    "30" : 42,
    "31" : 42,
    "32" : 25,
    "33" : 16,
    "34" : 20,
    "35" : 17,
    "36" : 5,
    "37" : 10,
    "38" : 10,
    "39" : 4,
    "40" : 5,
    "41" : 9,
    "42" : 2,
    "44" : 3,
    "45" : 3,
    "46" : 2,
    "48" : 1,
    "49" : 1,
    "50" : 1,
    "51" : 2,
    "56" : 1
  },
  "mean" : 12.311675622862726,
  "stdDev" : 6.354547741156124
}