{
  "distribution" : {
    "3" : 8,
    "4" : 15,
    "5" : 44,
    "6" : 94,
    "7" : 160,
    "8" : 218,
    "9" : 315,
    "10" : 358,
    "11" : 438,
    "12" : 497,
    "13" : 497,
    "14" : 505,
    "15" : 501,
    "16" : 428,
    "17" : 482,
    "18" : 425,
    "19" : 439,
    "20" : 394,
    "21" : 391,
    "22" : 351,
    "23" : 308,
    "24" : 292,
    "25" : 264,
    "26" : 238,
    "27" : 204,
    "28" : 229,
    "29" : 208,
    "30" : 189,
    "31" : 155,
    "32" : 166,
    "33" : 164,
    "34" : 108,
    "35" : 113,
    "36" : 109,
    "37" : 88,
    "38" : 92,
    "39" : 72,
    "40" : 53,
    "41" : 66,
    "42" : 43,
    "43" : 34,
    "44" : 35,
    "45" : 37,
    "46" : 34,
    "47" : 27,
    "48" : 23,
    "49" : 33,
    "50" : 26,
    "51" : 18,
    "52" : 13,
    "53" : 13,
    "54" : 12,
    "55" : 16,
    "56" : 8,
    "57" : 11,
    "58" : 11,
    "59" : 10,
    "60" : 9,
    "61" : 5,
    "62" : 10,
    "63" : 1,
    "64" : 7,
    "65" : 7,
    "66" : 3,
    "67" : 7,
    "68" : 5,
    "69" : 3,
    "70" : 1,
    "71" : 1,
    "72" : 4,
    "73" : 4,
    "74" : 1,
    "76" : 2,
    "77" : 3,
    "78" : 1,
    "81" : 1,
    "82" : 3,
    "84" : 1,
    "85" : 1,
    "86" : 2,
    "89" : 1,
    "92" : 2,
    "93" : 1
  },
  "mean" : 21.062647521636507,
  "stdDev" : 10.835433485495683
}