{
  "distribution" : {
    "2" : 1,
    "3" : 26,
    "4" : 80,
    "5" : 212,
    "6" : 368,
    "7" : 468,
    "8" : 602,
    "9" : 630,
    "10" : 678,
    "11" : 676,
    "12" : 665,
    "13" : 623,
    "14" : 554,
    "15" : 532,
    "16" : 485,
    "17" : 409,
    "18" : 390,
    "19" : 331,
    "20" : 296,
    "21" : 270,
    "22" : 217,
    "23" : 209,
    "24" : 182,
    "25" : 142,
    "26" : 135,
    "27" : 119,
    "28" : 79,
    "29" : 87,
    "30" : 82,
    "31" : 66,
    "32" : 52,
    "33" : 36,
    "34" : 42,
    "35" : 45,
    "36" : 35,
    "37" : 26,
    "38" : 16,
    "39" : 18,
    "40" : 18,
    "41" : 17,
    "42" : 10,
    "43" : 11,
    "44" : 9,
    "45" : 8,
    "46" : 5,
    "47" : 8,
    "48" : 10,
    "49" : 2,
    "50" : 1,
    "51" : 6,
    "52" : 4,
    "53" : 2,
    "54" : 3,
    "55" : 2,
    "56" : 2,
    "57" : 1,
    "58" : 2,
    "61" : 2,
    "63" : 1,
    "65" : 1,
    "72" : 1,
    "75" : 1
  },
  "mean" : 15.16302067725502,
  "stdDev" : 7.739812034871186
}