{
  "distribution" : {
    "2" : 3,
    "3" : 16,
    "4" : 84,
    "5" : 138,
    "6" : 255,
    "7" : 346,
    "8" : 454,
    "9" : 500,
    "10" : 574,
    "11" : 636,
    "12" : 593,
    "13" : 584,
    "14" : 610,
    "15" : 542,
    "16" : 521,
    "17" : 463,
    "18" : 472,
    "19" : 361,
    "20" : 332,
    "21" : 342,
    "22" : 296,
    "23" : 265,
    "24" : 228,
    "25" : 195,
    "26" : 182,
    "27" : 170,
    "28" : 120,
    "29" : 126,
    "30" : 108,
    "31" : 88,
    "32" : 85,
    "33" : 79,
    "34" : 77,
    "35" : 48,
    "36" : 48,
    "37" : 39,
    "38" : 39,
    "39" : 43,
    "40" : 34,
    "41" : 20,
    "42" : 30,
    "43" : 35,
    "44" : 16,
    "45" : 13,
    "46" : 13,
    "47" : 15,
    "48" : 8,
    "49" : 11,
    "50" : 11,
    "51" : 7,
    "52" : 2,
    "53" : 6,
    "54" : 6,
    "55" : 5,
    "56" : 1,
    "57" : 6,
    "58" : 6,
    "60" : 2,
    "61" : 2,
    "63" : 3,
    "64" : 1,
    "65" : 1,
    "66" : 4,
    "67" : 1,
    "69" : 1,
    "70" : 2,
    "72" : 3,
    "76" : 1
  },
  "mean" : 17.079879938032533,
  "stdDev" : 8.855746007195817
}