{
  "distribution" : {
    "3" : 20,
    "4" : 62,
    "5" : 154,
    "6" : 257,
    "7" : 373,
    "8" : 489,
    "9" : 570,
    "10" : 655,
    "11" : 620,
    "12" : 628,
    "13" : 597,
    "14" : 632,
    "15" : 577,
    "16" : 528,
    "17" : 447,
    "18" : 425,
    "19" : 378,
    "20" : 347,
    "21" : 305,
    "22" : 268,
    "23" : 270,
    "24" : 220,
    "25" : 192,
    "26" : 167,
    "27" : 153,
    "28" : 120,
    "29" : 115,
    "30" : 100,
    "31" : 94,
    "32" : 91,
    "33" : 68,
    "34" : 60,
    "35" : 60,
    "36" : 53,
    "37" : 35,
    "38" : 33,
    "39" : 32,
    "40" : 36,
    "41" : 18,
    "42" : 31,
    "43" : 20,
    "44" : 15,
    "45" : 25,
    "46" : 10,
    "47" : 16,
    "48" : 10,
    "49" : 8,
    "50" : 5,
    "51" : 4,
    "52" : 5,
    "53" : 2,
    "54" : 3,
    "55" : 11,
    "56" : 1,
    "57" : 3,
    "58" : 2,
    "59" : 3,
    "60" : 5,
    "61" : 3,
    "62" : 1,
    "63" : 2,
    "65" : 1,
    "66" : 1,
    "67" : 2,
    "68" : 1,
    "69" : 1,
    "70" : 1,
    "73" : 1,
    "74" : 1,
    "79" : 1,
    "101" : 1
  },
  "mean" : 16.727812350406893,
  "stdDev" : 8.722459917910346
}