{
  "distribution" : {
    "3" : 4,
    "4" : 9,
    "5" : 28,
    "6" : 75,
    "7" : 124,
    "8" : 188,
    "9" : 263,
    "10" : 347,
    "11" : 363,
    "12" : 414,
    "13" : 431,
    "14" : 452,
    "15" : 451,
    "16" : 466,
    "17" : 462,
    "18" : 439,
    "19" : 422,
    "20" : 434,
    "21" : 400,
    "22" : 322,
    "23" : 317,
    "24" : 320,
    "25" : 322,
    "26" : 264,
    "27" : 257,
    "28" : 205,
    "29" : 216,
    "30" : 217,
    "31" : 181,
    "32" : 172,
    "33" : 130,
    "34" : 134,
    "35" : 115,
    "36" : 99,
    "37" : 83,
    "38" : 97,
    "39" : 76,
    "40" : 68,
    "41" : 70,
    "42" : 58,
    "43" : 63,
    "44" : 52,
    "45" : 45,
    "46" : 50,
    "47" : 36,
    "48" : 33,
    "49" : 32,
    "50" : 27,
    "51" : 25,
    "52" : 22,
    "53" : 24,
    "54" : 15,
    "55" : 16,
    "56" : 20,
    "57" : 14,
    "58" : 11,
    "59" : 12,
    "60" : 8,
    "61" : 15,
    "62" : 6,
    "63" : 10,
    "64" : 5,
    "65" : 4,
    "66" : 8,
    "67" : 4,
    "68" : 5,
    "69" : 1,
    "70" : 3,
    "71" : 3,
    "72" : 2,
    "73" : 1,
    "74" : 2,
    "75" : 3,
    "76" : 3,
    "77" : 2,
    "78" : 1,
    "79" : 4,
    "80" : 1,
    "81" : 1,
    "82" : 1,
    "83" : 1,
    "84" : 2,
    "86" : 1,
    "87" : 1,
    "88" : 1,
    "89" : 3,
    "90" : 3,
    "94" : 1,
    "104" : 1
  },
  "mean" : 22.19576195662937,
  "stdDev" : 11.38021122942959
}