{
  "distribution" : {
    "3" : 6,
    "4" : 31,
    "5" : 65,
    "6" : 160,
    "7" : 247,
    "8" : 325,
    "9" : 431,
    "10" : 452,
    "11" : 526,
    "12" : 543,
    "13" : 544,
    "14" : 559,
    "15" : 549,
    "16" : 520,
    "17" : 485,
    "18" : 465,
    "19" : 403,
    "20" : 410,
    "21" : 340,
    "22" : 335,
    "23" : 288,
    "24" : 235,
    "25" : 218,
    "26" : 222,
    "27" : 193,
    "28" : 192,
    "29" : 156,
    "30" : 140,
    "31" : 130,
    "32" : 132,
    "33" : 92,
    "34" : 81,
    "35" : 78,
    "36" : 86,
    "37" : 60,
    "38" : 50,
    "39" : 47,
    "40" : 52,
    "41" : 40,
    "42" : 30,
    "43" : 36,
    "44" : 42,
    "45" : 27,
    "46" : 31,
    "47" : 19,
    "48" : 16,
    "49" : 12,
    "50" : 17,
    "51" : 12,
    "52" : 14,
    "53" : 19,
    "54" : 12,
    "55" : 10,
    "56" : 7,
    "57" : 9,
    "58" : 4,
    "59" : 9,
    "60" : 5,
    "61" : 6,
    "62" : 6,
    "63" : 1,
    "64" : 5,
    "65" : 1,
    "66" : 1,
    "68" : 1,
    "69" : 3,
    "70" : 1,
    "71" : 4,
    "72" : 1,
    "73" : 2,
    "82" : 1,
    "85" : 1
  },
  "mean" : 19.05851945771969,
  "stdDev" : 9.845950029655725
}