{
  "distribution" : {
    "2" : 22,
    "3" : 111,
    "4" : 328,
    "5" : 505,
    "6" : 721,
    "7" : 785,
    "8" : 864,
    "9" : 872,
    "10" : 804,
    "11" : 743,
    "12" : 675,
    "13" : 615,
    "14" : 492,
    "15" : 452,
    "16" : 394,
    "17" : 400,
    "18" : 283,
    "19" : 246,
    "20" : 201,
    "21" : 138,
    "22" : 125,
    "23" : 121,
    "24" : 96,
    "25" : 85,
    "26" : 75,
    "27" : 48,
    "28" : 54,
    "29" : 36,
    "30" : 46,
    "31" : 29,
    "32" : 18,
    "33" : 22,
    "34" : 22,
    "35" : 12,
    "36" : 11,
    "37" : 11,
    "38" : 5,
    "39" : 6,
    "40" : 9,
    "41" : 4,
    "42" : 8,
    "43" : 3,
    "44" : 3,
    "45" : 2,
    "47" : 1,
    "48" : 3,
    "50" : 3,
    "52" : 1,
    "58" : 1,
    "63" : 1,
    "69" : 1
  },
  "mean" : 12.184438314467801,
  "stdDev" : 6.3739935943321
}