{
  "distribution" : {
    "1" : 72,
    "2" : 508,
    "3" : 1126,
    "4" : 1462,
    "5" : 1616,
    "6" : 1552,
    "7" : 1262,
    "8" : 1069,
    "9" : 926,
    "10" : 800,
    "11" : 649,
    "12" : 513,
    "13" : 404,
    "14" : 322,
    "15" : 234,
    "16" : 203,
    "17" : 176,
    "18" : 114,
    "19" : 97,
    "20" : 82,
    "21" : 66,
    "22" : 56,
    "23" : 36,
    "24" : 32,
    "25" : 21,
    "26" : 14,
    "27" : 15,
    "28" : 14,
    "29" : 10,
    "30" : 12,
    "31" : 9,
    "32" : 8,
    "33" : 7,
    "34" : 2,
    "37" : 1,
    "38" : 2,
    "40" : 1,
    "41" : 1,
    "42" : 1
  },
  "mean" : 7.957465728047425,
  "stdDev" : 4.716189924962964
}