{
  "distribution" : {
    "1" : 1,
    "2" : 8,
    "3" : 84,
    "4" : 256,
    "5" : 459,
    "6" : 641,
    "7" : 778,
    "8" : 805,
    "9" : 825,
    "10" : 779,
    "11" : 763,
    "12" : 702,
    "13" : 585,
    "14" : 526,
    "15" : 466,
    "16" : 421,
    "17" : 320,
    "18" : 259,
    "19" : 228,
    "20" : 199,
    "21" : 169,
    "22" : 146,
    "23" : 121,
    "24" : 89,
    "25" : 96,
    "26" : 91,
    "27" : 71,
    "28" : 57,
    "29" : 44,
    "30" : 43,
    "31" : 26,
    "32" : 38,
    "33" : 28,
    "34" : 22,
    "35" : 13,
    "36" : 6,
    "37" : 14,
    "38" : 9,
    "39" : 6,
    "40" : 6,
    "41" : 4,
    "42" : 3,
    "44" : 4,
    "45" : 3,
    "46" : 1,
    "47" : 2,
    "48" : 4,
    "49" : 1,
    "50" : 1,
    "51" : 1,
    "52" : 1,
    "53" : 1,
    "54" : 1
  },
  "mean" : 12.508751344480297,
  "stdDev" : 6.454022549972944
}