{
  "distribution" : {
    "2" : 23,
    "3" : 134,
    "4" : 324,
    "5" : 640,
    "6" : 767,
    "7" : 910,
    "8" : 943,
    "9" : 857,
    "10" : 815,
    "11" : 758,
    "12" : 685,
    "13" : 595,
    "14" : 537,
    "15" : 429,
    "16" : 395,
    "17" : 302,
    "18" : 257,
    "19" : 212,
    "20" : 174,
    "21" : 158,
    "22" : 120,
    "23" : 132,
    "24" : 99,
    "25" : 79,
    "26" : 72,
    "27" : 58,
    "28" : 49,
    "29" : 40,
    "30" : 33,
    "31" : 32,
    "32" : 24,
    "33" : 16,
    "34" : 17,
    "35" : 14,
    "36" : 8,
    "37" : 12,
    "38" : 5,
    "39" : 7,
    "40" : 9,
    "41" : 4,
    "42" : 4,
    "43" : 2,
    "44" : 4,
    "45" : 2,
    "47" : 3,
    "48" : 2,
    "49" : 1,
    "50" : 1,
    "53" : 1,
    "56" : 1
  },
  "mean" : 11.84302433587219,
  "stdDev" : 6.269209855220191
}