{
  "distribution" : {
    "2" : 1,
    "3" : 15,
    "4" : 47,
    "5" : 114,
    "6" : 224,
    "7" : 303,
    "8" : 434,
    "9" : 507,
    "10" : 570,
    "11" : 617,
    "12" : 653,
    "13" : 588,
    "14" : 557,
    "15" : 597,
    "16" : 483,
    "17" : 440,
    "18" : 467,
    "19" : 447,
    "20" : 374,
    "21" : 339,
    "22" : 280,
    "23" : 273,
    "24" : 244,
    "25" : 182,
    "26" : 182,
    "27" : 166,
    "28" : 149,
    "29" : 142,
    "30" : 116,
    "31" : 103,
    "32" : 88,
    "33" : 84,
    "34" : 78,
    "35" : 83,
    "36" : 66,
    "37" : 47,
    "38" : 55,
    "39" : 42,
    "40" : 32,
    "41" : 32,
    "42" : 26,
    "43" : 30,
    "44" : 27,
    "45" : 17,
    "46" : 5,
    "47" : 21,
    "48" : 18,
    "49" : 16,
    "50" : 11,
    "51" : 11,
    "52" : 9,
    "53" : 8,
    "54" : 10,
    "55" : 7,
    "56" : 5,
    "57" : 5,
    "58" : 6,
    "59" : 1,
    "60" : 3,
    "61" : 2,
    "62" : 4,
    "63" : 1,
    "64" : 2,
    "65" : 2,
    "67" : 4,
    "68" : 1,
    "69" : 2,
    "77" : 2,
    "80" : 1,
    "81" : 1
  },
  "mean" : 17.66323122435347,
  "stdDev" : 9.22496996795088
}