{
  "distribution" : {
    "3" : 5,
    "4" : 24,
    "5" : 71,
    "6" : 130,
    "7" : 211,
    "8" : 281,
    "9" : 366,
    "10" : 422,
    "11" : 490,
    "12" : 547,
    "13" : 513,
    "14" : 511,
    "15" : 516,
    "16" : 480,
    "17" : 470,
    "18" : 472,
    "19" : 389,
    "20" : 399,
    "21" : 340,
    "22" : 362,
    "23" : 327,
    "24" : 260,
    "25" : 264,
    "26" : 241,
    "27" : 217,
    "28" : 183,
    "29" : 181,
    "30" : 143,
    "31" : 144,
    "32" : 137,
    "33" : 111,
    "34" : 98,
    "35" : 99,
    "36" : 65,
    "37" : 80,
    "38" : 61,
    "39" : 47,
    "40" : 67,
    "41" : 60,
    "42" : 41,
    "43" : 35,
    "44" : 37,
    "45" : 26,
    "46" : 27,
    "47" : 28,
    "48" : 32,
    "49" : 15,
    "50" : 15,
    "51" : 17,
    "52" : 14,
    "53" : 9,
    "54" : 8,
    "55" : 9,
    "56" : 8,
    "57" : 7,
    "58" : 5,
    "59" : 2,
    "60" : 11,
    "61" : 9,
    "62" : 5,
    "63" : 2,
    "64" : 3,
    "65" : 3,
    "66" : 2,
    "67" : 3,
    "68" : 1,
    "69" : 3,
    "70" : 2,
    "71" : 2,
    "72" : 2,
    "73" : 1,
    "74" : 1,
    "76" : 2,
    "78" : 2,
    "80" : 1,
    "81" : 1,
    "82" : 1,
    "84" : 1,
    "85" : 1,
    "89" : 1,
    "101" : 1
  },
  "mean" : 19.810609037328096,
  "stdDev" : 10.198014241574658
}