{
  "distribution" : {
    "2" : 5,
    "3" : 50,
    "4" : 182,
    "5" : 428,
    "6" : 571,
    "7" : 700,
    "8" : 744,
    "9" : 823,
    "10" : 747,
    "11" : 724,
    "12" : 693,
    "13" : 621,
    "14" : 551,
    "15" : 490,
    "16" : 437,
    "17" : 407,
    "18" : 332,
    "19" : 290,
    "20" : 263,
    "21" : 211,
    "22" : 169,
    "23" : 149,
    "24" : 152,
    "25" : 107,
    "26" : 83,
    "27" : 82,
    "28" : 75,
    "29" : 64,
    "30" : 50,
    "31" : 44,
    "32" : 40,
    "33" : 29,
    "34" : 23,
    "35" : 17,
    "36" : 22,
    "37" : 14,
    "38" : 8,
    "39" : 9,
    "40" : 13,
    "41" : 12,
    "42" : 11,
    "43" : 6,
    "44" : 6,
    "45" : 6,
    "47" : 3,
    "48" : 2,
    "49" : 1,
    "50" : 1,
    "51" : 5,
    "52" : 1,
    "53" : 2,
    "54" : 2,
    "56" : 3,
    "59" : 1,
    "61" : 1,
    "63" : 1,
    "64" : 1
  },
  "mean" : 13.398035101106448,
  "stdDev" : 6.998684818894698
}