{
  "distribution" : {
    "3" : 4,
    "4" : 23,
    "5" : 63,
    "6" : 156,
    "7" : 205,
    "8" : 279,
    "9" : 403,
    "10" : 436,
    "11" : 496,
    "12" : 494,
    "13" : 552,
    "14" : 559,
    "15" : 561,
    "16" : 501,
    "17" : 490,
    "18" : 498,
    "19" : 435,
    "20" : 426,
    "21" : 355,
    "22" : 329,
    "23" : 299,
    "24" : 283,
    "25" : 239,
    "26" : 243,
    "27" : 173,
    "28" : 195,
    "29" : 165,
    "30" : 142,
    "31" : 137,
    "32" : 126,
    "33" : 112,
    "34" : 98,
    "35" : 79,
    "36" : 71,
    "37" : 80,
    "38" : 58,
    "39" : 61,
    "40" : 61,
    "41" : 47,
    "42" : 36,
    "43" : 42,
    "44" : 34,
    "45" : 27,
    "46" : 30,
    "47" : 25,
    "48" : 20,
    "49" : 16,
    "50" : 17,
    "51" : 15,
    "52" : 8,
    "53" : 9,
    "54" : 18,
    "55" : 13,
    "56" : 5,
    "57" : 4,
    "58" : 10,
    "59" : 3,
    "60" : 7,
    "61" : 4,
    "62" : 3,
    "63" : 5,
    "64" : 2,
    "65" : 2,
    "66" : 2,
    "67" : 3,
    "68" : 2,
    "69" : 3,
    "70" : 3,
    "72" : 1,
    "73" : 2,
    "74" : 3,
    "75" : 2,
    "77" : 2,
    "78" : 2,
    "79" : 4,
    "80" : 2,
    "81" : 2,
    "84" : 1,
    "87" : 1,
    "95" : 1
  },
  "mean" : 19.581113801452783,
  "stdDev" : 10.151073663023785
}