{
  "distribution" : {
    "2" : 8,
    "3" : 27,
    "4" : 124,
    "5" : 260,
    "6" : 409,
    "7" : 530,
    "8" : 723,
    "9" : 737,
    "10" : 755,
    "11" : 764,
    "12" : 643,
    "13" : 633,
    "14" : 575,
    "15" : 507,
    "16" : 504,
    "17" : 433,
    "18" : 386,
    "19" : 320,
    "20" : 243,
    "21" : 242,
    "22" : 222,
    "23" : 189,
    "24" : 183,
    "25" : 150,
    "26" : 130,
    "27" : 106,
    "28" : 88,
    "29" : 76,
    "30" : 57,
    "31" : 65,
    "32" : 48,
    "33" : 35,
    "34" : 39,
    "35" : 36,
    "36" : 29,
    "37" : 23,
    "38" : 20,
    "39" : 19,
    "40" : 16,
    "41" : 13,
    "42" : 16,
    "43" : 14,
    "44" : 8,
    "45" : 6,
    "46" : 2,
    "47" : 9,
    "48" : 8,
    "49" : 5,
    "50" : 2,
    "51" : 3,
    "52" : 5,
    "53" : 3,
    "54" : 2,
    "55" : 1,
    "56" : 1,
    "57" : 3,
    "58" : 1,
    "59" : 1,
    "60" : 2,
    "61" : 1,
    "62" : 1,
    "68" : 1,
    "75" : 1
  },
  "mean" : 14.611679250692918,
  "stdDev" : 7.625388807355975
}