{
  "distribution" : {
    "2" : 8,
    "3" : 57,
    "4" : 196,
    "5" : 314,
    "6" : 510,
    "7" : 638,
    "8" : 719,
    "9" : 743,
    "10" : 766,
    "11" : 784,
    "12" : 707,
    "13" : 652,
    "14" : 554,
    "15" : 504,
    "16" : 442,
    "17" : 355,
    "18" : 342,
    "19" : 279,
    "20" : 259,
    "21" : 206,
    "22" : 183,
    "23" : 159,
    "24" : 129,
    "25" : 106,
    "26" : 83,
    "27" : 80,
    "28" : 73,
    "29" : 63,
    "30" : 46,
    "31" : 42,
    "32" : 40,
    "33" : 35,
    "34" : 29,
    "35" : 17,
    "36" : 23,
    "37" : 15,
    "38" : 18,
    "39" : 8,
    "40" : 6,
    "41" : 12,
    "42" : 12,
    "43" : 9,
    "44" : 7,
    "45" : 7,
    "46" : 3,
    "47" : 1,
    "48" : 2,
    "49" : 5,
    "52" : 4,
    "53" : 2,
    "54" : 2,
    "55" : 1,
    "58" : 2,
    "59" : 1,
    "70" : 1
  },
  "mean" : 13.5781112951954,
  "stdDev" : 7.017054161328084
}