{
  "distribution" : {
    "2" : 1,
    "3" : 13,
    "4" : 40,
    "5" : 110,
    "6" : 221,
    "7" : 310,
    "8" : 385,
    "9" : 470,
    "10" : 596,
    "11" : 528,
    "12" : 566,
    "13" : 565,
    "14" : 535,
    "15" : 527,
    "16" : 490,
    "17" : 474,
    "18" : 428,
    "19" : 388,
    "20" : 363,
    "21" : 346,
    "22" : 303,
    "23" : 258,
    "24" : 239,
    "25" : 223,
    "26" : 185,
    "27" : 168,
    "28" : 131,
    "29" : 145,
    "30" : 100,
    "31" : 118,
    "32" : 109,
    "33" : 75,
    "34" : 59,
    "35" : 80,
    "36" : 61,
    "37" : 40,
    "38" : 42,
    "39" : 40,
    "40" : 31,
    "41" : 23,
    "42" : 22,
    "43" : 28,
    "44" : 25,
    "45" : 20,
    "46" : 7,
    "47" : 16,
    "48" : 8,
    "49" : 9,
    "50" : 5,
    "51" : 13,
    "52" : 10,
    "53" : 7,
    "54" : 6,
    "55" : 5,
    "56" : 5,
    "57" : 2,
    "58" : 4,
    "59" : 4,
    "60" : 1,
    "61" : 3,
    "62" : 3,
    "64" : 3,
    "65" : 1,
    "68" : 1,
    "69" : 1,
    "71" : 1,
    "73" : 1,
    "78" : 1,
    "79" : 1,
    "87" : 1,
    "92" : 1
  },
  "mean" : 17.65063493650635,
  "stdDev" : 9.005983113842449
}