{
  "distribution" : {
    "3" : 6,
    "4" : 30,
    "5" : 69,
    "6" : 107,
    "7" : 203,
    "8" : 271,
    "9" : 373,
    "10" : 446,
    "11" : 466,
    "12" : 502,
    "13" : 539,
    "14" : 566,
    "15" : 498,
    "16" : 525,
    "17" : 494,
    "18" : 482,
    "19" : 461,
    "20" : 389,
    "21" : 382,
    "22" : 332,
    "23" : 303,
    "24" : 291,
    "25" : 270,
    "26" : 243,
    "27" : 224,
    "28" : 195,
    "29" : 194,
    "30" : 157,
    "31" : 121,
    "32" : 134,
    "33" : 125,
    "34" : 108,
    "35" : 100,
    "36" : 95,
    "37" : 57,
    "38" : 75,
    "39" : 63,
    "40" : 58,
    "41" : 57,
    "42" : 44,
    "43" : 42,
    "44" : 39,
    "45" : 37,
    "46" : 30,
    "47" : 26,
    "48" : 24,
    "49" : 20,
    "50" : 18,
    "51" : 14,
    "52" : 13,
    "53" : 14,
    "54" : 16,
    "55" : 10,
    "56" : 8,
    "57" : 15,
    "58" : 12,
    "59" : 12,
    "60" : 9,
    "61" : 5,
    "62" : 7,
    "63" : 6,
    "64" : 2,
    "65" : 5,
    "66" : 2,
    "67" : 3,
    "68" : 3,
    "69" : 2,
    "71" : 5,
    "72" : 2,
    "73" : 4,
    "74" : 1,
    "78" : 1,
    "80" : 1,
    "85" : 1,
    "86" : 1,
    "89" : 1,
    "90" : 1,
    "91" : 1,
    "96" : 1,
    "99" : 1,
    "119" : 1
  },
  "mean" : 20.11269219749785,
  "stdDev" : 10.500434444129835
}