{
  "distribution" : {
    "3" : 1,
    "4" : 18,
    "5" : 48,
    "6" : 99,
    "7" : 158,
    "8" : 269,
    "9" : 318,
    "10" : 371,
    "11" : 434,
    "12" : 471,
    "13" : 490,
    "14" : 489,
    "15" : 485,
    "16" : 505,
    "17" : 463,
    "18" : 454,
    "19" : 453,
    "20" : 414,
    "21" : 381,
    "22" : 399,
    "23" : 339,
    "24" : 321,
    "25" : 323,
    "26" : 259,
    "27" : 256,
    "28" : 251,
    "29" : 207,
    "30" : 205,
    "31" : 149,
    "32" : 134,
    "33" : 153,
    "34" : 101,
    "35" : 101,
    "36" : 90,
    "37" : 76,
    "38" : 65,
    "39" : 69,
    "40" : 62,
    "41" : 59,
    "42" : 51,
    "43" : 41,
    "44" : 59,
    "45" : 46,
    "46" : 36,
    "47" : 32,
    "48" : 35,
    "49" : 24,
    "50" : 20,
    "51" : 19,
    "52" : 22,
    "53" : 17,
    "54" : 21,
    "55" : 16,
    "56" : 9,
    "57" : 14,
    "58" : 11,
    "59" : 13,
    "60" : 15,
    "61" : 10,
    "62" : 3,
    "63" : 7,
    "64" : 11,
    "65" : 2,
    "66" : 1,
    "67" : 4,
    "68" : 8,
    "69" : 8,
    "70" : 3,
    "71" : 7,
    "72" : 1,
    "73" : 2,
    "74" : 2,
    "75" : 4,
    "76" : 3,
    "77" : 2,
    "78" : 4,
    "79" : 1,
    "81" : 1,
    "84" : 1,
    "85" : 1,
    "86" : 1,
    "89" : 1,
    "90" : 1,
    "94" : 1,
    "96" : 1,
    "102" : 2,
    "111" : 1
  },
  "mean" : 21.241006169909824,
  "stdDev" : 11.122934763003657
}