{
  "distribution" : {
    "2" : 3,
    "3" : 18,
    "4" : 62,
    "5" : 128,
    "6" : 238,
    "7" : 350,
    "8" : 490,
    "9" : 561,
    "10" : 641,
    "11" : 617,
    "12" : 626,
    "13" : 615,
    "14" : 540,
    "15" : 535,
    "16" : 569,
    "17" : 462,
    "18" : 430,
    "19" : 414,
    "20" : 357,
    "21" : 304,
    "22" : 293,
    "23" : 254,
    "24" : 239,
    "25" : 227,
    "26" : 197,
    "27" : 176,
    "28" : 151,
    "29" : 137,
    "30" : 104,
    "31" : 98,
    "32" : 85,
    "33" : 86,
    "34" : 68,
    "35" : 67,
    "36" : 61,
    "37" : 51,
    "38" : 41,
    "39" : 22,
    "40" : 39,
    "41" : 31,
    "42" : 25,
    "43" : 28,
    "44" : 21,
    "45" : 26,
    "46" : 18,
    "47" : 14,
    "48" : 7,
    "49" : 14,
    "50" : 8,
    "51" : 10,
    "52" : 12,
    "53" : 5,
    "54" : 5,
    "55" : 4,
    "56" : 1,
    "57" : 6,
    "58" : 1,
    "59" : 4,
    "60" : 6,
    "61" : 4,
    "62" : 4,
    "63" : 4,
    "64" : 2,
    "65" : 2,
    "67" : 1,
    "68" : 1,
    "76" : 1,
    "78" : 1,
    "81" : 1,
    "86" : 1,
    "88" : 1
  },
  "mean" : 17.260423529411764,
  "stdDev" : 9.077459133264544
}