{
  "distribution" : {
    "1" : 1,
    "2" : 51,
    "3" : 303,
    "4" : 616,
    "5" : 911,
    "6" : 1026,
    "7" : 1114,
    "8" : 1068,
    "9" : 942,
    "10" : 772,
    "11" : 663,
    "12" : 583,
    "13" : 465,
    "14" : 411,
    "15" : 304,
    "16" : 260,
    "17" : 223,
    "18" : 166,
    "19" : 142,
    "20" : 105,
    "21" : 91,
    "22" : 46,
    "23" : 76,
    "24" : 43,
    "25" : 41,
    "26" : 37,
    "27" : 23,
    "28" : 21,
    "29" : 23,
    "30" : 12,
    "31" : 8,
    "32" : 15,
    "33" : 5,
    "34" : 4,
    "35" : 5,
    "36" : 2,
    "37" : 3,
    "38" : 3,
    "39" : 2,
    "41" : 1,
    "43" : 2,
    "44" : 1,
    "45" : 2
  },
  "mean" : 9.901623867069487,
  "stdDev" : 5.199299540185392
}