{
  "distribution" : {
    "2" : 11,
    "3" : 74,
    "4" : 206,
    "5" : 387,
    "6" : 613,
    "7" : 739,
    "8" : 827,
    "9" : 844,
    "10" : 757,
    "11" : 719,
    "12" : 702,
    "13" : 631,
    "14" : 546,
    "15" : 511,
    "16" : 437,
    "17" : 357,
    "18" : 300,
    "19" : 275,
    "20" : 237,
    "21" : 180,
    "22" : 178,
    "23" : 137,
    "24" : 107,
    "25" : 105,
    "26" : 103,
    "27" : 80,
    "28" : 57,
    "29" : 46,
    "30" : 44,
    "31" : 49,
    "32" : 32,
    "33" : 27,
    "34" : 31,
    "35" : 24,
    "36" : 10,
    "37" : 15,
    "38" : 12,
    "39" : 7,
    "40" : 6,
    "41" : 7,
    "42" : 6,
    "43" : 7,
    "44" : 5,
    "45" : 6,
    "46" : 5,
    "47" : 3,
    "48" : 2,
    "49" : 1,
    "50" : 3,
    "52" : 4,
    "53" : 2,
    "54" : 1,
    "55" : 1,
    "57" : 1,
    "68" : 1
  },
  "mean" : 13.055067761023096,
  "stdDev" : 6.817906076383168
}