{
  "distribution" : {
    "2" : 3,
    "3" : 46,
    "4" : 208,
    "5" : 368,
    "6" : 528,
    "7" : 722,
    "8" : 810,
    "9" : 812,
    "10" : 754,
    "11" : 748,
    "12" : 682,
    "13" : 642,
    "14" : 522,
    "15" : 486,
    "16" : 452,
    "17" : 381,
    "18" : 338,
    "19" : 288,
    "20" : 289,
    "21" : 209,
    "22" : 205,
    "23" : 187,
    "24" : 154,
    "25" : 141,
    "26" : 99,
    "27" : 69,
    "28" : 68,
    "29" : 61,
    "30" : 60,
    "31" : 52,
    "32" : 39,
    "33" : 35,
    "34" : 34,
    "35" : 27,
    "36" : 26,
    "37" : 19,
    "38" : 9,
    "39" : 15,
    "40" : 17,
    "41" : 5,
    "42" : 11,
    "43" : 6,
    "44" : 8,
    "45" : 4,
    "46" : 7,
    "47" : 4,
    "48" : 1,
    "49" : 3,
    "50" : 3,
    "51" : 1,
    "52" : 2,
    "53" : 2,
    "55" : 3,
    "57" : 2,
    "58" : 2,
    "59" : 1,
    "62" : 1
  },
  "mean" : 13.63967763096242,
  "stdDev" : 7.188619301973225
}