{
  "distribution" : {
    "2" : 1,
    "3" : 4,
    "4" : 35,
    "5" : 95,
    "6" : 167,
    "7" : 233,
    "8" : 343,
    "9" : 422,
    "10" : 476,
    "11" : 512,
    "12" : 536,
    "13" : 547,
    "14" : 522,
    "15" : 521,
    "16" : 536,
    "17" : 508,
    "18" : 433,
    "19" : 396,
    "20" : 422,
    "21" : 380,
    "22" : 335,
    "23" : 292,
    "24" : 250,
    "25" : 275,
    "26" : 204,
    "27" : 181,
    "28" : 188,
    "29" : 168,
    "30" : 142,
    "31" : 122,
    "32" : 108,
    "33" : 95,
    "34" : 91,
    "35" : 81,
    "36" : 70,
    "37" : 59,
    "38" : 58,
    "39" : 45,
    "40" : 55,
    "41" : 46,
    "42" : 42,
    "43" : 35,
    "44" : 40,
    "45" : 31,
    "46" : 17,
    "47" : 16,
    "48" : 30,
    "49" : 17,
    "50" : 15,
    "51" : 13,
    "52" : 12,
    "53" : 9,
    "54" : 13,
    "55" : 10,
    "56" : 7,
    "57" : 4,
    "58" : 3,
    "59" : 4,
    "60" : 5,
    "61" : 6,
    "62" : 5,
    "63" : 1,
    "64" : 2,
    "65" : 4,
    "66" : 2,
    "67" : 1,
    "68" : 3,
    "69" : 1,
    "70" : 3,
    "71" : 1,
    "72" : 2,
    "75" : 1,
    "76" : 1,
    "77" : 2,
    "81" : 1,
    "83" : 1,
    "89" : 1,
    "100" : 1
  },
  "mean" : 19.040228770841413,
  "stdDev" : 9.866792404174578
}