{
  "distribution" : {
    "2" : 28,
    "3" : 126,
    "4" : 330,
    "5" : 586,
    "6" : 777,
    "7" : 888,
    "8" : 959,
    "9" : 872,
    "10" : 921,
    "11" : 721,
    "12" : 667,
    "13" : 604,
    "14" : 538,
    "15" : 418,
    "16" : 398,
    "17" : 339,
    "18" : 259,
    "19" : 219,
    "20" : 199,
    "21" : 144,
    "22" : 144,
    "23" : 114,
    "24" : 96,
    "25" : 70,
    "26" : 68,
    "27" : 54,
    "28" : 41,
    "29" : 45,
    "30" : 33,
    "31" : 32,
    "32" : 15,
    "33" : 16,
    "34" : 25,
    "35" : 7,
    "36" : 12,
    "37" : 5,
    "38" : 7,
    "39" : 7,
    "40" : 7,
    "41" : 2,
    "42" : 3,
    "43" : 2,
    "44" : 6,
    "45" : 2,
    "46" : 3,
    "47" : 2,
    "48" : 5,
    "49" : 3,
    "50" : 2,
    "56" : 1,
    "58" : 1,
    "64" : 1,
    "71" : 1
  },
  "mean" : 11.870577367205543,
  "stdDev" : 6.301357205574704
}