{
  "distribution" : {
    "2" : 3,
    "3" : 44,
    "4" : 170,
    "5" : 336,
    "6" : 495,
    "7" : 660,
    "8" : 735,
    "9" : 768,
    "10" : 751,
    "11" : 736,
    "12" : 682,
    "13" : 671,
    "14" : 603,
    "15" : 460,
    "16" : 444,
    "17" : 413,
    "18" : 328,
    "19" : 291,
    "20" : 269,
    "21" : 250,
    "22" : 215,
    "23" : 173,
    "24" : 150,
    "25" : 128,
    "26" : 114,
    "27" : 100,
    "28" : 82,
    "29" : 77,
    "30" : 44,
    "31" : 45,
    "32" : 37,
    "33" : 43,
    "34" : 27,
    "35" : 30,
    "36" : 18,
    "37" : 19,
    "38" : 22,
    "39" : 10,
    "40" : 19,
    "41" : 6,
    "42" : 5,
    "43" : 10,
    "44" : 5,
    "45" : 9,
    "46" : 5,
    "47" : 10,
    "48" : 2,
    "49" : 1,
    "50" : 3,
    "51" : 7,
    "52" : 1,
    "53" : 2,
    "54" : 1,
    "55" : 2,
    "56" : 2,
    "58" : 1,
    "61" : 1,
    "64" : 1,
    "66" : 1,
    "67" : 1
  },
  "mean" : 13.936325678496868,
  "stdDev" : 7.299086947013429
}