{
  "distribution" : {
    "2" : 5,
    "3" : 19,
    "4" : 94,
    "5" : 205,
    "6" : 375,
    "7" : 482,
    "8" : 575,
    "9" : 633,
    "10" : 665,
    "11" : 687,
    "12" : 676,
    "13" : 601,
    "14" : 585,
    "15" : 516,
    "16" : 510,
    "17" : 409,
    "18" : 394,
    "19" : 376,
    "20" : 344,
    "21" : 263,
    "22" : 225,
    "23" : 218,
    "24" : 191,
    "25" : 165,
    "26" : 139,
    "27" : 143,
    "28" : 105,
    "29" : 89,
    "30" : 87,
    "31" : 59,
    "32" : 62,
    "33" : 50,
    "34" : 42,
    "35" : 32,
    "36" : 35,
    "37" : 26,
    "38" : 23,
    "39" : 28,
    "40" : 24,
    "41" : 12,
    "42" : 16,
    "43" : 14,
    "44" : 12,
    "45" : 13,
    "46" : 9,
    "47" : 14,
    "48" : 7,
    "49" : 9,
    "50" : 4,
    "51" : 1,
    "52" : 1,
    "53" : 2,
    "54" : 2,
    "55" : 2,
    "56" : 4,
    "57" : 1,
    "59" : 2,
    "60" : 1,
    "61" : 3,
    "63" : 1,
    "64" : 1,
    "69" : 1,
    "72" : 1,
    "73" : 1,
    "75" : 1
  },
  "mean" : 15.454139137193938,
  "stdDev" : 7.998781328278144
}