{
  "distribution" : {
    "4" : 9,
    "5" : 35,
    "6" : 101,
    "7" : 101,
    "8" : 189,
    "9" : 246,
    "10" : 322,
    "11" : 380,
    "12" : 431,
    "13" : 473,
    "14" : 506,
    "15" : 493,
    "16" : 461,
    "17" : 452,
    "18" : 409,
    "19" : 386,
    "20" : 420,
    "21" : 395,
    "22" : 381,
    "23" : 317,
    "24" : 304,
    "25" : 259,
    "26" : 267,
    "27" : 255,
    "28" : 230,
    "29" : 206,
    "30" : 209,
    "31" : 164,
    "32" : 171,
    "33" : 158,
    "34" : 123,
    "35" : 129,
    "36" : 92,
    "37" : 94,
    "38" : 104,
    "39" : 79,
    "40" : 73,
    "41" : 75,
    "42" : 64,
    "43" : 64,
    "44" : 61,
    "45" : 44,
    "46" : 47,
    "47" : 28,
    "48" : 37,
    "49" : 29,
    "50" : 28,
    "51" : 20,
    "52" : 26,
    "53" : 21,
    "54" : 17,
    "55" : 14,
    "56" : 14,
    "57" : 15,
    "58" : 15,
    "59" : 15,
    "60" : 6,
    "61" : 9,
    "62" : 10,
    "63" : 8,
    "64" : 9,
    "65" : 6,
    "66" : 7,
    "67" : 4,
    "68" : 4,
    "69" : 3,
    "70" : 7,
    "71" : 5,
    "72" : 3,
    "73" : 2,
    "74" : 4,
    "75" : 1,
    "76" : 2,
    "77" : 1,
    "78" : 2,
    "79" : 1,
    "80" : 2,
    "81" : 1,
    "82" : 1,
    "83" : 1,
    "84" : 1,
    "85" : 2,
    "87" : 1,
    "91" : 1,
    "92" : 1,
    "98" : 1,
    "101" : 1,
    "104" : 1
  },
  "mean" : 22.168994688176273,
  "stdDev" : 11.404349612157292
}