{
  "distribution" : {
    "1" : 35,
    "2" : 318,
    "3" : 876,
    "4" : 1225,
    "5" : 1445,
    "6" : 1370,
    "7" : 1402,
    "8" : 1152,
    "9" : 1044,
    "10" : 852,
    "11" : 715,
    "12" : 591,
    "13" : 476,
    "14" : 384,
    "15" : 329,
    "16" : 255,
    "17" : 207,
    "18" : 192,
    "19" : 134,
    "20" : 123,
    "21" : 113,
    "22" : 71,
    "23" : 71,
    "24" : 42,
    "25" : 35,
    "26" : 29,
    "27" : 23,
    "28" : 23,
    "29" : 15,
    "30" : 20,
    "31" : 11,
    "32" : 4,
    "33" : 6,
    "34" : 6,
    "35" : 11,
    "36" : 10,
    "37" : 7,
    "41" : 3,
    "42" : 1,
    "43" : 1,
    "44" : 1,
    "45" : 2,
    "46" : 1,
    "47" : 1,
    "50" : 1,
    "52" : 1,
    "54" : 1
  },
  "mean" : 8.87994132746608,
  "stdDev" : 5.290313649406759
}