{
  "distribution" : {
    "3" : 14,
    "4" : 74,
    "5" : 154,
    "6" : 225,
    "7" : 344,
    "8" : 415,
    "9" : 520,
    "10" : 541,
    "11" : 567,
    "12" : 588,
    "13" : 675,
    "14" : 569,
    "15" : 595,
    "16" : 502,
    "17" : 470,
    "18" : 439,
    "19" : 398,
    "20" : 349,
    "21" : 345,
    "22" : 320,
    "23" : 252,
    "24" : 247,
    "25" : 209,
    "26" : 178,
    "27" : 153,
    "28" : 153,
    "29" : 147,
    "30" : 117,
    "31" : 115,
    "32" : 119,
    "33" : 74,
    "34" : 60,
    "35" : 62,
    "36" : 55,
    "37" : 49,
    "38" : 42,
    "39" : 40,
    "40" : 27,
    "41" : 22,
    "42" : 23,
    "43" : 26,
    "44" : 11,
    "45" : 18,
    "46" : 13,
    "47" : 19,
    "48" : 13,
    "49" : 9,
    "50" : 11,
    "51" : 7,
    "52" : 7,
    "53" : 11,
    "55" : 6,
    "56" : 2,
    "57" : 1,
    "58" : 6,
    "59" : 2,
    "60" : 2,
    "61" : 2,
    "62" : 1,
    "63" : 2,
    "64" : 1,
    "65" : 3,
    "66" : 3,
    "67" : 1,
    "68" : 1,
    "69" : 2,
    "70" : 1,
    "72" : 1,
    "73" : 1,
    "77" : 3,
    "78" : 1,
    "80" : 1,
    "81" : 2,
    "83" : 1,
    "98" : 1
  },
  "mean" : 17.39147509578544,
  "stdDev" : 9.066174538728813
}