{
  "distribution" : {
    "2" : 3,
    "3" : 22,
    "4" : 72,
    "5" : 124,
    "6" : 250,
    "7" : 325,
    "8" : 408,
    "9" : 530,
    "10" : 627,
    "11" : 606,
    "12" : 628,
    "13" : 647,
    "14" : 579,
    "15" : 576,
    "16" : 531,
    "17" : 484,
    "18" : 490,
    "19" : 406,
    "20" : 381,
    "21" : 372,
    "22" : 307,
    "23" : 297,
    "24" : 316,
    "25" : 230,
    "26" : 230,
    "27" : 184,
    "28" : 158,
    "29" : 137,
    "30" : 124,
    "31" : 145,
    "32" : 115,
    "33" : 97,
    "34" : 109,
    "35" : 75,
    "36" : 63,
    "37" : 49,
    "38" : 52,
    "39" : 50,
    "40" : 47,
    "41" : 38,
    "42" : 35,
    "43" : 34,
    "44" : 31,
    "45" : 26,
    "46" : 17,
    "47" : 22,
    "48" : 28,
    "49" : 20,
    "50" : 12,
    "51" : 17,
    "52" : 10,
    "53" : 9,
    "54" : 10,
    "55" : 8,
    "56" : 7,
    "57" : 6,
    "58" : 9,
    "59" : 6,
    "60" : 1,
    "61" : 5,
    "62" : 2,
    "63" : 2,
    "64" : 4,
    "65" : 5,
    "66" : 1,
    "68" : 4,
    "69" : 3,
    "71" : 1,
    "72" : 1,
    "73" : 1,
    "75" : 2,
    "76" : 1,
    "77" : 1,
    "80" : 1,
    "81" : 2,
    "87" : 2,
    "127" : 1
  },
  "mean" : 18.137921823524174,
  "stdDev" : 9.806994791847103
}