{
  "distribution" : {
    "2" : 18,
    "3" : 106,
    "4" : 285,
    "5" : 469,
    "6" : 662,
    "7" : 827,
    "8" : 831,
    "9" : 907,
    "10" : 802,
    "11" : 772,
    "12" : 676,
    "13" : 622,
    "14" : 558,
    "15" : 471,
    "16" : 376,
    "17" : 357,
    "18" : 307,
    "19" : 245,
    "20" : 220,
    "21" : 192,
    "22" : 128,
    "23" : 129,
    "24" : 97,
    "25" : 107,
    "26" : 75,
    "27" : 60,
    "28" : 62,
    "29" : 62,
    "30" : 42,
    "31" : 39,
    "32" : 25,
    "33" : 28,
    "34" : 20,
    "35" : 21,
    "36" : 17,
    "37" : 11,
    "38" : 7,
    "39" : 9,
    "40" : 11,
    "41" : 3,
    "42" : 2,
    "43" : 8,
    "44" : 6,
    "45" : 5,
    "46" : 1,
    "47" : 1,
    "48" : 1,
    "49" : 2,
    "51" : 2,
    "52" : 1,
    "57" : 1,
    "64" : 1,
    "76" : 1
  },
  "mean" : 12.528068862275449,
  "stdDev" : 6.607862842600398
}