{
  "distribution" : {
    "1" : 2,
    "2" : 58,
    "3" : 280,
    "4" : 636,
    "5" : 913,
    "6" : 1098,
    "7" : 1096,
    "8" : 1060,
    "9" : 911,
    "10" : 825,
    "11" : 632,
    "12" : 573,
    "13" : 474,
    "14" : 368,
    "15" : 331,
    "16" : 277,
    "17" : 187,
    "18" : 196,
    "19" : 142,
    "20" : 124,
    "21" : 94,
    "22" : 72,
    "23" : 53,
    "24" : 45,
    "25" : 46,
    "26" : 30,
    "27" : 28,
    "28" : 14,
    "29" : 21,
    "30" : 13,
    "31" : 8,
    "32" : 11,
    "33" : 7,
    "34" : 5,
    "35" : 3,
    "36" : 1,
    "37" : 1,
    "38" : 2,
    "39" : 3,
    "40" : 2,
    "41" : 1,
    "42" : 2,
    "43" : 1,
    "45" : 2,
    "57" : 1
  },
  "mean" : 9.895858766081322,
  "stdDev" : 5.2100642666858015
}