{
  "distribution" : {
    "2" : 2,
    "3" : 21,
    "4" : 103,
    "5" : 196,
    "6" : 311,
    "7" : 478,
    "8" : 556,
    "9" : 645,
    "10" : 700,
    "11" : 668,
    "12" : 649,
    "13" : 641,
    "14" : 632,
    "15" : 550,
    "16" : 515,
    "17" : 449,
    "18" : 389,
    "19" : 355,
    "20" : 312,
    "21" : 282,
    "22" : 236,
    "23" : 203,
    "24" : 191,
    "25" : 155,
    "26" : 160,
    "27" : 112,
    "28" : 111,
    "29" : 82,
    "30" : 84,
    "31" : 75,
    "32" : 63,
    "33" : 47,
    "34" : 51,
    "35" : 46,
    "36" : 31,
    "37" : 42,
    "38" : 19,
    "39" : 29,
    "40" : 15,
    "41" : 22,
    "42" : 13,
    "43" : 17,
    "44" : 11,
    "45" : 16,
    "46" : 7,
    "47" : 6,
    "48" : 8,
    "49" : 6,
    "50" : 6,
    "51" : 8,
    "52" : 3,
    "53" : 3,
    "54" : 4,
    "55" : 4,
    "56" : 3,
    "57" : 1,
    "58" : 2,
    "59" : 2,
    "60" : 2,
    "61" : 2,
    "62" : 2,
    "63" : 2,
    "65" : 1,
    "66" : 1,
    "77" : 1
  },
  "mean" : 15.583067863693406,
  "stdDev" : 8.092069341245594
}