{
  "distribution" : {
    "2" : 1,
    "3" : 7,
    "4" : 48,
    "5" : 113,
    "6" : 254,
    "7" : 337,
    "8" : 447,
    "9" : 555,
    "10" : 604,
    "11" : 623,
    "12" : 630,
    "13" : 603,
    "14" : 627,
    "15" : 534,
    "16" : 542,
    "17" : 511,
    "18" : 422,
    "19" : 417,
    "20" : 356,
    "21" : 356,
    "22" : 314,
    "23" : 253,
    "24" : 234,
    "25" : 213,
    "26" : 211,
    "27" : 163,
    "28" : 155,
    "29" : 148,
    "30" : 141,
    "31" : 104,
    "32" : 105,
    "33" : 78,
    "34" : 99,
    "35" : 65,
    "36" : 65,
    "37" : 44,
    "38" : 44,
    "39" : 46,
    "40" : 34,
    "41" : 33,
    "42" : 31,
    "43" : 31,
    "44" : 19,
    "45" : 15,
    "46" : 23,
    "47" : 27,
    "48" : 12,
    "49" : 15,
    "50" : 14,
    "51" : 9,
    "52" : 11,
    "53" : 14,
    "54" : 2,
    "55" : 3,
    "56" : 6,
    "57" : 6,
    "58" : 9,
    "59" : 5,
    "60" : 7,
    "61" : 3,
    "63" : 5,
    "64" : 2,
    "65" : 3,
    "66" : 1,
    "68" : 2,
    "70" : 2,
    "71" : 1,
    "73" : 1,
    "75" : 1,
    "77" : 2,
    "80" : 1,
    "83" : 1,
    "84" : 1
  },
  "mean" : 17.685888550041586,
  "stdDev" : 9.386471836041363
}