{
  "distribution" : {
    "2" : 2,
    "3" : 20,
    "4" : 53,
    "5" : 154,
    "6" : 244,
    "7" : 351,
    "8" : 483,
    "9" : 573,
    "10" : 591,
    "11" : 610,
    "12" : 610,
    "13" : 604,
    "14" : 597,
    "15" : 555,
    "16" : 495,
    "17" : 494,
    "18" : 395,
    "19" : 421,
    "20" : 346,
    "21" : 330,
    "22" : 278,
    "23" : 288,
    "24" : 218,
    "25" : 222,
    "26" : 177,
    "27" : 168,
    "28" : 147,
    "29" : 114,
    "30" : 127,
    "31" : 87,
    "32" : 76,
    "33" : 69,
    "34" : 67,
    "35" : 64,
    "36" : 48,
    "37" : 45,
    "38" : 49,
    "39" : 46,
    "40" : 34,
    "41" : 32,
    "42" : 22,
    "43" : 20,
    "44" : 25,
    "45" : 12,
    "46" : 15,
    "47" : 12,
    "48" : 13,
    "49" : 8,
    "50" : 12,
    "51" : 8,
    "52" : 4,
    "53" : 10,
    "54" : 7,
    "55" : 7,
    "56" : 4,
    "57" : 3,
    "58" : 3,
    "59" : 6,
    "60" : 4,
    "61" : 1,
    "62" : 2,
    "63" : 3,
    "65" : 2,
    "68" : 1,
    "70" : 1,
    "71" : 3,
    "72" : 1,
    "74" : 1,
    "79" : 1
  },
  "mean" : 17.124630776560267,
  "stdDev" : 8.950518227100762
}