{
  "distribution" : {
    "2" : 2,
    "3" : 41,
    "4" : 107,
    "5" : 251,
    "6" : 394,
    "7" : 506,
    "8" : 642,
    "9" : 703,
    "10" : 706,
    "11" : 709,
    "12" : 644,
    "13" : 620,
    "14" : 592,
    "15" : 553,
    "16" : 493,
    "17" : 440,
    "18" : 383,
    "19" : 324,
    "20" : 282,
    "21" : 272,
    "22" : 223,
    "23" : 199,
    "24" : 179,
    "25" : 132,
    "26" : 119,
    "27" : 100,
    "28" : 86,
    "29" : 84,
    "30" : 70,
    "31" : 69,
    "32" : 56,
    "33" : 41,
    "34" : 50,
    "35" : 26,
    "36" : 27,
    "37" : 23,
    "38" : 28,
    "39" : 22,
    "40" : 15,
    "41" : 12,
    "42" : 10,
    "43" : 19,
    "44" : 11,
    "45" : 7,
    "46" : 4,
    "47" : 4,
    "48" : 4,
    "49" : 7,
    "50" : 1,
    "51" : 3,
    "52" : 7,
    "53" : 6,
    "54" : 1,
    "55" : 5,
    "56" : 3,
    "57" : 1,
    "60" : 1,
    "61" : 4,
    "75" : 1
  },
  "mean" : 14.867105772956219,
  "stdDev" : 7.7069853813009495
}