{
  "distribution" : {
    "2" : 17,
    "3" : 121,
    "4" : 321,
    "5" : 576,
    "6" : 706,
    "7" : 839,
    "8" : 935,
    "9" : 893,
    "10" : 896,
    "11" : 774,
    "12" : 725,
    "13" : 642,
    "14" : 572,
    "15" : 446,
    "16" : 401,
    "17" : 330,
    "18" : 276,
    "19" : 225,
    "20" : 185,
    "21" : 173,
    "22" : 161,
    "23" : 117,
    "24" : 105,
    "25" : 85,
    "26" : 80,
    "27" : 72,
    "28" : 49,
    "29" : 56,
    "30" : 31,
    "31" : 33,
    "32" : 34,
    "33" : 30,
    "34" : 16,
    "35" : 17,
    "36" : 10,
    "37" : 16,
    "38" : 5,
    "39" : 8,
    "40" : 4,
    "41" : 4,
    "42" : 6,
    "43" : 5,
    "44" : 2,
    "45" : 3,
    "46" : 4,
    "47" : 2,
    "48" : 1,
    "49" : 2,
    "50" : 3,
    "51" : 1,
    "52" : 1,
    "53" : 1,
    "54" : 2,
    "58" : 3,
    "59" : 1,
    "61" : 1,
    "67" : 1
  },
  "mean" : 12.221496598639456,
  "stdDev" : 6.546952124567787
}