{
  "distribution" : {
    "2" : 1,
    "3" : 47,
    "4" : 143,
    "5" : 256,
    "6" : 429,
    "7" : 593,
    "8" : 644,
    "9" : 699,
    "10" : 740,
    "11" : 751,
    "12" : 709,
    "13" : 630,
    "14" : 616,
    "15" : 543,
    "16" : 493,
    "17" : 451,
    "18" : 415,
    "19" : 386,
    "20" : 345,
    "21" : 298,
    "22" : 244,
    "23" : 202,
    "24" : 177,
    "25" : 165,
    "26" : 140,
    "27" : 136,
    "28" : 111,
    "29" : 101,
    "30" : 106,
    "31" : 72,
    "32" : 58,
    "33" : 51,
    "34" : 42,
    "35" : 45,
    "36" : 38,
    "37" : 27,
    "38" : 26,
    "39" : 25,
    "40" : 13,
    "41" : 18,
    "42" : 21,
    "43" : 13,
    "44" : 18,
    "45" : 14,
    "46" : 8,
    "47" : 8,
    "48" : 7,
    "49" : 6,
    "50" : 10,
    "51" : 2,
    "52" : 8,
    "53" : 3,
    "54" : 5,
    "55" : 5,
    "56" : 2,
    "59" : 5,
    "61" : 1,
    "65" : 1,
    "66" : 1,
    "67" : 1,
    "70" : 1,
    "71" : 1,
    "81" : 1,
    "86" : 1,
    "106" : 1
  },
  "mean" : 15.195417789757412,
  "stdDev" : 8.178768882195248
}