{
  "distribution" : {
    "2" : 27,
    "3" : 120,
    "4" : 343,
    "5" : 567,
    "6" : 710,
    "7" : 894,
    "8" : 871,
    "9" : 937,
    "10" : 810,
    "11" : 786,
    "12" : 710,
    "13" : 609,
    "14" : 487,
    "15" : 428,
    "16" : 362,
    "17" : 355,
    "18" : 273,
    "19" : 229,
    "20" : 221,
    "21" : 151,
    "22" : 133,
    "23" : 101,
    "24" : 82,
    "25" : 67,
    "26" : 79,
    "27" : 64,
    "28" : 48,
    "29" : 35,
    "30" : 30,
    "31" : 29,
    "32" : 26,
    "33" : 30,
    "34" : 15,
    "35" : 13,
    "36" : 10,
    "37" : 13,
    "38" : 7,
    "39" : 4,
    "40" : 6,
    "41" : 8,
    "42" : 3,
    "43" : 4,
    "44" : 3,
    "45" : 1,
    "46" : 3,
    "47" : 2,
    "48" : 1,
    "49" : 1,
    "50" : 1,
    "51" : 1,
    "54" : 1,
    "55" : 1,
    "59" : 1,
    "68" : 1
  },
  "mean" : 11.968919171177898,
  "stdDev" : 6.320869276804412
}