{
  "distribution" : {
    "2" : 14,
    "3" : 58,
    "4" : 169,
    "5" : 345,
    "6" : 489,
    "7" : 617,
    "8" : 664,
    "9" : 751,
    "10" : 736,
    "11" : 729,
    "12" : 654,
    "13" : 652,
    "14" : 595,
    "15" : 505,
    "16" : 412,
    "17" : 440,
    "18" : 333,
    "19" : 329,
    "20" : 296,
    "21" : 206,
    "22" : 195,
    "23" : 188,
    "24" : 161,
    "25" : 138,
    "26" : 117,
    "27" : 75,
    "28" : 85,
    "29" : 66,
    "30" : 74,
    "31" : 36,
    "32" : 41,
    "33" : 36,
    "34" : 36,
    "35" : 35,
    "36" : 17,
    "37" : 12,
    "38" : 18,
    "39" : 15,
    "40" : 15,
    "41" : 8,
    "42" : 14,
    "43" : 10,
    "44" : 7,
    "45" : 7,
    "46" : 5,
    "47" : 8,
    "48" : 3,
    "49" : 2,
    "50" : 2,
    "51" : 3,
    "52" : 1,
    "53" : 2,
    "55" : 2,
    "56" : 2,
    "57" : 1,
    "63" : 1,
    "65" : 2
  },
  "mean" : 14.021180755223309,
  "stdDev" : 7.307295041376714
}