{
  "distribution" : {
    "2" : 41,
    "3" : 203,
    "4" : 474,
    "5" : 762,
    "6" : 907,
    "7" : 974,
    "8" : 987,
    "9" : 915,
    "10" : 820,
    "11" : 680,
    "12" : 637,
    "13" : 508,
    "14" : 410,
    "15" : 380,
    "16" : 325,
    "17" : 225,
    "18" : 220,
    "19" : 173,
    "20" : 159,
    "21" : 120,
    "22" : 92,
    "23" : 61,
    "24" : 72,
    "25" : 43,
    "26" : 51,
    "27" : 34,
    "28" : 25,
    "29" : 18,
    "30" : 24,
    "31" : 13,
    "32" : 16,
    "33" : 13,
    "34" : 6,
    "35" : 4,
    "36" : 10,
    "37" : 5,
    "38" : 4,
    "39" : 4,
    "40" : 2,
    "41" : 2,
    "42" : 2,
    "45" : 1,
    "49" : 1
  },
  "mean" : 10.690300297419169,
  "stdDev" : 5.568025349308844
}