{
  "distribution" : {
    "1" : 2,
    "2" : 29,
    "3" : 144,
    "4" : 331,
    "5" : 585,
    "6" : 760,
    "7" : 824,
    "8" : 901,
    "9" : 877,
    "10" : 827,
    "11" : 739,
    "12" : 724,
    "13" : 626,
    "14" : 530,
    "15" : 452,
    "16" : 373,
    "17" : 363,
    "18" : 317,
    "19" : 241,
    "20" : 196,
    "21" : 213,
    "22" : 161,
    "23" : 122,
    "24" : 120,
    "25" : 111,
    "26" : 86,
    "27" : 56,
    "28" : 58,
    "29" : 43,
    "30" : 26,
    "31" : 27,
    "32" : 30,
    "33" : 24,
    "34" : 26,
    "35" : 20,
    "36" : 12,
    "37" : 17,
    "38" : 12,
    "39" : 7,
    "40" : 6,
    "41" : 6,
    "42" : 8,
    "43" : 8,
    "45" : 4,
    "47" : 1,
    "48" : 1,
    "49" : 1,
    "53" : 2,
    "54" : 3,
    "62" : 1,
    "73" : 1
  },
  "mean" : 12.273385199927628,
  "stdDev" : 6.583620136083723
}