{
  "distribution" : {
    "3" : 3,
    "4" : 24,
    "5" : 45,
    "6" : 111,
    "7" : 176,
    "8" : 240,
    "9" : 311,
    "10" : 384,
    "11" : 441,
    "12" : 444,
    "13" : 471,
    "14" : 521,
    "15" : 460,
    "16" : 521,
    "17" : 455,
    "18" : 457,
    "19" : 466,
    "20" : 393,
    "21" : 404,
    "22" : 357,
    "23" : 305,
    "24" : 328,
    "25" : 287,
    "26" : 248,
    "27" : 227,
    "28" : 227,
    "29" : 205,
    "30" : 167,
    "31" : 162,
    "32" : 157,
    "33" : 135,
    "34" : 139,
    "35" : 92,
    "36" : 114,
    "37" : 86,
    "38" : 67,
    "39" : 70,
    "40" : 56,
    "41" : 45,
    "42" : 52,
    "43" : 43,
    "44" : 42,
    "45" : 45,
    "46" : 36,
    "47" : 25,
    "48" : 28,
    "49" : 28,
    "50" : 21,
    "51" : 22,
    "52" : 20,
    "53" : 22,
    "54" : 20,
    "55" : 13,
    "56" : 16,
    "57" : 13,
    "58" : 10,
    "59" : 5,
    "60" : 12,
    "61" : 12,
    "62" : 7,
    "63" : 6,
    "64" : 4,
    "65" : 1,
    "66" : 4,
    "67" : 3,
    "68" : 6,
    "69" : 8,
    "70" : 1,
    "71" : 4,
    "72" : 2,
    "74" : 3,
    "76" : 1,
    "77" : 1,
    "79" : 2,
    "80" : 2,
    "81" : 1,
    "83" : 1,
    "84" : 1,
    "85" : 1,
    "86" : 1,
    "87" : 1,
    "88" : 1,
    "89" : 1,
    "93" : 2,
    "94" : 1,
    "96" : 1
  },
  "mean" : 21.06384622814643,
  "stdDev" : 10.93433045328651
}