{
  "distribution" : {
    "1" : 1,
    "2" : 40,
    "3" : 149,
    "4" : 356,
    "5" : 604,
    "6" : 751,
    "7" : 824,
    "8" : 901,
    "9" : 829,
    "10" : 831,
    "11" : 742,
    "12" : 713,
    "13" : 588,
    "14" : 578,
    "15" : 482,
    "16" : 423,
    "17" : 352,
    "18" : 325,
    "19" : 241,
    "20" : 216,
    "21" : 192,
    "22" : 167,
    "23" : 134,
    "24" : 104,
    "25" : 102,
    "26" : 90,
    "27" : 67,
    "28" : 52,
    "29" : 29,
    "30" : 37,
    "31" : 38,
    "32" : 28,
    "33" : 21,
    "34" : 12,
    "35" : 12,
    "36" : 19,
    "37" : 9,
    "38" : 16,
    "39" : 4,
    "40" : 6,
    "41" : 4,
    "42" : 4,
    "43" : 5,
    "44" : 6,
    "45" : 4,
    "46" : 2,
    "47" : 4,
    "48" : 2,
    "49" : 3,
    "52" : 2,
    "53" : 1,
    "54" : 1,
    "55" : 2,
    "58" : 1,
    "66" : 1,
    "67" : 1
  },
  "mean" : 12.261143062544932,
  "stdDev" : 6.598862879758499
}