{
  "distribution" : {
    "3" : 10,
    "4" : 34,
    "5" : 80,
    "6" : 152,
    "7" : 267,
    "8" : 379,
    "9" : 431,
    "10" : 506,
    "11" : 528,
    "12" : 581,
    "13" : 492,
    "14" : 531,
    "15" : 574,
    "16" : 549,
    "17" : 476,
    "18" : 457,
    "19" : 411,
    "20" : 371,
    "21" : 367,
    "22" : 308,
    "23" : 286,
    "24" : 262,
    "25" : 256,
    "26" : 200,
    "27" : 197,
    "28" : 144,
    "29" : 144,
    "30" : 145,
    "31" : 119,
    "32" : 105,
    "33" : 95,
    "34" : 91,
    "35" : 71,
    "36" : 60,
    "37" : 50,
    "38" : 49,
    "39" : 54,
    "40" : 47,
    "41" : 48,
    "42" : 39,
    "43" : 26,
    "44" : 35,
    "45" : 22,
    "46" : 19,
    "47" : 18,
    "48" : 13,
    "49" : 15,
    "50" : 14,
    "51" : 14,
    "52" : 20,
    "53" : 5,
    "54" : 7,
    "55" : 2,
    "56" : 4,
    "57" : 8,
    "58" : 5,
    "59" : 5,
    "60" : 3,
    "61" : 5,
    "62" : 3,
    "63" : 4,
    "64" : 1,
    "65" : 3,
    "66" : 3,
    "67" : 1,
    "68" : 2,
    "72" : 1,
    "73" : 2,
    "74" : 2,
    "75" : 1,
    "76" : 1,
    "80" : 1,
    "81" : 1,
    "92" : 1,
    "120" : 1
  },
  "mean" : 18.62360758256791,
  "stdDev" : 9.61232380461957
}