{
  "distribution" : {
    "2" : 50,
    "3" : 221,
    "4" : 492,
    "5" : 731,
    "6" : 970,
    "7" : 1010,
    "8" : 923,
    "9" : 960,
    "10" : 847,
    "11" : 740,
    "12" : 645,
    "13" : 481,
    "14" : 474,
    "15" : 382,
    "16" : 307,
    "17" : 273,
    "18" : 228,
    "19" : 191,
    "20" : 157,
    "21" : 100,
    "22" : 107,
    "23" : 69,
    "24" : 72,
    "25" : 63,
    "26" : 50,
    "27" : 37,
    "28" : 28,
    "29" : 26,
    "30" : 26,
    "31" : 18,
    "32" : 15,
    "33" : 18,
    "34" : 10,
    "35" : 5,
    "36" : 8,
    "37" : 7,
    "38" : 5,
    "39" : 4,
    "41" : 2,
    "43" : 2,
    "44" : 1,
    "45" : 1,
    "46" : 2,
    "48" : 1,
    "54" : 1
  },
  "mean" : 10.794330855018588,
  "stdDev" : 5.712736776865422
}