{
  "distribution" : {
    "2" : 5,
    "3" : 72,
    "4" : 171,
    "5" : 353,
    "6" : 536,
    "7" : 641,
    "8" : 750,
    "9" : 816,
    "10" : 771,
    "11" : 737,
    "12" : 656,
    "13" : 658,
    "14" : 559,
    "15" : 509,
    "16" : 419,
    "17" : 375,
    "18" : 335,
    "19" : 270,
    "20" : 208,
    "21" : 198,
    "22" : 197,
    "23" : 139,
    "24" : 126,
    "25" : 97,
    "26" : 88,
    "27" : 80,
    "28" : 68,
    "29" : 61,
    "30" : 58,
    "31" : 40,
    "32" : 34,
    "33" : 28,
    "34" : 17,
    "35" : 20,
    "36" : 15,
    "37" : 24,
    "38" : 10,
    "39" : 19,
    "40" : 10,
    "41" : 8,
    "42" : 3,
    "43" : 6,
    "44" : 5,
    "45" : 3,
    "46" : 7,
    "47" : 2,
    "48" : 4,
    "49" : 2,
    "50" : 1,
    "51" : 1,
    "52" : 2,
    "54" : 1,
    "56" : 1,
    "59" : 2,
    "64" : 1,
    "71" : 1
  },
  "mean" : 13.370254403131115,
  "stdDev" : 6.8962433086461905
}