{
  "distribution" : {
    "2" : 3,
    "3" : 22,
    "4" : 73,
    "5" : 164,
    "6" : 230,
    "7" : 336,
    "8" : 450,
    "9" : 515,
    "10" : 590,
    "11" : 609,
    "12" : 620,
    "13" : 563,
    "14" : 551,
    "15" : 536,
    "16" : 514,
    "17" : 458,
    "18" : 451,
    "19" : 392,
    "20" : 334,
    "21" : 298,
    "22" : 287,
    "23" : 272,
    "24" : 216,
    "25" : 208,
    "26" : 180,
    "27" : 143,
    "28" : 136,
    "29" : 114,
    "30" : 127,
    "31" : 96,
    "32" : 80,
    "33" : 47,
    "34" : 58,
    "35" : 55,
    "36" : 49,
    "37" : 60,
    "38" : 42,
    "39" : 38,
    "40" : 26,
    "41" : 25,
    "42" : 26,
    "43" : 22,
    "44" : 14,
    "45" : 14,
    "46" : 14,
    "47" : 11,
    "48" : 8,
    "49" : 9,
    "50" : 7,
    "51" : 8,
    "52" : 6,
    "53" : 5,
    "54" : 4,
    "55" : 5,
    "56" : 6,
    "57" : 1,
    "58" : 3,
    "59" : 1,
    "60" : 2,
    "61" : 1,
    "62" : 4,
    "63" : 2,
    "68" : 1,
    "70" : 1,
    "72" : 1,
    "73" : 2,
    "76" : 1,
    "81" : 1
  },
  "mean" : 16.958711076074103,
  "stdDev" : 8.71593073062889
}