{
  "distribution" : {
    "2" : 18,
    "3" : 94,
    "4" : 293,
    "5" : 514,
    "6" : 724,
    "7" : 841,
    "8" : 919,
    "9" : 848,
    "10" : 823,
    "11" : 707,
    "12" : 640,
    "13" : 626,
    "14" : 537,
    "15" : 467,
    "16" : 404,
    "17" : 293,
    "18" : 261,
    "19" : 245,
    "20" : 180,
    "21" : 187,
    "22" : 141,
    "23" : 107,
    "24" : 81,
    "25" : 94,
    "26" : 75,
    "27" : 59,
    "28" : 46,
    "29" : 47,
    "30" : 29,
    "31" : 28,
    "32" : 24,
    "33" : 15,
    "34" : 17,
    "35" : 19,
    "36" : 11,
    "37" : 12,
    "38" : 4,
    "39" : 7,
    "40" : 4,
    "41" : 4,
    "42" : 6,
    "43" : 4,
    "44" : 3,
    "45" : 3,
    "46" : 3,
    "47" : 1,
    "48" : 3,
    "49" : 1,
    "50" : 1,
    "51" : 1,
    "54" : 2,
    "71" : 1
  },
  "mean" : 12.14254344090128,
  "stdDev" : 6.340057710422069
}