{
  "distribution" : {
    "2" : 8,
    "3" : 53,
    "4" : 157,
    "5" : 285,
    "6" : 490,
    "7" : 611,
    "8" : 609,
    "9" : 787,
    "10" : 781,
    "11" : 734,
    "12" : 671,
    "13" : 642,
    "14" : 578,
    "15" : 500,
    "16" : 471,
    "17" : 407,
    "18" : 334,
    "19" : 300,
    "20" : 248,
    "21" : 239,
    "22" : 215,
    "23" : 181,
    "24" : 157,
    "25" : 136,
    "26" : 111,
    "27" : 80,
    "28" : 89,
    "29" : 67,
    "30" : 58,
    "31" : 52,
    "32" : 35,
    "33" : 44,
    "34" : 37,
    "35" : 38,
    "36" : 31,
    "37" : 21,
    "38" : 17,
    "39" : 16,
    "40" : 10,
    "41" : 12,
    "42" : 8,
    "43" : 6,
    "44" : 8,
    "45" : 5,
    "46" : 5,
    "47" : 8,
    "48" : 2,
    "49" : 1,
    "50" : 3,
    "52" : 1,
    "53" : 1,
    "54" : 5,
    "55" : 3,
    "56" : 2,
    "57" : 1,
    "60" : 1,
    "61" : 1,
    "64" : 1,
    "65" : 1
  },
  "mean" : 14.126265060240964,
  "stdDev" : 7.3412942450571075
}