{
  "distribution" : {
    "2" : 28,
    "3" : 184,
    "4" : 485,
    "5" : 707,
    "6" : 904,
    "7" : 944,
    "8" : 981,
    "9" : 894,
    "10" : 843,
    "11" : 711,
    "12" : 606,
    "13" : 563,
    "14" : 460,
    "15" : 360,
    "16" : 296,
    "17" : 270,
    "18" : 226,
    "19" : 193,
    "20" : 132,
    "21" : 127,
    "22" : 85,
    "23" : 65,
    "24" : 66,
    "25" : 54,
    "26" : 39,
    "27" : 44,
    "28" : 22,
    "29" : 27,
    "30" : 25,
    "31" : 16,
    "32" : 15,
    "33" : 8,
    "34" : 8,
    "35" : 6,
    "36" : 5,
    "37" : 6,
    "38" : 3,
    "39" : 1,
    "40" : 4,
    "42" : 3,
    "43" : 3,
    "45" : 2,
    "47" : 1,
    "48" : 1,
    "49" : 1,
    "57" : 1,
    "58" : 1
  },
  "mean" : 10.8143103779014,
  "stdDev" : 5.633869015652283
}