{
  "distribution" : {
    "3" : 6,
    "4" : 25,
    "5" : 94,
    "6" : 144,
    "7" : 225,
    "8" : 308,
    "9" : 376,
    "10" : 400,
    "11" : 528,
    "12" : 542,
    "13" : 517,
    "14" : 573,
    "15" : 552,
    "16" : 482,
    "17" : 472,
    "18" : 486,
    "19" : 396,
    "20" : 406,
    "21" : 344,
    "22" : 322,
    "23" : 295,
    "24" : 274,
    "25" : 261,
    "26" : 238,
    "27" : 205,
    "28" : 186,
    "29" : 161,
    "30" : 134,
    "31" : 130,
    "32" : 123,
    "33" : 87,
    "34" : 103,
    "35" : 92,
    "36" : 91,
    "37" : 77,
    "38" : 56,
    "39" : 46,
    "40" : 58,
    "41" : 41,
    "42" : 35,
    "43" : 38,
    "44" : 30,
    "45" : 29,
    "46" : 25,
    "47" : 30,
    "48" : 23,
    "49" : 22,
    "50" : 16,
    "51" : 19,
    "52" : 11,
    "53" : 16,
    "54" : 12,
    "55" : 10,
    "56" : 9,
    "57" : 11,
    "58" : 4,
    "59" : 4,
    "60" : 10,
    "61" : 2,
    "62" : 4,
    "63" : 2,
    "64" : 2,
    "65" : 3,
    "67" : 6,
    "68" : 3,
    "69" : 3,
    "70" : 1,
    "71" : 1,
    "73" : 3,
    "74" : 1,
    "75" : 1,
    "79" : 1,
    "81" : 1,
    "82" : 1,
    "93" : 1
  },
  "mean" : 19.45071247316026,
  "stdDev" : 10.044569345334345
}