{
  "distribution" : {
    "2" : 1,
    "3" : 13,
    "4" : 40,
    "5" : 130,
    "6" : 230,
    "7" : 303,
    "8" : 423,
    "9" : 501,
    "10" : 534,
    "11" : 592,
    "12" : 563,
    "13" : 601,
    "14" : 570,
    "15" : 566,
    "16" : 526,
    "17" : 457,
    "18" : 442,
    "19" : 392,
    "20" : 394,
    "21" : 333,
    "22" : 306,
    "23" : 305,
    "24" : 240,
    "25" : 217,
    "26" : 192,
    "27" : 177,
    "28" : 130,
    "29" : 149,
    "30" : 124,
    "31" : 116,
    "32" : 100,
    "33" : 77,
    "34" : 65,
    "35" : 89,
    "36" : 68,
    "37" : 49,
    "38" : 58,
    "39" : 38,
    "40" : 27,
    "41" : 30,
    "42" : 28,
    "43" : 28,
    "44" : 22,
    "45" : 19,
    "46" : 13,
    "47" : 20,
    "48" : 12,
    "49" : 10,
    "50" : 14,
    "51" : 11,
    "52" : 7,
    "53" : 8,
    "54" : 6,
    "55" : 8,
    "56" : 5,
    "57" : 7,
    "58" : 2,
    "59" : 3,
    "60" : 3,
    "61" : 3,
    "62" : 2,
    "64" : 2,
    "65" : 1,
    "66" : 3,
    "67" : 3,
    "69" : 1,
    "70" : 2,
    "71" : 1,
    "72" : 2,
    "73" : 1,
    "74" : 1,
    "75" : 2,
    "77" : 1,
    "80" : 1,
    "89" : 1
  },
  "mean" : 17.80433739564341,
  "stdDev" : 9.273225466459674
}