{
  "distribution" : {
    "3" : 12,
    "4" : 69,
    "5" : 150,
    "6" : 236,
    "7" : 365,
    "8" : 451,
    "9" : 547,
    "10" : 614,
    "11" : 651,
    "12" : 653,
    "13" : 612,
    "14" : 587,
    "15" : 537,
    "16" : 485,
    "17" : 456,
    "18" : 422,
    "19" : 373,
    "20" : 395,
    "21" : 301,
    "22" : 262,
    "23" : 232,
    "24" : 195,
    "25" : 175,
    "26" : 163,
    "27" : 167,
    "28" : 132,
    "29" : 121,
    "30" : 105,
    "31" : 77,
    "32" : 86,
    "33" : 66,
    "34" : 61,
    "35" : 52,
    "36" : 48,
    "37" : 46,
    "38" : 26,
    "39" : 32,
    "40" : 22,
    "41" : 23,
    "42" : 21,
    "43" : 21,
    "44" : 16,
    "45" : 12,
    "46" : 12,
    "47" : 8,
    "48" : 13,
    "49" : 9,
    "50" : 11,
    "51" : 7,
    "52" : 4,
    "53" : 6,
    "54" : 7,
    "55" : 5,
    "56" : 2,
    "57" : 1,
    "58" : 3,
    "59" : 3,
    "60" : 1,
    "61" : 4,
    "64" : 3,
    "68" : 2,
    "69" : 1,
    "70" : 1,
    "75" : 2,
    "77" : 1,
    "79" : 1
  },
  "mean" : 16.69363707776905,
  "stdDev" : 8.594685511398016
}