{
  "distribution" : {
    "2" : 2,
    "3" : 24,
    "4" : 67,
    "5" : 125,
    "6" : 265,
    "7" : 390,
    "8" : 472,
    "9" : 553,
    "10" : 582,
    "11" : 622,
    "12" : 621,
    "13" : 586,
    "14" : 557,
    "15" : 550,
    "16" : 534,
    "17" : 477,
    "18" : 456,
    "19" : 378,
    "20" : 357,
    "21" : 348,
    "22" : 308,
    "23" : 258,
    "24" : 230,
    "25" : 191,
    "26" : 194,
    "27" : 155,
    "28" : 139,
    "29" : 146,
    "30" : 123,
    "31" : 86,
    "32" : 86,
    "33" : 75,
    "34" : 67,
    "35" : 56,
    "36" : 62,
    "37" : 43,
    "38" : 44,
    "39" : 39,
    "40" : 33,
    "41" : 32,
    "42" : 22,
    "43" : 17,
    "44" : 26,
    "45" : 15,
    "46" : 15,
    "47" : 14,
    "48" : 15,
    "49" : 11,
    "50" : 14,
    "51" : 10,
    "52" : 6,
    "53" : 7,
    "54" : 7,
    "55" : 1,
    "56" : 6,
    "57" : 1,
    "59" : 5,
    "60" : 4,
    "63" : 2,
    "68" : 1,
    "69" : 1,
    "71" : 1,
    "73" : 2,
    "74" : 1,
    "75" : 1,
    "76" : 1,
    "82" : 1,
    "83" : 1,
    "94" : 1,
    "99" : 1
  },
  "mean" : 17.124158209238356,
  "stdDev" : 8.970960533180781
}