{
  "distribution" : {
    "2" : 2,
    "3" : 6,
    "4" : 32,
    "5" : 56,
    "6" : 152,
    "7" : 213,
    "8" : 315,
    "9" : 406,
    "10" : 467,
    "11" : 518,
    "12" : 531,
    "13" : 569,
    "14" : 569,
    "15" : 527,
    "16" : 500,
    "17" : 489,
    "18" : 446,
    "19" : 433,
    "20" : 380,
    "21" : 336,
    "22" : 351,
    "23" : 302,
    "24" : 290,
    "25" : 243,
    "26" : 217,
    "27" : 224,
    "28" : 197,
    "29" : 185,
    "30" : 140,
    "31" : 143,
    "32" : 122,
    "33" : 118,
    "34" : 90,
    "35" : 98,
    "36" : 90,
    "37" : 72,
    "38" : 77,
    "39" : 48,
    "40" : 51,
    "41" : 46,
    "42" : 56,
    "43" : 40,
    "44" : 39,
    "45" : 39,
    "46" : 24,
    "47" : 17,
    "48" : 20,
    "49" : 15,
    "50" : 24,
    "51" : 14,
    "52" : 15,
    "53" : 8,
    "54" : 6,
    "55" : 10,
    "56" : 10,
    "57" : 7,
    "58" : 2,
    "59" : 7,
    "60" : 6,
    "61" : 7,
    "62" : 3,
    "63" : 5,
    "64" : 1,
    "65" : 6,
    "66" : 6,
    "67" : 1,
    "69" : 1,
    "70" : 3,
    "71" : 2,
    "72" : 4,
    "74" : 2,
    "76" : 4,
    "77" : 1,
    "79" : 1,
    "80" : 1,
    "82" : 1,
    "83" : 1,
    "84" : 1,
    "93" : 1,
    "95" : 1,
    "97" : 1
  },
  "mean" : 19.57368119266055,
  "stdDev" : 10.215732759516762
}