{
  "distribution" : {
    "2" : 2,
    "3" : 18,
    "4" : 80,
    "5" : 179,
    "6" : 310,
    "7" : 401,
    "8" : 526,
    "9" : 556,
    "10" : 588,
    "11" : 619,
    "12" : 661,
    "13" : 609,
    "14" : 608,
    "15" : 540,
    "16" : 504,
    "17" : 471,
    "18" : 431,
    "19" : 385,
    "20" : 332,
    "21" : 293,
    "22" : 270,
    "23" : 257,
    "24" : 226,
    "25" : 181,
    "26" : 168,
    "27" : 141,
    "28" : 126,
    "29" : 113,
    "30" : 111,
    "31" : 93,
    "32" : 81,
    "33" : 63,
    "34" : 51,
    "35" : 50,
    "36" : 40,
    "37" : 45,
    "38" : 41,
    "39" : 38,
    "40" : 22,
    "41" : 18,
    "42" : 21,
    "43" : 20,
    "44" : 21,
    "45" : 16,
    "46" : 5,
    "47" : 10,
    "48" : 18,
    "49" : 8,
    "50" : 6,
    "51" : 9,
    "52" : 10,
    "53" : 2,
    "54" : 3,
    "55" : 4,
    "57" : 3,
    "58" : 3,
    "59" : 3,
    "60" : 2,
    "62" : 1,
    "63" : 1,
    "64" : 1,
    "65" : 1,
    "66" : 1,
    "69" : 1,
    "70" : 1,
    "73" : 1,
    "74" : 1,
    "79" : 1,
    "81" : 1
  },
  "mean" : 16.470018228916818,
  "stdDev" : 8.57849160409616
}