{
  "distribution" : {
    "2" : 3,
    "3" : 27,
    "4" : 118,
    "5" : 250,
    "6" : 383,
    "7" : 495,
    "8" : 623,
    "9" : 677,
    "10" : 716,
    "11" : 666,
    "12" : 680,
    "13" : 644,
    "14" : 553,
    "15" : 492,
    "16" : 473,
    "17" : 440,
    "18" : 396,
    "19" : 325,
    "20" : 315,
    "21" : 257,
    "22" : 231,
    "23" : 207,
    "24" : 179,
    "25" : 140,
    "26" : 133,
    "27" : 95,
    "28" : 112,
    "29" : 94,
    "30" : 84,
    "31" : 68,
    "32" : 66,
    "33" : 53,
    "34" : 34,
    "35" : 44,
    "36" : 36,
    "37" : 15,
    "38" : 18,
    "39" : 20,
    "40" : 18,
    "41" : 19,
    "42" : 13,
    "43" : 7,
    "44" : 6,
    "45" : 10,
    "46" : 6,
    "47" : 4,
    "48" : 5,
    "49" : 3,
    "50" : 5,
    "51" : 1,
    "52" : 3,
    "53" : 4,
    "54" : 5,
    "55" : 3,
    "56" : 5,
    "57" : 3,
    "59" : 2,
    "60" : 1,
    "62" : 1,
    "63" : 1,
    "72" : 1
  },
  "mean" : 15.03713063763608,
  "stdDev" : 7.78172513316057
}