{
  "distribution" : {
    "2" : 2,
    "3" : 14,
    "4" : 54,
    "5" : 156,
    "6" : 257,
    "7" : 336,
    "8" : 430,
    "9" : 550,
    "10" : 563,
    "11" : 585,
    "12" : 623,
    "13" : 650,
    "14" : 580,
    "15" : 568,
    "16" : 532,
    "17" : 503,
    "18" : 412,
    "19" : 398,
    "20" : 357,
    "21" : 349,
    "22" : 318,
    "23" : 280,
    "24" : 234,
    "25" : 209,
    "26" : 203,
    "27" : 155,
    "28" : 140,
    "29" : 129,
    "30" : 122,
    "31" : 108,
    "32" : 89,
    "33" : 82,
    "34" : 72,
    "35" : 76,
    "36" : 46,
    "37" : 46,
    "38" : 46,
    "39" : 43,
    "40" : 29,
    "41" : 19,
    "42" : 23,
    "43" : 33,
    "44" : 30,
    "45" : 23,
    "46" : 23,
    "47" : 9,
    "48" : 11,
    "49" : 14,
    "50" : 9,
    "51" : 7,
    "52" : 8,
    "53" : 9,
    "54" : 6,
    "55" : 7,
    "56" : 8,
    "57" : 4,
    "58" : 1,
    "59" : 2,
    "60" : 8,
    "61" : 5,
    "62" : 4,
    "63" : 4,
    "64" : 2,
    "65" : 1,
    "66" : 1,
    "67" : 1,
    "68" : 1,
    "69" : 2,
    "70" : 1,
    "71" : 2,
    "77" : 2,
    "81" : 1
  },
  "mean" : 17.42918979956714,
  "stdDev" : 9.16703778310841
}