{
  "distribution" : {
    "1" : 1,
    "2" : 27,
    "3" : 142,
    "4" : 371,
    "5" : 577,
    "6" : 783,
    "7" : 930,
    "8" : 960,
    "9" : 893,
    "10" : 897,
    "11" : 781,
    "12" : 693,
    "13" : 611,
    "14" : 530,
    "15" : 445,
    "16" : 409,
    "17" : 334,
    "18" : 317,
    "19" : 258,
    "20" : 192,
    "21" : 158,
    "22" : 134,
    "23" : 134,
    "24" : 107,
    "25" : 87,
    "26" : 75,
    "27" : 57,
    "28" : 64,
    "29" : 41,
    "30" : 34,
    "31" : 30,
    "32" : 19,
    "33" : 26,
    "34" : 16,
    "35" : 18,
    "36" : 12,
    "37" : 9,
    "38" : 9,
    "39" : 11,
    "40" : 5,
    "41" : 5,
    "42" : 7,
    "43" : 5,
    "44" : 4,
    "45" : 2,
    "46" : 4,
    "47" : 2,
    "48" : 3,
    "50" : 1,
    "51" : 2,
    "52" : 2,
    "54" : 2,
    "55" : 1,
    "60" : 2,
    "61" : 1,
    "71" : 1
  },
  "mean" : 12.038074904367939,
  "stdDev" : 6.5118131357579205
}