{
  "distribution" : {
    "2" : 1,
    "3" : 2,
    "4" : 39,
    "5" : 107,
    "6" : 178,
    "7" : 302,
    "8" : 383,
    "9" : 459,
    "10" : 593,
    "11" : 538,
    "12" : 589,
    "13" : 587,
    "14" : 591,
    "15" : 558,
    "16" : 505,
    "17" : 493,
    "18" : 446,
    "19" : 404,
    "20" : 407,
    "21" : 376,
    "22" : 305,
    "23" : 280,
    "24" : 255,
    "25" : 236,
    "26" : 208,
    "27" : 170,
    "28" : 167,
    "29" : 150,
    "30" : 129,
    "31" : 108,
    "32" : 115,
    "33" : 95,
    "34" : 90,
    "35" : 81,
    "36" : 61,
    "37" : 65,
    "38" : 65,
    "39" : 38,
    "40" : 47,
    "41" : 45,
    "42" : 40,
    "43" : 29,
    "44" : 31,
    "45" : 26,
    "46" : 23,
    "47" : 24,
    "48" : 27,
    "49" : 17,
    "50" : 11,
    "51" : 8,
    "52" : 9,
    "53" : 8,
    "54" : 7,
    "55" : 6,
    "56" : 7,
    "57" : 6,
    "58" : 5,
    "59" : 4,
    "60" : 2,
    "61" : 3,
    "62" : 2,
    "63" : 1,
    "64" : 3,
    "65" : 2,
    "66" : 3,
    "67" : 3,
    "68" : 3,
    "69" : 1,
    "72" : 2,
    "73" : 1,
    "74" : 1,
    "81" : 2,
    "85" : 1,
    "88" : 1,
    "91" : 1,
    "97" : 1,
    "100" : 1
  },
  "mean" : 18.400377714825307,
  "stdDev" : 9.660378867759304
}