{
  "distribution" : {
    "2" : 3,
    "3" : 13,
    "4" : 60,
    "5" : 146,
    "6" : 233,
    "7" : 314,
    "8" : 414,
    "9" : 522,
    "10" : 562,
    "11" : 613,
    "12" : 633,
    "13" : 578,
    "14" : 606,
    "15" : 522,
    "16" : 497,
    "17" : 456,
    "18" : 425,
    "19" : 410,
    "20" : 372,
    "21" : 350,
    "22" : 296,
    "23" : 232,
    "24" : 225,
    "25" : 201,
    "26" : 199,
    "27" : 158,
    "28" : 148,
    "29" : 129,
    "30" : 116,
    "31" : 89,
    "32" : 82,
    "33" : 68,
    "34" : 54,
    "35" : 53,
    "36" : 51,
    "37" : 56,
    "38" : 47,
    "39" : 51,
    "40" : 31,
    "41" : 22,
    "42" : 26,
    "43" : 23,
    "44" : 13,
    "45" : 13,
    "46" : 13,
    "47" : 11,
    "48" : 9,
    "49" : 6,
    "50" : 8,
    "51" : 5,
    "52" : 7,
    "53" : 5,
    "54" : 7,
    "55" : 7,
    "56" : 6,
    "57" : 4,
    "58" : 5,
    "59" : 3,
    "60" : 4,
    "61" : 2,
    "62" : 1,
    "63" : 2,
    "64" : 4,
    "65" : 1,
    "66" : 2,
    "67" : 1,
    "68" : 2,
    "70" : 2,
    "76" : 1,
    "88" : 1,
    "89" : 1
  },
  "mean" : 17.23211493354183,
  "stdDev" : 8.893255525703387
}