{
  "distribution" : {
    "2" : 3,
    "3" : 56,
    "4" : 162,
    "5" : 287,
    "6" : 486,
    "7" : 622,
    "8" : 740,
    "9" : 728,
    "10" : 805,
    "11" : 697,
    "12" : 705,
    "13" : 653,
    "14" : 596,
    "15" : 546,
    "16" : 469,
    "17" : 406,
    "18" : 353,
    "19" : 328,
    "20" : 261,
    "21" : 236,
    "22" : 234,
    "23" : 200,
    "24" : 160,
    "25" : 130,
    "26" : 113,
    "27" : 100,
    "28" : 93,
    "29" : 71,
    "30" : 74,
    "31" : 58,
    "32" : 45,
    "33" : 50,
    "34" : 46,
    "35" : 38,
    "36" : 29,
    "37" : 24,
    "38" : 18,
    "39" : 20,
    "40" : 19,
    "41" : 11,
    "42" : 12,
    "43" : 9,
    "44" : 9,
    "45" : 11,
    "46" : 6,
    "47" : 7,
    "48" : 5,
    "49" : 8,
    "50" : 3,
    "51" : 1,
    "53" : 4,
    "54" : 4,
    "56" : 1,
    "57" : 1,
    "59" : 1,
    "60" : 1,
    "61" : 1,
    "65" : 1,
    "77" : 1
  },
  "mean" : 14.333333333333334,
  "stdDev" : 7.585150272976131
}