{
  "distribution" : {
    "3" : 14,
    "4" : 71,
    "5" : 156,
    "6" : 290,
    "7" : 362,
    "8" : 466,
    "9" : 519,
    "10" : 597,
    "11" : 653,
    "12" : 615,
    "13" : 621,
    "14" : 606,
    "15" : 554,
    "16" : 572,
    "17" : 490,
    "18" : 433,
    "19" : 439,
    "20" : 344,
    "21" : 312,
    "22" : 299,
    "23" : 268,
    "24" : 258,
    "25" : 213,
    "26" : 185,
    "27" : 159,
    "28" : 131,
    "29" : 110,
    "30" : 101,
    "31" : 111,
    "32" : 65,
    "33" : 54,
    "34" : 75,
    "35" : 53,
    "36" : 52,
    "37" : 48,
    "38" : 44,
    "39" : 32,
    "40" : 34,
    "41" : 29,
    "42" : 21,
    "43" : 31,
    "44" : 16,
    "45" : 16,
    "46" : 13,
    "47" : 16,
    "48" : 11,
    "49" : 16,
    "50" : 12,
    "51" : 8,
    "52" : 6,
    "53" : 1,
    "54" : 3,
    "55" : 10,
    "56" : 10,
    "57" : 4,
    "58" : 2,
    "59" : 1,
    "60" : 2,
    "61" : 4,
    "63" : 2,
    "65" : 1,
    "66" : 1,
    "67" : 2,
    "68" : 3,
    "69" : 3,
    "72" : 1,
    "73" : 2,
    "76" : 1,
    "85" : 1,
    "103" : 1,
    "106" : 1
  },
  "mean" : 17.022238904006755,
  "stdDev" : 8.965481274523718
}