{
  "distribution" : {
    "3" : 5,
    "4" : 13,
    "5" : 62,
    "6" : 98,
    "7" : 196,
    "8" : 250,
    "9" : 325,
    "10" : 424,
    "11" : 464,
    "12" : 528,
    "13" : 512,
    "14" : 508,
    "15" : 532,
    "16" : 530,
    "17" : 443,
    "18" : 457,
    "19" : 462,
    "20" : 408,
    "21" : 401,
    "22" : 335,
    "23" : 330,
    "24" : 294,
    "25" : 273,
    "26" : 255,
    "27" : 234,
    "28" : 206,
    "29" : 176,
    "30" : 157,
    "31" : 131,
    "32" : 134,
    "33" : 128,
    "34" : 130,
    "35" : 100,
    "36" : 85,
    "37" : 80,
    "38" : 59,
    "39" : 70,
    "40" : 50,
    "41" : 53,
    "42" : 52,
    "43" : 46,
    "44" : 38,
    "45" : 32,
    "46" : 35,
    "47" : 33,
    "48" : 28,
    "49" : 20,
    "50" : 24,
    "51" : 16,
    "52" : 24,
    "53" : 20,
    "54" : 15,
    "55" : 11,
    "56" : 16,
    "57" : 14,
    "58" : 10,
    "59" : 7,
    "60" : 7,
    "61" : 8,
    "62" : 3,
    "63" : 7,
    "64" : 4,
    "65" : 3,
    "66" : 5,
    "67" : 4,
    "68" : 3,
    "69" : 4,
    "70" : 2,
    "71" : 1,
    "72" : 1,
    "73" : 4,
    "74" : 2,
    "75" : 4,
    "76" : 2,
    "77" : 1,
    "78" : 1,
    "79" : 2,
    "80" : 1,
    "82" : 2,
    "85" : 1,
    "86" : 2,
    "88" : 1,
    "90" : 1
  },
  "mean" : 20.52145943350936,
  "stdDev" : 10.684733287682215
}