{
  "distribution" : {
    "2" : 3,
    "3" : 22,
    "4" : 73,
    "5" : 219,
    "6" : 312,
    "7" : 444,
    "8" : 535,
    "9" : 682,
    "10" : 671,
    "11" : 632,
    "12" : 638,
    "13" : 648,
    "14" : 605,
    "15" : 583,
    "16" : 487,
    "17" : 423,
    "18" : 423,
    "19" : 357,
    "20" : 339,
    "21" : 280,
    "22" : 244,
    "23" : 212,
    "24" : 182,
    "25" : 174,
    "26" : 159,
    "27" : 110,
    "28" : 103,
    "29" : 101,
    "30" : 94,
    "31" : 76,
    "32" : 63,
    "33" : 60,
    "34" : 50,
    "35" : 39,
    "36" : 40,
    "37" : 34,
    "38" : 26,
    "39" : 23,
    "40" : 14,
    "41" : 22,
    "42" : 15,
    "43" : 18,
    "44" : 14,
    "45" : 10,
    "46" : 7,
    "47" : 14,
    "48" : 7,
    "49" : 9,
    "50" : 3,
    "51" : 1,
    "52" : 2,
    "53" : 6,
    "54" : 3,
    "55" : 2,
    "56" : 3,
    "57" : 1,
    "58" : 4,
    "59" : 2,
    "60" : 1,
    "62" : 3,
    "66" : 1,
    "67" : 1,
    "70" : 1,
    "72" : 2,
    "84" : 1,
    "90" : 1
  },
  "mean" : 15.72275982194697,
  "stdDev" : 8.154505219509048
}