{
  "distribution" : {
    "1" : 1,
    "2" : 38,
    "3" : 218,
    "4" : 465,
    "5" : 794,
    "6" : 933,
    "7" : 992,
    "8" : 986,
    "9" : 919,
    "10" : 877,
    "11" : 734,
    "12" : 646,
    "13" : 554,
    "14" : 426,
    "15" : 360,
    "16" : 347,
    "17" : 253,
    "18" : 214,
    "19" : 177,
    "20" : 137,
    "21" : 124,
    "22" : 99,
    "23" : 78,
    "24" : 72,
    "25" : 55,
    "26" : 48,
    "27" : 42,
    "28" : 34,
    "29" : 25,
    "30" : 12,
    "31" : 22,
    "32" : 9,
    "33" : 9,
    "34" : 10,
    "35" : 8,
    "36" : 3,
    "37" : 5,
    "38" : 4,
    "39" : 5,
    "40" : 3,
    "41" : 2,
    "42" : 3,
    "45" : 2,
    "46" : 2,
    "47" : 1,
    "48" : 2,
    "50" : 1,
    "52" : 1,
    "54" : 1,
    "60" : 1
  },
  "mean" : 10.761205132973776,
  "stdDev" : 5.693729877368591
}