{
  "distribution" : {
    "3" : 3,
    "4" : 10,
    "5" : 38,
    "6" : 65,
    "7" : 129,
    "8" : 231,
    "9" : 280,
    "10" : 315,
    "11" : 366,
    "12" : 443,
    "13" : 483,
    "14" : 469,
    "15" : 480,
    "16" : 470,
    "17" : 523,
    "18" : 408,
    "19" : 399,
    "20" : 418,
    "21" : 402,
    "22" : 369,
    "23" : 365,
    "24" : 330,
    "25" : 251,
    "26" : 287,
    "27" : 251,
    "28" : 229,
    "29" : 202,
    "30" : 182,
    "31" : 164,
    "32" : 183,
    "33" : 163,
    "34" : 136,
    "35" : 103,
    "36" : 106,
    "37" : 103,
    "38" : 79,
    "39" : 62,
    "40" : 77,
    "41" : 62,
    "42" : 57,
    "43" : 61,
    "44" : 39,
    "45" : 42,
    "46" : 43,
    "47" : 33,
    "48" : 32,
    "49" : 38,
    "50" : 19,
    "51" : 35,
    "52" : 23,
    "53" : 19,
    "54" : 17,
    "55" : 25,
    "56" : 12,
    "57" : 13,
    "58" : 11,
    "59" : 9,
    "60" : 11,
    "61" : 13,
    "62" : 8,
    "63" : 4,
    "64" : 10,
    "65" : 5,
    "66" : 8,
    "67" : 7,
    "68" : 3,
    "69" : 4,
    "70" : 5,
    "71" : 1,
    "72" : 5,
    "73" : 5,
    "74" : 2,
    "75" : 1,
    "76" : 2,
    "77" : 2,
    "78" : 3,
    "79" : 1,
    "81" : 2,
    "82" : 1,
    "84" : 3,
    "86" : 1,
    "89" : 2,
    "90" : 1,
    "97" : 1,
    "105" : 2,
    "107" : 2
  },
  "mean" : 21.970425138632162,
  "stdDev" : 11.363678894586844
}