{
  "distribution" : {
    "2" : 4,
    "3" : 55,
    "4" : 190,
    "5" : 398,
    "6" : 557,
    "7" : 680,
    "8" : 772,
    "9" : 818,
    "10" : 803,
    "11" : 742,
    "12" : 737,
    "13" : 665,
    "14" : 553,
    "15" : 491,
    "16" : 414,
    "17" : 390,
    "18" : 298,
    "19" : 310,
    "20" : 259,
    "21" : 226,
    "22" : 178,
    "23" : 150,
    "24" : 164,
    "25" : 118,
    "26" : 96,
    "27" : 85,
    "28" : 78,
    "29" : 70,
    "30" : 46,
    "31" : 54,
    "32" : 51,
    "33" : 29,
    "34" : 28,
    "35" : 23,
    "36" : 30,
    "37" : 17,
    "38" : 14,
    "39" : 9,
    "40" : 12,
    "41" : 10,
    "42" : 11,
    "43" : 4,
    "44" : 9,
    "45" : 9,
    "46" : 3,
    "47" : 5,
    "48" : 3,
    "49" : 1,
    "50" : 1,
    "51" : 2,
    "52" : 3,
    "53" : 2,
    "54" : 1,
    "55" : 2,
    "59" : 1,
    "61" : 1,
    "66" : 1,
    "70" : 1
  },
  "mean" : 13.549138899288655,
  "stdDev" : 7.145007218667702
}