{
  "distribution" : {
    "2" : 11,
    "3" : 77,
    "4" : 222,
    "5" : 440,
    "6" : 653,
    "7" : 777,
    "8" : 772,
    "9" : 836,
    "10" : 824,
    "11" : 761,
    "12" : 686,
    "13" : 571,
    "14" : 525,
    "15" : 452,
    "16" : 409,
    "17" : 361,
    "18" : 312,
    "19" : 270,
    "20" : 198,
    "21" : 201,
    "22" : 147,
    "23" : 137,
    "24" : 98,
    "25" : 78,
    "26" : 79,
    "27" : 69,
    "28" : 43,
    "29" : 45,
    "30" : 45,
    "31" : 43,
    "32" : 32,
    "33" : 26,
    "34" : 16,
    "35" : 25,
    "36" : 8,
    "37" : 10,
    "38" : 11,
    "39" : 10,
    "40" : 8,
    "41" : 5,
    "42" : 2,
    "43" : 6,
    "44" : 3,
    "46" : 2,
    "47" : 1,
    "48" : 4,
    "50" : 2,
    "52" : 1,
    "53" : 1,
    "54" : 1,
    "55" : 1,
    "57" : 1,
    "58" : 2,
    "60" : 1,
    "61" : 1
  },
  "mean" : 12.681941484208487,
  "stdDev" : 6.573567003548831
}