{
  "distribution" : {
    "3" : 9,
    "4" : 15,
    "5" : 62,
    "6" : 109,
    "7" : 214,
    "8" : 329,
    "9" : 362,
    "10" : 438,
    "11" : 504,
    "12" : 534,
    "13" : 518,
    "14" : 567,
    "15" : 561,
    "16" : 532,
    "17" : 489,
    "18" : 460,
    "19" : 437,
    "20" : 404,
    "21" : 374,
    "22" : 377,
    "23" : 310,
    "24" : 287,
    "25" : 256,
    "26" : 233,
    "27" : 213,
    "28" : 210,
    "29" : 182,
    "30" : 162,
    "31" : 167,
    "32" : 135,
    "33" : 124,
    "34" : 124,
    "35" : 94,
    "36" : 101,
    "37" : 88,
    "38" : 72,
    "39" : 75,
    "40" : 62,
    "41" : 54,
    "42" : 51,
    "43" : 36,
    "44" : 34,
    "45" : 45,
    "46" : 24,
    "47" : 26,
    "48" : 28,
    "49" : 30,
    "50" : 24,
    "51" : 12,
    "52" : 14,
    "53" : 14,
    "54" : 20,
    "55" : 10,
    "56" : 11,
    "57" : 13,
    "58" : 14,
    "59" : 6,
    "60" : 8,
    "61" : 9,
    "62" : 5,
    "63" : 4,
    "64" : 8,
    "65" : 5,
    "66" : 3,
    "67" : 1,
    "68" : 4,
    "69" : 3,
    "70" : 1,
    "71" : 1,
    "72" : 1,
    "73" : 1,
    "74" : 1,
    "75" : 1,
    "77" : 2,
    "80" : 1,
    "84" : 2,
    "85" : 3,
    "86" : 1,
    "87" : 2,
    "88" : 1,
    "90" : 1,
    "91" : 1,
    "93" : 1,
    "94" : 1,
    "105" : 2
  },
  "mean" : 20.228984156570363,
  "stdDev" : 10.690846177745108
}