{
  "distribution" : {
    "2" : 18,
    "3" : 134,
    "4" : 319,
    "5" : 548,
    "6" : 709,
    "7" : 808,
    "8" : 884,
    "9" : 892,
    "10" : 862,
    "11" : 799,
    "12" : 706,
    "13" : 608,
    "14" : 573,
    "15" : 477,
    "16" : 408,
    "17" : 370,
    "18" : 319,
    "19" : 274,
    "20" : 210,
    "21" : 178,
    "22" : 164,
    "23" : 153,
    "24" : 113,
    "25" : 103,
    "26" : 81,
    "27" : 87,
    "28" : 67,
    "29" : 60,
    "30" : 42,
    "31" : 37,
    "32" : 35,
    "33" : 23,
    "34" : 24,
    "35" : 29,
    "36" : 16,
    "37" : 17,
    "38" : 10,
    "39" : 5,
    "40" : 6,
    "41" : 9,
    "42" : 6,
    "43" : 4,
    "44" : 5,
    "45" : 6,
    "47" : 3,
    "48" : 5,
    "50" : 1,
    "51" : 1,
    "52" : 1,
    "53" : 3,
    "56" : 1,
    "59" : 1,
    "61" : 1,
    "64" : 1,
    "80" : 1
  },
  "mean" : 12.574485156458946,
  "stdDev" : 6.794282137364166
}