{
  "distribution" : {
    "2" : 1,
    "3" : 12,
    "4" : 53,
    "5" : 114,
    "6" : 195,
    "7" : 274,
    "8" : 342,
    "9" : 442,
    "10" : 505,
    "11" : 485,
    "12" : 516,
    "13" : 592,
    "14" : 566,
    "15" : 571,
    "16" : 518,
    "17" : 528,
    "18" : 446,
    "19" : 411,
    "20" : 376,
    "21" : 348,
    "22" : 309,
    "23" : 261,
    "24" : 271,
    "25" : 227,
    "26" : 199,
    "27" : 195,
    "28" : 160,
    "29" : 147,
    "30" : 123,
    "31" : 111,
    "32" : 91,
    "33" : 101,
    "34" : 66,
    "35" : 77,
    "36" : 65,
    "37" : 58,
    "38" : 58,
    "39" : 51,
    "40" : 33,
    "41" : 39,
    "42" : 33,
    "43" : 44,
    "44" : 25,
    "45" : 24,
    "46" : 13,
    "47" : 17,
    "48" : 13,
    "49" : 15,
    "50" : 15,
    "51" : 8,
    "52" : 11,
    "53" : 8,
    "54" : 7,
    "55" : 3,
    "56" : 7,
    "57" : 4,
    "58" : 4,
    "59" : 3,
    "60" : 2,
    "61" : 3,
    "62" : 1,
    "63" : 4,
    "64" : 2,
    "65" : 1,
    "66" : 2,
    "67" : 1,
    "68" : 4,
    "69" : 2,
    "72" : 2,
    "75" : 1,
    "76" : 1,
    "77" : 1,
    "80" : 2,
    "83" : 1,
    "86" : 1,
    "104" : 1
  },
  "mean" : 18.346082363298446,
  "stdDev" : 9.464199814325529
}