{
  "distribution" : {
    "3" : 10,
    "4" : 26,
    "5" : 58,
    "6" : 122,
    "7" : 205,
    "8" : 253,
    "9" : 356,
    "10" : 404,
    "11" : 461,
    "12" : 509,
    "13" : 510,
    "14" : 543,
    "15" : 524,
    "16" : 533,
    "17" : 485,
    "18" : 480,
    "19" : 432,
    "20" : 391,
    "21" : 369,
    "22" : 361,
    "23" : 363,
    "24" : 282,
    "25" : 241,
    "26" : 246,
    "27" : 238,
    "28" : 200,
    "29" : 170,
    "30" : 184,
    "31" : 151,
    "32" : 112,
    "33" : 110,
    "34" : 103,
    "35" : 85,
    "36" : 77,
    "37" : 70,
    "38" : 70,
    "39" : 59,
    "40" : 57,
    "41" : 45,
    "42" : 46,
    "43" : 43,
    "44" : 43,
    "45" : 34,
    "46" : 25,
    "47" : 27,
    "48" : 35,
    "49" : 30,
    "50" : 16,
    "51" : 18,
    "52" : 24,
    "53" : 17,
    "54" : 22,
    "55" : 11,
    "56" : 6,
    "57" : 6,
    "58" : 8,
    "59" : 9,
    "60" : 7,
    "61" : 2,
    "62" : 4,
    "63" : 3,
    "64" : 6,
    "65" : 2,
    "66" : 9,
    "67" : 5,
    "68" : 4,
    "70" : 1,
    "71" : 2,
    "72" : 3,
    "73" : 1,
    "74" : 2,
    "75" : 1,
    "76" : 1,
    "77" : 1,
    "78" : 1,
    "80" : 1,
    "81" : 3,
    "86" : 1,
    "91" : 1,
    "99" : 1,
    "100" : 1,
    "117" : 1
  },
  "mean" : 20.200982753637152,
  "stdDev" : 10.500102092649028
}