{
  "distribution" : {
    "2" : 2,
    "3" : 1,
    "4" : 21,
    "5" : 63,
    "6" : 122,
    "7" : 176,
    "8" : 275,
    "9" : 388,
    "10" : 442,
    "11" : 482,
    "12" : 513,
    "13" : 555,
    "14" : 521,
    "15" : 538,
    "16" : 487,
    "17" : 445,
    "18" : 461,
    "19" : 451,
    "20" : 414,
    "21" : 412,
    "22" : 367,
    "23" : 296,
    "24" : 275,
    "25" : 272,
    "26" : 267,
    "27" : 229,
    "28" : 213,
    "29" : 205,
    "30" : 173,
    "31" : 161,
    "32" : 139,
    "33" : 128,
    "34" : 131,
    "35" : 107,
    "36" : 82,
    "37" : 91,
    "38" : 67,
    "39" : 52,
    "40" : 69,
    "41" : 49,
    "42" : 38,
    "43" : 48,
    "44" : 40,
    "45" : 34,
    "46" : 29,
    "47" : 36,
    "48" : 20,
    "49" : 26,
    "50" : 24,
    "51" : 20,
    "52" : 15,
    "53" : 8,
    "54" : 17,
    "55" : 15,
    "56" : 16,
    "57" : 11,
    "58" : 10,
    "59" : 8,
    "60" : 4,
    "61" : 11,
    "62" : 9,
    "63" : 9,
    "64" : 3,
    "65" : 6,
    "66" : 8,
    "67" : 3,
    "68" : 4,
    "69" : 2,
    "70" : 4,
    "71" : 4,
    "72" : 8,
    "73" : 1,
    "75" : 1,
    "76" : 1,
    "77" : 2,
    "78" : 1,
    "79" : 2,
    "80" : 1,
    "81" : 1,
    "82" : 3,
    "83" : 1,
    "87" : 1,
    "90" : 1,
    "100" : 1
  },
  "mean" : 20.46530190628228,
  "stdDev" : 10.77438103677502
}