{
  "distribution" : {
    "2" : 3,
    "3" : 14,
    "4" : 61,
    "5" : 158,
    "6" : 272,
    "7" : 398,
    "8" : 496,
    "9" : 594,
    "10" : 595,
    "11" : 598,
    "12" : 626,
    "13" : 616,
    "14" : 596,
    "15" : 564,
    "16" : 497,
    "17" : 526,
    "18" : 427,
    "19" : 381,
    "20" : 359,
    "21" : 323,
    "22" : 278,
    "23" : 263,
    "24" : 206,
    "25" : 181,
    "26" : 184,
    "27" : 174,
    "28" : 139,
    "29" : 99,
    "30" : 91,
    "31" : 90,
    "32" : 65,
    "33" : 61,
    "34" : 58,
    "35" : 67,
    "36" : 46,
    "37" : 46,
    "38" : 34,
    "39" : 31,
    "40" : 30,
    "41" : 22,
    "42" : 23,
    "43" : 19,
    "44" : 19,
    "45" : 12,
    "46" : 17,
    "47" : 11,
    "48" : 9,
    "49" : 12,
    "50" : 7,
    "51" : 6,
    "52" : 7,
    "53" : 5,
    "54" : 7,
    "55" : 4,
    "56" : 3,
    "57" : 2,
    "58" : 6,
    "59" : 3,
    "60" : 1,
    "61" : 3,
    "62" : 4,
    "63" : 3,
    "65" : 1,
    "67" : 1,
    "70" : 1,
    "72" : 1,
    "76" : 1,
    "79" : 2,
    "85" : 2
  },
  "mean" : 16.704330369945513,
  "stdDev" : 8.71671486039233
}