{
  "distribution" : {
    "2" : 17,
    "3" : 132,
    "4" : 359,
    "5" : 605,
    "6" : 813,
    "7" : 943,
    "8" : 982,
    "9" : 904,
    "10" : 812,
    "11" : 764,
    "12" : 691,
    "13" : 597,
    "14" : 518,
    "15" : 400,
    "16" : 368,
    "17" : 274,
    "18" : 252,
    "19" : 214,
    "20" : 174,
    "21" : 141,
    "22" : 125,
    "23" : 107,
    "24" : 73,
    "25" : 82,
    "26" : 71,
    "27" : 53,
    "28" : 49,
    "29" : 36,
    "30" : 34,
    "31" : 16,
    "32" : 25,
    "33" : 9,
    "34" : 14,
    "35" : 11,
    "36" : 11,
    "37" : 7,
    "38" : 10,
    "39" : 7,
    "40" : 5,
    "41" : 3,
    "42" : 1,
    "43" : 3,
    "44" : 6,
    "45" : 2,
    "46" : 4,
    "47" : 1,
    "48" : 1,
    "49" : 2,
    "50" : 1,
    "51" : 1,
    "52" : 1,
    "56" : 1
  },
  "mean" : 11.619642191576594,
  "stdDev" : 6.141509731213236
}