{
  "distribution" : {
    "1" : 11,
    "2" : 62,
    "3" : 240,
    "4" : 527,
    "5" : 774,
    "6" : 957,
    "7" : 1024,
    "8" : 1010,
    "9" : 911,
    "10" : 876,
    "11" : 704,
    "12" : 624,
    "13" : 540,
    "14" : 452,
    "15" : 375,
    "16" : 320,
    "17" : 248,
    "18" : 238,
    "19" : 184,
    "20" : 134,
    "21" : 126,
    "22" : 81,
    "23" : 84,
    "24" : 69,
    "25" : 46,
    "26" : 41,
    "27" : 39,
    "28" : 24,
    "29" : 25,
    "30" : 17,
    "31" : 20,
    "32" : 14,
    "33" : 11,
    "34" : 5,
    "35" : 12,
    "36" : 4,
    "37" : 3,
    "38" : 6,
    "39" : 3,
    "41" : 3,
    "42" : 1,
    "43" : 1,
    "44" : 3,
    "45" : 2,
    "46" : 1,
    "47" : 3,
    "51" : 1,
    "52" : 1
  },
  "mean" : 10.62135028092475,
  "stdDev" : 5.646540235968513
}