{
  "distribution" : {
    "2" : 9,
    "3" : 61,
    "4" : 227,
    "5" : 406,
    "6" : 579,
    "7" : 714,
    "8" : 817,
    "9" : 817,
    "10" : 858,
    "11" : 780,
    "12" : 671,
    "13" : 631,
    "14" : 576,
    "15" : 515,
    "16" : 439,
    "17" : 402,
    "18" : 299,
    "19" : 290,
    "20" : 264,
    "21" : 229,
    "22" : 164,
    "23" : 138,
    "24" : 142,
    "25" : 105,
    "26" : 96,
    "27" : 62,
    "28" : 62,
    "29" : 52,
    "30" : 53,
    "31" : 34,
    "32" : 39,
    "33" : 33,
    "34" : 33,
    "35" : 21,
    "36" : 23,
    "37" : 13,
    "38" : 17,
    "39" : 15,
    "40" : 15,
    "41" : 5,
    "42" : 5,
    "43" : 9,
    "44" : 2,
    "45" : 5,
    "46" : 2,
    "47" : 2,
    "48" : 5,
    "49" : 3,
    "50" : 1,
    "51" : 2,
    "52" : 2,
    "53" : 3,
    "55" : 2,
    "57" : 1,
    "58" : 1,
    "63" : 1,
    "64" : 1,
    "67" : 2,
    "71" : 1,
    "72" : 1
  },
  "mean" : 13.245514548665986,
  "stdDev" : 7.008777608283864
}