{
  "distribution" : {
    "3" : 3,
    "4" : 18,
    "5" : 31,
    "6" : 76,
    "7" : 126,
    "8" : 233,
    "9" : 307,
    "10" : 365,
    "11" : 416,
    "12" : 454,
    "13" : 474,
    "14" : 489,
    "15" : 465,
    "16" : 457,
    "17" : 469,
    "18" : 432,
    "19" : 434,
    "20" : 387,
    "21" : 405,
    "22" : 349,
    "23" : 319,
    "24" : 299,
    "25" : 269,
    "26" : 252,
    "27" : 217,
    "28" : 205,
    "29" : 168,
    "30" : 165,
    "31" : 180,
    "32" : 183,
    "33" : 142,
    "34" : 109,
    "35" : 124,
    "36" : 95,
    "37" : 97,
    "38" : 75,
    "39" : 68,
    "40" : 76,
    "41" : 54,
    "42" : 59,
    "43" : 50,
    "44" : 43,
    "45" : 42,
    "46" : 34,
    "47" : 30,
    "48" : 19,
    "49" : 22,
    "50" : 18,
    "51" : 15,
    "52" : 17,
    "53" : 7,
    "54" : 16,
    "55" : 9,
    "56" : 11,
    "57" : 11,
    "58" : 4,
    "59" : 8,
    "60" : 6,
    "61" : 12,
    "62" : 6,
    "63" : 3,
    "64" : 3,
    "65" : 4,
    "66" : 4,
    "67" : 2,
    "68" : 6,
    "69" : 6,
    "70" : 2,
    "71" : 2,
    "72" : 1,
    "73" : 1,
    "74" : 1,
    "75" : 2,
    "76" : 1,
    "77" : 2,
    "78" : 1,
    "80" : 2,
    "82" : 2,
    "84" : 1,
    "86" : 1,
    "87" : 3,
    "88" : 1,
    "89" : 1,
    "90" : 1,
    "92" : 1,
    "96" : 1,
    "99" : 1,
    "103" : 1,
    "115" : 1
  },
  "mean" : 21.198217147435898,
  "stdDev" : 10.806599985751806
}