{
  "distribution" : {
    "2" : 25,
    "3" : 119,
    "4" : 349,
    "5" : 585,
    "6" : 774,
    "7" : 897,
    "8" : 912,
    "9" : 944,
    "10" : 878,
    "11" : 698,
    "12" : 635,
    "13" : 621,
    "14" : 508,
    "15" : 413,
    "16" : 403,
    "17" : 310,
    "18" : 275,
    "19" : 229,
    "20" : 189,
    "21" : 148,
    "22" : 129,
    "23" : 94,
    "24" : 101,
    "25" : 81,
    "26" : 70,
    "27" : 44,
    "28" : 55,
    "29" : 45,
    "30" : 27,
    "31" : 21,
    "32" : 26,
    "33" : 19,
    "34" : 14,
    "35" : 13,
    "36" : 8,
    "37" : 12,
    "38" : 7,
    "39" : 6,
    "40" : 2,
    "41" : 1,
    "42" : 5,
    "43" : 1,
    "44" : 1,
    "45" : 1,
    "46" : 2,
    "47" : 4,
    "48" : 3,
    "49" : 2,
    "51" : 2,
    "52" : 1,
    "60" : 1,
    "65" : 1,
    "74" : 1
  },
  "mean" : 11.81207991038088,
  "stdDev" : 6.237516460989906
}