{
  "distribution" : {
    "2" : 1,
    "3" : 11,
    "4" : 52,
    "5" : 148,
    "6" : 250,
    "7" : 387,
    "8" : 466,
    "9" : 536,
    "10" : 578,
    "11" : 603,
    "12" : 640,
    "13" : 642,
    "14" : 567,
    "15" : 556,
    "16" : 462,
    "17" : 447,
    "18" : 468,
    "19" : 391,
    "20" : 377,
    "21" : 314,
    "22" : 313,
    "23" : 259,
    "24" : 206,
    "25" : 186,
    "26" : 187,
    "27" : 159,
    "28" : 157,
    "29" : 125,
    "30" : 91,
    "31" : 82,
    "32" : 83,
    "33" : 76,
    "34" : 60,
    "35" : 68,
    "36" : 59,
    "37" : 45,
    "38" : 35,
    "39" : 44,
    "40" : 36,
    "41" : 27,
    "42" : 19,
    "43" : 22,
    "44" : 10,
    "45" : 12,
    "46" : 22,
    "47" : 11,
    "48" : 11,
    "49" : 11,
    "50" : 8,
    "51" : 10,
    "52" : 2,
    "53" : 3,
    "54" : 8,
    "55" : 3,
    "56" : 5,
    "57" : 1,
    "58" : 4,
    "59" : 8,
    "60" : 4,
    "61" : 2,
    "64" : 3,
    "65" : 1,
    "67" : 1,
    "68" : 2,
    "71" : 1,
    "79" : 1,
    "84" : 1,
    "86" : 1,
    "107" : 1
  },
  "mean" : 17.016952417645925,
  "stdDev" : 8.84646798431794
}