{
  "distribution" : {
    "1" : 2,
    "2" : 114,
    "3" : 469,
    "4" : 817,
    "5" : 1052,
    "6" : 1197,
    "7" : 1142,
    "8" : 1082,
    "9" : 962,
    "10" : 754,
    "11" : 617,
    "12" : 511,
    "13" : 422,
    "14" : 337,
    "15" : 286,
    "16" : 209,
    "17" : 170,
    "18" : 149,
    "19" : 110,
    "20" : 96,
    "21" : 58,
    "22" : 51,
    "23" : 59,
    "24" : 30,
    "25" : 25,
    "26" : 20,
    "27" : 23,
    "28" : 14,
    "29" : 9,
    "30" : 5,
    "31" : 6,
    "32" : 4,
    "33" : 5,
    "34" : 5,
    "35" : 2,
    "36" : 2,
    "37" : 1,
    "39" : 2,
    "40" : 3,
    "41" : 3
  },
  "mean" : 9.114919168591223,
  "stdDev" : 4.838342339296352
}