{
  "distribution" : {
    "2" : 1,
    "3" : 6,
    "4" : 16,
    "5" : 49,
    "6" : 111,
    "7" : 184,
    "8" : 265,
    "9" : 316,
    "10" : 453,
    "11" : 416,
    "12" : 500,
    "13" : 529,
    "14" : 491,
    "15" : 504,
    "16" : 486,
    "17" : 453,
    "18" : 453,
    "19" : 444,
    "20" : 399,
    "21" : 401,
    "22" : 354,
    "23" : 355,
    "24" : 300,
    "25" : 269,
    "26" : 240,
    "27" : 224,
    "28" : 203,
    "29" : 199,
    "30" : 169,
    "31" : 155,
    "32" : 146,
    "33" : 151,
    "34" : 113,
    "35" : 122,
    "36" : 100,
    "37" : 78,
    "38" : 78,
    "39" : 64,
    "40" : 66,
    "41" : 69,
    "42" : 54,
    "43" : 49,
    "44" : 34,
    "45" : 44,
    "46" : 34,
    "47" : 28,
    "48" : 18,
    "49" : 27,
    "50" : 19,
    "51" : 21,
    "52" : 21,
    "53" : 17,
    "54" : 23,
    "55" : 14,
    "56" : 8,
    "57" : 15,
    "58" : 7,
    "59" : 4,
    "60" : 5,
    "61" : 7,
    "62" : 4,
    "63" : 6,
    "64" : 10,
    "65" : 5,
    "66" : 5,
    "67" : 4,
    "68" : 6,
    "69" : 5,
    "70" : 1,
    "71" : 4,
    "73" : 4,
    "74" : 1,
    "75" : 2,
    "76" : 1,
    "77" : 1,
    "78" : 1,
    "79" : 3,
    "81" : 1,
    "84" : 1,
    "85" : 1,
    "87" : 2,
    "90" : 1,
    "91" : 3,
    "101" : 1
  },
  "mean" : 20.814425100440022,
  "stdDev" : 10.857424570112867
}