{
  "distribution" : {
    "1" : 26,
    "2" : 239,
    "3" : 620,
    "4" : 955,
    "5" : 1173,
    "6" : 1202,
    "7" : 1236,
    "8" : 1173,
    "9" : 1000,
    "10" : 872,
    "11" : 753,
    "12" : 658,
    "13" : 524,
    "14" : 468,
    "15" : 363,
    "16" : 309,
    "17" : 265,
    "18" : 202,
    "19" : 179,
    "20" : 146,
    "21" : 144,
    "22" : 87,
    "23" : 76,
    "24" : 64,
    "25" : 64,
    "26" : 41,
    "27" : 37,
    "28" : 26,
    "29" : 25,
    "30" : 13,
    "31" : 16,
    "32" : 11,
    "33" : 10,
    "34" : 19,
    "35" : 7,
    "36" : 6,
    "37" : 3,
    "38" : 5,
    "39" : 8,
    "40" : 4,
    "41" : 2,
    "42" : 1,
    "43" : 2,
    "44" : 1,
    "46" : 1,
    "47" : 2,
    "49" : 1,
    "50" : 1
  },
  "mean" : 9.715644171779141,
  "stdDev" : 5.66041610647349
}