{
  "distribution" : {
    "3" : 21,
    "4" : 80,
    "5" : 185,
    "6" : 315,
    "7" : 410,
    "8" : 545,
    "9" : 583,
    "10" : 671,
    "11" : 707,
    "12" : 629,
    "13" : 636,
    "14" : 575,
    "15" : 581,
    "16" : 517,
    "17" : 466,
    "18" : 432,
    "19" : 402,
    "20" : 362,
    "21" : 322,
    "22" : 291,
    "23" : 216,
    "24" : 226,
    "25" : 194,
    "26" : 179,
    "27" : 157,
    "28" : 135,
    "29" : 113,
    "30" : 103,
    "31" : 98,
    "32" : 87,
    "33" : 65,
    "34" : 63,
    "35" : 67,
    "36" : 46,
    "37" : 56,
    "38" : 42,
    "39" : 32,
    "40" : 27,
    "41" : 27,
    "42" : 21,
    "43" : 15,
    "44" : 13,
    "45" : 18,
    "46" : 19,
    "47" : 14,
    "48" : 10,
    "49" : 10,
    "50" : 6,
    "51" : 10,
    "52" : 12,
    "53" : 6,
    "54" : 4,
    "55" : 8,
    "57" : 4,
    "58" : 2,
    "59" : 2,
    "60" : 3,
    "61" : 3,
    "62" : 1,
    "63" : 2,
    "65" : 2,
    "67" : 3,
    "68" : 2,
    "69" : 1,
    "70" : 1,
    "73" : 1,
    "75" : 1,
    "77" : 1,
    "80" : 1
  },
  "mean" : 16.575467354268348,
  "stdDev" : 8.81235853603846
}