{
  "distribution" : {
    "2" : 1,
    "3" : 15,
    "4" : 53,
    "5" : 133,
    "6" : 232,
    "7" : 364,
    "8" : 456,
    "9" : 556,
    "10" : 559,
    "11" : 617,
    "12" : 638,
    "13" : 568,
    "14" : 607,
    "15" : 552,
    "16" : 459,
    "17" : 504,
    "18" : 424,
    "19" : 375,
    "20" : 344,
    "21" : 334,
    "22" : 250,
    "23" : 254,
    "24" : 226,
    "25" : 206,
    "26" : 185,
    "27" : 163,
    "28" : 129,
    "29" : 102,
    "30" : 90,
    "31" : 79,
    "32" : 92,
    "33" : 68,
    "34" : 60,
    "35" : 50,
    "36" : 51,
    "37" : 45,
    "38" : 30,
    "39" : 48,
    "40" : 36,
    "41" : 30,
    "42" : 30,
    "43" : 17,
    "44" : 20,
    "45" : 9,
    "46" : 16,
    "47" : 13,
    "48" : 3,
    "49" : 17,
    "50" : 7,
    "51" : 12,
    "52" : 9,
    "53" : 8,
    "54" : 2,
    "55" : 5,
    "56" : 3,
    "57" : 1,
    "58" : 2,
    "59" : 3,
    "60" : 1,
    "61" : 1,
    "62" : 1,
    "63" : 2,
    "64" : 1,
    "65" : 1,
    "66" : 3,
    "67" : 2,
    "69" : 1,
    "72" : 1,
    "80" : 1
  },
  "mean" : 16.962464380465757,
  "stdDev" : 8.730344395604032
}