{
  "distribution" : {
    "2" : 1,
    "3" : 18,
    "4" : 47,
    "5" : 121,
    "6" : 211,
    "7" : 318,
    "8" : 419,
    "9" : 521,
    "10" : 557,
    "11" : 592,
    "12" : 583,
    "13" : 630,
    "14" : 558,
    "15" : 516,
    "16" : 535,
    "17" : 483,
    "18" : 445,
    "19" : 391,
    "20" : 369,
    "21" : 324,
    "22" : 333,
    "23" : 289,
    "24" : 239,
    "25" : 234,
    "26" : 186,
    "27" : 180,
    "28" : 165,
    "29" : 163,
    "30" : 138,
    "31" : 131,
    "32" : 116,
    "33" : 89,
    "34" : 72,
    "35" : 75,
    "36" : 59,
    "37" : 46,
    "38" : 47,
    "39" : 45,
    "40" : 40,
    "41" : 39,
    "42" : 16,
    "43" : 31,
    "44" : 22,
    "45" : 15,
    "46" : 19,
    "47" : 18,
    "48" : 15,
    "49" : 15,
    "50" : 11,
    "51" : 10,
    "52" : 8,
    "53" : 7,
    "54" : 7,
    "55" : 8,
    "56" : 3,
    "57" : 6,
    "58" : 5,
    "59" : 5,
    "60" : 8,
    "61" : 3,
    "62" : 2,
    "63" : 2,
    "65" : 5,
    "66" : 2,
    "68" : 3,
    "69" : 1,
    "71" : 1,
    "74" : 1,
    "75" : 2,
    "76" : 1,
    "78" : 2,
    "82" : 1,
    "88" : 1,
    "90" : 1
  },
  "mean" : 17.92666792666793,
  "stdDev" : 9.40807973525892
}