{
  "distribution" : {
    "3" : 3,
    "4" : 17,
    "5" : 64,
    "6" : 109,
    "7" : 194,
    "8" : 305,
    "9" : 361,
    "10" : 461,
    "11" : 501,
    "12" : 513,
    "13" : 553,
    "14" : 521,
    "15" : 547,
    "16" : 517,
    "17" : 459,
    "18" : 466,
    "19" : 441,
    "20" : 395,
    "21" : 362,
    "22" : 342,
    "23" : 347,
    "24" : 271,
    "25" : 277,
    "26" : 201,
    "27" : 189,
    "28" : 192,
    "29" : 165,
    "30" : 157,
    "31" : 135,
    "32" : 107,
    "33" : 108,
    "34" : 91,
    "35" : 80,
    "36" : 68,
    "37" : 87,
    "38" : 59,
    "39" : 61,
    "40" : 50,
    "41" : 45,
    "42" : 45,
    "43" : 35,
    "44" : 28,
    "45" : 29,
    "46" : 39,
    "47" : 21,
    "48" : 23,
    "49" : 16,
    "50" : 22,
    "51" : 13,
    "52" : 11,
    "53" : 13,
    "54" : 11,
    "55" : 10,
    "56" : 18,
    "57" : 10,
    "58" : 11,
    "59" : 8,
    "60" : 4,
    "61" : 4,
    "62" : 5,
    "63" : 7,
    "64" : 1,
    "65" : 4,
    "66" : 3,
    "67" : 1,
    "68" : 4,
    "70" : 3,
    "71" : 1,
    "72" : 1,
    "73" : 1,
    "74" : 2,
    "76" : 2,
    "77" : 1,
    "78" : 1,
    "79" : 1,
    "80" : 1,
    "83" : 3,
    "86" : 1,
    "98" : 1
  },
  "mean" : 19.71150840171942,
  "stdDev" : 10.174390892108978
}