{
  "distribution" : {
    "2" : 2,
    "3" : 20,
    "4" : 76,
    "5" : 205,
    "6" : 379,
    "7" : 541,
    "8" : 637,
    "9" : 679,
    "10" : 745,
    "11" : 713,
    "12" : 659,
    "13" : 716,
    "14" : 621,
    "15" : 514,
    "16" : 489,
    "17" : 427,
    "18" : 367,
    "19" : 324,
    "20" : 303,
    "21" : 269,
    "22" : 229,
    "23" : 210,
    "24" : 197,
    "25" : 148,
    "26" : 142,
    "27" : 125,
    "28" : 104,
    "29" : 98,
    "30" : 70,
    "31" : 96,
    "32" : 69,
    "33" : 39,
    "34" : 47,
    "35" : 38,
    "36" : 21,
    "37" : 30,
    "38" : 36,
    "39" : 17,
    "40" : 20,
    "41" : 22,
    "42" : 18,
    "43" : 18,
    "44" : 16,
    "45" : 11,
    "46" : 8,
    "47" : 9,
    "48" : 10,
    "49" : 8,
    "50" : 1,
    "51" : 5,
    "52" : 4,
    "53" : 2,
    "54" : 3,
    "55" : 1,
    "56" : 2,
    "57" : 3,
    "58" : 1,
    "59" : 1,
    "61" : 2,
    "62" : 1,
    "65" : 1,
    "72" : 1,
    "75" : 1,
    "78" : 1,
    "79" : 1
  },
  "mean" : 15.277026387969356,
  "stdDev" : 8.014574725558344
}