{
  "distribution" : {
    "1" : 1,
    "2" : 57,
    "3" : 248,
    "4" : 526,
    "5" : 849,
    "6" : 1019,
    "7" : 1068,
    "8" : 973,
    "9" : 923,
    "10" : 807,
    "11" : 715,
    "12" : 575,
    "13" : 507,
    "14" : 361,
    "15" : 342,
    "16" : 289,
    "17" : 210,
    "18" : 184,
    "19" : 141,
    "20" : 123,
    "21" : 96,
    "22" : 75,
    "23" : 60,
    "24" : 62,
    "25" : 42,
    "26" : 34,
    "27" : 20,
    "28" : 16,
    "29" : 20,
    "30" : 10,
    "31" : 12,
    "32" : 10,
    "33" : 5,
    "34" : 9,
    "35" : 9,
    "36" : 6,
    "37" : 4,
    "39" : 1,
    "40" : 3,
    "41" : 1,
    "43" : 2,
    "44" : 1,
    "47" : 1,
    "50" : 1
  },
  "mean" : 10.150604722595508,
  "stdDev" : 5.285736776064361
}