{
  "distribution" : {
    "2" : 1,
    "3" : 5,
    "4" : 37,
    "5" : 90,
    "6" : 167,
    "7" : 280,
    "8" : 351,
    "9" : 457,
    "10" : 477,
    "11" : 522,
    "12" : 537,
    "13" : 550,
    "14" : 559,
    "15" : 567,
    "16" : 502,
    "17" : 462,
    "18" : 415,
    "19" : 409,
    "20" : 364,
    "21" : 381,
    "22" : 296,
    "23" : 292,
    "24" : 242,
    "25" : 226,
    "26" : 229,
    "27" : 199,
    "28" : 172,
    "29" : 143,
    "30" : 136,
    "31" : 132,
    "32" : 105,
    "33" : 104,
    "34" : 98,
    "35" : 88,
    "36" : 69,
    "37" : 68,
    "38" : 72,
    "39" : 44,
    "40" : 44,
    "41" : 35,
    "42" : 35,
    "43" : 34,
    "44" : 39,
    "45" : 31,
    "46" : 23,
    "47" : 17,
    "48" : 17,
    "49" : 10,
    "50" : 15,
    "51" : 13,
    "52" : 12,
    "53" : 5,
    "54" : 5,
    "55" : 8,
    "56" : 7,
    "57" : 2,
    "58" : 4,
    "59" : 4,
    "60" : 1,
    "61" : 3,
    "62" : 7,
    "63" : 3,
    "64" : 3,
    "65" : 1,
    "66" : 1,
    "67" : 1,
    "68" : 2,
    "69" : 5,
    "70" : 2,
    "71" : 2,
    "72" : 1,
    "74" : 1,
    "75" : 1,
    "82" : 1,
    "83" : 1,
    "84" : 1
  },
  "mean" : 18.743094192288922,
  "stdDev" : 9.678963449414708
}