{
  "distribution" : {
    "3" : 8,
    "4" : 21,
    "5" : 55,
    "6" : 121,
    "7" : 178,
    "8" : 291,
    "9" : 317,
    "10" : 400,
    "11" : 450,
    "12" : 508,
    "13" : 467,
    "14" : 519,
    "15" : 528,
    "16" : 464,
    "17" : 459,
    "18" : 462,
    "19" : 441,
    "20" : 402,
    "21" : 380,
    "22" : 325,
    "23" : 330,
    "24" : 299,
    "25" : 269,
    "26" : 255,
    "27" : 198,
    "28" : 220,
    "29" : 178,
    "30" : 158,
    "31" : 142,
    "32" : 150,
    "33" : 126,
    "34" : 110,
    "35" : 108,
    "36" : 83,
    "37" : 72,
    "38" : 64,
    "39" : 70,
    "40" : 44,
    "41" : 72,
    "42" : 45,
    "43" : 46,
    "44" : 32,
    "45" : 28,
    "46" : 27,
    "47" : 28,
    "48" : 31,
    "49" : 24,
    "50" : 23,
    "51" : 18,
    "52" : 11,
    "53" : 16,
    "54" : 13,
    "55" : 9,
    "56" : 8,
    "57" : 15,
    "58" : 10,
    "59" : 6,
    "60" : 5,
    "61" : 4,
    "62" : 5,
    "63" : 5,
    "65" : 4,
    "66" : 2,
    "67" : 2,
    "68" : 1,
    "69" : 1,
    "70" : 4,
    "71" : 2,
    "72" : 4,
    "73" : 2,
    "74" : 2,
    "79" : 2,
    "80" : 1,
    "82" : 1,
    "83" : 3,
    "84" : 1,
    "86" : 1,
    "88" : 2,
    "90" : 1,
    "102" : 1,
    "115" : 1
  },
  "mean" : 20.371308016877638,
  "stdDev" : 10.49210633920487
}