{
  "distribution" : {
    "3" : 7,
    "4" : 46,
    "5" : 102,
    "6" : 192,
    "7" : 308,
    "8" : 381,
    "9" : 494,
    "10" : 587,
    "11" : 559,
    "12" : 565,
    "13" : 615,
    "14" : 539,
    "15" : 564,
    "16" : 497,
    "17" : 496,
    "18" : 454,
    "19" : 420,
    "20" : 346,
    "21" : 338,
    "22" : 311,
    "23" : 254,
    "24" : 254,
    "25" : 204,
    "26" : 187,
    "27" : 169,
    "28" : 154,
    "29" : 145,
    "30" : 118,
    "31" : 108,
    "32" : 117,
    "33" : 98,
    "34" : 80,
    "35" : 78,
    "36" : 70,
    "37" : 65,
    "38" : 44,
    "39" : 43,
    "40" : 33,
    "41" : 32,
    "42" : 21,
    "43" : 21,
    "44" : 25,
    "45" : 23,
    "46" : 27,
    "47" : 17,
    "48" : 13,
    "49" : 15,
    "50" : 14,
    "51" : 5,
    "52" : 9,
    "53" : 7,
    "54" : 4,
    "55" : 6,
    "56" : 9,
    "57" : 4,
    "58" : 8,
    "59" : 3,
    "60" : 2,
    "61" : 2,
    "62" : 5,
    "63" : 2,
    "64" : 2,
    "65" : 1,
    "66" : 1,
    "67" : 2,
    "69" : 2,
    "71" : 1,
    "72" : 1,
    "73" : 1,
    "74" : 2,
    "75" : 1,
    "76" : 1,
    "77" : 1,
    "80" : 1
  },
  "mean" : 17.984031742959452,
  "stdDev" : 9.32641587252327
}