{
  "distribution" : {
    "2" : 18,
    "3" : 75,
    "4" : 232,
    "5" : 367,
    "6" : 528,
    "7" : 675,
    "8" : 743,
    "9" : 866,
    "10" : 834,
    "11" : 756,
    "12" : 697,
    "13" : 644,
    "14" : 588,
    "15" : 480,
    "16" : 449,
    "17" : 408,
    "18" : 344,
    "19" : 341,
    "20" : 282,
    "21" : 250,
    "22" : 210,
    "23" : 183,
    "24" : 163,
    "25" : 135,
    "26" : 137,
    "27" : 111,
    "28" : 98,
    "29" : 69,
    "30" : 53,
    "31" : 39,
    "32" : 54,
    "33" : 39,
    "34" : 43,
    "35" : 35,
    "36" : 21,
    "37" : 29,
    "38" : 17,
    "39" : 16,
    "40" : 13,
    "41" : 9,
    "42" : 12,
    "43" : 13,
    "44" : 8,
    "45" : 6,
    "46" : 4,
    "47" : 6,
    "48" : 1,
    "49" : 1,
    "50" : 6,
    "52" : 4,
    "53" : 2,
    "55" : 1,
    "57" : 1,
    "58" : 3,
    "60" : 4,
    "61" : 1,
    "62" : 1,
    "64" : 1,
    "68" : 1,
    "72" : 1
  },
  "mean" : 13.909417685118619,
  "stdDev" : 7.485924559283812
}