{
  "distribution" : {
    "2" : 1,
    "3" : 23,
    "4" : 70,
    "5" : 190,
    "6" : 340,
    "7" : 429,
    "8" : 538,
    "9" : 572,
    "10" : 624,
    "11" : 668,
    "12" : 666,
    "13" : 659,
    "14" : 601,
    "15" : 581,
    "16" : 547,
    "17" : 472,
    "18" : 428,
    "19" : 375,
    "20" : 334,
    "21" : 285,
    "22" : 256,
    "23" : 228,
    "24" : 184,
    "25" : 172,
    "26" : 145,
    "27" : 133,
    "28" : 135,
    "29" : 123,
    "30" : 92,
    "31" : 76,
    "32" : 76,
    "33" : 70,
    "34" : 60,
    "35" : 46,
    "36" : 43,
    "37" : 31,
    "38" : 28,
    "39" : 36,
    "40" : 22,
    "41" : 21,
    "42" : 23,
    "43" : 20,
    "44" : 14,
    "45" : 19,
    "46" : 7,
    "47" : 17,
    "48" : 4,
    "49" : 11,
    "50" : 7,
    "51" : 4,
    "52" : 9,
    "53" : 1,
    "54" : 3,
    "55" : 4,
    "56" : 4,
    "57" : 6,
    "58" : 1,
    "59" : 2,
    "60" : 2,
    "62" : 1,
    "63" : 1,
    "64" : 1,
    "66" : 2,
    "67" : 1,
    "68" : 2,
    "69" : 1,
    "71" : 1,
    "113" : 1
  },
  "mean" : 16.14361550857901,
  "stdDev" : 8.45973208677137
}