{
  "distribution" : {
    "1" : 2,
    "2" : 13,
    "3" : 87,
    "4" : 270,
    "5" : 408,
    "6" : 571,
    "7" : 731,
    "8" : 776,
    "9" : 884,
    "10" : 780,
    "11" : 799,
    "12" : 657,
    "13" : 587,
    "14" : 536,
    "15" : 490,
    "16" : 420,
    "17" : 347,
    "18" : 284,
    "19" : 254,
    "20" : 248,
    "21" : 183,
    "22" : 182,
    "23" : 139,
    "24" : 112,
    "25" : 97,
    "26" : 69,
    "27" : 75,
    "28" : 49,
    "29" : 46,
    "30" : 39,
    "31" : 30,
    "32" : 27,
    "33" : 28,
    "34" : 29,
    "35" : 17,
    "36" : 14,
    "37" : 6,
    "38" : 12,
    "39" : 10,
    "40" : 10,
    "41" : 11,
    "42" : 5,
    "43" : 4,
    "44" : 4,
    "45" : 1,
    "46" : 4,
    "47" : 2,
    "48" : 3,
    "49" : 4,
    "51" : 3,
    "52" : 1,
    "53" : 1,
    "54" : 1,
    "55" : 1,
    "56" : 1
  },
  "mean" : 12.81445387881127,
  "stdDev" : 6.655935389224031
}