{
  "distribution" : {
    "2" : 7,
    "3" : 49,
    "4" : 166,
    "5" : 263,
    "6" : 459,
    "7" : 585,
    "8" : 743,
    "9" : 743,
    "10" : 742,
    "11" : 708,
    "12" : 651,
    "13" : 615,
    "14" : 540,
    "15" : 497,
    "16" : 460,
    "17" : 404,
    "18" : 362,
    "19" : 285,
    "20" : 271,
    "21" : 267,
    "22" : 195,
    "23" : 193,
    "24" : 149,
    "25" : 136,
    "26" : 117,
    "27" : 99,
    "28" : 76,
    "29" : 60,
    "30" : 71,
    "31" : 60,
    "32" : 54,
    "33" : 36,
    "34" : 29,
    "35" : 32,
    "36" : 30,
    "37" : 14,
    "38" : 15,
    "39" : 8,
    "40" : 10,
    "41" : 14,
    "42" : 9,
    "43" : 12,
    "44" : 3,
    "45" : 5,
    "46" : 5,
    "47" : 6,
    "48" : 7,
    "49" : 4,
    "50" : 2,
    "51" : 1,
    "53" : 1,
    "54" : 1,
    "55" : 1,
    "57" : 1,
    "58" : 1,
    "60" : 2,
    "61" : 1,
    "62" : 1,
    "63" : 1,
    "65" : 1
  },
  "mean" : 14.171595330739299,
  "stdDev" : 7.330689745502614
}