{
  "distribution" : {
    "2" : 12,
    "3" : 116,
    "4" : 333,
    "5" : 564,
    "6" : 768,
    "7" : 870,
    "8" : 857,
    "9" : 860,
    "10" : 818,
    "11" : 755,
    "12" : 645,
    "13" : 611,
    "14" : 498,
    "15" : 429,
    "16" : 372,
    "17" : 336,
    "18" : 299,
    "19" : 242,
    "20" : 193,
    "21" : 174,
    "22" : 131,
    "23" : 104,
    "24" : 93,
    "25" : 78,
    "26" : 76,
    "27" : 59,
    "28" : 40,
    "29" : 42,
    "30" : 33,
    "31" : 32,
    "32" : 15,
    "33" : 18,
    "34" : 14,
    "35" : 11,
    "36" : 13,
    "37" : 14,
    "38" : 13,
    "39" : 8,
    "40" : 8,
    "41" : 4,
    "42" : 3,
    "43" : 4,
    "44" : 2,
    "45" : 3,
    "47" : 1,
    "48" : 2,
    "49" : 2,
    "50" : 1,
    "53" : 1,
    "57" : 1
  },
  "mean" : 12.008791832104368,
  "stdDev" : 6.301088314056141
}