{
  "distribution" : {
    "3" : 34,
    "4" : 121,
    "5" : 245,
    "6" : 439,
    "7" : 509,
    "8" : 658,
    "9" : 678,
    "10" : 755,
    "11" : 741,
    "12" : 672,
    "13" : 594,
    "14" : 555,
    "15" : 514,
    "16" : 485,
    "17" : 409,
    "18" : 362,
    "19" : 324,
    "20" : 339,
    "21" : 245,
    "22" : 207,
    "23" : 157,
    "24" : 153,
    "25" : 128,
    "26" : 116,
    "27" : 92,
    "28" : 82,
    "29" : 93,
    "30" : 66,
    "31" : 48,
    "32" : 52,
    "33" : 52,
    "34" : 37,
    "35" : 29,
    "36" : 29,
    "37" : 29,
    "38" : 20,
    "39" : 17,
    "40" : 20,
    "41" : 17,
    "42" : 8,
    "43" : 7,
    "44" : 11,
    "45" : 3,
    "46" : 3,
    "47" : 6,
    "48" : 2,
    "49" : 4,
    "50" : 4,
    "51" : 5,
    "52" : 2,
    "54" : 1,
    "55" : 3,
    "56" : 1,
    "58" : 2,
    "62" : 1,
    "63" : 1,
    "64" : 1,
    "65" : 1,
    "70" : 1,
    "72" : 1
  },
  "mean" : 14.586694141889902,
  "stdDev" : 7.51295352245593
}