{
  "distribution" : {
    "2" : 13,
    "3" : 109,
    "4" : 346,
    "5" : 531,
    "6" : 751,
    "7" : 781,
    "8" : 843,
    "9" : 835,
    "10" : 805,
    "11" : 722,
    "12" : 696,
    "13" : 588,
    "14" : 488,
    "15" : 425,
    "16" : 372,
    "17" : 312,
    "18" : 238,
    "19" : 207,
    "20" : 201,
    "21" : 180,
    "22" : 125,
    "23" : 111,
    "24" : 85,
    "25" : 78,
    "26" : 56,
    "27" : 53,
    "28" : 33,
    "29" : 23,
    "30" : 30,
    "31" : 17,
    "32" : 21,
    "33" : 10,
    "34" : 20,
    "35" : 15,
    "36" : 11,
    "37" : 3,
    "38" : 12,
    "39" : 6,
    "40" : 3,
    "41" : 3,
    "42" : 2,
    "43" : 3,
    "44" : 5,
    "45" : 2,
    "47" : 2,
    "48" : 2,
    "50" : 1,
    "52" : 1,
    "64" : 1
  },
  "mean" : 11.871474894369657,
  "stdDev" : 6.109874865239965
}