{
  "distribution" : {
    "3" : 4,
    "4" : 31,
    "5" : 44,
    "6" : 127,
    "7" : 204,
    "8" : 296,
    "9" : 391,
    "10" : 423,
    "11" : 481,
    "12" : 514,
    "13" : 535,
    "14" : 484,
    "15" : 527,
    "16" : 518,
    "17" : 516,
    "18" : 447,
    "19" : 416,
    "20" : 387,
    "21" : 373,
    "22" : 365,
    "23" : 275,
    "24" : 286,
    "25" : 274,
    "26" : 235,
    "27" : 224,
    "28" : 181,
    "29" : 188,
    "30" : 162,
    "31" : 140,
    "32" : 134,
    "33" : 135,
    "34" : 96,
    "35" : 90,
    "36" : 86,
    "37" : 70,
    "38" : 68,
    "39" : 59,
    "40" : 59,
    "41" : 48,
    "42" : 55,
    "43" : 50,
    "44" : 43,
    "45" : 34,
    "46" : 35,
    "47" : 34,
    "48" : 21,
    "49" : 22,
    "50" : 14,
    "51" : 10,
    "52" : 13,
    "53" : 15,
    "54" : 11,
    "55" : 5,
    "56" : 11,
    "57" : 15,
    "58" : 12,
    "59" : 5,
    "60" : 6,
    "61" : 3,
    "62" : 2,
    "63" : 7,
    "64" : 6,
    "65" : 6,
    "66" : 4,
    "67" : 3,
    "68" : 1,
    "69" : 1,
    "71" : 2,
    "72" : 2,
    "74" : 1,
    "75" : 1,
    "76" : 2,
    "77" : 2,
    "78" : 1,
    "79" : 2,
    "81" : 1,
    "82" : 1,
    "87" : 1,
    "88" : 1,
    "90" : 1,
    "95" : 1,
    "100" : 1
  },
  "mean" : 20.04595925461041,
  "stdDev" : 10.408200685133288
}