{
  "distribution" : {
    "2" : 1,
    "3" : 11,
    "4" : 42,
    "5" : 130,
    "6" : 249,
    "7" : 319,
    "8" : 401,
    "9" : 498,
    "10" : 576,
    "11" : 593,
    "12" : 662,
    "13" : 640,
    "14" : 549,
    "15" : 566,
    "16" : 512,
    "17" : 469,
    "18" : 422,
    "19" : 393,
    "20" : 390,
    "21" : 329,
    "22" : 287,
    "23" : 251,
    "24" : 244,
    "25" : 203,
    "26" : 188,
    "27" : 172,
    "28" : 151,
    "29" : 145,
    "30" : 112,
    "31" : 92,
    "32" : 95,
    "33" : 104,
    "34" : 60,
    "35" : 72,
    "36" : 46,
    "37" : 52,
    "38" : 47,
    "39" : 30,
    "40" : 27,
    "41" : 26,
    "42" : 38,
    "43" : 40,
    "44" : 25,
    "45" : 12,
    "46" : 20,
    "47" : 16,
    "48" : 12,
    "49" : 15,
    "50" : 18,
    "51" : 11,
    "52" : 12,
    "53" : 4,
    "54" : 5,
    "55" : 6,
    "56" : 6,
    "57" : 4,
    "58" : 6,
    "59" : 6,
    "60" : 2,
    "61" : 2,
    "62" : 2,
    "63" : 1,
    "64" : 2,
    "65" : 2,
    "66" : 1,
    "75" : 2,
    "77" : 1,
    "86" : 1,
    "90" : 1
  },
  "mean" : 17.556525074312013,
  "stdDev" : 9.14706343652244
}