{
  "distribution" : {
    "3" : 8,
    "4" : 31,
    "5" : 72,
    "6" : 153,
    "7" : 262,
    "8" : 310,
    "9" : 396,
    "10" : 456,
    "11" : 525,
    "12" : 568,
    "13" : 581,
    "14" : 555,
    "15" : 513,
    "16" : 527,
    "17" : 487,
    "18" : 420,
    "19" : 434,
    "20" : 386,
    "21" : 358,
    "22" : 339,
    "23" : 302,
    "24" : 257,
    "25" : 230,
    "26" : 217,
    "27" : 209,
    "28" : 181,
    "29" : 174,
    "30" : 108,
    "31" : 129,
    "32" : 108,
    "33" : 92,
    "34" : 102,
    "35" : 90,
    "36" : 56,
    "37" : 69,
    "38" : 65,
    "39" : 53,
    "40" : 40,
    "41" : 44,
    "42" : 33,
    "43" : 38,
    "44" : 36,
    "45" : 31,
    "46" : 23,
    "47" : 15,
    "48" : 17,
    "49" : 27,
    "50" : 15,
    "51" : 14,
    "52" : 10,
    "53" : 13,
    "54" : 10,
    "55" : 8,
    "56" : 10,
    "57" : 5,
    "58" : 8,
    "59" : 6,
    "60" : 1,
    "61" : 2,
    "62" : 2,
    "63" : 2,
    "64" : 3,
    "65" : 3,
    "66" : 2,
    "67" : 5,
    "68" : 3,
    "69" : 1,
    "70" : 1,
    "71" : 2,
    "72" : 3,
    "73" : 5,
    "74" : 1,
    "75" : 1,
    "77" : 1,
    "80" : 2
  },
  "mean" : 19.069062926164037,
  "stdDev" : 9.857780865061383
}