{
  "distribution" : {
    "2" : 6,
    "3" : 28,
    "4" : 97,
    "5" : 229,
    "6" : 335,
    "7" : 453,
    "8" : 549,
    "9" : 645,
    "10" : 618,
    "11" : 648,
    "12" : 630,
    "13" : 630,
    "14" : 563,
    "15" : 507,
    "16" : 466,
    "17" : 437,
    "18" : 409,
    "19" : 366,
    "20" : 284,
    "21" : 278,
    "22" : 254,
    "23" : 196,
    "24" : 185,
    "25" : 179,
    "26" : 155,
    "27" : 110,
    "28" : 116,
    "29" : 100,
    "30" : 62,
    "31" : 78,
    "32" : 63,
    "33" : 57,
    "34" : 58,
    "35" : 55,
    "36" : 30,
    "37" : 32,
    "38" : 33,
    "39" : 26,
    "40" : 19,
    "41" : 17,
    "42" : 18,
    "43" : 8,
    "44" : 9,
    "45" : 11,
    "46" : 10,
    "47" : 8,
    "48" : 11,
    "49" : 3,
    "50" : 2,
    "51" : 4,
    "52" : 1,
    "53" : 3,
    "54" : 1,
    "55" : 2,
    "56" : 1,
    "57" : 3,
    "59" : 1,
    "63" : 2,
    "67" : 1,
    "70" : 1
  },
  "mean" : 15.561813322775413,
  "stdDev" : 7.980060453195749
}