{
  "distribution" : {
    "2" : 2,
    "3" : 19,
    "4" : 54,
    "5" : 154,
    "6" : 266,
    "7" : 358,
    "8" : 461,
    "9" : 535,
    "10" : 582,
    "11" : 615,
    "12" : 687,
    "13" : 607,
    "14" : 625,
    "15" : 546,
    "16" : 564,
    "17" : 490,
    "18" : 453,
    "19" : 455,
    "20" : 380,
    "21" : 330,
    "22" : 290,
    "23" : 257,
    "24" : 233,
    "25" : 197,
    "26" : 163,
    "27" : 165,
    "28" : 146,
    "29" : 124,
    "30" : 133,
    "31" : 101,
    "32" : 103,
    "33" : 76,
    "34" : 58,
    "35" : 78,
    "36" : 61,
    "37" : 56,
    "38" : 42,
    "39" : 28,
    "40" : 35,
    "41" : 26,
    "42" : 23,
    "43" : 23,
    "44" : 21,
    "45" : 18,
    "46" : 16,
    "47" : 11,
    "48" : 14,
    "49" : 13,
    "50" : 10,
    "51" : 9,
    "52" : 5,
    "53" : 13,
    "54" : 5,
    "55" : 2,
    "56" : 7,
    "57" : 4,
    "58" : 8,
    "59" : 3,
    "60" : 2,
    "61" : 7,
    "62" : 2,
    "63" : 2,
    "64" : 1,
    "65" : 2,
    "66" : 2,
    "67" : 1,
    "68" : 5,
    "69" : 1,
    "70" : 1,
    "71" : 1,
    "72" : 2,
    "73" : 2,
    "74" : 1,
    "77" : 1,
    "78" : 1,
    "79" : 2
  },
  "mean" : 17.269914783253057,
  "stdDev" : 9.154843507167264
}