{
  "distribution" : {
    "2" : 1,
    "3" : 5,
    "4" : 14,
    "5" : 47,
    "6" : 109,
    "7" : 170,
    "8" : 279,
    "9" : 353,
    "10" : 407,
    "11" : 454,
    "12" : 460,
    "13" : 513,
    "14" : 547,
    "15" : 541,
    "16" : 463,
    "17" : 472,
    "18" : 456,
    "19" : 431,
    "20" : 405,
    "21" : 405,
    "22" : 355,
    "23" : 329,
    "24" : 301,
    "25" : 237,
    "26" : 258,
    "27" : 212,
    "28" : 200,
    "29" : 200,
    "30" : 163,
    "31" : 147,
    "32" : 145,
    "33" : 121,
    "34" : 104,
    "35" : 102,
    "36" : 95,
    "37" : 76,
    "38" : 63,
    "39" : 71,
    "40" : 57,
    "41" : 66,
    "42" : 49,
    "43" : 36,
    "44" : 55,
    "45" : 22,
    "46" : 32,
    "47" : 31,
    "48" : 27,
    "49" : 19,
    "50" : 14,
    "51" : 9,
    "52" : 15,
    "53" : 17,
    "54" : 11,
    "55" : 14,
    "56" : 12,
    "57" : 9,
    "58" : 7,
    "59" : 9,
    "60" : 8,
    "61" : 9,
    "62" : 2,
    "63" : 5,
    "64" : 5,
    "65" : 1,
    "66" : 3,
    "67" : 3,
    "68" : 2,
    "69" : 2,
    "70" : 2,
    "71" : 2,
    "72" : 1,
    "73" : 1,
    "74" : 1,
    "75" : 1,
    "76" : 5,
    "77" : 2,
    "78" : 1,
    "79" : 4,
    "80" : 1,
    "82" : 2,
    "83" : 1,
    "84" : 1,
    "85" : 1,
    "86" : 1,
    "87" : 2,
    "92" : 1,
    "95" : 1,
    "96" : 2
  },
  "mean" : 20.457406508013598,
  "stdDev" : 10.590378530682282
}