{
  "distribution" : {
    "3" : 3,
    "4" : 26,
    "5" : 57,
    "6" : 138,
    "7" : 248,
    "8" : 332,
    "9" : 389,
    "10" : 494,
    "11" : 512,
    "12" : 547,
    "13" : 502,
    "14" : 530,
    "15" : 518,
    "16" : 493,
    "17" : 506,
    "18" : 440,
    "19" : 434,
    "20" : 371,
    "21" : 367,
    "22" : 318,
    "23" : 280,
    "24" : 265,
    "25" : 248,
    "26" : 214,
    "27" : 192,
    "28" : 167,
    "29" : 190,
    "30" : 139,
    "31" : 129,
    "32" : 112,
    "33" : 112,
    "34" : 101,
    "35" : 85,
    "36" : 81,
    "37" : 68,
    "38" : 57,
    "39" : 57,
    "40" : 40,
    "41" : 49,
    "42" : 29,
    "43" : 28,
    "44" : 30,
    "45" : 31,
    "46" : 18,
    "47" : 25,
    "48" : 20,
    "49" : 14,
    "50" : 19,
    "51" : 9,
    "52" : 10,
    "53" : 10,
    "54" : 12,
    "55" : 12,
    "56" : 16,
    "57" : 9,
    "58" : 8,
    "59" : 7,
    "60" : 5,
    "61" : 5,
    "62" : 1,
    "63" : 3,
    "64" : 6,
    "65" : 3,
    "66" : 1,
    "67" : 3,
    "68" : 3,
    "69" : 2,
    "71" : 2,
    "72" : 2,
    "74" : 1,
    "75" : 1,
    "77" : 1,
    "89" : 1
  },
  "mean" : 19.241582988777317,
  "stdDev" : 9.894019261421098
}