{
  "distribution" : {
    "2" : 5,
    "3" : 31,
    "4" : 95,
    "5" : 238,
    "6" : 380,
    "7" : 520,
    "8" : 653,
    "9" : 699,
    "10" : 675,
    "11" : 690,
    "12" : 707,
    "13" : 638,
    "14" : 530,
    "15" : 534,
    "16" : 461,
    "17" : 447,
    "18" : 383,
    "19" : 341,
    "20" : 293,
    "21" : 265,
    "22" : 209,
    "23" : 212,
    "24" : 179,
    "25" : 148,
    "26" : 130,
    "27" : 112,
    "28" : 103,
    "29" : 89,
    "30" : 60,
    "31" : 50,
    "32" : 49,
    "33" : 46,
    "34" : 46,
    "35" : 30,
    "36" : 28,
    "37" : 29,
    "38" : 22,
    "39" : 21,
    "40" : 19,
    "41" : 9,
    "42" : 12,
    "43" : 11,
    "44" : 7,
    "45" : 8,
    "46" : 12,
    "47" : 7,
    "48" : 12,
    "49" : 5,
    "50" : 6,
    "51" : 4,
    "53" : 2,
    "54" : 3,
    "55" : 1,
    "56" : 2,
    "57" : 2,
    "58" : 1,
    "59" : 1,
    "65" : 2,
    "71" : 1,
    "91" : 1
  },
  "mean" : 14.936940443752432,
  "stdDev" : 7.7252399385255925
}