{
  "distribution" : {
    "1" : 1,
    "2" : 54,
    "3" : 250,
    "4" : 586,
    "5" : 879,
    "6" : 959,
    "7" : 1088,
    "8" : 1002,
    "9" : 913,
    "10" : 840,
    "11" : 709,
    "12" : 616,
    "13" : 494,
    "14" : 418,
    "15" : 367,
    "16" : 269,
    "17" : 229,
    "18" : 211,
    "19" : 145,
    "20" : 142,
    "21" : 118,
    "22" : 93,
    "23" : 80,
    "24" : 49,
    "25" : 45,
    "26" : 37,
    "27" : 29,
    "28" : 21,
    "29" : 16,
    "30" : 18,
    "31" : 17,
    "32" : 7,
    "33" : 9,
    "34" : 7,
    "35" : 8,
    "36" : 7,
    "37" : 7,
    "38" : 3,
    "39" : 1,
    "40" : 1,
    "41" : 5,
    "42" : 1,
    "43" : 1,
    "45" : 2,
    "50" : 1
  },
  "mean" : 10.308042770804278,
  "stdDev" : 5.45371631103919
}