{
  "distribution" : {
    "1" : 3,
    "2" : 73,
    "3" : 289,
    "4" : 607,
    "5" : 913,
    "6" : 1049,
    "7" : 1057,
    "8" : 1001,
    "9" : 971,
    "10" : 812,
    "11" : 724,
    "12" : 576,
    "13" : 479,
    "14" : 418,
    "15" : 309,
    "16" : 275,
    "17" : 230,
    "18" : 170,
    "19" : 147,
    "20" : 89,
    "21" : 86,
    "22" : 76,
    "23" : 66,
    "24" : 49,
    "25" : 47,
    "26" : 30,
    "27" : 26,
    "28" : 18,
    "29" : 9,
    "30" : 15,
    "31" : 8,
    "32" : 10,
    "33" : 10,
    "34" : 2,
    "35" : 4,
    "36" : 4,
    "37" : 5,
    "38" : 2,
    "39" : 4,
    "40" : 3,
    "42" : 3,
    "44" : 1,
    "46" : 1,
    "49" : 1,
    "50" : 2
  },
  "mean" : 9.958590968709013,
  "stdDev" : 5.24942115736716
}