{
  "distribution" : {
    "2" : 7,
    "3" : 55,
    "4" : 169,
    "5" : 357,
    "6" : 577,
    "7" : 696,
    "8" : 720,
    "9" : 794,
    "10" : 790,
    "11" : 758,
    "12" : 648,
    "13" : 640,
    "14" : 555,
    "15" : 547,
    "16" : 469,
    "17" : 399,
    "18" : 316,
    "19" : 311,
    "20" : 278,
    "21" : 213,
    "22" : 155,
    "23" : 171,
    "24" : 137,
    "25" : 121,
    "26" : 108,
    "27" : 85,
    "28" : 71,
    "29" : 59,
    "30" : 60,
    "31" : 40,
    "32" : 39,
    "33" : 30,
    "34" : 34,
    "35" : 29,
    "36" : 17,
    "37" : 15,
    "38" : 16,
    "39" : 14,
    "40" : 11,
    "41" : 8,
    "42" : 8,
    "43" : 8,
    "44" : 8,
    "45" : 10,
    "46" : 4,
    "47" : 8,
    "48" : 2,
    "49" : 1,
    "51" : 1,
    "52" : 1,
    "53" : 1,
    "54" : 3,
    "55" : 1,
    "56" : 1,
    "57" : 1,
    "59" : 3,
    "61" : 1,
    "62" : 1,
    "66" : 1,
    "71" : 1
  },
  "mean" : 13.625472411186697,
  "stdDev" : 7.151770367760172
}