{
  "distribution" : {
    "3" : 6,
    "4" : 26,
    "5" : 57,
    "6" : 116,
    "7" : 151,
    "8" : 235,
    "9" : 304,
    "10" : 333,
    "11" : 386,
    "12" : 424,
    "13" : 485,
    "14" : 497,
    "15" : 494,
    "16" : 468,
    "17" : 493,
    "18" : 414,
    "19" : 425,
    "20" : 423,
    "21" : 402,
    "22" : 373,
    "23" : 312,
    "24" : 314,
    "25" : 300,
    "26" : 242,
    "27" : 261,
    "28" : 216,
    "29" : 203,
    "30" : 182,
    "31" : 169,
    "32" : 148,
    "33" : 138,
    "34" : 105,
    "35" : 122,
    "36" : 92,
    "37" : 90,
    "38" : 88,
    "39" : 73,
    "40" : 63,
    "41" : 61,
    "42" : 53,
    "43" : 57,
    "44" : 52,
    "45" : 42,
    "46" : 49,
    "47" : 35,
    "48" : 28,
    "49" : 18,
    "50" : 18,
    "51" : 27,
    "52" : 24,
    "53" : 18,
    "54" : 18,
    "55" : 12,
    "56" : 18,
    "57" : 8,
    "58" : 13,
    "59" : 10,
    "60" : 12,
    "61" : 7,
    "62" : 8,
    "63" : 5,
    "64" : 5,
    "65" : 4,
    "66" : 2,
    "67" : 3,
    "68" : 5,
    "69" : 2,
    "70" : 1,
    "71" : 2,
    "72" : 3,
    "73" : 5,
    "74" : 5,
    "76" : 5,
    "77" : 2,
    "78" : 1,
    "79" : 2,
    "80" : 1,
    "81" : 1,
    "82" : 2,
    "83" : 1,
    "85" : 3,
    "86" : 1,
    "96" : 1,
    "98" : 1
  },
  "mean" : 21.389942612586324,
  "stdDev" : 11.06537752509922
}