{
  "distribution" : {
    "3" : 8,
    "4" : 24,
    "5" : 77,
    "6" : 141,
    "7" : 232,
    "8" : 296,
    "9" : 362,
    "10" : 457,
    "11" : 504,
    "12" : 563,
    "13" : 540,
    "14" : 518,
    "15" : 525,
    "16" : 528,
    "17" : 489,
    "18" : 448,
    "19" : 470,
    "20" : 438,
    "21" : 349,
    "22" : 341,
    "23" : 313,
    "24" : 273,
    "25" : 248,
    "26" : 258,
    "27" : 240,
    "28" : 216,
    "29" : 214,
    "30" : 167,
    "31" : 118,
    "32" : 119,
    "33" : 139,
    "34" : 98,
    "35" : 98,
    "36" : 97,
    "37" : 71,
    "38" : 89,
    "39" : 60,
    "40" : 56,
    "41" : 52,
    "42" : 53,
    "43" : 51,
    "44" : 44,
    "45" : 42,
    "46" : 34,
    "47" : 29,
    "48" : 32,
    "49" : 24,
    "50" : 19,
    "51" : 17,
    "52" : 17,
    "53" : 18,
    "54" : 12,
    "55" : 13,
    "56" : 17,
    "57" : 7,
    "58" : 4,
    "59" : 8,
    "60" : 9,
    "61" : 5,
    "62" : 6,
    "63" : 5,
    "64" : 2,
    "65" : 5,
    "66" : 3,
    "67" : 5,
    "68" : 2,
    "69" : 5,
    "70" : 1,
    "71" : 4,
    "72" : 4,
    "73" : 1,
    "74" : 4,
    "75" : 2,
    "76" : 1,
    "77" : 2,
    "78" : 1,
    "79" : 1,
    "80" : 1,
    "81" : 3,
    "84" : 1,
    "90" : 1,
    "92" : 1
  },
  "mean" : 20.13467261904762,
  "stdDev" : 10.65185007246597
}