{
  "distribution" : {
    "3" : 3,
    "4" : 24,
    "5" : 55,
    "6" : 127,
    "7" : 164,
    "8" : 243,
    "9" : 351,
    "10" : 376,
    "11" : 415,
    "12" : 493,
    "13" : 492,
    "14" : 453,
    "15" : 507,
    "16" : 479,
    "17" : 485,
    "18" : 442,
    "19" : 418,
    "20" : 433,
    "21" : 401,
    "22" : 345,
    "23" : 307,
    "24" : 334,
    "25" : 288,
    "26" : 265,
    "27" : 252,
    "28" : 194,
    "29" : 187,
    "30" : 183,
    "31" : 162,
    "32" : 139,
    "33" : 118,
    "34" : 123,
    "35" : 109,
    "36" : 123,
    "37" : 109,
    "38" : 61,
    "39" : 66,
    "40" : 52,
    "41" : 61,
    "42" : 74,
    "43" : 54,
    "44" : 41,
    "45" : 38,
    "46" : 35,
    "47" : 28,
    "48" : 33,
    "49" : 25,
    "50" : 23,
    "51" : 14,
    "52" : 14,
    "53" : 14,
    "54" : 20,
    "55" : 13,
    "56" : 7,
    "57" : 17,
    "58" : 8,
    "59" : 7,
    "60" : 9,
    "61" : 10,
    "62" : 7,
    "63" : 8,
    "64" : 6,
    "66" : 5,
    "67" : 5,
    "68" : 4,
    "69" : 3,
    "70" : 1,
    "71" : 4,
    "72" : 5,
    "73" : 2,
    "74" : 1,
    "77" : 2,
    "78" : 4,
    "79" : 3,
    "80" : 1,
    "81" : 1,
    "83" : 1,
    "84" : 1,
    "85" : 1,
    "86" : 1,
    "91" : 1,
    "94" : 2,
    "121" : 1
  },
  "mean" : 21.001058404695467,
  "stdDev" : 10.923464356718384
}