{
  "distribution" : {
    "2" : 3,
    "3" : 33,
    "4" : 132,
    "5" : 290,
    "6" : 452,
    "7" : 587,
    "8" : 610,
    "9" : 710,
    "10" : 747,
    "11" : 686,
    "12" : 701,
    "13" : 650,
    "14" : 600,
    "15" : 472,
    "16" : 475,
    "17" : 418,
    "18" : 368,
    "19" : 306,
    "20" : 312,
    "21" : 238,
    "22" : 211,
    "23" : 196,
    "24" : 151,
    "25" : 152,
    "26" : 122,
    "27" : 107,
    "28" : 108,
    "29" : 66,
    "30" : 64,
    "31" : 58,
    "32" : 51,
    "33" : 26,
    "34" : 35,
    "35" : 28,
    "36" : 22,
    "37" : 22,
    "38" : 22,
    "39" : 18,
    "40" : 17,
    "41" : 16,
    "42" : 14,
    "43" : 12,
    "44" : 3,
    "45" : 7,
    "46" : 7,
    "47" : 3,
    "48" : 5,
    "49" : 3,
    "50" : 8,
    "51" : 3,
    "52" : 1,
    "54" : 3,
    "55" : 3,
    "57" : 1,
    "58" : 2,
    "60" : 2,
    "61" : 1,
    "62" : 2,
    "66" : 1,
    "67" : 1
  },
  "mean" : 14.50106136626785,
  "stdDev" : 7.531329836486454
}