{
  "distribution" : {
    "2" : 22,
    "3" : 138,
    "4" : 347,
    "5" : 574,
    "6" : 816,
    "7" : 925,
    "8" : 943,
    "9" : 917,
    "10" : 831,
    "11" : 778,
    "12" : 656,
    "13" : 623,
    "14" : 542,
    "15" : 442,
    "16" : 367,
    "17" : 357,
    "18" : 255,
    "19" : 244,
    "20" : 185,
    "21" : 186,
    "22" : 140,
    "23" : 103,
    "24" : 101,
    "25" : 74,
    "26" : 64,
    "27" : 64,
    "28" : 48,
    "29" : 27,
    "30" : 31,
    "31" : 38,
    "32" : 23,
    "33" : 25,
    "34" : 18,
    "35" : 13,
    "36" : 11,
    "37" : 12,
    "38" : 7,
    "39" : 9,
    "40" : 4,
    "41" : 2,
    "42" : 7,
    "43" : 7,
    "44" : 4,
    "45" : 1,
    "46" : 5,
    "47" : 3,
    "48" : 2,
    "49" : 1,
    "50" : 1,
    "51" : 1,
    "52" : 1,
    "53" : 1,
    "54" : 2,
    "64" : 1
  },
  "mean" : 11.919356305118647,
  "stdDev" : 6.377879554564606
}