{
  "distribution" : {
    "2" : 1,
    "3" : 22,
    "4" : 87,
    "5" : 176,
    "6" : 309,
    "7" : 427,
    "8" : 563,
    "9" : 633,
    "10" : 640,
    "11" : 668,
    "12" : 648,
    "13" : 615,
    "14" : 588,
    "15" : 521,
    "16" : 537,
    "17" : 421,
    "18" : 370,
    "19" : 383,
    "20" : 340,
    "21" : 298,
    "22" : 277,
    "23" : 230,
    "24" : 242,
    "25" : 180,
    "26" : 150,
    "27" : 140,
    "28" : 124,
    "29" : 92,
    "30" : 93,
    "31" : 87,
    "32" : 65,
    "33" : 79,
    "34" : 58,
    "35" : 53,
    "36" : 29,
    "37" : 38,
    "38" : 29,
    "39" : 22,
    "40" : 22,
    "41" : 24,
    "42" : 19,
    "43" : 21,
    "44" : 15,
    "45" : 10,
    "46" : 11,
    "47" : 10,
    "48" : 8,
    "49" : 12,
    "50" : 6,
    "51" : 6,
    "52" : 8,
    "54" : 3,
    "55" : 3,
    "56" : 6,
    "57" : 2,
    "58" : 1,
    "60" : 2,
    "61" : 1,
    "62" : 2,
    "63" : 1,
    "64" : 1,
    "65" : 1,
    "66" : 3,
    "68" : 1,
    "71" : 1,
    "73" : 1,
    "75" : 1
  },
  "mean" : 16.099932930918847,
  "stdDev" : 8.391363638034948
}