{
  "distribution" : {
    "3" : 1,
    "4" : 17,
    "5" : 57,
    "6" : 106,
    "7" : 174,
    "8" : 222,
    "9" : 307,
    "10" : 368,
    "11" : 412,
    "12" : 451,
    "13" : 499,
    "14" : 512,
    "15" : 487,
    "16" : 481,
    "17" : 456,
    "18" : 412,
    "19" : 435,
    "20" : 444,
    "21" : 395,
    "22" : 375,
    "23" : 292,
    "24" : 290,
    "25" : 283,
    "26" : 282,
    "27" : 239,
    "28" : 204,
    "29" : 191,
    "30" : 157,
    "31" : 137,
    "32" : 144,
    "33" : 112,
    "34" : 128,
    "35" : 101,
    "36" : 109,
    "37" : 108,
    "38" : 77,
    "39" : 74,
    "40" : 56,
    "41" : 61,
    "42" : 56,
    "43" : 51,
    "44" : 50,
    "45" : 37,
    "46" : 45,
    "47" : 31,
    "48" : 25,
    "49" : 31,
    "50" : 23,
    "51" : 10,
    "52" : 14,
    "53" : 16,
    "54" : 11,
    "55" : 14,
    "56" : 14,
    "57" : 11,
    "58" : 12,
    "59" : 9,
    "60" : 9,
    "61" : 7,
    "62" : 8,
    "63" : 9,
    "64" : 3,
    "65" : 8,
    "66" : 2,
    "67" : 3,
    "68" : 2,
    "69" : 4,
    "70" : 2,
    "71" : 3,
    "72" : 2,
    "73" : 2,
    "74" : 2,
    "77" : 1,
    "78" : 1,
    "79" : 1,
    "80" : 3,
    "82" : 1,
    "86" : 2,
    "87" : 2,
    "88" : 2,
    "90" : 1,
    "117" : 1
  },
  "mean" : 21.06031185642836,
  "stdDev" : 10.849716602469087
}