{
  "distribution" : {
    "2" : 2,
    "3" : 24,
    "4" : 83,
    "5" : 155,
    "6" : 248,
    "7" : 417,
    "8" : 454,
    "9" : 567,
    "10" : 596,
    "11" : 586,
    "12" : 649,
    "13" : 590,
    "14" : 572,
    "15" : 533,
    "16" : 506,
    "17" : 510,
    "18" : 413,
    "19" : 378,
    "20" : 366,
    "21" : 368,
    "22" : 272,
    "23" : 250,
    "24" : 225,
    "25" : 163,
    "26" : 173,
    "27" : 150,
    "28" : 132,
    "29" : 128,
    "30" : 89,
    "31" : 89,
    "32" : 83,
    "33" : 65,
    "34" : 58,
    "35" : 45,
    "36" : 54,
    "37" : 51,
    "38" : 45,
    "39" : 30,
    "40" : 35,
    "41" : 18,
    "42" : 14,
    "43" : 13,
    "44" : 26,
    "45" : 12,
    "46" : 16,
    "47" : 13,
    "48" : 12,
    "49" : 7,
    "50" : 9,
    "51" : 4,
    "52" : 8,
    "53" : 7,
    "54" : 3,
    "55" : 3,
    "56" : 7,
    "57" : 5,
    "58" : 1,
    "59" : 3,
    "60" : 3,
    "61" : 1,
    "62" : 2,
    "63" : 2,
    "64" : 3,
    "65" : 2,
    "66" : 1,
    "70" : 2,
    "71" : 1,
    "78" : 1
  },
  "mean" : 16.744711677774557,
  "stdDev" : 8.692431914117288
}