{
  "distribution" : {
    "3" : 14,
    "4" : 47,
    "5" : 118,
    "6" : 172,
    "7" : 282,
    "8" : 362,
    "9" : 447,
    "10" : 493,
    "11" : 508,
    "12" : 558,
    "13" : 577,
    "14" : 595,
    "15" : 539,
    "16" : 529,
    "17" : 467,
    "18" : 459,
    "19" : 442,
    "20" : 385,
    "21" : 370,
    "22" : 320,
    "23" : 309,
    "24" : 263,
    "25" : 252,
    "26" : 213,
    "27" : 194,
    "28" : 167,
    "29" : 158,
    "30" : 141,
    "31" : 132,
    "32" : 93,
    "33" : 97,
    "34" : 96,
    "35" : 70,
    "36" : 78,
    "37" : 69,
    "38" : 73,
    "39" : 65,
    "40" : 33,
    "41" : 37,
    "42" : 30,
    "43" : 43,
    "44" : 27,
    "45" : 31,
    "46" : 29,
    "47" : 22,
    "48" : 22,
    "49" : 20,
    "50" : 12,
    "51" : 16,
    "52" : 11,
    "53" : 10,
    "54" : 11,
    "55" : 12,
    "56" : 5,
    "57" : 9,
    "58" : 5,
    "59" : 9,
    "60" : 4,
    "61" : 8,
    "62" : 1,
    "63" : 1,
    "64" : 2,
    "65" : 4,
    "66" : 1,
    "68" : 4,
    "72" : 1,
    "73" : 1,
    "74" : 1,
    "76" : 1,
    "78" : 1,
    "79" : 1,
    "80" : 2,
    "87" : 1,
    "88" : 1,
    "90" : 1
  },
  "mean" : 18.788643235071806,
  "stdDev" : 9.861883740616316
}