{
  "distribution" : {
    "2" : 18,
    "3" : 158,
    "4" : 407,
    "5" : 641,
    "6" : 912,
    "7" : 931,
    "8" : 991,
    "9" : 866,
    "10" : 896,
    "11" : 776,
    "12" : 618,
    "13" : 577,
    "14" : 448,
    "15" : 414,
    "16" : 340,
    "17" : 281,
    "18" : 259,
    "19" : 174,
    "20" : 160,
    "21" : 129,
    "22" : 117,
    "23" : 98,
    "24" : 71,
    "25" : 74,
    "26" : 55,
    "27" : 49,
    "28" : 36,
    "29" : 39,
    "30" : 28,
    "31" : 25,
    "32" : 19,
    "33" : 17,
    "34" : 9,
    "35" : 8,
    "36" : 7,
    "37" : 5,
    "38" : 3,
    "39" : 2,
    "40" : 7,
    "41" : 3,
    "43" : 1,
    "44" : 1,
    "45" : 1,
    "46" : 4,
    "47" : 2,
    "49" : 2,
    "52" : 2,
    "55" : 1,
    "67" : 1
  },
  "mean" : 11.275203594495927,
  "stdDev" : 5.945792870449094
}