{
  "distribution" : {
    "2" : 13,
    "3" : 90,
    "4" : 281,
    "5" : 473,
    "6" : 640,
    "7" : 817,
    "8" : 871,
    "9" : 855,
    "10" : 839,
    "11" : 809,
    "12" : 729,
    "13" : 623,
    "14" : 560,
    "15" : 489,
    "16" : 434,
    "17" : 347,
    "18" : 314,
    "19" : 269,
    "20" : 239,
    "21" : 194,
    "22" : 189,
    "23" : 138,
    "24" : 120,
    "25" : 110,
    "26" : 91,
    "27" : 72,
    "28" : 58,
    "29" : 55,
    "30" : 54,
    "31" : 47,
    "32" : 35,
    "33" : 27,
    "34" : 27,
    "35" : 18,
    "36" : 17,
    "37" : 16,
    "38" : 14,
    "39" : 11,
    "40" : 10,
    "41" : 5,
    "42" : 5,
    "43" : 7,
    "44" : 5,
    "45" : 5,
    "46" : 5,
    "47" : 3,
    "48" : 6,
    "49" : 5,
    "50" : 3,
    "51" : 2,
    "52" : 4,
    "53" : 3,
    "55" : 1,
    "64" : 1
  },
  "mean" : 12.869561284486657,
  "stdDev" : 6.903375009240353
}