{
  "distribution" : {
    "2" : 28,
    "3" : 194,
    "4" : 418,
    "5" : 642,
    "6" : 775,
    "7" : 871,
    "8" : 898,
    "9" : 900,
    "10" : 821,
    "11" : 746,
    "12" : 721,
    "13" : 547,
    "14" : 493,
    "15" : 441,
    "16" : 337,
    "17" : 333,
    "18" : 226,
    "19" : 207,
    "20" : 189,
    "21" : 150,
    "22" : 132,
    "23" : 112,
    "24" : 90,
    "25" : 57,
    "26" : 57,
    "27" : 51,
    "28" : 41,
    "29" : 32,
    "30" : 35,
    "31" : 18,
    "32" : 21,
    "33" : 12,
    "34" : 16,
    "35" : 3,
    "36" : 12,
    "37" : 6,
    "38" : 5,
    "39" : 4,
    "40" : 3,
    "41" : 2,
    "43" : 2,
    "44" : 4,
    "45" : 2,
    "47" : 1,
    "48" : 1,
    "49" : 2,
    "50" : 3,
    "52" : 1,
    "53" : 1,
    "55" : 1,
    "59" : 1
  },
  "mean" : 11.502297233942803,
  "stdDev" : 6.060616794520446
}