{
  "distribution" : {
    "3" : 4,
    "4" : 28,
    "5" : 69,
    "6" : 125,
    "7" : 198,
    "8" : 249,
    "9" : 399,
    "10" : 447,
    "11" : 474,
    "12" : 492,
    "13" : 538,
    "14" : 494,
    "15" : 483,
    "16" : 478,
    "17" : 478,
    "18" : 419,
    "19" : 425,
    "20" : 384,
    "21" : 349,
    "22" : 337,
    "23" : 305,
    "24" : 283,
    "25" : 242,
    "26" : 218,
    "27" : 196,
    "28" : 198,
    "29" : 152,
    "30" : 159,
    "31" : 132,
    "32" : 110,
    "33" : 96,
    "34" : 91,
    "35" : 80,
    "36" : 79,
    "37" : 62,
    "38" : 56,
    "39" : 53,
    "40" : 43,
    "41" : 44,
    "42" : 38,
    "43" : 28,
    "44" : 24,
    "45" : 16,
    "46" : 24,
    "47" : 22,
    "48" : 16,
    "49" : 12,
    "50" : 14,
    "51" : 17,
    "52" : 21,
    "53" : 9,
    "54" : 8,
    "55" : 2,
    "56" : 5,
    "57" : 11,
    "58" : 6,
    "59" : 5,
    "60" : 2,
    "61" : 5,
    "62" : 3,
    "63" : 3,
    "64" : 3,
    "65" : 2,
    "66" : 2,
    "67" : 3,
    "68" : 3,
    "69" : 3,
    "70" : 2,
    "72" : 1,
    "73" : 1,
    "74" : 2,
    "75" : 2,
    "82" : 1,
    "84" : 1,
    "85" : 1,
    "114" : 1
  },
  "mean" : 19.404066203514507,
  "stdDev" : 9.794667853353952
}