{
  "distribution" : {
    "2" : 2,
    "3" : 35,
    "4" : 95,
    "5" : 237,
    "6" : 389,
    "7" : 495,
    "8" : 651,
    "9" : 689,
    "10" : 740,
    "11" : 712,
    "12" : 698,
    "13" : 640,
    "14" : 600,
    "15" : 592,
    "16" : 500,
    "17" : 440,
    "18" : 384,
    "19" : 300,
    "20" : 330,
    "21" : 268,
    "22" : 233,
    "23" : 191,
    "24" : 171,
    "25" : 173,
    "26" : 143,
    "27" : 114,
    "28" : 122,
    "29" : 94,
    "30" : 70,
    "31" : 68,
    "32" : 45,
    "33" : 50,
    "34" : 36,
    "35" : 37,
    "36" : 34,
    "37" : 33,
    "38" : 25,
    "39" : 15,
    "40" : 15,
    "41" : 17,
    "42" : 18,
    "43" : 10,
    "44" : 11,
    "45" : 13,
    "46" : 5,
    "47" : 5,
    "48" : 5,
    "49" : 10,
    "50" : 5,
    "51" : 4,
    "52" : 6,
    "53" : 3,
    "54" : 5,
    "55" : 2,
    "56" : 3,
    "59" : 1,
    "60" : 2,
    "61" : 1,
    "62" : 1,
    "65" : 1,
    "66" : 1,
    "68" : 2,
    "70" : 1,
    "74" : 1,
    "75" : 1,
    "83" : 1,
    "84" : 1
  },
  "mean" : 15.116770420675344,
  "stdDev" : 7.941308134745366
}