{
  "distribution" : {
    "2" : 6,
    "3" : 38,
    "4" : 108,
    "5" : 213,
    "6" : 319,
    "7" : 504,
    "8" : 507,
    "9" : 609,
    "10" : 628,
    "11" : 683,
    "12" : 648,
    "13" : 631,
    "14" : 592,
    "15" : 529,
    "16" : 471,
    "17" : 478,
    "18" : 407,
    "19" : 367,
    "20" : 300,
    "21" : 295,
    "22" : 243,
    "23" : 210,
    "24" : 182,
    "25" : 184,
    "26" : 148,
    "27" : 119,
    "28" : 117,
    "29" : 84,
    "30" : 96,
    "31" : 82,
    "32" : 57,
    "33" : 49,
    "34" : 41,
    "35" : 46,
    "36" : 46,
    "37" : 28,
    "38" : 25,
    "39" : 17,
    "40" : 25,
    "41" : 14,
    "42" : 21,
    "43" : 15,
    "44" : 22,
    "45" : 10,
    "46" : 12,
    "47" : 7,
    "48" : 4,
    "49" : 3,
    "50" : 9,
    "51" : 6,
    "52" : 4,
    "53" : 4,
    "54" : 4,
    "55" : 4,
    "56" : 1,
    "57" : 3,
    "58" : 1,
    "59" : 3,
    "60" : 1,
    "62" : 1,
    "78" : 1
  },
  "mean" : 15.644329896907216,
  "stdDev" : 8.093067701065207
}