{
  "distribution" : {
    "1" : 3,
    "2" : 54,
    "3" : 278,
    "4" : 620,
    "5" : 849,
    "6" : 1029,
    "7" : 1113,
    "8" : 1044,
    "9" : 923,
    "10" : 845,
    "11" : 717,
    "12" : 576,
    "13" : 526,
    "14" : 423,
    "15" : 384,
    "16" : 306,
    "17" : 260,
    "18" : 218,
    "19" : 152,
    "20" : 146,
    "21" : 117,
    "22" : 88,
    "23" : 78,
    "24" : 55,
    "25" : 51,
    "26" : 44,
    "27" : 36,
    "28" : 22,
    "29" : 23,
    "30" : 17,
    "31" : 20,
    "32" : 8,
    "33" : 10,
    "34" : 8,
    "35" : 5,
    "36" : 3,
    "37" : 2,
    "38" : 2,
    "39" : 2,
    "40" : 2,
    "41" : 4,
    "42" : 1,
    "43" : 3,
    "44" : 1,
    "46" : 1,
    "47" : 2,
    "48" : 2,
    "49" : 2,
    "61" : 1
  },
  "mean" : 10.350758396533044,
  "stdDev" : 5.557808682208603
}