{
  "distribution" : {
    "1" : 18,
    "2" : 124,
    "3" : 440,
    "4" : 826,
    "5" : 1054,
    "6" : 1170,
    "7" : 1158,
    "8" : 1037,
    "9" : 902,
    "10" : 778,
    "11" : 622,
    "12" : 552,
    "13" : 470,
    "14" : 329,
    "15" : 296,
    "16" : 231,
    "17" : 191,
    "18" : 126,
    "19" : 112,
    "20" : 79,
    "21" : 82,
    "22" : 53,
    "23" : 51,
    "24" : 36,
    "25" : 20,
    "26" : 20,
    "27" : 17,
    "28" : 19,
    "29" : 11,
    "30" : 6,
    "31" : 4,
    "32" : 7,
    "33" : 4,
    "34" : 4,
    "36" : 2,
    "37" : 1,
    "38" : 2,
    "41" : 1,
    "42" : 1,
    "44" : 1,
    "50" : 1,
    "51" : 1,
    "53" : 1
  },
  "mean" : 9.165561694290975,
  "stdDev" : 4.873256109664713
}