{
  "distribution" : {
    "2" : 3,
    "3" : 25,
    "4" : 125,
    "5" : 227,
    "6" : 378,
    "7" : 533,
    "8" : 641,
    "9" : 685,
    "10" : 720,
    "11" : 695,
    "12" : 660,
    "13" : 689,
    "14" : 590,
    "15" : 511,
    "16" : 522,
    "17" : 460,
    "18" : 369,
    "19" : 322,
    "20" : 276,
    "21" : 236,
    "22" : 250,
    "23" : 184,
    "24" : 152,
    "25" : 151,
    "26" : 121,
    "27" : 110,
    "28" : 95,
    "29" : 91,
    "30" : 85,
    "31" : 56,
    "32" : 62,
    "33" : 43,
    "34" : 44,
    "35" : 30,
    "36" : 31,
    "37" : 26,
    "38" : 30,
    "39" : 21,
    "40" : 17,
    "41" : 18,
    "42" : 8,
    "43" : 6,
    "44" : 8,
    "45" : 9,
    "46" : 5,
    "47" : 2,
    "48" : 5,
    "49" : 7,
    "50" : 4,
    "51" : 3,
    "52" : 5,
    "53" : 3,
    "54" : 1,
    "55" : 1,
    "56" : 4,
    "57" : 1,
    "58" : 3,
    "59" : 1,
    "60" : 2,
    "61" : 1,
    "67" : 2,
    "68" : 1,
    "70" : 1,
    "71" : 1,
    "72" : 1
  },
  "mean" : 14.90712701321246,
  "stdDev" : 7.744855690809387
}