{
  "distribution" : {
    "3" : 12,
    "4" : 24,
    "5" : 72,
    "6" : 163,
    "7" : 203,
    "8" : 314,
    "9" : 415,
    "10" : 434,
    "11" : 536,
    "12" : 567,
    "13" : 567,
    "14" : 549,
    "15" : 530,
    "16" : 505,
    "17" : 506,
    "18" : 465,
    "19" : 470,
    "20" : 391,
    "21" : 375,
    "22" : 331,
    "23" : 311,
    "24" : 294,
    "25" : 256,
    "26" : 221,
    "27" : 224,
    "28" : 185,
    "29" : 159,
    "30" : 142,
    "31" : 161,
    "32" : 122,
    "33" : 92,
    "34" : 100,
    "35" : 90,
    "36" : 76,
    "37" : 67,
    "38" : 68,
    "39" : 64,
    "40" : 56,
    "41" : 50,
    "42" : 45,
    "43" : 34,
    "44" : 28,
    "45" : 36,
    "46" : 25,
    "47" : 23,
    "48" : 26,
    "49" : 27,
    "50" : 29,
    "51" : 17,
    "52" : 12,
    "53" : 11,
    "54" : 13,
    "55" : 7,
    "56" : 9,
    "57" : 9,
    "58" : 10,
    "59" : 12,
    "60" : 6,
    "61" : 5,
    "62" : 8,
    "63" : 5,
    "64" : 2,
    "65" : 5,
    "66" : 3,
    "67" : 3,
    "68" : 3,
    "69" : 2,
    "71" : 1,
    "72" : 2,
    "73" : 2,
    "74" : 1,
    "76" : 2,
    "77" : 2,
    "78" : 1,
    "79" : 1,
    "81" : 1,
    "83" : 1,
    "85" : 1,
    "86" : 1,
    "87" : 2
  },
  "mean" : 19.590849056603773,
  "stdDev" : 10.291003660070626
}