{
  "distribution" : {
    "2" : 1,
    "3" : 3,
    "4" : 27,
    "5" : 66,
    "6" : 137,
    "7" : 196,
    "8" : 287,
    "9" : 358,
    "10" : 428,
    "11" : 461,
    "12" : 517,
    "13" : 536,
    "14" : 512,
    "15" : 572,
    "16" : 520,
    "17" : 474,
    "18" : 443,
    "19" : 436,
    "20" : 371,
    "21" : 373,
    "22" : 356,
    "23" : 353,
    "24" : 290,
    "25" : 261,
    "26" : 239,
    "27" : 228,
    "28" : 180,
    "29" : 169,
    "30" : 158,
    "31" : 147,
    "32" : 131,
    "33" : 96,
    "34" : 106,
    "35" : 115,
    "36" : 88,
    "37" : 77,
    "38" : 66,
    "39" : 60,
    "40" : 54,
    "41" : 41,
    "42" : 34,
    "43" : 33,
    "44" : 41,
    "45" : 29,
    "46" : 26,
    "47" : 35,
    "48" : 22,
    "49" : 25,
    "50" : 19,
    "51" : 19,
    "52" : 11,
    "53" : 12,
    "54" : 12,
    "55" : 11,
    "56" : 10,
    "57" : 13,
    "58" : 6,
    "59" : 3,
    "60" : 8,
    "61" : 7,
    "62" : 3,
    "63" : 7,
    "64" : 3,
    "65" : 3,
    "66" : 1,
    "67" : 2,
    "68" : 5,
    "69" : 5,
    "70" : 1,
    "71" : 2,
    "72" : 2,
    "73" : 2,
    "74" : 3,
    "75" : 4,
    "77" : 4,
    "78" : 1,
    "79" : 2,
    "82" : 1,
    "84" : 1,
    "85" : 1,
    "91" : 1,
    "94" : 1
  },
  "mean" : 19.98784253184099,
  "stdDev" : 10.3816604500711
}