{
  "distribution" : {
    "2" : 3,
    "3" : 25,
    "4" : 61,
    "5" : 154,
    "6" : 255,
    "7" : 370,
    "8" : 484,
    "9" : 551,
    "10" : 659,
    "11" : 633,
    "12" : 564,
    "13" : 594,
    "14" : 592,
    "15" : 568,
    "16" : 510,
    "17" : 472,
    "18" : 445,
    "19" : 380,
    "20" : 327,
    "21" : 333,
    "22" : 260,
    "23" : 243,
    "24" : 248,
    "25" : 156,
    "26" : 163,
    "27" : 163,
    "28" : 148,
    "29" : 113,
    "30" : 101,
    "31" : 97,
    "32" : 73,
    "33" : 76,
    "34" : 43,
    "35" : 44,
    "36" : 50,
    "37" : 27,
    "38" : 35,
    "39" : 36,
    "40" : 31,
    "41" : 18,
    "42" : 24,
    "43" : 18,
    "44" : 21,
    "45" : 15,
    "46" : 15,
    "47" : 9,
    "48" : 14,
    "49" : 6,
    "50" : 6,
    "51" : 9,
    "52" : 10,
    "53" : 2,
    "54" : 2,
    "55" : 3,
    "56" : 4,
    "57" : 4,
    "58" : 1,
    "59" : 3,
    "60" : 2,
    "61" : 1,
    "62" : 1,
    "63" : 2,
    "64" : 3,
    "66" : 1,
    "68" : 1,
    "70" : 2,
    "71" : 1,
    "72" : 1,
    "74" : 1,
    "79" : 1,
    "94" : 1
  },
  "mean" : 16.667217416658566,
  "stdDev" : 8.625494736608875
}