{
  "distribution" : {
    "2" : 44,
    "3" : 268,
    "4" : 596,
    "5" : 950,
    "6" : 1049,
    "7" : 1139,
    "8" : 1027,
    "9" : 977,
    "10" : 793,
    "11" : 684,
    "12" : 583,
    "13" : 483,
    "14" : 378,
    "15" : 310,
    "16" : 265,
    "17" : 228,
    "18" : 192,
    "19" : 161,
    "20" : 118,
    "21" : 109,
    "22" : 97,
    "23" : 67,
    "24" : 60,
    "25" : 45,
    "26" : 31,
    "27" : 33,
    "28" : 26,
    "29" : 17,
    "30" : 16,
    "31" : 11,
    "32" : 11,
    "33" : 8,
    "34" : 6,
    "35" : 6,
    "36" : 2,
    "37" : 2,
    "38" : 4,
    "39" : 2,
    "40" : 3,
    "43" : 2,
    "44" : 1,
    "47" : 1,
    "49" : 1
  },
  "mean" : 10.085508051082732,
  "stdDev" : 5.349090669570088
}