{
  "distribution" : {
    "3" : 1,
    "4" : 12,
    "5" : 38,
    "6" : 77,
    "7" : 125,
    "8" : 174,
    "9" : 283,
    "10" : 304,
    "11" : 373,
    "12" : 387,
    "13" : 434,
    "14" : 476,
    "15" : 423,
    "16" : 451,
    "17" : 479,
    "18" : 436,
    "19" : 449,
    "20" : 432,
    "21" : 420,
    "22" : 372,
    "23" : 367,
    "24" : 309,
    "25" : 307,
    "26" : 270,
    "27" : 216,
    "28" : 222,
    "29" : 193,
    "30" : 173,
    "31" : 171,
    "32" : 130,
    "33" : 144,
    "34" : 140,
    "35" : 132,
    "36" : 106,
    "37" : 93,
    "38" : 100,
    "39" : 80,
    "40" : 87,
    "41" : 55,
    "42" : 67,
    "43" : 58,
    "44" : 41,
    "45" : 49,
    "46" : 40,
    "47" : 49,
    "48" : 35,
    "49" : 36,
    "50" : 31,
    "51" : 20,
    "52" : 25,
    "53" : 20,
    "54" : 18,
    "55" : 18,
    "56" : 16,
    "57" : 22,
    "58" : 8,
    "59" : 12,
    "60" : 5,
    "61" : 17,
    "62" : 11,
    "63" : 6,
    "64" : 11,
    "65" : 4,
    "66" : 7,
    "67" : 6,
    "68" : 4,
    "69" : 4,
    "70" : 3,
    "71" : 1,
    "72" : 3,
    "73" : 1,
    "74" : 2,
    "75" : 2,
    "76" : 3,
    "77" : 2,
    "78" : 2,
    "79" : 5,
    "80" : 2,
    "81" : 1,
    "84" : 1,
    "85" : 1,
    "87" : 1,
    "88" : 2,
    "91" : 1,
    "92" : 1,
    "106" : 1,
    "118" : 1
  },
  "mean" : 22.239893248986853,
  "stdDev" : 11.412693930382401
}