{
  "distribution" : {
    "2" : 26,
    "3" : 135,
    "4" : 382,
    "5" : 620,
    "6" : 842,
    "7" : 977,
    "8" : 972,
    "9" : 922,
    "10" : 844,
    "11" : 787,
    "12" : 656,
    "13" : 577,
    "14" : 479,
    "15" : 442,
    "16" : 358,
    "17" : 283,
    "18" : 260,
    "19" : 225,
    "20" : 202,
    "21" : 147,
    "22" : 116,
    "23" : 104,
    "24" : 80,
    "25" : 80,
    "26" : 61,
    "27" : 45,
    "28" : 49,
    "29" : 41,
    "30" : 33,
    "31" : 22,
    "32" : 21,
    "33" : 18,
    "34" : 12,
    "35" : 18,
    "36" : 9,
    "37" : 6,
    "38" : 4,
    "39" : 5,
    "40" : 4,
    "41" : 4,
    "42" : 3,
    "43" : 4,
    "44" : 5,
    "45" : 4,
    "46" : 3,
    "47" : 1,
    "48" : 1,
    "49" : 1,
    "50" : 1,
    "52" : 2,
    "54" : 1,
    "66" : 1
  },
  "mean" : 11.578705828361635,
  "stdDev" : 6.165800634313904
}