{
  "distribution" : {
    "3" : 5,
    "4" : 42,
    "5" : 120,
    "6" : 240,
    "7" : 357,
    "8" : 425,
    "9" : 569,
    "10" : 582,
    "11" : 615,
    "12" : 557,
    "13" : 615,
    "14" : 583,
    "15" : 553,
    "16" : 508,
    "17" : 483,
    "18" : 447,
    "19" : 391,
    "20" : 341,
    "21" : 279,
    "22" : 288,
    "23" : 251,
    "24" : 246,
    "25" : 228,
    "26" : 216,
    "27" : 178,
    "28" : 158,
    "29" : 126,
    "30" : 131,
    "31" : 99,
    "32" : 78,
    "33" : 82,
    "34" : 77,
    "35" : 69,
    "36" : 52,
    "37" : 55,
    "38" : 42,
    "39" : 46,
    "40" : 49,
    "41" : 29,
    "42" : 30,
    "43" : 16,
    "44" : 22,
    "45" : 13,
    "46" : 20,
    "47" : 14,
    "48" : 9,
    "49" : 11,
    "50" : 11,
    "51" : 4,
    "52" : 5,
    "53" : 7,
    "54" : 6,
    "55" : 3,
    "56" : 3,
    "57" : 6,
    "58" : 4,
    "59" : 5,
    "60" : 1,
    "61" : 5,
    "62" : 1,
    "63" : 1,
    "64" : 3,
    "65" : 2,
    "66" : 3,
    "67" : 2,
    "69" : 3,
    "70" : 1,
    "71" : 1,
    "74" : 3,
    "76" : 1,
    "77" : 1
  },
  "mean" : 17.468405407996933,
  "stdDev" : 9.10165515399193
}