{
  "distribution" : {
    "3" : 5,
    "4" : 39,
    "5" : 102,
    "6" : 198,
    "7" : 262,
    "8" : 373,
    "9" : 452,
    "10" : 452,
    "11" : 530,
    "12" : 546,
    "13" : 617,
    "14" : 583,
    "15" : 550,
    "16" : 506,
    "17" : 467,
    "18" : 460,
    "19" : 433,
    "20" : 361,
    "21" : 358,
    "22" : 292,
    "23" : 272,
    "24" : 250,
    "25" : 258,
    "26" : 204,
    "27" : 174,
    "28" : 189,
    "29" : 148,
    "30" : 115,
    "31" : 136,
    "32" : 105,
    "33" : 93,
    "34" : 81,
    "35" : 77,
    "36" : 67,
    "37" : 55,
    "38" : 57,
    "39" : 47,
    "40" : 43,
    "41" : 36,
    "42" : 38,
    "43" : 25,
    "44" : 23,
    "45" : 20,
    "46" : 18,
    "47" : 16,
    "48" : 18,
    "49" : 13,
    "50" : 9,
    "51" : 19,
    "52" : 9,
    "53" : 6,
    "54" : 10,
    "55" : 6,
    "56" : 6,
    "57" : 8,
    "58" : 5,
    "59" : 1,
    "60" : 3,
    "61" : 1,
    "62" : 6,
    "63" : 2,
    "64" : 2,
    "65" : 1,
    "66" : 1,
    "67" : 3,
    "68" : 1,
    "69" : 1,
    "71" : 1,
    "72" : 4,
    "73" : 1,
    "76" : 1,
    "79" : 1,
    "81" : 1,
    "86" : 1,
    "91" : 1,
    "98" : 1,
    "101" : 1
  },
  "mean" : 18.442346988420745,
  "stdDev" : 9.538418203083623
}