{
  "distribution" : {
    "3" : 1,
    "4" : 15,
    "5" : 37,
    "6" : 81,
    "7" : 173,
    "8" : 254,
    "9" : 312,
    "10" : 410,
    "11" : 476,
    "12" : 464,
    "13" : 508,
    "14" : 478,
    "15" : 458,
    "16" : 509,
    "17" : 474,
    "18" : 466,
    "19" : 440,
    "20" : 421,
    "21" : 371,
    "22" : 344,
    "23" : 318,
    "24" : 297,
    "25" : 292,
    "26" : 250,
    "27" : 227,
    "28" : 199,
    "29" : 188,
    "30" : 170,
    "31" : 148,
    "32" : 143,
    "33" : 123,
    "34" : 109,
    "35" : 104,
    "36" : 93,
    "37" : 78,
    "38" : 79,
    "39" : 85,
    "40" : 70,
    "41" : 59,
    "42" : 53,
    "43" : 44,
    "44" : 47,
    "45" : 29,
    "46" : 27,
    "47" : 24,
    "48" : 30,
    "49" : 25,
    "50" : 21,
    "51" : 13,
    "52" : 13,
    "53" : 17,
    "54" : 8,
    "55" : 18,
    "56" : 13,
    "57" : 13,
    "58" : 6,
    "59" : 11,
    "60" : 7,
    "61" : 7,
    "62" : 7,
    "63" : 2,
    "64" : 9,
    "65" : 5,
    "66" : 2,
    "67" : 2,
    "68" : 2,
    "69" : 1,
    "70" : 3,
    "71" : 4,
    "72" : 3,
    "73" : 4,
    "74" : 4,
    "76" : 1,
    "77" : 2,
    "78" : 2,
    "79" : 1,
    "82" : 1,
    "83" : 1,
    "85" : 2,
    "87" : 1,
    "89" : 1,
    "90" : 1,
    "91" : 1,
    "92" : 1,
    "94" : 1,
    "95" : 1
  },
  "mean" : 20.816152716593244,
  "stdDev" : 10.73356382945949
}