{
  "distribution" : {
    "2" : 2,
    "3" : 44,
    "4" : 131,
    "5" : 260,
    "6" : 399,
    "7" : 534,
    "8" : 637,
    "9" : 702,
    "10" : 765,
    "11" : 690,
    "12" : 717,
    "13" : 660,
    "14" : 640,
    "15" : 529,
    "16" : 470,
    "17" : 468,
    "18" : 375,
    "19" : 333,
    "20" : 291,
    "21" : 270,
    "22" : 238,
    "23" : 198,
    "24" : 190,
    "25" : 154,
    "26" : 129,
    "27" : 121,
    "28" : 113,
    "29" : 86,
    "30" : 75,
    "31" : 39,
    "32" : 66,
    "33" : 44,
    "34" : 51,
    "35" : 33,
    "36" : 28,
    "37" : 29,
    "38" : 29,
    "39" : 35,
    "40" : 14,
    "41" : 13,
    "42" : 12,
    "43" : 19,
    "44" : 18,
    "45" : 6,
    "46" : 6,
    "47" : 8,
    "48" : 7,
    "49" : 4,
    "50" : 13,
    "51" : 3,
    "52" : 2,
    "53" : 4,
    "54" : 2,
    "55" : 2,
    "56" : 2,
    "57" : 1,
    "58" : 4,
    "62" : 1,
    "67" : 1,
    "70" : 1,
    "73" : 1,
    "102" : 1
  },
  "mean" : 14.97938432835821,
  "stdDev" : 7.9126708223296855
}