{
  "distribution" : {
    "2" : 2,
    "3" : 26,
    "4" : 70,
    "5" : 156,
    "6" : 258,
    "7" : 357,
    "8" : 444,
    "9" : 518,
    "10" : 558,
    "11" : 600,
    "12" : 615,
    "13" : 574,
    "14" : 555,
    "15" : 556,
    "16" : 514,
    "17" : 465,
    "18" : 462,
    "19" : 396,
    "20" : 376,
    "21" : 318,
    "22" : 278,
    "23" : 275,
    "24" : 226,
    "25" : 175,
    "26" : 167,
    "27" : 182,
    "28" : 143,
    "29" : 115,
    "30" : 112,
    "31" : 95,
    "32" : 97,
    "33" : 75,
    "34" : 59,
    "35" : 57,
    "36" : 35,
    "37" : 41,
    "38" : 31,
    "39" : 34,
    "40" : 35,
    "41" : 27,
    "42" : 24,
    "43" : 18,
    "44" : 25,
    "45" : 13,
    "46" : 10,
    "47" : 6,
    "48" : 6,
    "49" : 10,
    "50" : 9,
    "51" : 10,
    "52" : 6,
    "53" : 4,
    "54" : 7,
    "55" : 3,
    "56" : 6,
    "57" : 2,
    "58" : 4,
    "59" : 3,
    "60" : 2,
    "61" : 3,
    "62" : 3,
    "63" : 1,
    "65" : 1,
    "66" : 1,
    "67" : 1,
    "72" : 2,
    "73" : 1,
    "74" : 1,
    "79" : 2,
    "83" : 1,
    "91" : 1
  },
  "mean" : 16.995226497808087,
  "stdDev" : 8.784633973421915
}