{
  "distribution" : {
    "2" : 1,
    "3" : 10,
    "4" : 54,
    "5" : 115,
    "6" : 156,
    "7" : 240,
    "8" : 331,
    "9" : 426,
    "10" : 487,
    "11" : 506,
    "12" : 553,
    "13" : 554,
    "14" : 558,
    "15" : 544,
    "16" : 507,
    "17" : 507,
    "18" : 438,
    "19" : 403,
    "20" : 386,
    "21" : 338,
    "22" : 334,
    "23" : 277,
    "24" : 283,
    "25" : 259,
    "26" : 195,
    "27" : 218,
    "28" : 201,
    "29" : 198,
    "30" : 142,
    "31" : 137,
    "32" : 123,
    "33" : 94,
    "34" : 96,
    "35" : 94,
    "36" : 83,
    "37" : 51,
    "38" : 69,
    "39" : 60,
    "40" : 41,
    "41" : 35,
    "42" : 38,
    "43" : 41,
    "44" : 29,
    "45" : 23,
    "46" : 18,
    "47" : 16,
    "48" : 17,
    "49" : 14,
    "50" : 13,
    "51" : 17,
    "52" : 18,
    "53" : 15,
    "54" : 11,
    "55" : 5,
    "56" : 6,
    "57" : 11,
    "58" : 12,
    "59" : 7,
    "60" : 3,
    "61" : 2,
    "62" : 3,
    "63" : 2,
    "64" : 3,
    "65" : 4,
    "66" : 4,
    "67" : 2,
    "68" : 2,
    "69" : 1,
    "70" : 2,
    "71" : 3,
    "72" : 2,
    "73" : 2,
    "76" : 1,
    "77" : 1,
    "80" : 1,
    "86" : 1,
    "87" : 1,
    "92" : 1
  },
  "mean" : 19.063791124713084,
  "stdDev" : 9.945487244467836
}