{
  "distribution" : {
    "2" : 5,
    "3" : 65,
    "4" : 221,
    "5" : 422,
    "6" : 640,
    "7" : 750,
    "8" : 849,
    "9" : 864,
    "10" : 815,
    "11" : 773,
    "12" : 693,
    "13" : 602,
    "14" : 557,
    "15" : 477,
    "16" : 410,
    "17" : 321,
    "18" : 332,
    "19" : 269,
    "20" : 197,
    "21" : 169,
    "22" : 182,
    "23" : 135,
    "24" : 101,
    "25" : 120,
    "26" : 82,
    "27" : 63,
    "28" : 64,
    "29" : 56,
    "30" : 50,
    "31" : 23,
    "32" : 25,
    "33" : 27,
    "34" : 21,
    "35" : 21,
    "36" : 25,
    "37" : 16,
    "38" : 12,
    "39" : 6,
    "40" : 7,
    "41" : 10,
    "42" : 4,
    "43" : 8,
    "44" : 4,
    "45" : 2,
    "47" : 4,
    "48" : 2,
    "49" : 3,
    "50" : 2,
    "51" : 2,
    "52" : 1,
    "54" : 1,
    "55" : 3,
    "57" : 2,
    "64" : 1
  },
  "mean" : 12.843761886648917,
  "stdDev" : 6.719842377375575
}