{
  "distribution" : {
    "2" : 5,
    "3" : 71,
    "4" : 240,
    "5" : 458,
    "6" : 646,
    "7" : 760,
    "8" : 850,
    "9" : 834,
    "10" : 808,
    "11" : 765,
    "12" : 689,
    "13" : 568,
    "14" : 511,
    "15" : 477,
    "16" : 416,
    "17" : 367,
    "18" : 311,
    "19" : 219,
    "20" : 199,
    "21" : 195,
    "22" : 139,
    "23" : 139,
    "24" : 104,
    "25" : 75,
    "26" : 79,
    "27" : 72,
    "28" : 60,
    "29" : 41,
    "30" : 53,
    "31" : 22,
    "32" : 31,
    "33" : 17,
    "34" : 22,
    "35" : 21,
    "36" : 16,
    "37" : 12,
    "38" : 9,
    "39" : 9,
    "40" : 6,
    "41" : 7,
    "42" : 2,
    "43" : 5,
    "44" : 5,
    "45" : 2,
    "46" : 5,
    "47" : 1,
    "48" : 3,
    "49" : 2,
    "50" : 3,
    "51" : 2,
    "52" : 1,
    "55" : 1,
    "57" : 1
  },
  "mean" : 12.625048281189649,
  "stdDev" : 6.554934908439094
}