{
  "distribution" : {
    "2" : 3,
    "3" : 13,
    "4" : 44,
    "5" : 109,
    "6" : 177,
    "7" : 247,
    "8" : 320,
    "9" : 395,
    "10" : 469,
    "11" : 524,
    "12" : 589,
    "13" : 557,
    "14" : 573,
    "15" : 545,
    "16" : 566,
    "17" : 502,
    "18" : 470,
    "19" : 439,
    "20" : 409,
    "21" : 378,
    "22" : 372,
    "23" : 324,
    "24" : 253,
    "25" : 274,
    "26" : 240,
    "27" : 220,
    "28" : 195,
    "29" : 145,
    "30" : 142,
    "31" : 119,
    "32" : 140,
    "33" : 100,
    "34" : 88,
    "35" : 99,
    "36" : 97,
    "37" : 64,
    "38" : 66,
    "39" : 57,
    "40" : 55,
    "41" : 43,
    "42" : 44,
    "43" : 32,
    "44" : 29,
    "45" : 30,
    "46" : 31,
    "47" : 25,
    "48" : 21,
    "49" : 18,
    "50" : 23,
    "51" : 20,
    "52" : 23,
    "53" : 7,
    "54" : 10,
    "55" : 18,
    "56" : 6,
    "57" : 7,
    "58" : 9,
    "59" : 8,
    "60" : 4,
    "61" : 9,
    "62" : 4,
    "63" : 2,
    "64" : 2,
    "65" : 3,
    "67" : 4,
    "68" : 1,
    "69" : 2,
    "70" : 7,
    "72" : 2,
    "73" : 1,
    "74" : 4,
    "75" : 3,
    "76" : 1,
    "77" : 2,
    "79" : 1,
    "80" : 1,
    "84" : 2,
    "86" : 2,
    "100" : 1,
    "105" : 1
  },
  "mean" : 19.345415974912378,
  "stdDev" : 10.276957177624652
}