{
  "distribution" : {
    "2" : 3,
    "3" : 20,
    "4" : 51,
    "5" : 155,
    "6" : 243,
    "7" : 402,
    "8" : 498,
    "9" : 537,
    "10" : 571,
    "11" : 637,
    "12" : 620,
    "13" : 646,
    "14" : 580,
    "15" : 576,
    "16" : 539,
    "17" : 448,
    "18" : 445,
    "19" : 408,
    "20" : 390,
    "21" : 337,
    "22" : 270,
    "23" : 256,
    "24" : 224,
    "25" : 205,
    "26" : 192,
    "27" : 165,
    "28" : 164,
    "29" : 134,
    "30" : 128,
    "31" : 121,
    "32" : 95,
    "33" : 80,
    "34" : 58,
    "35" : 54,
    "36" : 66,
    "37" : 59,
    "38" : 32,
    "39" : 34,
    "40" : 32,
    "41" : 27,
    "42" : 26,
    "43" : 16,
    "44" : 13,
    "45" : 17,
    "46" : 13,
    "47" : 11,
    "48" : 10,
    "49" : 13,
    "50" : 11,
    "51" : 5,
    "52" : 4,
    "53" : 5,
    "54" : 13,
    "55" : 11,
    "56" : 1,
    "57" : 6,
    "58" : 3,
    "59" : 7,
    "60" : 1,
    "61" : 2,
    "62" : 1,
    "63" : 1,
    "65" : 2,
    "66" : 4,
    "68" : 2,
    "69" : 1,
    "70" : 1,
    "71" : 2,
    "72" : 1,
    "73" : 2,
    "75" : 1,
    "77" : 2,
    "87" : 1,
    "90" : 1,
    "98" : 1
  },
  "mean" : 17.17184728834127,
  "stdDev" : 9.067493527259535
}