{
  "distribution" : {
    "2" : 2,
    "3" : 16,
    "4" : 62,
    "5" : 122,
    "6" : 258,
    "7" : 324,
    "8" : 461,
    "9" : 529,
    "10" : 622,
    "11" : 597,
    "12" : 620,
    "13" : 589,
    "14" : 538,
    "15" : 573,
    "16" : 519,
    "17" : 456,
    "18" : 416,
    "19" : 409,
    "20" : 369,
    "21" : 329,
    "22" : 303,
    "23" : 268,
    "24" : 236,
    "25" : 220,
    "26" : 198,
    "27" : 162,
    "28" : 142,
    "29" : 128,
    "30" : 118,
    "31" : 111,
    "32" : 92,
    "33" : 83,
    "34" : 85,
    "35" : 61,
    "36" : 42,
    "37" : 48,
    "38" : 41,
    "39" : 42,
    "40" : 35,
    "41" : 35,
    "42" : 29,
    "43" : 29,
    "44" : 19,
    "45" : 20,
    "46" : 17,
    "47" : 8,
    "48" : 9,
    "49" : 10,
    "50" : 11,
    "51" : 7,
    "52" : 5,
    "53" : 4,
    "54" : 1,
    "55" : 7,
    "56" : 5,
    "57" : 4,
    "58" : 2,
    "59" : 3,
    "60" : 7,
    "61" : 3,
    "62" : 1,
    "63" : 1,
    "64" : 4,
    "65" : 3,
    "66" : 1,
    "67" : 3,
    "69" : 1,
    "70" : 1,
    "72" : 2,
    "75" : 1,
    "77" : 1,
    "79" : 2,
    "81" : 1
  },
  "mean" : 17.36354097109606,
  "stdDev" : 9.070519926981541
}