{
  "distribution" : {
    "3" : 2,
    "4" : 15,
    "5" : 44,
    "6" : 101,
    "7" : 139,
    "8" : 250,
    "9" : 291,
    "10" : 372,
    "11" : 373,
    "12" : 426,
    "13" : 505,
    "14" : 484,
    "15" : 510,
    "16" : 498,
    "17" : 491,
    "18" : 455,
    "19" : 432,
    "20" : 403,
    "21" : 388,
    "22" : 358,
    "23" : 372,
    "24" : 304,
    "25" : 261,
    "26" : 258,
    "27" : 229,
    "28" : 239,
    "29" : 218,
    "30" : 206,
    "31" : 181,
    "32" : 159,
    "33" : 152,
    "34" : 114,
    "35" : 128,
    "36" : 113,
    "37" : 117,
    "38" : 89,
    "39" : 92,
    "40" : 68,
    "41" : 74,
    "42" : 61,
    "43" : 48,
    "44" : 60,
    "45" : 42,
    "46" : 37,
    "47" : 41,
    "48" : 25,
    "49" : 25,
    "50" : 37,
    "51" : 15,
    "52" : 20,
    "53" : 24,
    "54" : 26,
    "55" : 20,
    "56" : 20,
    "57" : 16,
    "58" : 9,
    "59" : 13,
    "60" : 12,
    "61" : 13,
    "62" : 13,
    "63" : 9,
    "64" : 5,
    "65" : 6,
    "66" : 7,
    "67" : 5,
    "68" : 7,
    "69" : 9,
    "70" : 4,
    "71" : 1,
    "72" : 4,
    "74" : 4,
    "75" : 1,
    "76" : 4,
    "77" : 5,
    "78" : 1,
    "79" : 3,
    "80" : 1,
    "82" : 1,
    "85" : 1,
    "87" : 1,
    "91" : 1,
    "92" : 2,
    "98" : 1,
    "100" : 1,
    "105" : 1
  },
  "mean" : 21.87070840820959,
  "stdDev" : 11.473382388924886
}