{
  "distribution" : {
    "2" : 25,
    "3" : 133,
    "4" : 363,
    "5" : 674,
    "6" : 803,
    "7" : 938,
    "8" : 943,
    "9" : 919,
    "10" : 846,
    "11" : 755,
    "12" : 673,
    "13" : 539,
    "14" : 509,
    "15" : 425,
    "16" : 351,
    "17" : 278,
    "18" : 243,
    "19" : 211,
    "20" : 176,
    "21" : 141,
    "22" : 112,
    "23" : 95,
    "24" : 82,
    "25" : 61,
    "26" : 55,
    "27" : 50,
    "28" : 41,
    "29" : 40,
    "30" : 21,
    "31" : 17,
    "32" : 14,
    "33" : 18,
    "34" : 13,
    "35" : 14,
    "36" : 9,
    "37" : 6,
    "38" : 7,
    "39" : 3,
    "40" : 8,
    "41" : 6,
    "42" : 6,
    "43" : 5,
    "44" : 1,
    "45" : 3,
    "46" : 2,
    "48" : 1,
    "51" : 2,
    "56" : 1
  },
  "mean" : 11.451870652378267,
  "stdDev" : 6.025991600133456
}