{
  "distribution" : {
    "2" : 2,
    "3" : 8,
    "4" : 39,
    "5" : 89,
    "6" : 174,
    "7" : 247,
    "8" : 316,
    "9" : 428,
    "10" : 486,
    "11" : 516,
    "12" : 542,
    "13" : 561,
    "14" : 535,
    "15" : 562,
    "16" : 505,
    "17" : 523,
    "18" : 470,
    "19" : 428,
    "20" : 388,
    "21" : 375,
    "22" : 330,
    "23" : 291,
    "24" : 285,
    "25" : 230,
    "26" : 211,
    "27" : 198,
    "28" : 170,
    "29" : 176,
    "30" : 171,
    "31" : 127,
    "32" : 136,
    "33" : 107,
    "34" : 82,
    "35" : 73,
    "36" : 75,
    "37" : 74,
    "38" : 70,
    "39" : 62,
    "40" : 54,
    "41" : 31,
    "42" : 33,
    "43" : 27,
    "44" : 32,
    "45" : 37,
    "46" : 20,
    "47" : 20,
    "48" : 31,
    "49" : 18,
    "50" : 19,
    "51" : 16,
    "52" : 16,
    "53" : 6,
    "54" : 10,
    "55" : 11,
    "56" : 7,
    "57" : 7,
    "58" : 7,
    "59" : 6,
    "60" : 4,
    "61" : 4,
    "62" : 2,
    "63" : 3,
    "64" : 7,
    "65" : 1,
    "66" : 5,
    "67" : 3,
    "69" : 2,
    "70" : 1,
    "71" : 5,
    "72" : 1,
    "74" : 3,
    "75" : 1,
    "81" : 1,
    "82" : 1,
    "94" : 1,
    "96" : 1,
    "118" : 1
  },
  "mean" : 19.15165921840829,
  "stdDev" : 10.02082798428111
}