{
  "distribution" : {
    "3" : 4,
    "4" : 25,
    "5" : 60,
    "6" : 114,
    "7" : 163,
    "8" : 247,
    "9" : 314,
    "10" : 349,
    "11" : 441,
    "12" : 443,
    "13" : 508,
    "14" : 509,
    "15" : 549,
    "16" : 519,
    "17" : 532,
    "18" : 483,
    "19" : 467,
    "20" : 435,
    "21" : 382,
    "22" : 366,
    "23" : 326,
    "24" : 298,
    "25" : 255,
    "26" : 238,
    "27" : 256,
    "28" : 221,
    "29" : 213,
    "30" : 189,
    "31" : 158,
    "32" : 140,
    "33" : 146,
    "34" : 110,
    "35" : 125,
    "36" : 80,
    "37" : 83,
    "38" : 65,
    "39" : 88,
    "40" : 62,
    "41" : 62,
    "42" : 60,
    "43" : 56,
    "44" : 51,
    "45" : 42,
    "46" : 36,
    "47" : 39,
    "48" : 30,
    "49" : 35,
    "50" : 29,
    "51" : 28,
    "52" : 25,
    "53" : 20,
    "54" : 20,
    "55" : 14,
    "56" : 20,
    "57" : 10,
    "58" : 11,
    "59" : 12,
    "60" : 6,
    "61" : 15,
    "62" : 10,
    "63" : 8,
    "64" : 7,
    "65" : 5,
    "66" : 5,
    "67" : 5,
    "68" : 5,
    "69" : 3,
    "70" : 3,
    "71" : 4,
    "72" : 4,
    "73" : 3,
    "74" : 3,
    "75" : 5,
    "76" : 1,
    "77" : 1,
    "78" : 3,
    "79" : 5,
    "81" : 2,
    "82" : 1,
    "83" : 1,
    "92" : 1,
    "113" : 1
  },
  "mean" : 21.25791940018744,
  "stdDev" : 11.20332542139912
}