{
  "distribution" : {
    "2" : 3,
    "3" : 61,
    "4" : 197,
    "5" : 381,
    "6" : 540,
    "7" : 660,
    "8" : 747,
    "9" : 806,
    "10" : 763,
    "11" : 705,
    "12" : 746,
    "13" : 643,
    "14" : 615,
    "15" : 566,
    "16" : 485,
    "17" : 406,
    "18" : 377,
    "19" : 306,
    "20" : 256,
    "21" : 245,
    "22" : 201,
    "23" : 170,
    "24" : 147,
    "25" : 135,
    "26" : 116,
    "27" : 107,
    "28" : 87,
    "29" : 77,
    "30" : 53,
    "31" : 57,
    "32" : 39,
    "33" : 32,
    "34" : 32,
    "35" : 20,
    "36" : 21,
    "37" : 26,
    "38" : 12,
    "39" : 13,
    "40" : 10,
    "41" : 12,
    "42" : 11,
    "43" : 14,
    "44" : 10,
    "45" : 7,
    "46" : 3,
    "47" : 4,
    "48" : 4,
    "49" : 8,
    "50" : 1,
    "51" : 5,
    "52" : 4,
    "54" : 3,
    "55" : 1,
    "56" : 1,
    "57" : 1,
    "58" : 1,
    "60" : 1,
    "62" : 1,
    "63" : 1,
    "64" : 2,
    "66" : 1,
    "67" : 1,
    "70" : 1,
    "76" : 2
  },
  "mean" : 13.903493569278481,
  "stdDev" : 7.42710053204537
}