{
  "distribution" : {
    "2" : 2,
    "3" : 3,
    "4" : 26,
    "5" : 94,
    "6" : 197,
    "7" : 259,
    "8" : 355,
    "9" : 462,
    "10" : 527,
    "11" : 558,
    "12" : 535,
    "13" : 572,
    "14" : 539,
    "15" : 539,
    "16" : 518,
    "17" : 458,
    "18" : 481,
    "19" : 401,
    "20" : 390,
    "21" : 321,
    "22" : 352,
    "23" : 269,
    "24" : 233,
    "25" : 238,
    "26" : 201,
    "27" : 184,
    "28" : 173,
    "29" : 163,
    "30" : 139,
    "31" : 112,
    "32" : 112,
    "33" : 92,
    "34" : 90,
    "35" : 81,
    "36" : 80,
    "37" : 56,
    "38" : 51,
    "39" : 56,
    "40" : 29,
    "41" : 36,
    "42" : 37,
    "43" : 20,
    "44" : 31,
    "45" : 24,
    "46" : 19,
    "47" : 21,
    "48" : 18,
    "49" : 17,
    "50" : 17,
    "51" : 15,
    "52" : 8,
    "53" : 15,
    "54" : 4,
    "55" : 6,
    "56" : 9,
    "57" : 1,
    "58" : 5,
    "59" : 7,
    "60" : 6,
    "61" : 4,
    "62" : 4,
    "63" : 3,
    "64" : 2,
    "65" : 5,
    "66" : 3,
    "67" : 2,
    "69" : 2,
    "70" : 1,
    "71" : 1,
    "73" : 2,
    "116" : 1
  },
  "mean" : 18.543909073246553,
  "stdDev" : 9.598759053726903
}