{
  "distribution" : {
    "3" : 2,
    "4" : 15,
    "5" : 23,
    "6" : 88,
    "7" : 178,
    "8" : 209,
    "9" : 295,
    "10" : 368,
    "11" : 405,
    "12" : 421,
    "13" : 479,
    "14" : 491,
    "15" : 501,
    "16" : 501,
    "17" : 480,
    "18" : 483,
    "19" : 445,
    "20" : 362,
    "21" : 369,
    "22" : 343,
    "23" : 339,
    "24" : 302,
    "25" : 290,
    "26" : 238,
    "27" : 218,
    "28" : 226,
    "29" : 195,
    "30" : 171,
    "31" : 151,
    "32" : 145,
    "33" : 153,
    "34" : 118,
    "35" : 123,
    "36" : 108,
    "37" : 97,
    "38" : 89,
    "39" : 70,
    "40" : 70,
    "41" : 62,
    "42" : 59,
    "43" : 56,
    "44" : 51,
    "45" : 48,
    "46" : 41,
    "47" : 37,
    "48" : 37,
    "49" : 26,
    "50" : 26,
    "51" : 28,
    "52" : 15,
    "53" : 27,
    "54" : 18,
    "55" : 19,
    "56" : 15,
    "57" : 17,
    "58" : 10,
    "59" : 4,
    "60" : 8,
    "61" : 7,
    "62" : 6,
    "63" : 5,
    "64" : 6,
    "65" : 2,
    "66" : 5,
    "67" : 3,
    "68" : 4,
    "69" : 4,
    "70" : 4,
    "71" : 3,
    "72" : 2,
    "73" : 5,
    "74" : 2,
    "75" : 2,
    "77" : 2,
    "78" : 5,
    "79" : 1,
    "84" : 1,
    "85" : 1,
    "86" : 1,
    "87" : 1,
    "89" : 1,
    "90" : 1,
    "91" : 1,
    "101" : 1
  },
  "mean" : 21.522702861048725,
  "stdDev" : 11.111521731690432
}