{
  "distribution" : {
    "2" : 1,
    "3" : 5,
    "4" : 33,
    "5" : 85,
    "6" : 181,
    "7" : 250,
    "8" : 351,
    "9" : 438,
    "10" : 473,
    "11" : 541,
    "12" : 577,
    "13" : 580,
    "14" : 594,
    "15" : 510,
    "16" : 576,
    "17" : 481,
    "18" : 447,
    "19" : 424,
    "20" : 391,
    "21" : 343,
    "22" : 345,
    "23" : 300,
    "24" : 261,
    "25" : 232,
    "26" : 206,
    "27" : 175,
    "28" : 190,
    "29" : 159,
    "30" : 142,
    "31" : 135,
    "32" : 104,
    "33" : 97,
    "34" : 92,
    "35" : 76,
    "36" : 71,
    "37" : 69,
    "38" : 53,
    "39" : 38,
    "40" : 49,
    "41" : 42,
    "42" : 34,
    "43" : 49,
    "44" : 25,
    "45" : 30,
    "46" : 30,
    "47" : 18,
    "48" : 22,
    "49" : 15,
    "50" : 14,
    "51" : 13,
    "52" : 10,
    "53" : 11,
    "54" : 4,
    "55" : 10,
    "56" : 8,
    "57" : 7,
    "58" : 6,
    "59" : 3,
    "60" : 3,
    "61" : 4,
    "62" : 4,
    "63" : 4,
    "64" : 1,
    "65" : 3,
    "66" : 2,
    "67" : 3,
    "68" : 4,
    "69" : 1,
    "70" : 3,
    "71" : 1,
    "73" : 1,
    "74" : 1,
    "75" : 1,
    "76" : 2,
    "77" : 2,
    "83" : 1,
    "87" : 1,
    "91" : 1,
    "93" : 1,
    "98" : 1
  },
  "mean" : 18.82609110877662,
  "stdDev" : 9.827967771448316
}