{
  "distribution" : {
    "3" : 5,
    "4" : 18,
    "5" : 52,
    "6" : 113,
    "7" : 207,
    "8" : 261,
    "9" : 340,
    "10" : 467,
    "11" : 500,
    "12" : 576,
    "13" : 535,
    "14" : 540,
    "15" : 521,
    "16" : 522,
    "17" : 500,
    "18" : 445,
    "19" : 422,
    "20" : 431,
    "21" : 346,
    "22" : 356,
    "23" : 350,
    "24" : 300,
    "25" : 273,
    "26" : 247,
    "27" : 216,
    "28" : 222,
    "29" : 205,
    "30" : 154,
    "31" : 165,
    "32" : 124,
    "33" : 126,
    "34" : 126,
    "35" : 103,
    "36" : 89,
    "37" : 99,
    "38" : 88,
    "39" : 66,
    "40" : 61,
    "41" : 60,
    "42" : 51,
    "43" : 55,
    "44" : 45,
    "45" : 30,
    "46" : 27,
    "47" : 32,
    "48" : 31,
    "49" : 19,
    "50" : 26,
    "51" : 23,
    "52" : 13,
    "53" : 20,
    "54" : 19,
    "55" : 12,
    "56" : 13,
    "57" : 6,
    "58" : 12,
    "59" : 10,
    "60" : 11,
    "61" : 9,
    "62" : 6,
    "63" : 5,
    "64" : 9,
    "65" : 5,
    "66" : 5,
    "67" : 5,
    "68" : 4,
    "69" : 5,
    "70" : 3,
    "71" : 2,
    "72" : 4,
    "73" : 2,
    "74" : 3,
    "75" : 3,
    "76" : 1,
    "77" : 1,
    "79" : 2,
    "81" : 1,
    "82" : 1,
    "83" : 1,
    "84" : 1,
    "85" : 1,
    "86" : 1,
    "87" : 1,
    "90" : 1,
    "91" : 1,
    "95" : 1
  },
  "mean" : 20.54753946146704,
  "stdDev" : 10.879625510919235
}