{
  "distribution" : {
    "2" : 10,
    "3" : 55,
    "4" : 154,
    "5" : 332,
    "6" : 520,
    "7" : 678,
    "8" : 759,
    "9" : 779,
    "10" : 747,
    "11" : 775,
    "12" : 679,
    "13" : 621,
    "14" : 626,
    "15" : 514,
    "16" : 510,
    "17" : 386,
    "18" : 337,
    "19" : 311,
    "20" : 299,
    "21" : 223,
    "22" : 207,
    "23" : 212,
    "24" : 159,
    "25" : 141,
    "26" : 109,
    "27" : 103,
    "28" : 81,
    "29" : 69,
    "30" : 54,
    "31" : 53,
    "32" : 44,
    "33" : 31,
    "34" : 46,
    "35" : 34,
    "36" : 34,
    "37" : 20,
    "38" : 9,
    "39" : 19,
    "40" : 15,
    "41" : 10,
    "42" : 12,
    "43" : 8,
    "44" : 7,
    "45" : 4,
    "46" : 4,
    "47" : 4,
    "48" : 4,
    "49" : 5,
    "50" : 1,
    "51" : 1,
    "52" : 3,
    "53" : 3,
    "54" : 5,
    "56" : 2,
    "58" : 1,
    "59" : 1,
    "61" : 1,
    "65" : 1,
    "71" : 1,
    "73" : 1,
    "76" : 1,
    "78" : 1,
    "96" : 1
  },
  "mean" : 14.044477253852543,
  "stdDev" : 7.4593927275452145
}