{
  "distribution" : {
    "3" : 24,
    "4" : 94,
    "5" : 236,
    "6" : 423,
    "7" : 509,
    "8" : 629,
    "9" : 689,
    "10" : 728,
    "11" : 692,
    "12" : 631,
    "13" : 624,
    "14" : 562,
    "15" : 538,
    "16" : 493,
    "17" : 444,
    "18" : 377,
    "19" : 299,
    "20" : 315,
    "21" : 236,
    "22" : 218,
    "23" : 190,
    "24" : 168,
    "25" : 130,
    "26" : 135,
    "27" : 102,
    "28" : 98,
    "29" : 90,
    "30" : 69,
    "31" : 61,
    "32" : 48,
    "33" : 52,
    "34" : 49,
    "35" : 42,
    "36" : 23,
    "37" : 21,
    "38" : 19,
    "39" : 19,
    "40" : 18,
    "41" : 15,
    "42" : 11,
    "43" : 8,
    "44" : 11,
    "45" : 3,
    "46" : 7,
    "47" : 7,
    "48" : 7,
    "49" : 4,
    "50" : 7,
    "51" : 5,
    "52" : 2,
    "53" : 2,
    "54" : 2,
    "55" : 1,
    "56" : 2,
    "57" : 2,
    "58" : 2,
    "60" : 2,
    "61" : 1,
    "66" : 2
  },
  "mean" : 14.87487742694646,
  "stdDev" : 7.664001376105519
}