{
  "distribution" : {
    "1" : 1,
    "2" : 9,
    "3" : 77,
    "4" : 212,
    "5" : 419,
    "6" : 545,
    "7" : 705,
    "8" : 814,
    "9" : 782,
    "10" : 805,
    "11" : 718,
    "12" : 732,
    "13" : 683,
    "14" : 573,
    "15" : 545,
    "16" : 466,
    "17" : 382,
    "18" : 356,
    "19" : 269,
    "20" : 275,
    "21" : 233,
    "22" : 207,
    "23" : 162,
    "24" : 131,
    "25" : 129,
    "26" : 105,
    "27" : 89,
    "28" : 92,
    "29" : 72,
    "30" : 60,
    "31" : 47,
    "32" : 34,
    "33" : 33,
    "34" : 36,
    "35" : 25,
    "36" : 25,
    "37" : 17,
    "38" : 24,
    "39" : 14,
    "40" : 14,
    "41" : 9,
    "42" : 9,
    "43" : 10,
    "44" : 6,
    "45" : 5,
    "46" : 6,
    "47" : 2,
    "49" : 3,
    "50" : 5,
    "51" : 1,
    "52" : 5,
    "53" : 2,
    "54" : 1,
    "55" : 1,
    "56" : 3,
    "57" : 2,
    "61" : 1,
    "62" : 1,
    "78" : 1,
    "83" : 1
  },
  "mean" : 13.617414248021108,
  "stdDev" : 7.283485170233839
}