{
  "distribution" : {
    "2" : 3,
    "3" : 35,
    "4" : 124,
    "5" : 251,
    "6" : 446,
    "7" : 547,
    "8" : 684,
    "9" : 700,
    "10" : 744,
    "11" : 704,
    "12" : 677,
    "13" : 655,
    "14" : 593,
    "15" : 523,
    "16" : 483,
    "17" : 416,
    "18" : 392,
    "19" : 314,
    "20" : 268,
    "21" : 211,
    "22" : 221,
    "23" : 190,
    "24" : 172,
    "25" : 124,
    "26" : 146,
    "27" : 116,
    "28" : 85,
    "29" : 68,
    "30" : 78,
    "31" : 54,
    "32" : 45,
    "33" : 40,
    "34" : 31,
    "35" : 34,
    "36" : 17,
    "37" : 21,
    "38" : 26,
    "39" : 18,
    "40" : 12,
    "41" : 12,
    "42" : 9,
    "43" : 10,
    "44" : 15,
    "45" : 6,
    "46" : 5,
    "47" : 6,
    "48" : 2,
    "49" : 6,
    "50" : 6,
    "51" : 2,
    "52" : 6,
    "53" : 2,
    "54" : 2,
    "55" : 2,
    "56" : 3,
    "58" : 1,
    "59" : 2,
    "60" : 1,
    "62" : 1,
    "64" : 1,
    "67" : 1,
    "80" : 1
  },
  "mean" : 14.550241080038573,
  "stdDev" : 7.559646922122994
}