{
  "distribution" : {
    "3" : 27,
    "4" : 64,
    "5" : 135,
    "6" : 226,
    "7" : 335,
    "8" : 447,
    "9" : 520,
    "10" : 596,
    "11" : 630,
    "12" : 611,
    "13" : 569,
    "14" : 566,
    "15" : 529,
    "16" : 531,
    "17" : 486,
    "18" : 422,
    "19" : 429,
    "20" : 381,
    "21" : 345,
    "22" : 305,
    "23" : 258,
    "24" : 237,
    "25" : 215,
    "26" : 196,
    "27" : 188,
    "28" : 157,
    "29" : 132,
    "30" : 118,
    "31" : 104,
    "32" : 100,
    "33" : 85,
    "34" : 81,
    "35" : 62,
    "36" : 51,
    "37" : 48,
    "38" : 46,
    "39" : 52,
    "40" : 35,
    "41" : 27,
    "42" : 28,
    "43" : 27,
    "44" : 20,
    "45" : 24,
    "46" : 17,
    "47" : 14,
    "48" : 14,
    "49" : 9,
    "50" : 11,
    "51" : 6,
    "52" : 8,
    "53" : 9,
    "54" : 8,
    "55" : 5,
    "56" : 1,
    "57" : 5,
    "58" : 4,
    "59" : 5,
    "60" : 1,
    "61" : 4,
    "62" : 2,
    "63" : 2,
    "64" : 1,
    "65" : 4,
    "68" : 1,
    "69" : 1,
    "70" : 2,
    "73" : 1,
    "76" : 2,
    "80" : 1,
    "81" : 2,
    "89" : 1,
    "102" : 1
  },
  "mean" : 17.521016340795317,
  "stdDev" : 9.197448254741968
}