{
  "distribution" : {
    "2" : 15,
    "3" : 81,
    "4" : 212,
    "5" : 393,
    "6" : 570,
    "7" : 730,
    "8" : 810,
    "9" : 774,
    "10" : 799,
    "11" : 745,
    "12" : 693,
    "13" : 638,
    "14" : 529,
    "15" : 495,
    "16" : 415,
    "17" : 355,
    "18" : 330,
    "19" : 317,
    "20" : 252,
    "21" : 194,
    "22" : 180,
    "23" : 165,
    "24" : 116,
    "25" : 110,
    "26" : 75,
    "27" : 79,
    "28" : 60,
    "29" : 56,
    "30" : 39,
    "31" : 40,
    "32" : 43,
    "33" : 33,
    "34" : 26,
    "35" : 27,
    "36" : 19,
    "37" : 14,
    "38" : 13,
    "39" : 9,
    "40" : 10,
    "41" : 11,
    "42" : 8,
    "43" : 8,
    "44" : 7,
    "45" : 3,
    "46" : 4,
    "47" : 2,
    "48" : 5,
    "49" : 1,
    "50" : 3,
    "51" : 2,
    "52" : 1,
    "53" : 1,
    "55" : 2,
    "62" : 1
  },
  "mean" : 13.206939163498099,
  "stdDev" : 6.910840750749454
}