{
  "distribution" : {
    "2" : 3,
    "3" : 38,
    "4" : 120,
    "5" : 294,
    "6" : 421,
    "7" : 564,
    "8" : 681,
    "9" : 713,
    "10" : 783,
    "11" : 761,
    "12" : 716,
    "13" : 645,
    "14" : 563,
    "15" : 541,
    "16" : 475,
    "17" : 415,
    "18" : 371,
    "19" : 341,
    "20" : 294,
    "21" : 268,
    "22" : 257,
    "23" : 195,
    "24" : 171,
    "25" : 153,
    "26" : 157,
    "27" : 124,
    "28" : 111,
    "29" : 88,
    "30" : 82,
    "31" : 57,
    "32" : 69,
    "33" : 39,
    "34" : 46,
    "35" : 44,
    "36" : 25,
    "37" : 26,
    "38" : 24,
    "39" : 23,
    "40" : 18,
    "41" : 24,
    "42" : 12,
    "43" : 6,
    "44" : 9,
    "45" : 8,
    "46" : 9,
    "47" : 6,
    "48" : 10,
    "49" : 4,
    "50" : 3,
    "51" : 2,
    "52" : 4,
    "53" : 5,
    "54" : 2,
    "55" : 3,
    "56" : 1,
    "57" : 3,
    "58" : 2,
    "60" : 4,
    "62" : 1,
    "63" : 2,
    "64" : 1,
    "65" : 1,
    "68" : 1,
    "69" : 1,
    "71" : 1
  },
  "mean" : 14.874919287888572,
  "stdDev" : 7.901891446199799
}