{
  "distribution" : {
    "3" : 4,
    "4" : 25,
    "5" : 54,
    "6" : 129,
    "7" : 196,
    "8" : 255,
    "9" : 348,
    "10" : 436,
    "11" : 484,
    "12" : 534,
    "13" : 550,
    "14" : 555,
    "15" : 512,
    "16" : 522,
    "17" : 485,
    "18" : 493,
    "147" : 1,
    "19" : 459,
    "20" : 424,
    "21" : 380,
    "22" : 358,
    "23" : 332,
    "24" : 310,
    "25" : 334,
    "26" : 249,
    "27" : 233,
    "28" : 210,
    "29" : 197,
    "30" : 174,
    "31" : 136,
    "32" : 132,
    "33" : 135,
    "34" : 110,
    "35" : 90,
    "36" : 97,
    "37" : 87,
    "38" : 77,
    "39" : 57,
    "40" : 59,
    "41" : 54,
    "42" : 48,
    "43" : 45,
    "44" : 43,
    "45" : 33,
    "46" : 38,
    "47" : 30,
    "48" : 18,
    "49" : 30,
    "50" : 25,
    "51" : 22,
    "52" : 21,
    "53" : 25,
    "54" : 17,
    "55" : 16,
    "56" : 13,
    "57" : 13,
    "58" : 14,
    "59" : 4,
    "60" : 8,
    "61" : 11,
    "62" : 10,
    "63" : 5,
    "64" : 5,
    "65" : 3,
    "66" : 4,
    "67" : 9,
    "68" : 3,
    "69" : 3,
    "70" : 6,
    "71" : 3,
    "72" : 4,
    "74" : 4,
    "75" : 2,
    "76" : 2,
    "80" : 3,
    "82" : 1,
    "83" : 1,
    "86" : 1,
    "87" : 1,
    "89" : 1,
    "96" : 1,
    "97" : 1,
    "120" : 1
  },
  "mean" : 20.562771362586606,
  "stdDev" : 10.915288937984977
}