{
  "distribution" : {
    "3" : 40,
    "4" : 103,
    "5" : 201,
    "6" : 369,
    "7" : 458,
    "8" : 589,
    "9" : 673,
    "10" : 686,
    "11" : 736,
    "12" : 658,
    "13" : 594,
    "14" : 582,
    "15" : 549,
    "16" : 511,
    "17" : 435,
    "18" : 410,
    "19" : 377,
    "20" : 327,
    "21" : 278,
    "22" : 224,
    "23" : 217,
    "24" : 188,
    "25" : 164,
    "26" : 132,
    "27" : 152,
    "28" : 116,
    "29" : 99,
    "30" : 84,
    "31" : 75,
    "32" : 48,
    "33" : 54,
    "34" : 57,
    "35" : 52,
    "36" : 39,
    "37" : 32,
    "38" : 30,
    "39" : 19,
    "40" : 18,
    "41" : 25,
    "42" : 24,
    "43" : 10,
    "44" : 7,
    "45" : 11,
    "46" : 6,
    "47" : 9,
    "48" : 4,
    "49" : 4,
    "50" : 7,
    "51" : 4,
    "53" : 3,
    "54" : 3,
    "55" : 2,
    "57" : 1,
    "59" : 1,
    "61" : 2,
    "62" : 2,
    "64" : 2,
    "65" : 3,
    "68" : 1,
    "69" : 2,
    "82" : 1,
    "83" : 1,
    "86" : 1,
    "91" : 1
  },
  "mean" : 15.50860838961286,
  "stdDev" : 8.112798008569435
}