{
  "distribution" : {
    "2" : 1,
    "3" : 19,
    "4" : 41,
    "5" : 99,
    "6" : 205,
    "7" : 253,
    "8" : 384,
    "9" : 453,
    "10" : 487,
    "11" : 526,
    "12" : 580,
    "13" : 555,
    "14" : 563,
    "15" : 531,
    "16" : 549,
    "17" : 540,
    "18" : 463,
    "19" : 400,
    "20" : 387,
    "21" : 362,
    "22" : 343,
    "23" : 327,
    "24" : 302,
    "25" : 254,
    "26" : 213,
    "27" : 186,
    "28" : 177,
    "29" : 156,
    "30" : 141,
    "31" : 128,
    "32" : 122,
    "33" : 127,
    "34" : 91,
    "35" : 90,
    "36" : 76,
    "37" : 68,
    "38" : 65,
    "39" : 48,
    "40" : 55,
    "41" : 37,
    "42" : 37,
    "43" : 40,
    "44" : 29,
    "45" : 21,
    "46" : 27,
    "47" : 13,
    "48" : 16,
    "49" : 16,
    "50" : 14,
    "51" : 19,
    "52" : 11,
    "53" : 12,
    "54" : 3,
    "55" : 4,
    "56" : 11,
    "57" : 7,
    "58" : 7,
    "59" : 5,
    "60" : 12,
    "61" : 4,
    "62" : 4,
    "63" : 5,
    "64" : 4,
    "65" : 3,
    "66" : 5,
    "67" : 3,
    "68" : 4,
    "70" : 3,
    "71" : 2,
    "72" : 3,
    "73" : 1,
    "74" : 2,
    "75" : 1,
    "78" : 1,
    "79" : 2,
    "81" : 1,
    "83" : 1,
    "85" : 1,
    "89" : 1,
    "92" : 1
  },
  "mean" : 18.91496282527881,
  "stdDev" : 10.009834326793298
}