{
  "distribution" : {
    "4" : 12,
    "5" : 40,
    "6" : 89,
    "7" : 146,
    "8" : 224,
    "9" : 315,
    "10" : 361,
    "11" : 390,
    "12" : 400,
    "13" : 480,
    "14" : 461,
    "15" : 530,
    "16" : 454,
    "17" : 442,
    "18" : 477,
    "19" : 434,
    "20" : 395,
    "21" : 349,
    "22" : 379,
    "23" : 320,
    "24" : 292,
    "25" : 310,
    "26" : 253,
    "27" : 275,
    "28" : 226,
    "29" : 179,
    "30" : 196,
    "31" : 148,
    "32" : 126,
    "33" : 147,
    "34" : 105,
    "35" : 117,
    "36" : 104,
    "37" : 100,
    "38" : 95,
    "39" : 74,
    "40" : 81,
    "41" : 57,
    "42" : 58,
    "43" : 52,
    "44" : 39,
    "45" : 31,
    "46" : 50,
    "47" : 26,
    "48" : 33,
    "49" : 17,
    "50" : 32,
    "51" : 21,
    "52" : 25,
    "53" : 17,
    "54" : 9,
    "55" : 24,
    "56" : 16,
    "57" : 10,
    "58" : 5,
    "59" : 7,
    "60" : 2,
    "61" : 8,
    "62" : 11,
    "63" : 3,
    "64" : 2,
    "65" : 4,
    "66" : 4,
    "67" : 5,
    "68" : 7,
    "69" : 5,
    "70" : 3,
    "71" : 2,
    "72" : 5,
    "74" : 4,
    "75" : 1,
    "76" : 3,
    "77" : 1,
    "78" : 5,
    "79" : 1,
    "80" : 2,
    "82" : 2,
    "83" : 1,
    "85" : 2,
    "86" : 1,
    "87" : 2,
    "90" : 1,
    "92" : 1,
    "98" : 1
  },
  "mean" : 21.486100157728707,
  "stdDev" : 11.04109377561965
}