{
  "distribution" : {
    "2" : 45,
    "3" : 208,
    "4" : 534,
    "5" : 769,
    "6" : 991,
    "7" : 1070,
    "8" : 988,
    "9" : 1024,
    "10" : 879,
    "11" : 752,
    "12" : 667,
    "13" : 537,
    "14" : 462,
    "15" : 360,
    "16" : 339,
    "17" : 279,
    "18" : 207,
    "19" : 213,
    "20" : 132,
    "21" : 122,
    "22" : 102,
    "23" : 86,
    "24" : 60,
    "25" : 48,
    "26" : 51,
    "27" : 33,
    "28" : 43,
    "29" : 25,
    "30" : 25,
    "31" : 16,
    "32" : 22,
    "33" : 12,
    "34" : 17,
    "35" : 16,
    "36" : 5,
    "37" : 3,
    "38" : 2,
    "39" : 1,
    "40" : 4,
    "41" : 1,
    "42" : 3,
    "43" : 1,
    "44" : 4,
    "45" : 2,
    "46" : 1,
    "47" : 1,
    "48" : 1,
    "49" : 1,
    "54" : 1,
    "57" : 1,
    "58" : 1,
    "60" : 1,
    "65" : 1
  },
  "mean" : 10.773211567732115,
  "stdDev" : 5.8088626655742415
}