{
  "distribution" : {
    "3" : 6,
    "4" : 34,
    "5" : 68,
    "6" : 169,
    "7" : 205,
    "8" : 311,
    "9" : 369,
    "10" : 456,
    "11" : 501,
    "12" : 540,
    "13" : 543,
    "14" : 531,
    "15" : 498,
    "16" : 522,
    "17" : 473,
    "18" : 495,
    "19" : 422,
    "20" : 416,
    "21" : 402,
    "22" : 348,
    "23" : 316,
    "24" : 300,
    "25" : 250,
    "26" : 257,
    "27" : 211,
    "28" : 208,
    "29" : 182,
    "30" : 156,
    "31" : 159,
    "32" : 138,
    "33" : 117,
    "34" : 114,
    "35" : 100,
    "36" : 97,
    "37" : 83,
    "38" : 83,
    "39" : 62,
    "40" : 57,
    "41" : 51,
    "42" : 47,
    "43" : 40,
    "44" : 44,
    "45" : 28,
    "46" : 33,
    "47" : 40,
    "48" : 25,
    "49" : 23,
    "50" : 25,
    "51" : 16,
    "52" : 16,
    "53" : 24,
    "54" : 17,
    "55" : 14,
    "56" : 11,
    "57" : 10,
    "58" : 15,
    "59" : 7,
    "60" : 5,
    "61" : 5,
    "62" : 5,
    "63" : 10,
    "65" : 4,
    "66" : 4,
    "67" : 5,
    "68" : 6,
    "69" : 2,
    "70" : 1,
    "71" : 3,
    "72" : 2,
    "73" : 4,
    "74" : 1,
    "77" : 4,
    "78" : 1,
    "80" : 1,
    "81" : 1,
    "83" : 1,
    "88" : 1,
    "92" : 1,
    "98" : 1
  },
  "mean" : 20.139960941132706,
  "stdDev" : 10.655018688391042
}