{
  "distribution" : {
    "2" : 12,
    "3" : 59,
    "4" : 198,
    "5" : 331,
    "6" : 523,
    "7" : 694,
    "8" : 804,
    "9" : 769,
    "10" : 788,
    "11" : 741,
    "12" : 694,
    "13" : 649,
    "14" : 599,
    "15" : 510,
    "16" : 417,
    "17" : 405,
    "18" : 342,
    "19" : 295,
    "20" : 253,
    "21" : 212,
    "22" : 221,
    "23" : 172,
    "24" : 128,
    "25" : 137,
    "26" : 105,
    "27" : 80,
    "28" : 75,
    "29" : 65,
    "30" : 58,
    "31" : 48,
    "32" : 41,
    "33" : 36,
    "34" : 26,
    "35" : 31,
    "36" : 25,
    "37" : 15,
    "38" : 25,
    "39" : 13,
    "40" : 9,
    "41" : 11,
    "42" : 14,
    "43" : 5,
    "44" : 10,
    "45" : 5,
    "46" : 2,
    "48" : 4,
    "49" : 1,
    "50" : 4,
    "51" : 2,
    "52" : 4,
    "54" : 2,
    "57" : 1,
    "62" : 1,
    "63" : 2,
    "66" : 3,
    "72" : 1
  },
  "mean" : 13.693265898660673,
  "stdDev" : 7.218894888240625
}