{
  "distribution" : {
    "3" : 6,
    "4" : 32,
    "5" : 80,
    "6" : 141,
    "7" : 224,
    "8" : 286,
    "9" : 402,
    "10" : 443,
    "11" : 486,
    "12" : 515,
    "13" : 565,
    "14" : 579,
    "15" : 492,
    "16" : 528,
    "17" : 506,
    "18" : 473,
    "19" : 483,
    "20" : 417,
    "21" : 389,
    "22" : 346,
    "23" : 351,
    "24" : 344,
    "25" : 283,
    "26" : 284,
    "27" : 266,
    "28" : 260,
    "29" : 189,
    "30" : 221,
    "31" : 190,
    "32" : 185,
    "33" : 159,
    "34" : 136,
    "35" : 133,
    "36" : 131,
    "37" : 101,
    "38" : 97,
    "39" : 100,
    "40" : 75,
    "41" : 89,
    "42" : 74,
    "43" : 78,
    "44" : 45,
    "45" : 55,
    "46" : 51,
    "47" : 43,
    "48" : 39,
    "49" : 40,
    "50" : 50,
    "51" : 34,
    "52" : 27,
    "53" : 32,
    "54" : 24,
    "55" : 13,
    "56" : 16,
    "57" : 19,
    "58" : 15,
    "59" : 16,
    "60" : 21,
    "61" : 13,
    "62" : 12,
    "63" : 12,
    "64" : 10,
    "65" : 8,
    "66" : 9,
    "67" : 7,
    "68" : 6,
    "69" : 5,
    "70" : 4,
    "71" : 2,
    "72" : 2,
    "73" : 6,
    "74" : 4,
    "75" : 4,
    "76" : 3,
    "77" : 3,
    "78" : 3,
    "79" : 2,
    "80" : 1,
    "81" : 4,
    "82" : 1,
    "83" : 2,
    "85" : 1,
    "88" : 1,
    "91" : 1,
    "92" : 1,
    "93" : 1,
    "94" : 1,
    "95" : 1,
    "96" : 1,
    "98" : 1,
    "115" : 1,
    "120" : 1
  },
  "mean" : 21.658596461525438,
  "stdDev" : 12.010028401943392
}