{
  "distribution" : {
    "3" : 2,
    "4" : 22,
    "5" : 52,
    "6" : 113,
    "7" : 159,
    "8" : 258,
    "9" : 328,
    "10" : 388,
    "11" : 443,
    "12" : 508,
    "13" : 500,
    "14" : 546,
    "15" : 563,
    "16" : 519,
    "17" : 469,
    "18" : 485,
    "19" : 469,
    "20" : 430,
    "21" : 392,
    "22" : 386,
    "23" : 337,
    "24" : 289,
    "25" : 261,
    "26" : 253,
    "27" : 251,
    "28" : 224,
    "29" : 186,
    "30" : 180,
    "31" : 148,
    "32" : 140,
    "33" : 119,
    "34" : 119,
    "35" : 103,
    "36" : 83,
    "37" : 91,
    "38" : 90,
    "39" : 80,
    "40" : 58,
    "41" : 60,
    "42" : 57,
    "43" : 58,
    "44" : 48,
    "45" : 33,
    "46" : 44,
    "47" : 32,
    "48" : 26,
    "49" : 20,
    "50" : 23,
    "51" : 20,
    "52" : 17,
    "53" : 17,
    "54" : 12,
    "55" : 15,
    "56" : 7,
    "57" : 13,
    "58" : 6,
    "59" : 15,
    "60" : 7,
    "61" : 6,
    "62" : 12,
    "63" : 11,
    "64" : 7,
    "65" : 3,
    "66" : 8,
    "67" : 5,
    "68" : 5,
    "69" : 3,
    "70" : 4,
    "71" : 2,
    "72" : 3,
    "73" : 4,
    "74" : 2,
    "75" : 4,
    "77" : 2,
    "78" : 3,
    "79" : 1,
    "80" : 1,
    "83" : 1,
    "84" : 1,
    "85" : 1,
    "87" : 1,
    "90" : 1,
    "91" : 1,
    "92" : 2,
    "94" : 1,
    "95" : 1,
    "97" : 1,
    "101" : 1,
    "108" : 1
  },
  "mean" : 20.915393984821513,
  "stdDev" : 11.024134458167302
}