{
  "distribution" : {
    "3" : 6,
    "4" : 34,
    "5" : 77,
    "6" : 145,
    "7" : 272,
    "8" : 388,
    "9" : 448,
    "10" : 501,
    "11" : 554,
    "12" : 613,
    "13" : 540,
    "14" : 544,
    "15" : 556,
    "16" : 532,
    "17" : 492,
    "18" : 449,
    "19" : 478,
    "20" : 381,
    "21" : 330,
    "22" : 348,
    "23" : 283,
    "24" : 268,
    "25" : 233,
    "26" : 209,
    "27" : 171,
    "28" : 179,
    "29" : 149,
    "30" : 134,
    "31" : 115,
    "32" : 107,
    "33" : 91,
    "34" : 94,
    "35" : 71,
    "36" : 53,
    "37" : 67,
    "38" : 48,
    "39" : 49,
    "40" : 41,
    "41" : 45,
    "42" : 33,
    "43" : 25,
    "44" : 35,
    "45" : 23,
    "46" : 17,
    "47" : 20,
    "48" : 16,
    "49" : 14,
    "50" : 18,
    "51" : 20,
    "52" : 18,
    "53" : 12,
    "54" : 10,
    "55" : 8,
    "56" : 4,
    "57" : 9,
    "58" : 7,
    "59" : 6,
    "60" : 2,
    "61" : 3,
    "62" : 2,
    "63" : 4,
    "64" : 4,
    "65" : 2,
    "66" : 2,
    "67" : 2,
    "68" : 2,
    "70" : 2,
    "72" : 1,
    "73" : 1,
    "75" : 1,
    "78" : 1,
    "80" : 1,
    "84" : 2,
    "85" : 1,
    "101" : 1,
    "110" : 1
  },
  "mean" : 18.629352517985613,
  "stdDev" : 9.704368681232939
}