{
  "distribution" : {
    "2" : 3,
    "3" : 47,
    "4" : 142,
    "5" : 308,
    "6" : 516,
    "7" : 573,
    "8" : 680,
    "9" : 736,
    "10" : 751,
    "11" : 726,
    "12" : 749,
    "13" : 631,
    "14" : 588,
    "15" : 541,
    "16" : 429,
    "17" : 418,
    "18" : 342,
    "19" : 348,
    "20" : 267,
    "21" : 228,
    "22" : 200,
    "23" : 173,
    "24" : 169,
    "25" : 151,
    "26" : 129,
    "27" : 98,
    "28" : 91,
    "29" : 74,
    "30" : 67,
    "31" : 66,
    "32" : 62,
    "33" : 52,
    "34" : 40,
    "35" : 32,
    "36" : 30,
    "37" : 19,
    "38" : 19,
    "39" : 19,
    "40" : 17,
    "41" : 17,
    "42" : 14,
    "43" : 12,
    "44" : 4,
    "45" : 9,
    "46" : 4,
    "47" : 6,
    "48" : 5,
    "49" : 2,
    "50" : 3,
    "51" : 4,
    "52" : 1,
    "53" : 1,
    "54" : 2,
    "55" : 2,
    "56" : 2,
    "58" : 1,
    "59" : 2,
    "62" : 1,
    "63" : 1,
    "68" : 1
  },
  "mean" : 14.37515294117647,
  "stdDev" : 7.559930238842073
}