{
  "distribution" : {
    "3" : 14,
    "4" : 40,
    "5" : 122,
    "6" : 241,
    "7" : 353,
    "8" : 450,
    "9" : 531,
    "10" : 568,
    "11" : 556,
    "12" : 618,
    "13" : 591,
    "14" : 558,
    "15" : 552,
    "16" : 491,
    "17" : 462,
    "18" : 443,
    "19" : 436,
    "20" : 334,
    "21" : 351,
    "22" : 285,
    "23" : 242,
    "24" : 206,
    "25" : 198,
    "26" : 169,
    "27" : 148,
    "28" : 124,
    "29" : 148,
    "30" : 114,
    "31" : 98,
    "32" : 95,
    "33" : 76,
    "34" : 39,
    "35" : 62,
    "36" : 60,
    "37" : 59,
    "38" : 36,
    "39" : 33,
    "40" : 36,
    "41" : 23,
    "42" : 31,
    "43" : 21,
    "44" : 16,
    "45" : 12,
    "46" : 13,
    "47" : 11,
    "48" : 11,
    "49" : 9,
    "50" : 7,
    "51" : 6,
    "52" : 10,
    "53" : 7,
    "54" : 3,
    "55" : 8,
    "56" : 1,
    "57" : 4,
    "58" : 1,
    "60" : 2,
    "61" : 4,
    "62" : 1,
    "63" : 2,
    "64" : 1,
    "65" : 1,
    "66" : 2,
    "69" : 3,
    "70" : 1,
    "71" : 1,
    "72" : 1,
    "73" : 1,
    "75" : 1,
    "77" : 1,
    "90" : 1
  },
  "mean" : 17.1773335959039,
  "stdDev" : 8.831892558440586
}