{
  "distribution" : {
    "3" : 4,
    "4" : 23,
    "5" : 66,
    "6" : 135,
    "7" : 210,
    "8" : 325,
    "9" : 387,
    "10" : 443,
    "11" : 526,
    "12" : 520,
    "13" : 570,
    "14" : 563,
    "15" : 505,
    "16" : 536,
    "17" : 481,
    "18" : 422,
    "19" : 436,
    "20" : 383,
    "21" : 399,
    "22" : 342,
    "23" : 305,
    "24" : 252,
    "25" : 266,
    "26" : 231,
    "27" : 233,
    "28" : 160,
    "29" : 155,
    "30" : 177,
    "31" : 112,
    "32" : 132,
    "33" : 125,
    "34" : 100,
    "35" : 83,
    "36" : 67,
    "37" : 61,
    "38" : 71,
    "39" : 63,
    "40" : 45,
    "41" : 41,
    "42" : 45,
    "43" : 41,
    "44" : 29,
    "45" : 23,
    "46" : 37,
    "47" : 27,
    "48" : 17,
    "49" : 16,
    "50" : 20,
    "51" : 16,
    "52" : 11,
    "53" : 11,
    "54" : 12,
    "55" : 10,
    "56" : 10,
    "57" : 11,
    "58" : 5,
    "59" : 8,
    "60" : 8,
    "61" : 3,
    "62" : 5,
    "63" : 4,
    "64" : 6,
    "65" : 4,
    "66" : 2,
    "67" : 5,
    "68" : 5,
    "69" : 2,
    "70" : 3,
    "72" : 3,
    "75" : 2,
    "77" : 1,
    "78" : 1,
    "79" : 1,
    "89" : 1,
    "90" : 1,
    "91" : 1,
    "96" : 1
  },
  "mean" : 19.558525523497057,
  "stdDev" : 10.158288134417578
}