{
  "distribution" : {
    "2" : 14,
    "3" : 95,
    "4" : 296,
    "5" : 473,
    "6" : 610,
    "7" : 759,
    "8" : 840,
    "9" : 881,
    "10" : 783,
    "11" : 711,
    "12" : 686,
    "13" : 629,
    "14" : 549,
    "15" : 488,
    "16" : 382,
    "17" : 325,
    "18" : 307,
    "19" : 237,
    "20" : 200,
    "21" : 186,
    "22" : 144,
    "23" : 133,
    "24" : 108,
    "25" : 102,
    "26" : 70,
    "27" : 44,
    "28" : 53,
    "29" : 42,
    "30" : 36,
    "31" : 36,
    "32" : 30,
    "33" : 25,
    "34" : 20,
    "35" : 11,
    "36" : 13,
    "37" : 10,
    "38" : 6,
    "39" : 15,
    "40" : 6,
    "41" : 5,
    "42" : 3,
    "43" : 5,
    "44" : 7,
    "45" : 1,
    "46" : 1,
    "47" : 1,
    "48" : 1,
    "50" : 2,
    "51" : 1,
    "52" : 1,
    "53" : 1,
    "54" : 1,
    "55" : 2,
    "56" : 1,
    "68" : 1
  },
  "mean" : 12.486476080469728,
  "stdDev" : 6.493260552595999
}