{
  "distribution" : {
    "1" : 1,
    "2" : 16,
    "3" : 79,
    "4" : 246,
    "5" : 462,
    "6" : 610,
    "7" : 775,
    "8" : 880,
    "9" : 835,
    "10" : 817,
    "11" : 730,
    "12" : 681,
    "13" : 597,
    "14" : 578,
    "15" : 511,
    "16" : 432,
    "17" : 349,
    "18" : 314,
    "19" : 242,
    "20" : 207,
    "21" : 220,
    "22" : 174,
    "23" : 137,
    "24" : 123,
    "25" : 101,
    "26" : 80,
    "27" : 74,
    "28" : 63,
    "29" : 42,
    "30" : 40,
    "31" : 40,
    "32" : 23,
    "33" : 21,
    "34" : 17,
    "35" : 16,
    "36" : 22,
    "37" : 12,
    "38" : 17,
    "39" : 10,
    "40" : 7,
    "41" : 3,
    "42" : 8,
    "43" : 8,
    "44" : 4,
    "45" : 5,
    "46" : 4,
    "47" : 3,
    "48" : 4,
    "49" : 3,
    "50" : 1,
    "51" : 2,
    "52" : 1,
    "53" : 3,
    "54" : 1,
    "56" : 1,
    "83" : 1
  },
  "mean" : 12.808410776307143,
  "stdDev" : 6.744937089547181
}