{
  "distribution" : {
    "2" : 1,
    "3" : 25,
    "4" : 77,
    "5" : 168,
    "6" : 325,
    "7" : 446,
    "8" : 579,
    "9" : 610,
    "10" : 671,
    "11" : 662,
    "12" : 678,
    "13" : 624,
    "14" : 621,
    "15" : 597,
    "16" : 502,
    "17" : 485,
    "18" : 432,
    "19" : 377,
    "20" : 329,
    "21" : 302,
    "22" : 260,
    "23" : 219,
    "24" : 179,
    "25" : 172,
    "26" : 155,
    "27" : 119,
    "28" : 151,
    "29" : 104,
    "30" : 110,
    "31" : 103,
    "32" : 86,
    "33" : 67,
    "34" : 47,
    "35" : 50,
    "36" : 40,
    "37" : 41,
    "38" : 33,
    "39" : 26,
    "40" : 22,
    "41" : 24,
    "42" : 17,
    "43" : 15,
    "44" : 10,
    "45" : 15,
    "46" : 13,
    "47" : 4,
    "48" : 10,
    "49" : 11,
    "50" : 8,
    "51" : 9,
    "52" : 7,
    "53" : 2,
    "54" : 1,
    "55" : 2,
    "56" : 8,
    "57" : 1,
    "58" : 6,
    "59" : 1,
    "60" : 1,
    "62" : 1,
    "63" : 2,
    "64" : 2,
    "65" : 1,
    "66" : 2,
    "68" : 2,
    "69" : 1,
    "70" : 1,
    "71" : 1,
    "72" : 2,
    "79" : 1,
    "96" : 1
  },
  "mean" : 16.118853610564766,
  "stdDev" : 8.497592802465364
}