{
  "distribution" : {
    "2" : 30,
    "3" : 102,
    "4" : 259,
    "5" : 535,
    "6" : 702,
    "7" : 861,
    "8" : 878,
    "9" : 879,
    "10" : 823,
    "11" : 745,
    "12" : 733,
    "13" : 634,
    "14" : 554,
    "15" : 458,
    "16" : 405,
    "17" : 362,
    "18" : 293,
    "19" : 266,
    "20" : 234,
    "21" : 165,
    "22" : 169,
    "23" : 120,
    "24" : 97,
    "25" : 117,
    "26" : 85,
    "27" : 74,
    "28" : 47,
    "29" : 54,
    "30" : 47,
    "31" : 49,
    "32" : 29,
    "33" : 22,
    "34" : 26,
    "35" : 17,
    "36" : 25,
    "37" : 10,
    "38" : 7,
    "39" : 8,
    "40" : 7,
    "41" : 1,
    "42" : 5,
    "43" : 3,
    "44" : 5,
    "45" : 7,
    "46" : 3,
    "47" : 4,
    "48" : 2,
    "49" : 2,
    "50" : 3,
    "51" : 3,
    "52" : 1,
    "55" : 1,
    "57" : 1,
    "58" : 2,
    "60" : 1
  },
  "mean" : 12.535180459351075,
  "stdDev" : 6.698756650044908
}