{
  "distribution" : {
    "2" : 8,
    "3" : 34,
    "4" : 127,
    "5" : 256,
    "6" : 374,
    "7" : 525,
    "8" : 684,
    "9" : 688,
    "10" : 673,
    "11" : 695,
    "12" : 677,
    "13" : 673,
    "14" : 574,
    "15" : 544,
    "16" : 505,
    "17" : 431,
    "18" : 407,
    "19" : 322,
    "20" : 274,
    "21" : 309,
    "22" : 213,
    "23" : 211,
    "24" : 165,
    "25" : 135,
    "26" : 124,
    "27" : 105,
    "28" : 100,
    "29" : 97,
    "30" : 78,
    "31" : 82,
    "32" : 69,
    "33" : 44,
    "34" : 47,
    "35" : 42,
    "36" : 37,
    "37" : 27,
    "38" : 34,
    "39" : 24,
    "40" : 17,
    "41" : 22,
    "42" : 19,
    "43" : 14,
    "44" : 11,
    "45" : 6,
    "46" : 5,
    "47" : 14,
    "48" : 3,
    "49" : 2,
    "50" : 8,
    "51" : 3,
    "54" : 4,
    "55" : 2,
    "56" : 4,
    "57" : 3,
    "58" : 1,
    "59" : 1,
    "64" : 1,
    "68" : 1,
    "74" : 1
  },
  "mean" : 15.055987116331943,
  "stdDev" : 7.891878979316817
}