{
  "distribution" : {
    "1" : 2,
    "2" : 50,
    "3" : 330,
    "4" : 618,
    "5" : 868,
    "6" : 1042,
    "7" : 1142,
    "8" : 1026,
    "9" : 913,
    "10" : 812,
    "11" : 710,
    "12" : 612,
    "13" : 504,
    "14" : 359,
    "15" : 319,
    "16" : 292,
    "17" : 185,
    "18" : 153,
    "19" : 141,
    "20" : 118,
    "21" : 78,
    "22" : 63,
    "23" : 58,
    "24" : 47,
    "25" : 39,
    "26" : 39,
    "27" : 28,
    "28" : 28,
    "29" : 19,
    "30" : 11,
    "31" : 9,
    "32" : 10,
    "33" : 8,
    "34" : 7,
    "35" : 3,
    "36" : 4,
    "37" : 4,
    "39" : 7,
    "40" : 4,
    "41" : 1,
    "42" : 1,
    "43" : 1
  },
  "mean" : 9.91795593061416,
  "stdDev" : 5.225711969562655
}