{
  "distribution" : {
    "2" : 2,
    "3" : 53,
    "4" : 121,
    "5" : 276,
    "6" : 396,
    "7" : 522,
    "8" : 649,
    "9" : 698,
    "10" : 722,
    "11" : 742,
    "12" : 680,
    "13" : 642,
    "14" : 599,
    "15" : 538,
    "16" : 514,
    "17" : 464,
    "18" : 358,
    "19" : 375,
    "20" : 312,
    "21" : 276,
    "22" : 243,
    "23" : 213,
    "24" : 169,
    "25" : 165,
    "26" : 130,
    "27" : 134,
    "28" : 119,
    "29" : 92,
    "30" : 66,
    "31" : 73,
    "32" : 55,
    "33" : 49,
    "34" : 45,
    "35" : 35,
    "36" : 33,
    "37" : 30,
    "38" : 25,
    "39" : 19,
    "40" : 18,
    "41" : 18,
    "42" : 13,
    "43" : 13,
    "44" : 9,
    "45" : 7,
    "46" : 7,
    "47" : 6,
    "48" : 4,
    "49" : 3,
    "50" : 6,
    "51" : 9,
    "52" : 3,
    "53" : 7,
    "54" : 2,
    "55" : 4,
    "56" : 8,
    "57" : 2,
    "58" : 2,
    "59" : 1,
    "62" : 3,
    "63" : 1,
    "65" : 2,
    "71" : 1,
    "80" : 1,
    "84" : 1
  },
  "mean" : 15.072971719981457,
  "stdDev" : 7.9861107363756805
}