{
  "distribution" : {
    "2" : 7,
    "3" : 39,
    "4" : 122,
    "5" : 258,
    "6" : 399,
    "7" : 526,
    "8" : 623,
    "9" : 721,
    "10" : 691,
    "11" : 682,
    "12" : 686,
    "13" : 662,
    "14" : 586,
    "15" : 512,
    "16" : 488,
    "17" : 418,
    "18" : 386,
    "19" : 333,
    "20" : 296,
    "21" : 284,
    "22" : 227,
    "23" : 204,
    "24" : 153,
    "25" : 160,
    "26" : 125,
    "27" : 115,
    "28" : 99,
    "29" : 89,
    "30" : 91,
    "31" : 63,
    "32" : 74,
    "33" : 50,
    "34" : 42,
    "35" : 29,
    "36" : 25,
    "37" : 28,
    "38" : 29,
    "39" : 17,
    "40" : 18,
    "41" : 10,
    "42" : 20,
    "43" : 8,
    "44" : 4,
    "45" : 7,
    "46" : 7,
    "47" : 5,
    "48" : 4,
    "49" : 5,
    "50" : 6,
    "51" : 2,
    "52" : 3,
    "53" : 3,
    "54" : 2,
    "55" : 3,
    "56" : 4,
    "57" : 1,
    "59" : 3,
    "61" : 3,
    "64" : 1,
    "66" : 2,
    "68" : 1,
    "73" : 1
  },
  "mean" : 14.943892181227298,
  "stdDev" : 7.798607798652706
}