{
  "distribution" : {
    "2" : 17,
    "3" : 144,
    "4" : 398,
    "5" : 643,
    "6" : 858,
    "7" : 953,
    "8" : 929,
    "9" : 904,
    "10" : 843,
    "11" : 715,
    "12" : 652,
    "13" : 538,
    "14" : 483,
    "15" : 421,
    "16" : 300,
    "17" : 284,
    "18" : 247,
    "19" : 238,
    "20" : 189,
    "21" : 123,
    "22" : 116,
    "23" : 112,
    "24" : 76,
    "25" : 58,
    "26" : 66,
    "27" : 37,
    "28" : 46,
    "29" : 46,
    "30" : 32,
    "31" : 18,
    "32" : 20,
    "33" : 12,
    "34" : 8,
    "35" : 9,
    "36" : 8,
    "37" : 3,
    "38" : 7,
    "39" : 5,
    "40" : 2,
    "41" : 3,
    "42" : 5,
    "43" : 1,
    "45" : 2,
    "46" : 3,
    "48" : 1,
    "53" : 1,
    "60" : 2
  },
  "mean" : 11.387218755908489,
  "stdDev" : 5.97500349183232
}