{
  "distribution" : {
    "2" : 4,
    "3" : 16,
    "4" : 116,
    "5" : 231,
    "6" : 346,
    "7" : 513,
    "8" : 638,
    "9" : 728,
    "10" : 721,
    "11" : 705,
    "12" : 683,
    "13" : 605,
    "14" : 649,
    "15" : 544,
    "16" : 474,
    "17" : 403,
    "18" : 402,
    "19" : 342,
    "20" : 332,
    "21" : 273,
    "22" : 210,
    "23" : 207,
    "24" : 152,
    "25" : 164,
    "26" : 111,
    "27" : 107,
    "28" : 106,
    "29" : 110,
    "30" : 89,
    "31" : 58,
    "32" : 49,
    "33" : 68,
    "34" : 40,
    "35" : 43,
    "36" : 38,
    "37" : 31,
    "38" : 31,
    "39" : 24,
    "40" : 20,
    "41" : 13,
    "42" : 15,
    "43" : 11,
    "44" : 9,
    "45" : 13,
    "46" : 12,
    "47" : 5,
    "48" : 8,
    "49" : 3,
    "50" : 6,
    "51" : 4,
    "52" : 3,
    "53" : 3,
    "54" : 1,
    "55" : 1,
    "56" : 2,
    "57" : 1,
    "58" : 1,
    "59" : 2,
    "60" : 1,
    "61" : 1,
    "63" : 1,
    "64" : 1,
    "66" : 1,
    "70" : 1,
    "73" : 2,
    "77" : 1
  },
  "mean" : 15.160685387910519,
  "stdDev" : 7.927849404415699
}