{
  "distribution" : {
    "2" : 1,
    "3" : 20,
    "4" : 74,
    "5" : 138,
    "6" : 243,
    "7" : 370,
    "8" : 453,
    "9" : 516,
    "10" : 581,
    "11" : 610,
    "12" : 639,
    "13" : 650,
    "14" : 584,
    "15" : 551,
    "16" : 498,
    "17" : 474,
    "18" : 437,
    "19" : 383,
    "20" : 356,
    "21" : 304,
    "22" : 291,
    "23" : 278,
    "24" : 221,
    "25" : 189,
    "26" : 187,
    "27" : 153,
    "28" : 144,
    "29" : 108,
    "30" : 106,
    "31" : 106,
    "32" : 97,
    "33" : 83,
    "34" : 64,
    "35" : 67,
    "36" : 44,
    "37" : 37,
    "38" : 39,
    "39" : 37,
    "40" : 29,
    "41" : 27,
    "42" : 22,
    "43" : 18,
    "44" : 22,
    "45" : 15,
    "46" : 14,
    "47" : 11,
    "48" : 11,
    "49" : 7,
    "50" : 14,
    "51" : 9,
    "52" : 9,
    "53" : 8,
    "54" : 7,
    "55" : 5,
    "56" : 3,
    "57" : 5,
    "58" : 2,
    "59" : 3,
    "60" : 4,
    "61" : 1,
    "62" : 1,
    "64" : 1,
    "65" : 1,
    "68" : 2,
    "70" : 2,
    "72" : 1,
    "73" : 1,
    "75" : 1,
    "77" : 1,
    "80" : 1,
    "87" : 1
  },
  "mean" : 17.04464973056197,
  "stdDev" : 8.864831931091084
}