{
  "distribution" : {
    "2" : 4,
    "3" : 48,
    "4" : 197,
    "5" : 346,
    "6" : 525,
    "7" : 713,
    "8" : 774,
    "9" : 777,
    "10" : 801,
    "11" : 805,
    "12" : 728,
    "13" : 643,
    "14" : 624,
    "15" : 528,
    "16" : 478,
    "17" : 402,
    "18" : 334,
    "19" : 295,
    "20" : 285,
    "21" : 218,
    "22" : 183,
    "23" : 193,
    "24" : 147,
    "25" : 127,
    "26" : 115,
    "27" : 85,
    "28" : 80,
    "29" : 74,
    "30" : 58,
    "31" : 41,
    "32" : 47,
    "33" : 36,
    "34" : 33,
    "35" : 23,
    "36" : 37,
    "37" : 22,
    "38" : 14,
    "39" : 22,
    "40" : 13,
    "41" : 10,
    "42" : 8,
    "43" : 10,
    "44" : 13,
    "45" : 8,
    "46" : 7,
    "47" : 2,
    "48" : 7,
    "49" : 5,
    "50" : 4,
    "51" : 11,
    "52" : 3,
    "53" : 1,
    "54" : 3,
    "55" : 1,
    "57" : 1,
    "60" : 3,
    "61" : 1,
    "65" : 1
  },
  "mean" : 13.866320393657736,
  "stdDev" : 7.410948843754108
}