{
  "distribution" : {
    "1" : 3,
    "2" : 54,
    "3" : 258,
    "4" : 579,
    "5" : 850,
    "6" : 972,
    "7" : 1000,
    "8" : 1002,
    "9" : 979,
    "10" : 843,
    "11" : 777,
    "12" : 625,
    "13" : 483,
    "14" : 439,
    "15" : 347,
    "16" : 270,
    "17" : 248,
    "18" : 210,
    "19" : 166,
    "20" : 131,
    "21" : 103,
    "22" : 93,
    "23" : 56,
    "24" : 60,
    "25" : 51,
    "26" : 33,
    "27" : 27,
    "28" : 40,
    "29" : 23,
    "30" : 19,
    "31" : 16,
    "32" : 13,
    "33" : 7,
    "34" : 11,
    "35" : 3,
    "36" : 2,
    "37" : 1,
    "38" : 2,
    "39" : 1,
    "40" : 3,
    "41" : 1,
    "42" : 1,
    "43" : 1,
    "44" : 3,
    "45" : 1,
    "46" : 1,
    "47" : 1,
    "49" : 3,
    "54" : 1,
    "57" : 1
  },
  "mean" : 10.36461993711855,
  "stdDev" : 5.499025107077265
}