{
  "distribution" : {
    "2" : 2,
    "3" : 26,
    "4" : 59,
    "5" : 116,
    "6" : 197,
    "7" : 294,
    "8" : 388,
    "9" : 447,
    "10" : 527,
    "11" : 570,
    "12" : 582,
    "13" : 586,
    "14" : 601,
    "15" : 567,
    "16" : 538,
    "17" : 538,
    "18" : 491,
    "19" : 416,
    "20" : 426,
    "21" : 334,
    "22" : 310,
    "23" : 306,
    "24" : 261,
    "25" : 248,
    "26" : 213,
    "27" : 176,
    "28" : 162,
    "29" : 156,
    "30" : 133,
    "31" : 125,
    "32" : 118,
    "33" : 96,
    "34" : 87,
    "35" : 79,
    "36" : 69,
    "37" : 77,
    "38" : 63,
    "39" : 47,
    "40" : 50,
    "41" : 40,
    "42" : 33,
    "43" : 26,
    "44" : 34,
    "45" : 15,
    "46" : 16,
    "47" : 22,
    "48" : 20,
    "49" : 17,
    "50" : 14,
    "51" : 16,
    "52" : 13,
    "53" : 10,
    "54" : 9,
    "55" : 13,
    "56" : 4,
    "57" : 5,
    "58" : 6,
    "59" : 6,
    "60" : 6,
    "61" : 3,
    "62" : 6,
    "63" : 1,
    "64" : 6,
    "65" : 4,
    "66" : 1,
    "67" : 1,
    "68" : 2,
    "69" : 1,
    "70" : 3,
    "71" : 1,
    "72" : 2,
    "76" : 1,
    "79" : 1,
    "80" : 1,
    "89" : 1,
    "95" : 1,
    "98" : 1,
    "107" : 1,
    "110" : 1
  },
  "mean" : 18.464822498847393,
  "stdDev" : 9.810890926007525
}