{
  "distribution" : {
    "3" : 5,
    "4" : 11,
    "5" : 52,
    "6" : 109,
    "7" : 160,
    "8" : 219,
    "9" : 289,
    "10" : 347,
    "11" : 386,
    "12" : 443,
    "13" : 490,
    "14" : 492,
    "15" : 525,
    "16" : 493,
    "17" : 472,
    "18" : 469,
    "19" : 453,
    "20" : 378,
    "21" : 379,
    "22" : 365,
    "23" : 325,
    "24" : 296,
    "25" : 276,
    "26" : 263,
    "27" : 249,
    "28" : 222,
    "29" : 186,
    "30" : 188,
    "31" : 158,
    "32" : 147,
    "33" : 137,
    "34" : 127,
    "35" : 108,
    "36" : 83,
    "37" : 73,
    "38" : 79,
    "39" : 51,
    "40" : 71,
    "41" : 71,
    "42" : 58,
    "43" : 51,
    "44" : 35,
    "45" : 43,
    "46" : 37,
    "47" : 26,
    "48" : 28,
    "49" : 27,
    "50" : 26,
    "51" : 23,
    "52" : 23,
    "53" : 21,
    "54" : 15,
    "55" : 12,
    "56" : 9,
    "57" : 10,
    "58" : 10,
    "59" : 8,
    "60" : 9,
    "61" : 11,
    "62" : 9,
    "63" : 5,
    "64" : 5,
    "65" : 6,
    "66" : 7,
    "67" : 3,
    "68" : 4,
    "69" : 1,
    "70" : 1,
    "71" : 7,
    "72" : 2,
    "74" : 3,
    "75" : 2,
    "76" : 3,
    "77" : 1,
    "78" : 3,
    "79" : 4,
    "80" : 4,
    "82" : 1,
    "83" : 1,
    "84" : 1,
    "89" : 1,
    "91" : 1,
    "94" : 1
  },
  "mean" : 21.236158745712885,
  "stdDev" : 10.945370822250704
}