{
  "distribution" : {
    "2" : 4,
    "3" : 68,
    "4" : 206,
    "5" : 410,
    "6" : 581,
    "7" : 724,
    "8" : 756,
    "9" : 817,
    "10" : 827,
    "11" : 713,
    "12" : 699,
    "13" : 626,
    "14" : 530,
    "15" : 507,
    "16" : 421,
    "17" : 344,
    "18" : 292,
    "19" : 260,
    "20" : 222,
    "21" : 212,
    "22" : 179,
    "23" : 140,
    "24" : 111,
    "25" : 120,
    "26" : 72,
    "27" : 83,
    "28" : 63,
    "29" : 66,
    "30" : 55,
    "31" : 49,
    "32" : 34,
    "33" : 33,
    "34" : 21,
    "35" : 28,
    "36" : 18,
    "37" : 7,
    "38" : 14,
    "39" : 9,
    "40" : 13,
    "41" : 6,
    "42" : 3,
    "43" : 8,
    "44" : 7,
    "45" : 1,
    "46" : 2,
    "47" : 1,
    "48" : 1,
    "49" : 1,
    "50" : 1,
    "51" : 2,
    "52" : 1,
    "54" : 1,
    "55" : 1,
    "57" : 1,
    "68" : 1,
    "69" : 1
  },
  "mean" : 13.125614576303866,
  "stdDev" : 6.820485664657658
}