{
  "distribution" : {
    "3" : 15,
    "4" : 50,
    "5" : 145,
    "6" : 208,
    "7" : 297,
    "8" : 411,
    "9" : 542,
    "10" : 599,
    "11" : 615,
    "12" : 626,
    "13" : 598,
    "14" : 590,
    "15" : 585,
    "16" : 516,
    "17" : 428,
    "18" : 455,
    "19" : 387,
    "20" : 348,
    "21" : 317,
    "22" : 301,
    "23" : 288,
    "24" : 222,
    "25" : 202,
    "26" : 207,
    "27" : 151,
    "28" : 147,
    "29" : 120,
    "30" : 110,
    "31" : 125,
    "32" : 89,
    "33" : 77,
    "34" : 71,
    "35" : 63,
    "36" : 56,
    "37" : 45,
    "38" : 39,
    "39" : 45,
    "40" : 41,
    "41" : 34,
    "42" : 21,
    "43" : 31,
    "44" : 15,
    "45" : 21,
    "46" : 20,
    "47" : 15,
    "48" : 9,
    "49" : 5,
    "50" : 11,
    "51" : 10,
    "52" : 6,
    "53" : 9,
    "54" : 7,
    "55" : 5,
    "56" : 6,
    "57" : 1,
    "58" : 2,
    "59" : 7,
    "60" : 6,
    "61" : 3,
    "62" : 3,
    "63" : 3,
    "64" : 4,
    "65" : 4,
    "66" : 2,
    "67" : 1,
    "68" : 1,
    "73" : 1,
    "76" : 2
  },
  "mean" : 17.460273181993074,
  "stdDev" : 9.082988623265297
}