{
  "distribution" : {
    "2" : 19,
    "3" : 121,
    "4" : 327,
    "5" : 638,
    "6" : 778,
    "7" : 901,
    "8" : 920,
    "9" : 817,
    "10" : 784,
    "11" : 736,
    "12" : 668,
    "13" : 599,
    "14" : 471,
    "15" : 374,
    "16" : 380,
    "17" : 287,
    "18" : 261,
    "19" : 226,
    "20" : 169,
    "21" : 131,
    "22" : 103,
    "23" : 92,
    "24" : 94,
    "25" : 56,
    "26" : 55,
    "27" : 48,
    "28" : 55,
    "29" : 31,
    "30" : 16,
    "31" : 21,
    "32" : 19,
    "33" : 18,
    "34" : 13,
    "35" : 11,
    "36" : 17,
    "37" : 10,
    "38" : 4,
    "39" : 2,
    "40" : 2,
    "41" : 2,
    "42" : 3,
    "43" : 3,
    "44" : 1,
    "45" : 1,
    "46" : 1,
    "49" : 2,
    "50" : 1,
    "51" : 1,
    "52" : 1
  },
  "mean" : 11.563654033041788,
  "stdDev" : 5.984435757791604
}