{
  "distribution" : {
    "2" : 1,
    "3" : 3,
    "4" : 27,
    "5" : 63,
    "6" : 129,
    "7" : 223,
    "8" : 308,
    "9" : 352,
    "10" : 437,
    "11" : 532,
    "12" : 539,
    "13" : 536,
    "14" : 567,
    "15" : 488,
    "16" : 472,
    "17" : 500,
    "18" : 436,
    "19" : 418,
    "20" : 420,
    "21" : 364,
    "22" : 303,
    "23" : 300,
    "24" : 290,
    "25" : 253,
    "26" : 219,
    "27" : 210,
    "28" : 178,
    "29" : 164,
    "30" : 134,
    "31" : 135,
    "32" : 119,
    "33" : 114,
    "34" : 109,
    "35" : 106,
    "36" : 69,
    "37" : 87,
    "38" : 64,
    "39" : 61,
    "40" : 40,
    "41" : 45,
    "42" : 43,
    "43" : 33,
    "44" : 28,
    "45" : 40,
    "46" : 29,
    "47" : 30,
    "48" : 10,
    "49" : 17,
    "50" : 12,
    "51" : 15,
    "52" : 17,
    "53" : 16,
    "54" : 12,
    "55" : 8,
    "56" : 6,
    "57" : 9,
    "58" : 7,
    "59" : 3,
    "60" : 6,
    "61" : 2,
    "62" : 3,
    "63" : 3,
    "64" : 1,
    "65" : 3,
    "66" : 3,
    "67" : 1,
    "69" : 2,
    "70" : 1,
    "71" : 3,
    "72" : 1,
    "73" : 1,
    "74" : 2,
    "75" : 2,
    "76" : 3,
    "77" : 1,
    "78" : 2,
    "79" : 1,
    "80" : 1,
    "93" : 1,
    "97" : 1,
    "106" : 1
  },
  "mean" : 19.55860716037273,
  "stdDev" : 10.075834353858525
}