{
  "distribution" : {
    "3" : 11,
    "4" : 39,
    "5" : 81,
    "6" : 162,
    "7" : 246,
    "8" : 349,
    "9" : 453,
    "10" : 490,
    "11" : 531,
    "12" : 560,
    "13" : 536,
    "14" : 575,
    "15" : 536,
    "16" : 573,
    "17" : 452,
    "18" : 420,
    "19" : 423,
    "20" : 417,
    "21" : 310,
    "22" : 313,
    "23" : 287,
    "24" : 255,
    "25" : 239,
    "26" : 222,
    "27" : 204,
    "28" : 175,
    "29" : 141,
    "30" : 116,
    "31" : 125,
    "32" : 117,
    "33" : 97,
    "34" : 98,
    "35" : 76,
    "36" : 84,
    "37" : 63,
    "38" : 51,
    "39" : 55,
    "40" : 48,
    "41" : 50,
    "42" : 34,
    "43" : 29,
    "44" : 33,
    "45" : 31,
    "46" : 19,
    "47" : 22,
    "48" : 14,
    "49" : 15,
    "50" : 14,
    "51" : 16,
    "52" : 14,
    "53" : 7,
    "54" : 13,
    "55" : 5,
    "56" : 8,
    "57" : 3,
    "58" : 5,
    "59" : 4,
    "60" : 2,
    "61" : 5,
    "62" : 2,
    "63" : 2,
    "65" : 3,
    "66" : 1,
    "67" : 3,
    "68" : 2,
    "69" : 2,
    "70" : 1,
    "71" : 1,
    "73" : 1,
    "74" : 1,
    "77" : 2,
    "80" : 1,
    "81" : 1,
    "82" : 1,
    "88" : 1,
    "90" : 1,
    "91" : 1
  },
  "mean" : 18.783009708737865,
  "stdDev" : 9.725517493853863
}