{
  "distribution" : {
    "3" : 3,
    "4" : 17,
    "5" : 39,
    "6" : 89,
    "7" : 165,
    "8" : 237,
    "9" : 297,
    "10" : 386,
    "11" : 418,
    "12" : 466,
    "13" : 501,
    "14" : 522,
    "15" : 528,
    "16" : 462,
    "17" : 507,
    "18" : 475,
    "19" : 440,
    "20" : 407,
    "21" : 412,
    "22" : 371,
    "23" : 351,
    "24" : 315,
    "25" : 286,
    "26" : 268,
    "27" : 243,
    "28" : 241,
    "29" : 223,
    "30" : 194,
    "31" : 177,
    "32" : 141,
    "33" : 154,
    "34" : 132,
    "35" : 123,
    "36" : 105,
    "37" : 111,
    "38" : 101,
    "39" : 97,
    "40" : 63,
    "41" : 77,
    "42" : 55,
    "43" : 42,
    "44" : 58,
    "45" : 37,
    "46" : 42,
    "47" : 45,
    "48" : 38,
    "49" : 30,
    "50" : 25,
    "51" : 22,
    "52" : 23,
    "53" : 11,
    "54" : 19,
    "55" : 13,
    "56" : 13,
    "57" : 17,
    "58" : 16,
    "59" : 11,
    "60" : 15,
    "61" : 7,
    "62" : 10,
    "63" : 18,
    "64" : 8,
    "65" : 3,
    "66" : 7,
    "67" : 8,
    "68" : 13,
    "69" : 6,
    "70" : 4,
    "71" : 7,
    "72" : 3,
    "73" : 2,
    "74" : 3,
    "75" : 2,
    "76" : 1,
    "77" : 3,
    "78" : 2,
    "80" : 1,
    "81" : 1,
    "82" : 3,
    "85" : 1,
    "87" : 2,
    "88" : 1,
    "89" : 2,
    "90" : 1,
    "92" : 1,
    "93" : 1,
    "94" : 1,
    "95" : 1,
    "96" : 1,
    "102" : 1,
    "105" : 1
  },
  "mean" : 21.773653027217183,
  "stdDev" : 11.545875784451876
}