{
  "distribution" : {
    "2" : 10,
    "3" : 83,
    "4" : 226,
    "5" : 435,
    "6" : 563,
    "7" : 750,
    "8" : 770,
    "9" : 839,
    "10" : 832,
    "11" : 767,
    "12" : 659,
    "13" : 622,
    "14" : 542,
    "15" : 490,
    "16" : 456,
    "17" : 356,
    "18" : 318,
    "19" : 257,
    "20" : 210,
    "21" : 176,
    "22" : 177,
    "23" : 137,
    "24" : 127,
    "25" : 102,
    "26" : 77,
    "27" : 81,
    "28" : 70,
    "29" : 57,
    "30" : 43,
    "31" : 38,
    "32" : 30,
    "33" : 33,
    "34" : 20,
    "35" : 17,
    "36" : 22,
    "37" : 21,
    "38" : 15,
    "39" : 7,
    "40" : 9,
    "41" : 7,
    "42" : 1,
    "43" : 2,
    "44" : 5,
    "45" : 8,
    "47" : 2,
    "49" : 3,
    "50" : 2,
    "51" : 2,
    "53" : 2,
    "54" : 1,
    "55" : 2,
    "58" : 1,
    "59" : 1,
    "77" : 1
  },
  "mean" : 12.985310950019077,
  "stdDev" : 6.783101663379516
}