{
  "distribution" : {
    "3" : 1,
    "4" : 6,
    "5" : 30,
    "6" : 62,
    "7" : 104,
    "8" : 148,
    "9" : 205,
    "10" : 260,
    "11" : 311,
    "12" : 387,
    "13" : 380,
    "14" : 442,
    "15" : 482,
    "16" : 425,
    "17" : 409,
    "18" : 441,
    "19" : 401,
    "20" : 424,
    "21" : 412,
    "22" : 402,
    "23" : 336,
    "24" : 340,
    "25" : 312,
    "26" : 304,
    "27" : 280,
    "28" : 245,
    "29" : 229,
    "30" : 203,
    "31" : 171,
    "32" : 183,
    "33" : 155,
    "34" : 143,
    "35" : 118,
    "36" : 123,
    "37" : 103,
    "38" : 87,
    "39" : 108,
    "40" : 93,
    "41" : 96,
    "42" : 72,
    "43" : 74,
    "44" : 55,
    "45" : 64,
    "46" : 47,
    "47" : 49,
    "48" : 41,
    "49" : 47,
    "50" : 28,
    "51" : 41,
    "52" : 29,
    "53" : 24,
    "54" : 15,
    "55" : 18,
    "56" : 14,
    "57" : 17,
    "58" : 22,
    "59" : 13,
    "60" : 13,
    "61" : 13,
    "62" : 17,
    "63" : 14,
    "64" : 12,
    "65" : 6,
    "66" : 9,
    "67" : 9,
    "68" : 5,
    "69" : 3,
    "70" : 6,
    "71" : 1,
    "72" : 6,
    "73" : 3,
    "74" : 5,
    "75" : 5,
    "76" : 6,
    "77" : 4,
    "78" : 3,
    "79" : 2,
    "80" : 4,
    "81" : 1,
    "82" : 2,
    "84" : 1,
    "85" : 1,
    "86" : 1,
    "87" : 2,
    "90" : 1,
    "91" : 1,
    "92" : 5,
    "94" : 2,
    "96" : 1,
    "110" : 1,
    "124" : 1
  },
  "mean" : 23.511915269196823,
  "stdDev" : 12.113259330905574
}