{
  "distribution" : {
    "3" : 2,
    "4" : 19,
    "5" : 70,
    "6" : 126,
    "7" : 227,
    "8" : 272,
    "9" : 342,
    "10" : 438,
    "11" : 470,
    "12" : 523,
    "13" : 568,
    "14" : 545,
    "15" : 540,
    "16" : 482,
    "17" : 438,
    "18" : 442,
    "19" : 434,
    "20" : 423,
    "21" : 369,
    "22" : 335,
    "23" : 293,
    "24" : 316,
    "25" : 263,
    "26" : 240,
    "27" : 235,
    "28" : 199,
    "29" : 202,
    "30" : 165,
    "31" : 142,
    "32" : 123,
    "33" : 127,
    "34" : 105,
    "35" : 103,
    "36" : 93,
    "37" : 57,
    "38" : 68,
    "39" : 65,
    "40" : 45,
    "41" : 52,
    "42" : 50,
    "43" : 39,
    "44" : 33,
    "45" : 33,
    "46" : 27,
    "47" : 25,
    "48" : 21,
    "49" : 18,
    "50" : 11,
    "51" : 17,
    "52" : 8,
    "53" : 22,
    "54" : 12,
    "55" : 7,
    "56" : 9,
    "57" : 15,
    "58" : 12,
    "59" : 11,
    "60" : 4,
    "61" : 6,
    "62" : 6,
    "63" : 1,
    "64" : 6,
    "65" : 4,
    "66" : 6,
    "67" : 2,
    "69" : 3,
    "70" : 5,
    "72" : 2,
    "73" : 2,
    "74" : 3,
    "76" : 1,
    "79" : 2,
    "80" : 2,
    "82" : 1,
    "83" : 1,
    "84" : 2,
    "86" : 1,
    "90" : 2,
    "91" : 1,
    "107" : 1
  },
  "mean" : 20.0362779060816,
  "stdDev" : 10.420932547899767
}