{
  "distribution" : {
    "3" : 7,
    "4" : 22,
    "5" : 57,
    "6" : 119,
    "7" : 176,
    "8" : 266,
    "9" : 367,
    "10" : 414,
    "11" : 480,
    "12" : 479,
    "13" : 517,
    "14" : 532,
    "15" : 539,
    "16" : 493,
    "17" : 483,
    "18" : 418,
    "19" : 431,
    "20" : 428,
    "21" : 364,
    "22" : 343,
    "23" : 326,
    "24" : 307,
    "25" : 251,
    "26" : 250,
    "27" : 232,
    "28" : 181,
    "29" : 185,
    "30" : 188,
    "31" : 147,
    "32" : 147,
    "33" : 124,
    "34" : 87,
    "35" : 92,
    "36" : 78,
    "37" : 78,
    "38" : 64,
    "39" : 74,
    "40" : 61,
    "41" : 68,
    "42" : 38,
    "43" : 29,
    "44" : 34,
    "45" : 41,
    "46" : 34,
    "47" : 27,
    "48" : 20,
    "49" : 25,
    "50" : 21,
    "51" : 18,
    "52" : 20,
    "53" : 20,
    "54" : 10,
    "55" : 4,
    "56" : 12,
    "57" : 11,
    "58" : 8,
    "59" : 12,
    "60" : 3,
    "61" : 10,
    "62" : 5,
    "63" : 7,
    "64" : 3,
    "65" : 2,
    "66" : 4,
    "67" : 2,
    "68" : 3,
    "69" : 4,
    "70" : 3,
    "71" : 5,
    "72" : 1,
    "73" : 3,
    "75" : 2,
    "76" : 1,
    "77" : 1,
    "79" : 1,
    "80" : 1,
    "82" : 2,
    "84" : 1,
    "85" : 1,
    "87" : 1,
    "89" : 1,
    "92" : 2
  },
  "mean" : 20.30954686289698,
  "stdDev" : 10.530442888641488
}