{
  "distribution" : {
    "3" : 16,
    "4" : 50,
    "5" : 155,
    "6" : 247,
    "7" : 336,
    "8" : 478,
    "9" : 572,
    "10" : 630,
    "11" : 616,
    "12" : 603,
    "13" : 635,
    "14" : 594,
    "15" : 529,
    "16" : 522,
    "17" : 502,
    "18" : 443,
    "19" : 394,
    "20" : 327,
    "21" : 296,
    "22" : 264,
    "23" : 234,
    "24" : 208,
    "25" : 203,
    "26" : 174,
    "27" : 163,
    "28" : 114,
    "29" : 103,
    "30" : 103,
    "31" : 83,
    "32" : 78,
    "33" : 60,
    "34" : 65,
    "35" : 51,
    "36" : 58,
    "37" : 38,
    "38" : 45,
    "39" : 29,
    "40" : 26,
    "41" : 23,
    "42" : 20,
    "43" : 16,
    "44" : 18,
    "45" : 18,
    "46" : 14,
    "47" : 11,
    "48" : 15,
    "49" : 6,
    "50" : 6,
    "51" : 9,
    "52" : 2,
    "53" : 4,
    "54" : 2,
    "55" : 3,
    "56" : 3,
    "57" : 1,
    "58" : 3,
    "59" : 2,
    "60" : 2,
    "61" : 3,
    "62" : 1,
    "63" : 1,
    "64" : 2,
    "65" : 1,
    "66" : 1,
    "69" : 2,
    "70" : 2,
    "71" : 2,
    "72" : 1,
    "73" : 1,
    "75" : 1,
    "76" : 1,
    "77" : 1,
    "82" : 1
  },
  "mean" : 16.723030362198575,
  "stdDev" : 8.634890810116364
}