{
  "distribution" : {
    "2" : 22,
    "3" : 85,
    "4" : 279,
    "5" : 501,
    "6" : 620,
    "7" : 739,
    "8" : 878,
    "9" : 849,
    "10" : 839,
    "11" : 769,
    "12" : 666,
    "13" : 585,
    "14" : 582,
    "15" : 460,
    "16" : 435,
    "17" : 348,
    "18" : 300,
    "19" : 243,
    "20" : 219,
    "21" : 177,
    "22" : 151,
    "23" : 129,
    "24" : 128,
    "25" : 94,
    "26" : 95,
    "27" : 53,
    "28" : 67,
    "29" : 51,
    "30" : 47,
    "31" : 37,
    "32" : 26,
    "33" : 35,
    "34" : 20,
    "35" : 13,
    "36" : 8,
    "37" : 11,
    "38" : 9,
    "39" : 11,
    "40" : 10,
    "41" : 13,
    "42" : 8,
    "43" : 5,
    "44" : 3,
    "45" : 1,
    "46" : 2,
    "47" : 1,
    "49" : 1,
    "50" : 1,
    "51" : 3,
    "52" : 1,
    "54" : 1,
    "55" : 1,
    "56" : 2,
    "58" : 1,
    "62" : 1
  },
  "mean" : 12.647517863858594,
  "stdDev" : 6.654842907981466
}