{
  "distribution" : {
    "2" : 4,
    "3" : 35,
    "4" : 107,
    "5" : 237,
    "6" : 343,
    "7" : 473,
    "8" : 584,
    "9" : 664,
    "10" : 698,
    "11" : 696,
    "12" : 693,
    "13" : 663,
    "14" : 577,
    "15" : 487,
    "16" : 486,
    "17" : 451,
    "18" : 419,
    "19" : 358,
    "20" : 323,
    "21" : 297,
    "22" : 231,
    "23" : 227,
    "24" : 178,
    "25" : 178,
    "26" : 139,
    "27" : 127,
    "28" : 106,
    "29" : 71,
    "30" : 78,
    "31" : 100,
    "32" : 69,
    "33" : 56,
    "34" : 55,
    "35" : 57,
    "36" : 24,
    "37" : 31,
    "38" : 30,
    "39" : 23,
    "40" : 25,
    "41" : 10,
    "42" : 20,
    "43" : 10,
    "44" : 15,
    "45" : 9,
    "46" : 8,
    "47" : 13,
    "48" : 8,
    "49" : 12,
    "50" : 7,
    "51" : 8,
    "52" : 1,
    "53" : 4,
    "54" : 2,
    "56" : 2,
    "57" : 2,
    "58" : 2,
    "59" : 1,
    "60" : 2,
    "61" : 3,
    "63" : 1,
    "64" : 1,
    "66" : 2,
    "67" : 1
  },
  "mean" : 15.510337632776935,
  "stdDev" : 8.125946333367539
}