{
  "distribution" : {
    "2" : 1,
    "3" : 12,
    "4" : 63,
    "5" : 128,
    "6" : 215,
    "7" : 360,
    "8" : 431,
    "9" : 504,
    "10" : 623,
    "11" : 640,
    "12" : 655,
    "13" : 575,
    "14" : 593,
    "15" : 557,
    "16" : 483,
    "17" : 473,
    "18" : 488,
    "19" : 384,
    "20" : 375,
    "21" : 329,
    "22" : 282,
    "23" : 259,
    "24" : 206,
    "25" : 198,
    "26" : 208,
    "27" : 169,
    "28" : 139,
    "29" : 143,
    "30" : 97,
    "31" : 89,
    "32" : 86,
    "33" : 69,
    "34" : 58,
    "35" : 66,
    "36" : 54,
    "37" : 46,
    "38" : 38,
    "39" : 36,
    "40" : 35,
    "41" : 27,
    "42" : 27,
    "43" : 18,
    "44" : 21,
    "45" : 21,
    "46" : 12,
    "47" : 9,
    "48" : 16,
    "49" : 9,
    "50" : 8,
    "51" : 6,
    "52" : 5,
    "53" : 7,
    "54" : 7,
    "55" : 7,
    "56" : 7,
    "57" : 4,
    "58" : 4,
    "59" : 3,
    "62" : 5,
    "64" : 4,
    "65" : 2,
    "67" : 2,
    "71" : 1,
    "73" : 1,
    "74" : 1,
    "76" : 2,
    "82" : 1,
    "83" : 1,
    "92" : 1,
    "103" : 1
  },
  "mean" : 17.194196214086674,
  "stdDev" : 8.949054612620847
}