{
  "distribution" : {
    "2" : 10,
    "3" : 60,
    "4" : 203,
    "5" : 333,
    "6" : 496,
    "7" : 642,
    "8" : 708,
    "9" : 763,
    "10" : 733,
    "11" : 782,
    "12" : 661,
    "13" : 696,
    "14" : 541,
    "15" : 496,
    "16" : 446,
    "17" : 431,
    "18" : 291,
    "19" : 271,
    "20" : 259,
    "21" : 243,
    "22" : 208,
    "23" : 178,
    "24" : 139,
    "25" : 122,
    "26" : 100,
    "27" : 79,
    "28" : 70,
    "29" : 60,
    "30" : 56,
    "31" : 45,
    "32" : 55,
    "33" : 28,
    "34" : 27,
    "35" : 32,
    "36" : 22,
    "37" : 22,
    "38" : 6,
    "39" : 12,
    "40" : 8,
    "41" : 7,
    "42" : 10,
    "43" : 10,
    "44" : 3,
    "45" : 8,
    "46" : 6,
    "47" : 3,
    "48" : 2,
    "49" : 3,
    "50" : 3,
    "51" : 4,
    "52" : 3,
    "53" : 2,
    "55" : 1,
    "56" : 2,
    "58" : 1,
    "59" : 1,
    "60" : 1,
    "65" : 1
  },
  "mean" : 13.739452186448823,
  "stdDev" : 7.150256519096059
}