{
  "distribution" : {
    "2" : 1,
    "3" : 22,
    "4" : 92,
    "5" : 184,
    "6" : 281,
    "7" : 421,
    "8" : 579,
    "9" : 600,
    "10" : 628,
    "11" : 642,
    "12" : 681,
    "13" : 652,
    "14" : 624,
    "15" : 586,
    "16" : 551,
    "17" : 455,
    "18" : 427,
    "19" : 409,
    "20" : 333,
    "21" : 296,
    "22" : 286,
    "23" : 226,
    "24" : 211,
    "25" : 178,
    "26" : 154,
    "27" : 155,
    "28" : 131,
    "29" : 126,
    "30" : 88,
    "31" : 93,
    "32" : 68,
    "33" : 68,
    "34" : 64,
    "35" : 55,
    "36" : 44,
    "37" : 45,
    "38" : 29,
    "39" : 32,
    "40" : 22,
    "41" : 23,
    "42" : 27,
    "43" : 20,
    "44" : 19,
    "45" : 14,
    "46" : 18,
    "47" : 14,
    "48" : 10,
    "49" : 6,
    "50" : 4,
    "51" : 3,
    "52" : 8,
    "53" : 6,
    "54" : 3,
    "55" : 4,
    "56" : 1,
    "57" : 4,
    "58" : 4,
    "59" : 1,
    "60" : 3,
    "61" : 3,
    "62" : 6,
    "63" : 1,
    "64" : 1,
    "65" : 1,
    "66" : 3,
    "67" : 2,
    "71" : 1,
    "78" : 1,
    "91" : 1,
    "107" : 1
  },
  "mean" : 16.347842261904763,
  "stdDev" : 8.648668511440738
}