{
  "distribution" : {
    "3" : 3,
    "4" : 14,
    "5" : 48,
    "6" : 96,
    "7" : 188,
    "8" : 257,
    "9" : 311,
    "10" : 380,
    "11" : 452,
    "12" : 475,
    "13" : 485,
    "14" : 543,
    "15" : 504,
    "16" : 514,
    "17" : 463,
    "18" : 479,
    "19" : 433,
    "20" : 414,
    "21" : 389,
    "22" : 353,
    "23" : 330,
    "24" : 336,
    "25" : 289,
    "26" : 223,
    "27" : 199,
    "28" : 194,
    "29" : 217,
    "30" : 178,
    "31" : 159,
    "32" : 135,
    "33" : 133,
    "34" : 118,
    "35" : 107,
    "36" : 95,
    "37" : 94,
    "38" : 88,
    "39" : 91,
    "40" : 83,
    "41" : 57,
    "42" : 66,
    "43" : 60,
    "44" : 44,
    "45" : 33,
    "46" : 25,
    "47" : 34,
    "48" : 45,
    "49" : 17,
    "50" : 32,
    "51" : 24,
    "52" : 21,
    "53" : 16,
    "54" : 16,
    "55" : 13,
    "56" : 15,
    "57" : 6,
    "58" : 9,
    "59" : 5,
    "60" : 9,
    "61" : 9,
    "62" : 9,
    "63" : 3,
    "64" : 5,
    "65" : 6,
    "66" : 7,
    "67" : 6,
    "68" : 8,
    "69" : 3,
    "70" : 1,
    "71" : 2,
    "72" : 1,
    "73" : 3,
    "74" : 2,
    "75" : 2,
    "76" : 2,
    "77" : 1,
    "78" : 2,
    "79" : 2,
    "85" : 1,
    "87" : 1,
    "88" : 1,
    "89" : 1,
    "90" : 2,
    "91" : 1,
    "94" : 1,
    "95" : 1,
    "123" : 1
  },
  "mean" : 21.08380154271022,
  "stdDev" : 11.022661741644175
}