{
  "distribution" : {
    "2" : 1,
    "3" : 13,
    "4" : 60,
    "5" : 146,
    "6" : 299,
    "7" : 361,
    "8" : 473,
    "9" : 561,
    "10" : 618,
    "11" : 646,
    "12" : 603,
    "13" : 654,
    "14" : 581,
    "15" : 553,
    "16" : 531,
    "17" : 429,
    "18" : 437,
    "19" : 427,
    "20" : 350,
    "21" : 353,
    "22" : 271,
    "23" : 248,
    "24" : 228,
    "25" : 223,
    "26" : 187,
    "27" : 165,
    "28" : 127,
    "29" : 123,
    "30" : 116,
    "31" : 82,
    "32" : 90,
    "33" : 67,
    "34" : 73,
    "35" : 66,
    "36" : 53,
    "37" : 56,
    "38" : 40,
    "39" : 44,
    "40" : 24,
    "41" : 35,
    "42" : 29,
    "43" : 17,
    "44" : 17,
    "45" : 20,
    "46" : 13,
    "47" : 14,
    "48" : 11,
    "49" : 13,
    "50" : 5,
    "51" : 6,
    "52" : 9,
    "53" : 6,
    "54" : 3,
    "55" : 7,
    "56" : 7,
    "57" : 6,
    "58" : 3,
    "59" : 3,
    "60" : 4,
    "61" : 3,
    "62" : 2,
    "63" : 3,
    "64" : 2,
    "65" : 2,
    "66" : 2,
    "68" : 3,
    "69" : 2,
    "70" : 2,
    "77" : 1
  },
  "mean" : 17.042525166995954,
  "stdDev" : 8.964587518538828
}