{
  "distribution" : {
    "3" : 10,
    "4" : 46,
    "5" : 77,
    "6" : 165,
    "7" : 253,
    "8" : 295,
    "9" : 421,
    "10" : 485,
    "11" : 536,
    "12" : 552,
    "13" : 529,
    "14" : 559,
    "15" : 520,
    "16" : 528,
    "17" : 513,
    "18" : 462,
    "19" : 449,
    "20" : 401,
    "21" : 356,
    "22" : 329,
    "23" : 312,
    "24" : 277,
    "25" : 247,
    "26" : 242,
    "27" : 187,
    "28" : 167,
    "29" : 168,
    "30" : 142,
    "31" : 126,
    "32" : 113,
    "33" : 113,
    "34" : 89,
    "35" : 77,
    "36" : 69,
    "37" : 72,
    "38" : 51,
    "39" : 59,
    "40" : 42,
    "41" : 36,
    "42" : 39,
    "43" : 32,
    "44" : 37,
    "45" : 39,
    "46" : 26,
    "47" : 28,
    "48" : 19,
    "49" : 10,
    "50" : 14,
    "51" : 10,
    "52" : 13,
    "53" : 10,
    "54" : 5,
    "55" : 10,
    "56" : 10,
    "57" : 13,
    "58" : 3,
    "59" : 8,
    "60" : 4,
    "61" : 6,
    "62" : 3,
    "63" : 2,
    "64" : 3,
    "65" : 4,
    "66" : 5,
    "67" : 2,
    "68" : 3,
    "69" : 1,
    "70" : 1,
    "71" : 2,
    "72" : 1,
    "73" : 1,
    "74" : 3,
    "75" : 1,
    "77" : 2,
    "78" : 1,
    "81" : 1,
    "84" : 1,
    "89" : 1,
    "96" : 1,
    "105" : 1
  },
  "mean" : 19.111759640225817,
  "stdDev" : 9.96806126735213
}