{
  "distribution" : {
    "129" : 1,
    "2" : 3,
    "3" : 8,
    "4" : 44,
    "5" : 106,
    "6" : 211,
    "7" : 308,
    "8" : 405,
    "9" : 496,
    "10" : 563,
    "11" : 630,
    "12" : 594,
    "13" : 603,
    "14" : 562,
    "15" : 545,
    "16" : 526,
    "17" : 456,
    "18" : 433,
    "19" : 428,
    "20" : 384,
    "21" : 333,
    "22" : 317,
    "23" : 295,
    "24" : 284,
    "25" : 231,
    "26" : 183,
    "27" : 179,
    "28" : 150,
    "29" : 146,
    "30" : 147,
    "31" : 121,
    "32" : 108,
    "33" : 89,
    "34" : 81,
    "35" : 82,
    "36" : 55,
    "37" : 55,
    "38" : 48,
    "39" : 49,
    "40" : 30,
    "41" : 29,
    "42" : 17,
    "43" : 23,
    "44" : 26,
    "45" : 17,
    "46" : 15,
    "47" : 20,
    "48" : 13,
    "49" : 17,
    "50" : 14,
    "51" : 13,
    "52" : 12,
    "53" : 8,
    "54" : 7,
    "55" : 5,
    "56" : 7,
    "57" : 9,
    "58" : 4,
    "59" : 6,
    "60" : 4,
    "61" : 5,
    "62" : 1,
    "63" : 2,
    "64" : 1,
    "65" : 1,
    "66" : 3,
    "69" : 3,
    "70" : 2,
    "71" : 1,
    "74" : 1,
    "77" : 2,
    "80" : 2,
    "82" : 1,
    "84" : 1,
    "93" : 1
  },
  "mean" : 17.992723492723492,
  "stdDev" : 9.443020192062125
}