{
  "distribution" : {
    "2" : 17,
    "3" : 110,
    "4" : 274,
    "5" : 487,
    "6" : 669,
    "7" : 776,
    "8" : 846,
    "9" : 848,
    "10" : 794,
    "11" : 757,
    "12" : 674,
    "13" : 624,
    "14" : 525,
    "15" : 450,
    "16" : 400,
    "17" : 359,
    "18" : 288,
    "19" : 254,
    "20" : 197,
    "21" : 176,
    "22" : 158,
    "23" : 118,
    "24" : 106,
    "25" : 86,
    "26" : 70,
    "27" : 58,
    "28" : 57,
    "29" : 46,
    "30" : 38,
    "31" : 39,
    "32" : 31,
    "33" : 20,
    "34" : 21,
    "35" : 13,
    "36" : 13,
    "37" : 9,
    "38" : 13,
    "39" : 15,
    "40" : 7,
    "41" : 10,
    "42" : 4,
    "43" : 3,
    "44" : 3,
    "45" : 1,
    "49" : 1,
    "50" : 1,
    "51" : 3,
    "52" : 1,
    "55" : 1,
    "59" : 1,
    "60" : 1
  },
  "mean" : 12.446194977561348,
  "stdDev" : 6.498486123214184
}