{
  "distribution" : {
    "2" : 15,
    "3" : 138,
    "4" : 418,
    "5" : 653,
    "6" : 813,
    "7" : 948,
    "8" : 899,
    "9" : 941,
    "10" : 831,
    "11" : 744,
    "12" : 641,
    "13" : 567,
    "14" : 463,
    "15" : 427,
    "16" : 315,
    "17" : 264,
    "18" : 263,
    "19" : 192,
    "20" : 165,
    "21" : 142,
    "22" : 118,
    "23" : 89,
    "24" : 82,
    "25" : 68,
    "26" : 64,
    "27" : 51,
    "28" : 39,
    "29" : 25,
    "30" : 37,
    "31" : 27,
    "32" : 15,
    "33" : 24,
    "34" : 10,
    "35" : 5,
    "36" : 7,
    "37" : 13,
    "38" : 4,
    "39" : 6,
    "40" : 5,
    "41" : 1,
    "42" : 4,
    "43" : 1,
    "44" : 1,
    "45" : 2,
    "47" : 3
  },
  "mean" : 11.379601518026565,
  "stdDev" : 5.960573679814866
}