{
  "distribution" : {
    "3" : 30,
    "4" : 111,
    "5" : 252,
    "6" : 367,
    "7" : 467,
    "8" : 575,
    "9" : 623,
    "10" : 669,
    "11" : 721,
    "12" : 683,
    "13" : 677,
    "14" : 598,
    "15" : 517,
    "16" : 481,
    "17" : 412,
    "18" : 411,
    "19" : 337,
    "20" : 292,
    "21" : 213,
    "22" : 203,
    "23" : 192,
    "24" : 199,
    "25" : 133,
    "26" : 142,
    "27" : 124,
    "28" : 117,
    "29" : 82,
    "30" : 68,
    "31" : 57,
    "32" : 55,
    "33" : 53,
    "34" : 37,
    "35" : 47,
    "36" : 34,
    "37" : 25,
    "38" : 13,
    "39" : 19,
    "40" : 15,
    "41" : 16,
    "42" : 9,
    "43" : 13,
    "44" : 9,
    "45" : 8,
    "46" : 8,
    "47" : 4,
    "48" : 5,
    "49" : 4,
    "50" : 5,
    "51" : 1,
    "52" : 3,
    "53" : 4,
    "54" : 2,
    "55" : 2,
    "56" : 2,
    "57" : 1,
    "60" : 2,
    "61" : 2,
    "63" : 1,
    "70" : 1,
    "73" : 1,
    "81" : 1,
    "89" : 1
  },
  "mean" : 15.057699881843245,
  "stdDev" : 7.741835093973435
}