{
  "distribution" : {
    "1" : 1,
    "2" : 11,
    "3" : 38,
    "4" : 110,
    "5" : 213,
    "6" : 390,
    "7" : 472,
    "8" : 595,
    "9" : 654,
    "10" : 655,
    "11" : 695,
    "12" : 650,
    "13" : 647,
    "14" : 610,
    "15" : 548,
    "16" : 487,
    "17" : 437,
    "18" : 416,
    "19" : 350,
    "20" : 311,
    "21" : 307,
    "22" : 238,
    "23" : 209,
    "24" : 220,
    "25" : 181,
    "26" : 177,
    "27" : 142,
    "28" : 123,
    "29" : 83,
    "30" : 81,
    "31" : 74,
    "32" : 61,
    "33" : 56,
    "34" : 40,
    "35" : 30,
    "36" : 37,
    "37" : 35,
    "38" : 28,
    "39" : 26,
    "40" : 26,
    "41" : 20,
    "42" : 25,
    "43" : 17,
    "44" : 17,
    "45" : 10,
    "46" : 4,
    "47" : 11,
    "48" : 5,
    "49" : 9,
    "50" : 5,
    "51" : 5,
    "52" : 6,
    "53" : 2,
    "54" : 2,
    "55" : 2,
    "56" : 2,
    "57" : 2,
    "58" : 1,
    "59" : 2,
    "60" : 3,
    "62" : 2,
    "63" : 2,
    "67" : 1,
    "74" : 3,
    "76" : 1
  },
  "mean" : 15.575355361009132,
  "stdDev" : 8.189971801705966
}