{
  "distribution" : {
    "1" : 3,
    "3" : 20,
    "4" : 70,
    "5" : 158,
    "6" : 282,
    "7" : 384,
    "8" : 464,
    "9" : 576,
    "10" : 608,
    "11" : 625,
    "12" : 618,
    "13" : 621,
    "14" : 578,
    "15" : 579,
    "16" : 483,
    "17" : 438,
    "18" : 429,
    "19" : 386,
    "20" : 371,
    "21" : 329,
    "22" : 304,
    "23" : 240,
    "24" : 194,
    "25" : 206,
    "26" : 174,
    "27" : 173,
    "28" : 130,
    "29" : 124,
    "30" : 99,
    "31" : 112,
    "32" : 69,
    "33" : 76,
    "34" : 66,
    "35" : 64,
    "36" : 48,
    "37" : 40,
    "38" : 35,
    "39" : 41,
    "40" : 29,
    "41" : 33,
    "42" : 22,
    "43" : 21,
    "44" : 14,
    "45" : 13,
    "46" : 9,
    "47" : 11,
    "48" : 8,
    "49" : 6,
    "50" : 9,
    "51" : 9,
    "52" : 3,
    "53" : 1,
    "54" : 5,
    "55" : 6,
    "56" : 10,
    "57" : 1,
    "58" : 1,
    "59" : 2,
    "60" : 2,
    "61" : 6,
    "62" : 2,
    "63" : 6,
    "64" : 1,
    "66" : 1,
    "71" : 2,
    "83" : 1,
    "85" : 1,
    "96" : 1
  },
  "mean" : 16.798813737682963,
  "stdDev" : 8.76230699365018
}