{
  "distribution" : {
    "2" : 24,
    "3" : 154,
    "4" : 358,
    "5" : 572,
    "6" : 838,
    "7" : 889,
    "8" : 918,
    "9" : 960,
    "10" : 904,
    "11" : 711,
    "12" : 654,
    "13" : 577,
    "14" : 511,
    "15" : 488,
    "16" : 374,
    "17" : 299,
    "18" : 248,
    "19" : 207,
    "20" : 169,
    "21" : 149,
    "22" : 136,
    "23" : 110,
    "24" : 98,
    "25" : 93,
    "26" : 71,
    "27" : 53,
    "28" : 47,
    "29" : 35,
    "30" : 33,
    "31" : 32,
    "32" : 23,
    "33" : 17,
    "34" : 17,
    "35" : 18,
    "36" : 10,
    "37" : 9,
    "38" : 9,
    "39" : 7,
    "40" : 3,
    "41" : 4,
    "42" : 4,
    "43" : 3,
    "44" : 4,
    "45" : 2,
    "46" : 1,
    "47" : 3,
    "48" : 3,
    "50" : 1,
    "53" : 1,
    "57" : 1
  },
  "mean" : 11.761334316255068,
  "stdDev" : 6.2510075190438394
}