{
  "distribution" : {
    "2" : 3,
    "3" : 11,
    "4" : 40,
    "5" : 102,
    "6" : 208,
    "7" : 287,
    "8" : 399,
    "9" : 492,
    "10" : 547,
    "11" : 564,
    "12" : 610,
    "13" : 617,
    "14" : 560,
    "15" : 582,
    "16" : 562,
    "17" : 470,
    "18" : 467,
    "19" : 375,
    "20" : 375,
    "21" : 372,
    "22" : 318,
    "23" : 281,
    "24" : 255,
    "25" : 231,
    "26" : 201,
    "27" : 164,
    "28" : 169,
    "29" : 136,
    "30" : 110,
    "31" : 125,
    "32" : 109,
    "33" : 91,
    "34" : 73,
    "35" : 67,
    "36" : 76,
    "37" : 58,
    "38" : 46,
    "39" : 34,
    "40" : 40,
    "41" : 37,
    "42" : 33,
    "43" : 29,
    "44" : 29,
    "45" : 26,
    "46" : 18,
    "47" : 15,
    "48" : 10,
    "49" : 12,
    "50" : 15,
    "51" : 13,
    "52" : 10,
    "53" : 9,
    "54" : 10,
    "55" : 5,
    "56" : 5,
    "57" : 4,
    "58" : 5,
    "59" : 5,
    "60" : 3,
    "61" : 5,
    "62" : 4,
    "63" : 2,
    "64" : 3,
    "66" : 2,
    "68" : 2,
    "69" : 1,
    "70" : 1,
    "73" : 1,
    "74" : 2,
    "75" : 1,
    "79" : 1,
    "83" : 2,
    "84" : 2,
    "85" : 1,
    "90" : 1,
    "116" : 1
  },
  "mean" : 18.07259287338893,
  "stdDev" : 9.47182741264952
}