{
  "distribution" : {
    "2" : 13,
    "3" : 71,
    "4" : 169,
    "5" : 324,
    "6" : 536,
    "7" : 631,
    "8" : 728,
    "9" : 810,
    "10" : 754,
    "11" : 753,
    "12" : 718,
    "13" : 688,
    "14" : 605,
    "15" : 535,
    "16" : 470,
    "17" : 406,
    "18" : 383,
    "19" : 284,
    "20" : 291,
    "21" : 222,
    "22" : 199,
    "23" : 198,
    "24" : 153,
    "25" : 141,
    "26" : 118,
    "27" : 106,
    "28" : 78,
    "29" : 69,
    "30" : 65,
    "31" : 58,
    "32" : 55,
    "33" : 50,
    "34" : 31,
    "35" : 26,
    "36" : 34,
    "37" : 31,
    "38" : 17,
    "39" : 13,
    "40" : 23,
    "41" : 9,
    "42" : 3,
    "43" : 5,
    "44" : 13,
    "45" : 8,
    "46" : 7,
    "47" : 6,
    "48" : 7,
    "49" : 4,
    "50" : 5,
    "51" : 1,
    "52" : 4,
    "53" : 4,
    "54" : 1,
    "58" : 3,
    "59" : 5,
    "65" : 1,
    "71" : 1,
    "74" : 1
  },
  "mean" : 14.1078216374269,
  "stdDev" : 7.529628767271166
}