{
  "distribution" : {
    "2" : 6,
    "3" : 27,
    "4" : 92,
    "5" : 182,
    "6" : 312,
    "7" : 463,
    "8" : 525,
    "9" : 608,
    "10" : 679,
    "11" : 674,
    "12" : 649,
    "13" : 579,
    "14" : 578,
    "15" : 594,
    "16" : 513,
    "17" : 456,
    "18" : 466,
    "19" : 386,
    "20" : 355,
    "21" : 284,
    "22" : 236,
    "23" : 233,
    "24" : 191,
    "25" : 171,
    "26" : 141,
    "27" : 152,
    "28" : 100,
    "29" : 122,
    "30" : 100,
    "31" : 75,
    "32" : 83,
    "33" : 52,
    "34" : 56,
    "35" : 47,
    "36" : 62,
    "37" : 48,
    "38" : 44,
    "39" : 36,
    "40" : 18,
    "41" : 19,
    "42" : 24,
    "43" : 22,
    "44" : 18,
    "45" : 18,
    "46" : 12,
    "47" : 11,
    "48" : 8,
    "49" : 12,
    "50" : 8,
    "51" : 3,
    "52" : 4,
    "53" : 3,
    "54" : 4,
    "55" : 2,
    "56" : 3,
    "57" : 1,
    "58" : 1,
    "59" : 1,
    "60" : 2,
    "61" : 3,
    "62" : 1,
    "64" : 2,
    "65" : 1,
    "66" : 3,
    "71" : 1,
    "77" : 1
  },
  "mean" : 16.144665973731456,
  "stdDev" : 8.47327570043927
}