{
  "distribution" : {
    "3" : 9,
    "4" : 42,
    "5" : 129,
    "6" : 229,
    "7" : 306,
    "8" : 388,
    "9" : 484,
    "10" : 550,
    "11" : 560,
    "12" : 603,
    "13" : 569,
    "14" : 555,
    "15" : 537,
    "16" : 522,
    "17" : 443,
    "18" : 438,
    "19" : 411,
    "20" : 383,
    "21" : 322,
    "22" : 279,
    "23" : 280,
    "24" : 229,
    "25" : 208,
    "26" : 188,
    "27" : 177,
    "28" : 168,
    "29" : 126,
    "30" : 111,
    "31" : 97,
    "32" : 95,
    "33" : 86,
    "34" : 66,
    "35" : 78,
    "36" : 47,
    "37" : 65,
    "38" : 45,
    "39" : 49,
    "40" : 34,
    "41" : 37,
    "42" : 23,
    "43" : 26,
    "44" : 17,
    "45" : 27,
    "46" : 19,
    "47" : 13,
    "48" : 5,
    "49" : 8,
    "50" : 7,
    "51" : 4,
    "52" : 9,
    "53" : 6,
    "54" : 5,
    "55" : 5,
    "56" : 5,
    "57" : 3,
    "58" : 6,
    "59" : 4,
    "60" : 5,
    "61" : 1,
    "63" : 2,
    "64" : 2,
    "65" : 1,
    "66" : 4,
    "67" : 2,
    "71" : 1,
    "72" : 1,
    "73" : 1,
    "75" : 1,
    "77" : 1,
    "81" : 1,
    "92" : 1
  },
  "mean" : 17.687038677295543,
  "stdDev" : 9.096274130135418
}