{
  "distribution" : {
    "3" : 12,
    "4" : 46,
    "5" : 142,
    "6" : 235,
    "7" : 321,
    "8" : 429,
    "9" : 506,
    "10" : 632,
    "11" : 599,
    "12" : 623,
    "13" : 620,
    "14" : 617,
    "15" : 574,
    "16" : 517,
    "17" : 453,
    "18" : 407,
    "19" : 392,
    "20" : 348,
    "21" : 299,
    "22" : 261,
    "23" : 301,
    "24" : 218,
    "25" : 212,
    "26" : 167,
    "27" : 174,
    "28" : 121,
    "29" : 136,
    "30" : 107,
    "31" : 97,
    "32" : 88,
    "33" : 77,
    "34" : 64,
    "35" : 67,
    "36" : 61,
    "37" : 57,
    "38" : 50,
    "39" : 47,
    "40" : 33,
    "41" : 30,
    "42" : 21,
    "43" : 18,
    "44" : 18,
    "45" : 13,
    "46" : 18,
    "47" : 15,
    "48" : 11,
    "49" : 12,
    "50" : 8,
    "51" : 11,
    "52" : 5,
    "53" : 3,
    "54" : 6,
    "55" : 8,
    "56" : 7,
    "57" : 1,
    "58" : 5,
    "59" : 2,
    "60" : 4,
    "61" : 3,
    "63" : 3,
    "64" : 1,
    "65" : 1,
    "66" : 1,
    "67" : 1,
    "70" : 1,
    "71" : 2,
    "72" : 1,
    "74" : 1,
    "79" : 1,
    "89" : 1
  },
  "mean" : 17.266460408005415,
  "stdDev" : 8.959186963651081
}