{
  "distribution" : {
    "2" : 32,
    "3" : 168,
    "4" : 388,
    "5" : 612,
    "6" : 747,
    "7" : 905,
    "8" : 898,
    "9" : 924,
    "10" : 875,
    "11" : 860,
    "12" : 731,
    "13" : 777,
    "14" : 588,
    "15" : 494,
    "16" : 459,
    "17" : 407,
    "18" : 375,
    "19" : 351,
    "20" : 290,
    "21" : 236,
    "22" : 189,
    "23" : 181,
    "24" : 181,
    "25" : 137,
    "26" : 117,
    "27" : 92,
    "28" : 80,
    "29" : 68,
    "30" : 76,
    "31" : 47,
    "32" : 48,
    "33" : 46,
    "34" : 31,
    "35" : 30,
    "36" : 30,
    "37" : 16,
    "38" : 15,
    "39" : 16,
    "40" : 24,
    "41" : 13,
    "42" : 17,
    "43" : 11,
    "44" : 6,
    "45" : 11,
    "46" : 12,
    "47" : 4,
    "48" : 3,
    "49" : 7,
    "50" : 13,
    "51" : 5,
    "52" : 2,
    "54" : 1,
    "55" : 1,
    "57" : 1,
    "58" : 1,
    "60" : 3,
    "62" : 2,
    "65" : 1,
    "83" : 1
  },
  "mean" : 13.163716814159292,
  "stdDev" : 7.555483060653054
}