{
  "distribution" : {
    "3" : 4,
    "4" : 36,
    "5" : 104,
    "6" : 202,
    "7" : 290,
    "8" : 372,
    "9" : 467,
    "10" : 528,
    "11" : 577,
    "12" : 598,
    "13" : 603,
    "14" : 556,
    "15" : 517,
    "16" : 533,
    "17" : 502,
    "18" : 419,
    "19" : 407,
    "20" : 367,
    "21" : 306,
    "22" : 310,
    "23" : 297,
    "24" : 258,
    "25" : 208,
    "26" : 197,
    "27" : 179,
    "28" : 159,
    "29" : 150,
    "30" : 154,
    "31" : 117,
    "32" : 94,
    "33" : 98,
    "34" : 61,
    "35" : 76,
    "36" : 55,
    "37" : 54,
    "38" : 42,
    "39" : 41,
    "40" : 31,
    "41" : 26,
    "42" : 36,
    "43" : 26,
    "44" : 34,
    "45" : 25,
    "46" : 15,
    "47" : 17,
    "48" : 16,
    "49" : 12,
    "50" : 8,
    "51" : 13,
    "52" : 6,
    "53" : 7,
    "54" : 9,
    "55" : 3,
    "56" : 9,
    "57" : 4,
    "58" : 6,
    "59" : 6,
    "60" : 2,
    "61" : 1,
    "62" : 3,
    "63" : 5,
    "64" : 2,
    "65" : 3,
    "66" : 1,
    "67" : 1,
    "68" : 1,
    "70" : 2,
    "72" : 1,
    "74" : 1,
    "75" : 3,
    "77" : 1,
    "101" : 2
  },
  "mean" : 18.081549240949787,
  "stdDev" : 9.351464809656127
}