{
  "distribution" : {
    "1" : 4,
    "2" : 12,
    "3" : 105,
    "4" : 279,
    "5" : 458,
    "6" : 648,
    "7" : 837,
    "8" : 851,
    "9" : 861,
    "10" : 812,
    "11" : 734,
    "12" : 731,
    "13" : 660,
    "14" : 563,
    "15" : 505,
    "16" : 423,
    "17" : 364,
    "18" : 292,
    "19" : 270,
    "20" : 224,
    "21" : 192,
    "22" : 178,
    "23" : 132,
    "24" : 106,
    "25" : 116,
    "26" : 93,
    "27" : 86,
    "28" : 56,
    "29" : 55,
    "30" : 50,
    "31" : 30,
    "32" : 35,
    "33" : 34,
    "34" : 19,
    "35" : 28,
    "36" : 17,
    "37" : 14,
    "38" : 10,
    "39" : 9,
    "40" : 9,
    "41" : 7,
    "42" : 6,
    "43" : 3,
    "44" : 5,
    "45" : 2,
    "46" : 3,
    "47" : 6,
    "48" : 2,
    "49" : 3,
    "50" : 1,
    "53" : 3,
    "54" : 1,
    "57" : 3,
    "59" : 1,
    "63" : 1,
    "66" : 1,
    "75" : 1
  },
  "mean" : 12.79024746598484,
  "stdDev" : 6.8286877967522415
}