{
  "distribution" : {
    "3" : 2,
    "4" : 15,
    "5" : 49,
    "6" : 86,
    "7" : 171,
    "8" : 238,
    "9" : 285,
    "10" : 357,
    "11" : 426,
    "12" : 466,
    "13" : 527,
    "14" : 481,
    "15" : 498,
    "16" : 497,
    "17" : 450,
    "18" : 479,
    "19" : 418,
    "20" : 421,
    "21" : 402,
    "22" : 354,
    "23" : 326,
    "24" : 303,
    "25" : 280,
    "26" : 243,
    "27" : 206,
    "28" : 202,
    "29" : 205,
    "30" : 168,
    "31" : 146,
    "32" : 143,
    "33" : 108,
    "34" : 108,
    "35" : 102,
    "36" : 82,
    "37" : 105,
    "38" : 70,
    "39" : 66,
    "40" : 68,
    "41" : 60,
    "42" : 42,
    "43" : 50,
    "44" : 47,
    "45" : 48,
    "46" : 31,
    "47" : 30,
    "48" : 24,
    "49" : 25,
    "50" : 22,
    "51" : 15,
    "52" : 23,
    "53" : 19,
    "54" : 12,
    "55" : 15,
    "56" : 8,
    "57" : 14,
    "58" : 5,
    "59" : 10,
    "60" : 5,
    "61" : 7,
    "62" : 9,
    "63" : 5,
    "64" : 5,
    "65" : 5,
    "66" : 4,
    "67" : 3,
    "68" : 3,
    "69" : 1,
    "70" : 6,
    "71" : 2,
    "72" : 3,
    "73" : 5,
    "75" : 3,
    "76" : 3,
    "78" : 1,
    "79" : 1,
    "80" : 2,
    "81" : 1,
    "82" : 2,
    "83" : 1,
    "93" : 1,
    "98" : 1,
    "104" : 1
  },
  "mean" : 20.9417744004737,
  "stdDev" : 10.754435394982476
}