{
  "distribution" : {
    "2" : 1,
    "3" : 8,
    "4" : 36,
    "5" : 76,
    "6" : 134,
    "7" : 200,
    "8" : 275,
    "9" : 360,
    "10" : 425,
    "11" : 482,
    "12" : 504,
    "13" : 524,
    "14" : 576,
    "15" : 515,
    "16" : 523,
    "17" : 472,
    "18" : 450,
    "19" : 397,
    "20" : 395,
    "21" : 403,
    "22" : 343,
    "23" : 362,
    "24" : 280,
    "25" : 280,
    "26" : 261,
    "27" : 228,
    "28" : 225,
    "29" : 184,
    "30" : 186,
    "31" : 151,
    "32" : 129,
    "33" : 130,
    "34" : 113,
    "35" : 80,
    "36" : 83,
    "37" : 96,
    "38" : 71,
    "39" : 72,
    "40" : 65,
    "41" : 64,
    "42" : 50,
    "43" : 43,
    "44" : 40,
    "45" : 38,
    "46" : 33,
    "47" : 39,
    "48" : 19,
    "49" : 23,
    "50" : 34,
    "51" : 16,
    "52" : 16,
    "53" : 8,
    "54" : 8,
    "55" : 12,
    "56" : 14,
    "57" : 17,
    "58" : 13,
    "59" : 12,
    "60" : 5,
    "61" : 9,
    "62" : 7,
    "63" : 7,
    "64" : 4,
    "65" : 2,
    "66" : 2,
    "67" : 4,
    "68" : 3,
    "69" : 2,
    "70" : 2,
    "72" : 3,
    "73" : 3,
    "74" : 2,
    "76" : 2,
    "77" : 1,
    "78" : 2,
    "80" : 1,
    "81" : 1,
    "82" : 1,
    "86" : 1,
    "88" : 1,
    "89" : 2,
    "90" : 1,
    "94" : 1,
    "103" : 1,
    "107" : 1
  },
  "mean" : 20.383591186122832,
  "stdDev" : 10.73953252858943
}