{
  "distribution" : {
    "2" : 19,
    "3" : 136,
    "4" : 322,
    "5" : 587,
    "6" : 780,
    "7" : 831,
    "8" : 879,
    "9" : 860,
    "10" : 788,
    "11" : 794,
    "12" : 614,
    "13" : 579,
    "14" : 495,
    "15" : 426,
    "16" : 339,
    "17" : 302,
    "18" : 268,
    "19" : 223,
    "20" : 170,
    "21" : 144,
    "22" : 136,
    "23" : 114,
    "24" : 91,
    "25" : 86,
    "26" : 64,
    "27" : 53,
    "28" : 45,
    "29" : 33,
    "30" : 28,
    "31" : 27,
    "32" : 17,
    "33" : 13,
    "34" : 8,
    "35" : 13,
    "36" : 15,
    "37" : 3,
    "38" : 9,
    "39" : 7,
    "40" : 4,
    "42" : 3,
    "44" : 2,
    "45" : 2,
    "46" : 1,
    "47" : 3,
    "48" : 3,
    "49" : 1,
    "52" : 1
  },
  "mean" : 11.76330044496034,
  "stdDev" : 6.102140796266297
}