{
  "distribution" : {
    "2" : 2,
    "3" : 51,
    "4" : 133,
    "5" : 276,
    "6" : 410,
    "7" : 597,
    "8" : 675,
    "9" : 706,
    "10" : 712,
    "11" : 693,
    "12" : 678,
    "13" : 682,
    "14" : 615,
    "15" : 523,
    "16" : 466,
    "17" : 417,
    "18" : 355,
    "19" : 320,
    "20" : 246,
    "21" : 241,
    "22" : 202,
    "23" : 166,
    "24" : 174,
    "25" : 139,
    "26" : 127,
    "27" : 114,
    "28" : 99,
    "29" : 77,
    "30" : 62,
    "31" : 68,
    "32" : 44,
    "33" : 39,
    "34" : 36,
    "35" : 25,
    "36" : 21,
    "37" : 18,
    "38" : 19,
    "39" : 15,
    "40" : 16,
    "41" : 11,
    "42" : 13,
    "43" : 9,
    "44" : 9,
    "45" : 8,
    "46" : 9,
    "47" : 5,
    "48" : 5,
    "49" : 2,
    "50" : 1,
    "51" : 4,
    "52" : 1,
    "53" : 2,
    "54" : 3,
    "55" : 1,
    "56" : 1,
    "57" : 2,
    "58" : 3,
    "61" : 1,
    "63" : 1,
    "66" : 1,
    "68" : 1,
    "79" : 1
  },
  "mean" : 14.442577030812325,
  "stdDev" : 7.4976948546976345
}