{
  "distribution" : {
    "2" : 10,
    "3" : 122,
    "4" : 322,
    "5" : 556,
    "6" : 712,
    "7" : 831,
    "8" : 897,
    "9" : 950,
    "10" : 812,
    "11" : 758,
    "12" : 648,
    "13" : 579,
    "14" : 526,
    "15" : 433,
    "16" : 348,
    "17" : 323,
    "18" : 275,
    "19" : 232,
    "20" : 200,
    "21" : 169,
    "22" : 136,
    "23" : 107,
    "24" : 86,
    "25" : 78,
    "26" : 67,
    "27" : 56,
    "28" : 53,
    "29" : 35,
    "30" : 38,
    "31" : 25,
    "32" : 28,
    "33" : 20,
    "34" : 14,
    "35" : 10,
    "36" : 11,
    "37" : 11,
    "38" : 7,
    "39" : 6,
    "40" : 9,
    "41" : 6,
    "42" : 1,
    "43" : 3,
    "44" : 4,
    "45" : 3,
    "46" : 2,
    "48" : 2,
    "52" : 1,
    "54" : 1,
    "55" : 1,
    "57" : 2
  },
  "mean" : 11.991829754892647,
  "stdDev" : 6.277140954400948
}