{
  "distribution" : {
    "3" : 15,
    "4" : 44,
    "5" : 93,
    "6" : 173,
    "7" : 255,
    "8" : 332,
    "9" : 405,
    "10" : 537,
    "11" : 550,
    "12" : 554,
    "13" : 613,
    "14" : 573,
    "15" : 543,
    "16" : 510,
    "17" : 460,
    "18" : 403,
    "19" : 377,
    "20" : 398,
    "21" : 341,
    "22" : 313,
    "23" : 260,
    "24" : 237,
    "25" : 234,
    "26" : 209,
    "27" : 191,
    "28" : 168,
    "29" : 148,
    "30" : 119,
    "31" : 102,
    "32" : 108,
    "33" : 100,
    "34" : 78,
    "35" : 73,
    "36" : 63,
    "37" : 43,
    "38" : 55,
    "39" : 41,
    "40" : 45,
    "41" : 31,
    "42" : 24,
    "43" : 24,
    "44" : 17,
    "45" : 21,
    "46" : 27,
    "47" : 19,
    "48" : 12,
    "49" : 11,
    "50" : 19,
    "51" : 7,
    "52" : 13,
    "53" : 7,
    "54" : 5,
    "55" : 6,
    "56" : 7,
    "57" : 5,
    "58" : 2,
    "59" : 6,
    "60" : 4,
    "61" : 5,
    "62" : 4,
    "63" : 3,
    "64" : 3,
    "65" : 2,
    "66" : 2,
    "67" : 1,
    "68" : 1,
    "69" : 1,
    "70" : 1,
    "74" : 2,
    "75" : 1,
    "91" : 2
  },
  "mean" : 18.297474647047128,
  "stdDev" : 9.362380404290676
}