{
  "distribution" : {
    "2" : 6,
    "3" : 34,
    "4" : 131,
    "5" : 257,
    "6" : 422,
    "7" : 551,
    "8" : 590,
    "9" : 674,
    "10" : 769,
    "11" : 728,
    "12" : 700,
    "13" : 675,
    "14" : 597,
    "15" : 551,
    "16" : 504,
    "17" : 467,
    "18" : 364,
    "19" : 312,
    "20" : 276,
    "21" : 257,
    "22" : 225,
    "23" : 201,
    "24" : 205,
    "25" : 159,
    "26" : 125,
    "27" : 121,
    "28" : 98,
    "29" : 100,
    "30" : 69,
    "31" : 74,
    "32" : 64,
    "33" : 55,
    "34" : 52,
    "35" : 35,
    "36" : 20,
    "37" : 27,
    "38" : 26,
    "39" : 24,
    "40" : 17,
    "41" : 20,
    "42" : 24,
    "43" : 2,
    "44" : 8,
    "45" : 9,
    "46" : 10,
    "47" : 7,
    "48" : 1,
    "49" : 5,
    "50" : 6,
    "51" : 5,
    "52" : 5,
    "53" : 1,
    "54" : 4,
    "55" : 4,
    "56" : 2,
    "58" : 5,
    "59" : 1,
    "60" : 1,
    "62" : 2,
    "63" : 1,
    "64" : 2,
    "67" : 2,
    "72" : 1
  },
  "mean" : 14.992048643592142,
  "stdDev" : 7.908319769510281
}