{
  "distribution" : {
    "1" : 12,
    "2" : 82,
    "3" : 247,
    "4" : 566,
    "5" : 769,
    "6" : 987,
    "7" : 1025,
    "8" : 1053,
    "9" : 998,
    "10" : 934,
    "11" : 850,
    "12" : 744,
    "13" : 703,
    "14" : 585,
    "15" : 521,
    "16" : 430,
    "17" : 379,
    "18" : 308,
    "19" : 262,
    "20" : 267,
    "21" : 192,
    "22" : 184,
    "23" : 149,
    "24" : 137,
    "25" : 90,
    "26" : 84,
    "27" : 96,
    "28" : 78,
    "29" : 68,
    "30" : 50,
    "31" : 42,
    "32" : 40,
    "33" : 30,
    "34" : 23,
    "35" : 17,
    "36" : 16,
    "37" : 21,
    "38" : 13,
    "39" : 17,
    "40" : 11,
    "41" : 11,
    "42" : 13,
    "43" : 4,
    "44" : 4,
    "45" : 9,
    "46" : 6,
    "47" : 4,
    "48" : 1,
    "49" : 3,
    "50" : 4,
    "51" : 2,
    "52" : 2,
    "54" : 1,
    "55" : 1,
    "57" : 3,
    "61" : 1,
    "62" : 2,
    "67" : 1,
    "68" : 1,
    "73" : 1
  },
  "mean" : 12.037403071309107,
  "stdDev" : 7.043896844498989
}