{
  "distribution" : {
    "2" : 6,
    "3" : 41,
    "4" : 111,
    "5" : 248,
    "6" : 350,
    "7" : 481,
    "8" : 599,
    "9" : 677,
    "10" : 723,
    "11" : 743,
    "12" : 678,
    "13" : 662,
    "14" : 597,
    "15" : 536,
    "16" : 468,
    "17" : 435,
    "18" : 362,
    "19" : 334,
    "20" : 287,
    "21" : 244,
    "22" : 229,
    "23" : 204,
    "24" : 174,
    "25" : 152,
    "26" : 145,
    "27" : 109,
    "28" : 114,
    "29" : 94,
    "30" : 71,
    "31" : 77,
    "32" : 55,
    "33" : 41,
    "34" : 46,
    "35" : 38,
    "36" : 26,
    "37" : 40,
    "38" : 19,
    "39" : 30,
    "40" : 18,
    "41" : 18,
    "42" : 14,
    "43" : 15,
    "44" : 11,
    "45" : 8,
    "46" : 6,
    "47" : 8,
    "48" : 6,
    "49" : 4,
    "50" : 5,
    "51" : 3,
    "52" : 1,
    "53" : 4,
    "54" : 1,
    "55" : 1,
    "56" : 2,
    "58" : 2,
    "59" : 2,
    "60" : 1,
    "64" : 2,
    "65" : 1,
    "67" : 1,
    "69" : 1,
    "70" : 1
  },
  "mean" : 15.097669042573685,
  "stdDev" : 7.848452379788672
}