{
  "distribution" : {
    "2" : 4,
    "3" : 18,
    "4" : 59,
    "5" : 118,
    "6" : 225,
    "7" : 341,
    "8" : 405,
    "9" : 514,
    "10" : 582,
    "11" : 571,
    "12" : 597,
    "13" : 594,
    "14" : 549,
    "15" : 554,
    "16" : 556,
    "17" : 476,
    "18" : 432,
    "19" : 420,
    "20" : 374,
    "21" : 322,
    "22" : 304,
    "23" : 267,
    "24" : 273,
    "25" : 250,
    "26" : 212,
    "27" : 209,
    "28" : 162,
    "29" : 148,
    "30" : 119,
    "31" : 104,
    "32" : 90,
    "33" : 85,
    "34" : 83,
    "35" : 68,
    "36" : 70,
    "37" : 60,
    "38" : 56,
    "39" : 41,
    "40" : 38,
    "41" : 46,
    "42" : 31,
    "43" : 28,
    "44" : 22,
    "45" : 18,
    "46" : 19,
    "47" : 19,
    "48" : 20,
    "49" : 15,
    "50" : 12,
    "51" : 7,
    "52" : 6,
    "53" : 10,
    "54" : 7,
    "55" : 4,
    "56" : 9,
    "57" : 3,
    "58" : 4,
    "59" : 8,
    "60" : 1,
    "61" : 4,
    "62" : 1,
    "63" : 5,
    "64" : 2,
    "66" : 2,
    "68" : 3,
    "69" : 1,
    "70" : 2,
    "71" : 3,
    "72" : 1,
    "75" : 2,
    "79" : 1,
    "82" : 1,
    "86" : 1,
    "92" : 1
  },
  "mean" : 17.928390664542132,
  "stdDev" : 9.448314646017117
}