{
  "distribution" : {
    "2" : 2,
    "3" : 34,
    "4" : 78,
    "5" : 185,
    "6" : 275,
    "7" : 381,
    "8" : 506,
    "9" : 573,
    "10" : 575,
    "11" : 648,
    "12" : 575,
    "13" : 606,
    "14" : 584,
    "15" : 532,
    "16" : 529,
    "17" : 463,
    "18" : 407,
    "19" : 380,
    "20" : 323,
    "21" : 299,
    "22" : 287,
    "23" : 243,
    "24" : 186,
    "25" : 180,
    "26" : 171,
    "27" : 144,
    "28" : 132,
    "29" : 112,
    "30" : 75,
    "31" : 99,
    "32" : 71,
    "33" : 73,
    "34" : 57,
    "35" : 55,
    "36" : 38,
    "37" : 38,
    "38" : 31,
    "39" : 32,
    "40" : 22,
    "41" : 27,
    "42" : 20,
    "43" : 23,
    "44" : 18,
    "45" : 15,
    "46" : 7,
    "47" : 6,
    "48" : 10,
    "49" : 6,
    "50" : 5,
    "51" : 5,
    "52" : 3,
    "53" : 11,
    "54" : 5,
    "55" : 1,
    "56" : 5,
    "57" : 3,
    "58" : 2,
    "61" : 4,
    "62" : 2,
    "63" : 1,
    "64" : 1,
    "66" : 1,
    "69" : 1,
    "70" : 1
  },
  "mean" : 16.398468185388847,
  "stdDev" : 8.442578405262715
}