{
  "distribution" : {
    "2" : 1,
    "3" : 3,
    "4" : 15,
    "5" : 51,
    "6" : 103,
    "7" : 158,
    "8" : 261,
    "9" : 323,
    "10" : 394,
    "11" : 437,
    "12" : 440,
    "13" : 509,
    "14" : 518,
    "15" : 517,
    "16" : 512,
    "17" : 535,
    "18" : 479,
    "19" : 423,
    "20" : 423,
    "21" : 398,
    "22" : 347,
    "23" : 322,
    "24" : 316,
    "153" : 1,
    "25" : 320,
    "26" : 262,
    "27" : 240,
    "28" : 235,
    "29" : 205,
    "30" : 204,
    "31" : 163,
    "32" : 138,
    "33" : 126,
    "34" : 115,
    "35" : 112,
    "36" : 96,
    "37" : 86,
    "38" : 82,
    "39" : 84,
    "40" : 64,
    "41" : 90,
    "42" : 49,
    "43" : 44,
    "44" : 47,
    "45" : 65,
    "46" : 44,
    "47" : 34,
    "48" : 31,
    "49" : 33,
    "50" : 32,
    "51" : 19,
    "52" : 21,
    "53" : 23,
    "54" : 13,
    "55" : 12,
    "56" : 16,
    "57" : 13,
    "58" : 16,
    "59" : 8,
    "60" : 10,
    "61" : 10,
    "62" : 14,
    "63" : 5,
    "64" : 7,
    "65" : 9,
    "66" : 3,
    "67" : 9,
    "68" : 5,
    "69" : 4,
    "70" : 4,
    "71" : 3,
    "72" : 2,
    "73" : 1,
    "74" : 2,
    "75" : 1,
    "76" : 1,
    "77" : 1,
    "78" : 2,
    "79" : 3,
    "80" : 3,
    "81" : 1,
    "83" : 2,
    "84" : 1,
    "88" : 1,
    "89" : 2,
    "90" : 1,
    "93" : 1,
    "94" : 1,
    "101" : 1
  },
  "mean" : 21.36310299869622,
  "stdDev" : 11.29393106767331
}