{
  "distribution" : {
    "2" : 1,
    "3" : 13,
    "4" : 50,
    "5" : 128,
    "6" : 215,
    "7" : 411,
    "8" : 450,
    "9" : 574,
    "10" : 618,
    "11" : 585,
    "12" : 667,
    "13" : 631,
    "14" : 558,
    "15" : 560,
    "16" : 519,
    "17" : 451,
    "18" : 410,
    "19" : 433,
    "20" : 381,
    "21" : 297,
    "22" : 268,
    "23" : 290,
    "24" : 239,
    "25" : 205,
    "26" : 142,
    "27" : 195,
    "28" : 144,
    "29" : 123,
    "30" : 110,
    "31" : 83,
    "32" : 78,
    "33" : 87,
    "34" : 60,
    "35" : 55,
    "36" : 53,
    "37" : 46,
    "38" : 34,
    "39" : 40,
    "40" : 40,
    "41" : 23,
    "42" : 23,
    "43" : 22,
    "44" : 17,
    "45" : 18,
    "46" : 15,
    "47" : 14,
    "48" : 14,
    "49" : 15,
    "50" : 10,
    "51" : 8,
    "52" : 9,
    "53" : 3,
    "54" : 7,
    "55" : 4,
    "56" : 5,
    "57" : 3,
    "58" : 3,
    "59" : 2,
    "60" : 3,
    "61" : 2,
    "62" : 2,
    "63" : 3,
    "64" : 2,
    "65" : 2,
    "66" : 1,
    "67" : 2,
    "72" : 1,
    "73" : 2,
    "76" : 1,
    "87" : 1,
    "89" : 1,
    "90" : 1
  },
  "mean" : 17.095297147763045,
  "stdDev" : 8.93020167844411
}