{
  "distribution" : {
    "2" : 1,
    "3" : 20,
    "4" : 57,
    "5" : 123,
    "6" : 200,
    "7" : 279,
    "8" : 388,
    "9" : 460,
    "10" : 515,
    "11" : 586,
    "12" : 586,
    "13" : 559,
    "14" : 547,
    "15" : 558,
    "16" : 542,
    "17" : 496,
    "18" : 443,
    "19" : 400,
    "20" : 381,
    "21" : 337,
    "22" : 332,
    "23" : 283,
    "24" : 256,
    "25" : 233,
    "26" : 198,
    "27" : 199,
    "28" : 165,
    "29" : 153,
    "30" : 145,
    "31" : 122,
    "32" : 102,
    "33" : 78,
    "34" : 92,
    "35" : 70,
    "36" : 63,
    "37" : 60,
    "38" : 51,
    "39" : 43,
    "40" : 37,
    "41" : 30,
    "42" : 27,
    "43" : 33,
    "44" : 23,
    "45" : 13,
    "46" : 13,
    "47" : 21,
    "48" : 17,
    "49" : 16,
    "50" : 12,
    "51" : 18,
    "52" : 16,
    "53" : 7,
    "54" : 10,
    "55" : 9,
    "56" : 5,
    "57" : 5,
    "58" : 5,
    "59" : 8,
    "60" : 3,
    "61" : 2,
    "62" : 3,
    "63" : 3,
    "64" : 3,
    "65" : 2,
    "66" : 2,
    "67" : 1,
    "68" : 1,
    "69" : 1,
    "70" : 2,
    "71" : 1,
    "72" : 1,
    "75" : 2,
    "76" : 1,
    "77" : 1,
    "79" : 1,
    "81" : 1,
    "86" : 1
  },
  "mean" : 18.2162213740458,
  "stdDev" : 9.514545759332554
}