{
  "distribution" : {
    "2" : 33,
    "3" : 129,
    "4" : 396,
    "5" : 627,
    "6" : 853,
    "7" : 938,
    "8" : 977,
    "9" : 925,
    "10" : 884,
    "11" : 706,
    "12" : 616,
    "13" : 562,
    "14" : 475,
    "15" : 430,
    "16" : 343,
    "17" : 294,
    "18" : 260,
    "19" : 211,
    "20" : 167,
    "21" : 145,
    "22" : 111,
    "23" : 101,
    "24" : 75,
    "25" : 67,
    "26" : 55,
    "27" : 40,
    "28" : 49,
    "29" : 43,
    "30" : 24,
    "31" : 28,
    "32" : 19,
    "33" : 16,
    "34" : 14,
    "35" : 12,
    "36" : 10,
    "37" : 7,
    "38" : 2,
    "39" : 3,
    "40" : 2,
    "41" : 2,
    "42" : 1,
    "43" : 3,
    "44" : 3,
    "45" : 4,
    "46" : 1,
    "47" : 1,
    "48" : 2,
    "49" : 1,
    "53" : 1,
    "55" : 1,
    "62" : 1
  },
  "mean" : 11.416588566073102,
  "stdDev" : 6.016577092375842
}