{
  "distribution" : {
    "2" : 13,
    "3" : 94,
    "4" : 337,
    "5" : 535,
    "6" : 744,
    "7" : 816,
    "8" : 848,
    "9" : 842,
    "10" : 812,
    "11" : 717,
    "12" : 688,
    "13" : 610,
    "14" : 464,
    "15" : 416,
    "16" : 359,
    "17" : 263,
    "18" : 248,
    "19" : 224,
    "20" : 180,
    "21" : 154,
    "22" : 136,
    "23" : 112,
    "24" : 89,
    "25" : 65,
    "26" : 53,
    "27" : 46,
    "28" : 35,
    "29" : 33,
    "30" : 31,
    "31" : 20,
    "32" : 20,
    "33" : 17,
    "34" : 7,
    "35" : 10,
    "36" : 11,
    "37" : 4,
    "38" : 10,
    "39" : 7,
    "41" : 3,
    "42" : 4,
    "43" : 3,
    "44" : 2,
    "45" : 2,
    "46" : 1,
    "47" : 1,
    "48" : 1,
    "49" : 1,
    "50" : 2,
    "55" : 1,
    "59" : 1
  },
  "mean" : 11.790626238604835,
  "stdDev" : 6.043204809736975
}