{
  "distribution" : {
    "2" : 7,
    "3" : 57,
    "4" : 196,
    "5" : 352,
    "6" : 508,
    "7" : 653,
    "8" : 751,
    "9" : 764,
    "10" : 808,
    "11" : 717,
    "12" : 706,
    "13" : 653,
    "14" : 577,
    "15" : 510,
    "16" : 471,
    "17" : 406,
    "18" : 342,
    "19" : 296,
    "20" : 239,
    "21" : 221,
    "22" : 215,
    "23" : 162,
    "24" : 147,
    "25" : 115,
    "26" : 96,
    "27" : 81,
    "28" : 82,
    "29" : 63,
    "30" : 61,
    "31" : 45,
    "32" : 37,
    "33" : 34,
    "34" : 30,
    "35" : 31,
    "36" : 23,
    "37" : 21,
    "38" : 20,
    "39" : 13,
    "40" : 9,
    "41" : 9,
    "42" : 11,
    "43" : 9,
    "44" : 6,
    "45" : 6,
    "46" : 4,
    "47" : 2,
    "48" : 6,
    "49" : 1,
    "50" : 4,
    "51" : 4,
    "52" : 2,
    "53" : 1,
    "56" : 1,
    "57" : 2,
    "58" : 3,
    "62" : 1,
    "63" : 1,
    "65" : 1,
    "66" : 1
  },
  "mean" : 13.74249575231263,
  "stdDev" : 7.216464861087863
}