{
  "distribution" : {
    "3" : 6,
    "4" : 25,
    "5" : 69,
    "6" : 111,
    "7" : 187,
    "8" : 260,
    "9" : 338,
    "10" : 437,
    "11" : 446,
    "12" : 488,
    "13" : 514,
    "14" : 496,
    "15" : 484,
    "16" : 516,
    "17" : 482,
    "18" : 456,
    "19" : 446,
    "20" : 443,
    "21" : 394,
    "22" : 340,
    "23" : 373,
    "24" : 314,
    "25" : 265,
    "26" : 261,
    "27" : 226,
    "28" : 225,
    "29" : 186,
    "30" : 165,
    "31" : 160,
    "32" : 150,
    "33" : 143,
    "34" : 122,
    "35" : 107,
    "36" : 100,
    "37" : 77,
    "38" : 79,
    "39" : 72,
    "40" : 57,
    "41" : 69,
    "42" : 64,
    "43" : 41,
    "44" : 44,
    "45" : 42,
    "46" : 45,
    "47" : 34,
    "48" : 24,
    "49" : 28,
    "50" : 21,
    "51" : 20,
    "52" : 16,
    "53" : 14,
    "54" : 21,
    "55" : 13,
    "56" : 13,
    "57" : 12,
    "58" : 10,
    "59" : 9,
    "60" : 8,
    "61" : 5,
    "62" : 10,
    "63" : 9,
    "64" : 3,
    "65" : 1,
    "66" : 5,
    "67" : 1,
    "68" : 5,
    "69" : 3,
    "70" : 3,
    "71" : 5,
    "72" : 2,
    "73" : 2,
    "74" : 5,
    "75" : 3,
    "76" : 3,
    "77" : 1,
    "79" : 2,
    "80" : 1,
    "81" : 1,
    "83" : 2,
    "84" : 1,
    "85" : 1,
    "87" : 1,
    "88" : 1,
    "92" : 1,
    "93" : 1,
    "94" : 1,
    "102" : 1,
    "107" : 1
  },
  "mean" : 20.85322565499108,
  "stdDev" : 10.97878731102366
}