{
  "distribution" : {
    "3" : 6,
    "4" : 28,
    "5" : 96,
    "6" : 163,
    "7" : 232,
    "8" : 347,
    "9" : 376,
    "10" : 461,
    "11" : 498,
    "12" : 523,
    "13" : 517,
    "14" : 553,
    "15" : 534,
    "16" : 564,
    "17" : 504,
    "18" : 443,
    "19" : 400,
    "20" : 362,
    "21" : 347,
    "22" : 304,
    "23" : 325,
    "24" : 271,
    "25" : 237,
    "26" : 207,
    "27" : 197,
    "28" : 192,
    "29" : 145,
    "30" : 142,
    "31" : 130,
    "32" : 134,
    "33" : 86,
    "34" : 93,
    "35" : 75,
    "36" : 62,
    "37" : 59,
    "38" : 67,
    "39" : 32,
    "40" : 36,
    "41" : 38,
    "42" : 23,
    "43" : 24,
    "44" : 29,
    "45" : 23,
    "46" : 17,
    "47" : 18,
    "48" : 22,
    "49" : 16,
    "50" : 16,
    "51" : 8,
    "52" : 9,
    "53" : 15,
    "54" : 12,
    "55" : 10,
    "56" : 8,
    "57" : 9,
    "58" : 5,
    "59" : 8,
    "60" : 4,
    "61" : 5,
    "62" : 1,
    "63" : 2,
    "64" : 2,
    "65" : 2,
    "66" : 3,
    "67" : 2,
    "68" : 3,
    "69" : 2,
    "71" : 1,
    "73" : 1,
    "74" : 2,
    "79" : 1,
    "80" : 2,
    "81" : 1,
    "88" : 1,
    "91" : 2
  },
  "mean" : 18.910549777117385,
  "stdDev" : 9.693879125273678
}