{
  "distribution" : {
    "2" : 2,
    "3" : 13,
    "4" : 67,
    "5" : 139,
    "6" : 266,
    "7" : 397,
    "8" : 536,
    "9" : 482,
    "10" : 596,
    "11" : 631,
    "12" : 569,
    "13" : 586,
    "14" : 594,
    "15" : 541,
    "16" : 509,
    "17" : 447,
    "18" : 414,
    "19" : 393,
    "20" : 329,
    "21" : 340,
    "22" : 275,
    "23" : 232,
    "24" : 228,
    "25" : 207,
    "26" : 179,
    "27" : 133,
    "28" : 137,
    "29" : 122,
    "30" : 87,
    "31" : 94,
    "32" : 82,
    "33" : 66,
    "34" : 74,
    "35" : 55,
    "36" : 47,
    "37" : 42,
    "38" : 36,
    "39" : 26,
    "40" : 25,
    "41" : 28,
    "42" : 24,
    "43" : 17,
    "44" : 13,
    "45" : 14,
    "46" : 11,
    "47" : 17,
    "48" : 16,
    "49" : 9,
    "50" : 13,
    "51" : 7,
    "52" : 2,
    "53" : 6,
    "54" : 6,
    "55" : 7,
    "56" : 2,
    "57" : 3,
    "58" : 2,
    "60" : 4,
    "62" : 4,
    "65" : 2,
    "66" : 1,
    "67" : 1,
    "69" : 2
  },
  "mean" : 16.77372906259183,
  "stdDev" : 8.646914677383453
}