{
  "distribution" : {
    "1" : 1,
    "2" : 41,
    "3" : 205,
    "4" : 458,
    "5" : 692,
    "6" : 868,
    "7" : 953,
    "8" : 948,
    "9" : 861,
    "10" : 837,
    "11" : 760,
    "12" : 650,
    "13" : 582,
    "14" : 450,
    "15" : 377,
    "16" : 294,
    "17" : 297,
    "18" : 216,
    "19" : 198,
    "20" : 158,
    "21" : 136,
    "22" : 109,
    "23" : 92,
    "24" : 72,
    "25" : 64,
    "26" : 47,
    "27" : 42,
    "28" : 29,
    "29" : 33,
    "30" : 20,
    "31" : 15,
    "32" : 17,
    "33" : 18,
    "34" : 10,
    "35" : 5,
    "36" : 4,
    "37" : 3,
    "38" : 4,
    "39" : 10,
    "40" : 5,
    "41" : 2,
    "44" : 1,
    "46" : 2,
    "53" : 1,
    "55" : 1,
    "62" : 1
  },
  "mean" : 11.024837095098688,
  "stdDev" : 5.787791724099567
}