{
  "distribution" : {
    "3" : 11,
    "4" : 43,
    "5" : 104,
    "6" : 220,
    "7" : 349,
    "8" : 437,
    "9" : 485,
    "10" : 600,
    "11" : 564,
    "12" : 615,
    "13" : 611,
    "14" : 597,
    "15" : 525,
    "16" : 541,
    "17" : 475,
    "18" : 428,
    "19" : 396,
    "20" : 325,
    "21" : 344,
    "22" : 293,
    "23" : 249,
    "24" : 246,
    "25" : 220,
    "26" : 182,
    "27" : 167,
    "28" : 159,
    "29" : 121,
    "30" : 115,
    "31" : 112,
    "32" : 79,
    "33" : 90,
    "34" : 69,
    "35" : 79,
    "36" : 52,
    "37" : 54,
    "38" : 43,
    "39" : 39,
    "40" : 38,
    "41" : 31,
    "42" : 25,
    "43" : 36,
    "44" : 28,
    "45" : 15,
    "46" : 12,
    "47" : 15,
    "48" : 12,
    "49" : 8,
    "50" : 7,
    "51" : 17,
    "52" : 9,
    "53" : 5,
    "54" : 7,
    "55" : 3,
    "56" : 7,
    "57" : 3,
    "58" : 8,
    "59" : 3,
    "61" : 3,
    "62" : 2,
    "63" : 3,
    "64" : 1,
    "65" : 3,
    "66" : 2,
    "67" : 1,
    "72" : 1,
    "74" : 1,
    "75" : 1,
    "80" : 2,
    "84" : 1
  },
  "mean" : 17.56343608078075,
  "stdDev" : 9.115510958158708
}