{
  "distribution" : {
    "2" : 21,
    "3" : 87,
    "4" : 257,
    "5" : 484,
    "6" : 654,
    "7" : 812,
    "8" : 867,
    "9" : 885,
    "10" : 778,
    "11" : 739,
    "12" : 698,
    "13" : 643,
    "14" : 523,
    "15" : 469,
    "16" : 399,
    "17" : 346,
    "18" : 326,
    "19" : 254,
    "20" : 222,
    "21" : 189,
    "22" : 143,
    "23" : 131,
    "24" : 130,
    "25" : 101,
    "26" : 91,
    "27" : 65,
    "28" : 54,
    "29" : 39,
    "30" : 49,
    "31" : 35,
    "32" : 28,
    "33" : 26,
    "34" : 23,
    "35" : 14,
    "36" : 21,
    "37" : 14,
    "38" : 11,
    "39" : 9,
    "40" : 13,
    "41" : 2,
    "42" : 3,
    "43" : 5,
    "44" : 2,
    "45" : 3,
    "46" : 1,
    "48" : 5,
    "49" : 1,
    "50" : 2,
    "51" : 1,
    "52" : 3,
    "53" : 2,
    "55" : 1,
    "56" : 2,
    "58" : 2
  },
  "mean" : 12.636312587739821,
  "stdDev" : 6.664126868980394
}