{
  "distribution" : {
    "1" : 1,
    "2" : 42,
    "3" : 156,
    "4" : 384,
    "5" : 625,
    "6" : 808,
    "7" : 876,
    "8" : 970,
    "9" : 848,
    "10" : 824,
    "11" : 761,
    "12" : 632,
    "13" : 553,
    "14" : 500,
    "15" : 408,
    "16" : 329,
    "17" : 297,
    "18" : 249,
    "19" : 198,
    "20" : 142,
    "21" : 140,
    "22" : 119,
    "23" : 98,
    "24" : 89,
    "25" : 62,
    "26" : 61,
    "27" : 39,
    "28" : 39,
    "29" : 18,
    "30" : 20,
    "31" : 27,
    "32" : 10,
    "33" : 15,
    "34" : 15,
    "35" : 5,
    "36" : 10,
    "37" : 5,
    "38" : 4,
    "39" : 5,
    "40" : 4,
    "41" : 4,
    "42" : 2,
    "43" : 1,
    "44" : 1,
    "45" : 3,
    "46" : 2,
    "48" : 2,
    "59" : 1,
    "67" : 1
  },
  "mean" : 11.341758769822201,
  "stdDev" : 5.902699336684504
}