{
  "distribution" : {
    "2" : 1,
    "3" : 13,
    "4" : 46,
    "5" : 131,
    "6" : 247,
    "7" : 358,
    "8" : 420,
    "9" : 518,
    "10" : 572,
    "11" : 605,
    "12" : 624,
    "13" : 585,
    "14" : 578,
    "15" : 584,
    "16" : 523,
    "17" : 452,
    "18" : 458,
    "19" : 396,
    "20" : 387,
    "21" : 309,
    "22" : 306,
    "23" : 262,
    "24" : 260,
    "25" : 229,
    "26" : 191,
    "27" : 172,
    "28" : 150,
    "29" : 137,
    "30" : 124,
    "31" : 114,
    "32" : 105,
    "33" : 86,
    "34" : 92,
    "35" : 71,
    "36" : 63,
    "37" : 65,
    "38" : 50,
    "39" : 42,
    "40" : 36,
    "41" : 34,
    "42" : 34,
    "43" : 26,
    "44" : 26,
    "45" : 21,
    "46" : 20,
    "47" : 19,
    "48" : 11,
    "49" : 11,
    "50" : 13,
    "51" : 8,
    "52" : 6,
    "53" : 6,
    "54" : 7,
    "55" : 7,
    "56" : 7,
    "57" : 9,
    "59" : 5,
    "60" : 5,
    "62" : 5,
    "63" : 4,
    "64" : 2,
    "65" : 3,
    "66" : 1,
    "69" : 1,
    "70" : 3,
    "72" : 1,
    "75" : 1,
    "78" : 1,
    "89" : 1,
    "96" : 1
  },
  "mean" : 17.726385892505395,
  "stdDev" : 9.338188793778949
}