{
  "distribution" : {
    "2" : 55,
    "3" : 303,
    "4" : 623,
    "5" : 877,
    "6" : 1062,
    "7" : 1075,
    "8" : 1012,
    "9" : 949,
    "10" : 778,
    "11" : 738,
    "12" : 634,
    "13" : 443,
    "14" : 396,
    "15" : 344,
    "16" : 317,
    "17" : 229,
    "18" : 174,
    "19" : 138,
    "20" : 107,
    "21" : 107,
    "22" : 85,
    "23" : 66,
    "24" : 55,
    "25" : 32,
    "26" : 32,
    "27" : 23,
    "28" : 26,
    "29" : 24,
    "30" : 14,
    "31" : 15,
    "32" : 10,
    "33" : 4,
    "34" : 6,
    "35" : 8,
    "36" : 3,
    "37" : 9,
    "38" : 2,
    "40" : 3,
    "42" : 1,
    "43" : 1,
    "46" : 1,
    "48" : 1,
    "50" : 1,
    "52" : 1
  },
  "mean" : 10.073163946587536,
  "stdDev" : 5.336834478279477
}