{
  "distribution" : {
    "3" : 8,
    "4" : 35,
    "5" : 115,
    "6" : 178,
    "7" : 274,
    "8" : 358,
    "9" : 461,
    "10" : 491,
    "11" : 548,
    "12" : 560,
    "13" : 635,
    "14" : 568,
    "15" : 586,
    "16" : 552,
    "17" : 478,
    "18" : 445,
    "19" : 432,
    "20" : 411,
    "21" : 369,
    "22" : 305,
    "23" : 294,
    "24" : 265,
    "25" : 251,
    "26" : 194,
    "27" : 218,
    "28" : 176,
    "29" : 162,
    "30" : 130,
    "31" : 128,
    "32" : 104,
    "33" : 92,
    "34" : 78,
    "35" : 70,
    "36" : 82,
    "37" : 48,
    "38" : 65,
    "39" : 66,
    "40" : 39,
    "41" : 34,
    "42" : 31,
    "43" : 44,
    "44" : 29,
    "45" : 19,
    "46" : 32,
    "47" : 30,
    "48" : 22,
    "49" : 13,
    "50" : 10,
    "51" : 20,
    "52" : 8,
    "53" : 8,
    "54" : 10,
    "55" : 14,
    "56" : 5,
    "57" : 7,
    "58" : 2,
    "59" : 1,
    "60" : 5,
    "61" : 3,
    "62" : 3,
    "63" : 7,
    "64" : 3,
    "65" : 5,
    "66" : 2,
    "67" : 1,
    "68" : 2,
    "69" : 2,
    "70" : 4,
    "71" : 3,
    "72" : 2,
    "73" : 1,
    "75" : 1,
    "76" : 1,
    "78" : 1,
    "81" : 1,
    "87" : 2,
    "91" : 1,
    "110" : 1
  },
  "mean" : 18.68305037050933,
  "stdDev" : 9.841911885841252
}