{
  "distribution" : {
    "2" : 2,
    "3" : 13,
    "4" : 41,
    "5" : 86,
    "6" : 156,
    "7" : 211,
    "8" : 269,
    "9" : 361,
    "10" : 439,
    "11" : 493,
    "12" : 529,
    "13" : 516,
    "14" : 534,
    "15" : 501,
    "16" : 518,
    "17" : 479,
    "18" : 443,
    "19" : 425,
    "20" : 400,
    "21" : 383,
    "22" : 383,
    "23" : 314,
    "24" : 286,
    "25" : 263,
    "26" : 235,
    "27" : 224,
    "28" : 203,
    "29" : 182,
    "30" : 186,
    "31" : 182,
    "32" : 131,
    "33" : 150,
    "34" : 113,
    "35" : 126,
    "36" : 91,
    "37" : 73,
    "38" : 70,
    "39" : 61,
    "40" : 63,
    "41" : 51,
    "42" : 55,
    "43" : 56,
    "44" : 47,
    "45" : 39,
    "46" : 31,
    "47" : 33,
    "48" : 26,
    "49" : 24,
    "50" : 16,
    "51" : 23,
    "52" : 18,
    "53" : 13,
    "54" : 19,
    "55" : 10,
    "56" : 17,
    "57" : 12,
    "58" : 6,
    "59" : 8,
    "60" : 7,
    "61" : 2,
    "62" : 4,
    "63" : 4,
    "64" : 10,
    "65" : 2,
    "66" : 5,
    "67" : 4,
    "68" : 5,
    "69" : 3,
    "70" : 2,
    "71" : 2,
    "72" : 2,
    "73" : 2,
    "74" : 2,
    "75" : 2,
    "76" : 1,
    "77" : 1,
    "79" : 1,
    "80" : 1,
    "81" : 1,
    "82" : 1,
    "83" : 2,
    "86" : 1,
    "99" : 1,
    "103" : 1
  },
  "mean" : 20.32237579379903,
  "stdDev" : 10.728951947711918
}