{
  "distribution" : {
    "3" : 17,
    "4" : 67,
    "5" : 153,
    "6" : 231,
    "7" : 400,
    "8" : 449,
    "9" : 542,
    "10" : 615,
    "11" : 638,
    "12" : 603,
    "13" : 609,
    "14" : 577,
    "15" : 577,
    "16" : 584,
    "17" : 459,
    "18" : 447,
    "19" : 395,
    "20" : 376,
    "21" : 305,
    "22" : 252,
    "23" : 226,
    "24" : 234,
    "25" : 184,
    "26" : 152,
    "27" : 159,
    "28" : 156,
    "29" : 134,
    "30" : 130,
    "31" : 88,
    "32" : 68,
    "33" : 72,
    "34" : 65,
    "35" : 61,
    "36" : 49,
    "37" : 40,
    "38" : 31,
    "39" : 27,
    "40" : 30,
    "41" : 26,
    "42" : 28,
    "43" : 13,
    "44" : 20,
    "45" : 11,
    "46" : 17,
    "47" : 15,
    "48" : 8,
    "49" : 18,
    "50" : 4,
    "51" : 9,
    "52" : 10,
    "53" : 5,
    "54" : 4,
    "55" : 4,
    "56" : 5,
    "57" : 4,
    "58" : 3,
    "59" : 6,
    "60" : 1,
    "61" : 5,
    "62" : 3,
    "63" : 1,
    "64" : 2,
    "65" : 1,
    "66" : 2,
    "67" : 2,
    "68" : 1,
    "70" : 4,
    "76" : 1
  },
  "mean" : 16.90618112122664,
  "stdDev" : 8.811276859585675
}