{
  "distribution" : {
    "2" : 1,
    "3" : 4,
    "4" : 34,
    "5" : 43,
    "6" : 105,
    "7" : 155,
    "8" : 249,
    "9" : 305,
    "10" : 355,
    "11" : 428,
    "12" : 463,
    "13" : 484,
    "14" : 491,
    "15" : 518,
    "16" : 483,
    "17" : 516,
    "18" : 446,
    "19" : 388,
    "20" : 454,
    "21" : 400,
    "22" : 338,
    "23" : 333,
    "24" : 327,
    "25" : 288,
    "26" : 261,
    "27" : 237,
    "28" : 234,
    "29" : 200,
    "30" : 196,
    "31" : 169,
    "32" : 138,
    "33" : 139,
    "34" : 134,
    "35" : 111,
    "36" : 107,
    "37" : 114,
    "38" : 80,
    "39" : 79,
    "40" : 69,
    "41" : 68,
    "42" : 52,
    "43" : 51,
    "44" : 45,
    "45" : 38,
    "46" : 38,
    "47" : 38,
    "48" : 22,
    "49" : 42,
    "50" : 22,
    "51" : 22,
    "52" : 19,
    "53" : 16,
    "54" : 15,
    "55" : 19,
    "56" : 14,
    "57" : 7,
    "58" : 13,
    "59" : 15,
    "60" : 9,
    "61" : 11,
    "62" : 10,
    "63" : 7,
    "64" : 4,
    "65" : 4,
    "66" : 6,
    "67" : 4,
    "68" : 7,
    "69" : 3,
    "70" : 2,
    "71" : 1,
    "72" : 1,
    "73" : 3,
    "74" : 4,
    "75" : 1,
    "76" : 3,
    "77" : 2,
    "78" : 1,
    "79" : 4,
    "82" : 5,
    "84" : 2,
    "86" : 1,
    "88" : 1,
    "90" : 1,
    "96" : 1,
    "100" : 2,
    "103" : 2
  },
  "mean" : 21.407537497626734,
  "stdDev" : 11.209760641904376
}