{
  "distribution" : {
    "2" : 5,
    "3" : 54,
    "4" : 154,
    "5" : 307,
    "6" : 467,
    "7" : 647,
    "8" : 724,
    "9" : 790,
    "10" : 780,
    "11" : 739,
    "12" : 691,
    "13" : 630,
    "14" : 528,
    "15" : 504,
    "16" : 419,
    "17" : 406,
    "18" : 325,
    "19" : 282,
    "20" : 250,
    "21" : 217,
    "22" : 169,
    "23" : 167,
    "24" : 138,
    "25" : 122,
    "26" : 103,
    "27" : 84,
    "28" : 79,
    "29" : 68,
    "30" : 52,
    "31" : 37,
    "32" : 37,
    "33" : 31,
    "34" : 32,
    "35" : 17,
    "36" : 23,
    "37" : 16,
    "38" : 14,
    "39" : 12,
    "40" : 15,
    "41" : 8,
    "42" : 8,
    "43" : 5,
    "44" : 5,
    "45" : 2,
    "46" : 5,
    "47" : 3,
    "48" : 5,
    "49" : 4,
    "50" : 1,
    "52" : 1,
    "55" : 2,
    "56" : 1,
    "59" : 3,
    "60" : 2,
    "61" : 2,
    "76" : 1
  },
  "mean" : 13.707151967036202,
  "stdDev" : 7.060131173023527
}