{
  "distribution" : {
    "4" : 18,
    "5" : 41,
    "6" : 84,
    "7" : 151,
    "8" : 226,
    "9" : 309,
    "10" : 393,
    "11" : 436,
    "12" : 436,
    "13" : 492,
    "14" : 506,
    "15" : 486,
    "16" : 500,
    "17" : 519,
    "18" : 453,
    "19" : 429,
    "20" : 446,
    "21" : 391,
    "22" : 348,
    "23" : 309,
    "24" : 292,
    "25" : 277,
    "26" : 245,
    "27" : 263,
    "28" : 215,
    "29" : 188,
    "30" : 193,
    "31" : 159,
    "32" : 147,
    "33" : 135,
    "34" : 117,
    "35" : 120,
    "36" : 93,
    "37" : 105,
    "38" : 98,
    "39" : 63,
    "40" : 61,
    "41" : 68,
    "42" : 58,
    "43" : 50,
    "44" : 54,
    "45" : 51,
    "46" : 55,
    "47" : 35,
    "48" : 29,
    "49" : 19,
    "50" : 29,
    "51" : 19,
    "52" : 27,
    "53" : 18,
    "54" : 13,
    "55" : 20,
    "56" : 11,
    "57" : 13,
    "58" : 8,
    "59" : 10,
    "60" : 11,
    "61" : 15,
    "62" : 7,
    "63" : 7,
    "64" : 7,
    "65" : 3,
    "66" : 6,
    "67" : 6,
    "68" : 3,
    "69" : 2,
    "70" : 3,
    "71" : 3,
    "72" : 2,
    "73" : 5,
    "74" : 2,
    "76" : 3,
    "77" : 3,
    "79" : 1,
    "80" : 3,
    "82" : 1,
    "84" : 2,
    "86" : 1,
    "87" : 1,
    "89" : 1,
    "95" : 1,
    "99" : 1,
    "100" : 1,
    "116" : 1
  },
  "mean" : 21.423272309019456,
  "stdDev" : 11.164358882979402
}