{
  "distribution" : {
    "2" : 4,
    "3" : 31,
    "4" : 112,
    "5" : 246,
    "6" : 417,
    "7" : 563,
    "8" : 636,
    "9" : 735,
    "10" : 733,
    "11" : 731,
    "12" : 683,
    "13" : 628,
    "14" : 618,
    "15" : 539,
    "16" : 503,
    "17" : 433,
    "18" : 362,
    "19" : 320,
    "20" : 289,
    "21" : 238,
    "22" : 214,
    "23" : 212,
    "24" : 168,
    "25" : 168,
    "26" : 134,
    "27" : 112,
    "28" : 98,
    "29" : 80,
    "30" : 67,
    "31" : 82,
    "32" : 58,
    "33" : 56,
    "34" : 38,
    "35" : 32,
    "36" : 32,
    "37" : 16,
    "38" : 22,
    "39" : 22,
    "40" : 15,
    "41" : 17,
    "42" : 17,
    "43" : 9,
    "44" : 6,
    "45" : 10,
    "46" : 9,
    "47" : 4,
    "48" : 7,
    "49" : 5,
    "50" : 1,
    "51" : 6,
    "52" : 2,
    "53" : 4,
    "54" : 1,
    "55" : 1,
    "56" : 2,
    "57" : 1,
    "58" : 2,
    "59" : 1,
    "60" : 1,
    "61" : 1,
    "62" : 2,
    "66" : 1,
    "69" : 1,
    "74" : 1,
    "77" : 1,
    "99" : 1
  },
  "mean" : 14.839503834864123,
  "stdDev" : 7.78026202502456
}