{
  "distribution" : {
    "2" : 20,
    "3" : 128,
    "4" : 309,
    "5" : 537,
    "6" : 704,
    "7" : 849,
    "8" : 874,
    "9" : 892,
    "10" : 838,
    "11" : 769,
    "12" : 674,
    "13" : 611,
    "14" : 508,
    "15" : 404,
    "16" : 355,
    "17" : 311,
    "18" : 277,
    "19" : 215,
    "20" : 195,
    "21" : 138,
    "22" : 132,
    "23" : 132,
    "24" : 96,
    "25" : 93,
    "26" : 58,
    "27" : 63,
    "28" : 50,
    "29" : 41,
    "30" : 31,
    "31" : 28,
    "32" : 17,
    "33" : 14,
    "34" : 16,
    "35" : 14,
    "36" : 7,
    "37" : 6,
    "38" : 9,
    "39" : 5,
    "40" : 3,
    "41" : 5,
    "42" : 4,
    "43" : 1,
    "44" : 5,
    "45" : 7,
    "47" : 4,
    "48" : 1,
    "56" : 3,
    "58" : 1
  },
  "mean" : 11.972355079395447,
  "stdDev" : 6.245426993366391
}