{
  "distribution" : {
    "2" : 2,
    "3" : 20,
    "4" : 45,
    "5" : 126,
    "6" : 217,
    "7" : 322,
    "8" : 445,
    "9" : 457,
    "10" : 559,
    "11" : 604,
    "12" : 570,
    "13" : 576,
    "14" : 593,
    "15" : 530,
    "16" : 552,
    "17" : 466,
    "18" : 423,
    "19" : 383,
    "20" : 366,
    "21" : 298,
    "22" : 281,
    "23" : 291,
    "24" : 221,
    "25" : 199,
    "26" : 181,
    "27" : 141,
    "28" : 131,
    "29" : 124,
    "30" : 117,
    "31" : 100,
    "32" : 97,
    "33" : 83,
    "34" : 83,
    "35" : 73,
    "36" : 55,
    "37" : 49,
    "38" : 48,
    "39" : 43,
    "40" : 30,
    "41" : 28,
    "42" : 24,
    "43" : 25,
    "44" : 14,
    "45" : 16,
    "46" : 17,
    "47" : 14,
    "48" : 15,
    "49" : 9,
    "50" : 16,
    "51" : 4,
    "52" : 2,
    "53" : 8,
    "54" : 8,
    "55" : 3,
    "56" : 5,
    "57" : 4,
    "58" : 3,
    "59" : 6,
    "60" : 2,
    "61" : 4,
    "63" : 2,
    "64" : 2,
    "65" : 2,
    "69" : 1,
    "72" : 1,
    "80" : 1,
    "83" : 1
  },
  "mean" : 17.43736437167094,
  "stdDev" : 8.9572919707436
}