{
  "distribution" : {
    "3" : 5,
    "4" : 22,
    "5" : 77,
    "6" : 164,
    "7" : 222,
    "8" : 312,
    "9" : 396,
    "10" : 429,
    "11" : 499,
    "12" : 518,
    "13" : 549,
    "14" : 522,
    "15" : 573,
    "16" : 497,
    "17" : 523,
    "18" : 436,
    "19" : 445,
    "20" : 402,
    "21" : 372,
    "22" : 342,
    "23" : 315,
    "24" : 268,
    "25" : 244,
    "26" : 202,
    "27" : 186,
    "28" : 186,
    "29" : 172,
    "30" : 137,
    "31" : 130,
    "32" : 131,
    "33" : 117,
    "34" : 106,
    "35" : 85,
    "36" : 87,
    "37" : 66,
    "38" : 65,
    "39" : 48,
    "40" : 53,
    "41" : 53,
    "42" : 44,
    "43" : 27,
    "44" : 25,
    "45" : 25,
    "46" : 21,
    "47" : 21,
    "48" : 18,
    "49" : 21,
    "50" : 24,
    "51" : 15,
    "52" : 14,
    "53" : 7,
    "54" : 10,
    "55" : 7,
    "56" : 5,
    "57" : 10,
    "58" : 4,
    "59" : 8,
    "60" : 4,
    "61" : 4,
    "62" : 8,
    "63" : 5,
    "64" : 4,
    "65" : 4,
    "66" : 2,
    "67" : 3,
    "68" : 3,
    "69" : 2,
    "70" : 4,
    "71" : 2,
    "72" : 3,
    "73" : 3,
    "76" : 1,
    "77" : 1,
    "78" : 1,
    "80" : 2,
    "87" : 1,
    "91" : 1,
    "96" : 1
  },
  "mean" : 19.426605949035945,
  "stdDev" : 10.069095852145287
}