{
  "distribution" : {
    "3" : 2,
    "4" : 19,
    "5" : 36,
    "6" : 82,
    "7" : 121,
    "8" : 214,
    "9" : 285,
    "10" : 320,
    "11" : 388,
    "12" : 395,
    "13" : 483,
    "14" : 488,
    "15" : 493,
    "16" : 486,
    "17" : 443,
    "18" : 422,
    "19" : 469,
    "20" : 378,
    "21" : 424,
    "22" : 335,
    "23" : 328,
    "24" : 343,
    "25" : 272,
    "26" : 262,
    "27" : 234,
    "28" : 212,
    "29" : 218,
    "30" : 175,
    "31" : 169,
    "32" : 142,
    "33" : 127,
    "34" : 117,
    "35" : 90,
    "36" : 119,
    "37" : 89,
    "38" : 79,
    "39" : 76,
    "40" : 69,
    "41" : 73,
    "42" : 56,
    "43" : 49,
    "44" : 41,
    "45" : 38,
    "46" : 36,
    "47" : 37,
    "48" : 28,
    "49" : 28,
    "50" : 26,
    "51" : 21,
    "52" : 16,
    "53" : 15,
    "54" : 20,
    "55" : 17,
    "56" : 4,
    "57" : 13,
    "58" : 13,
    "59" : 13,
    "60" : 11,
    "61" : 13,
    "62" : 13,
    "63" : 7,
    "64" : 5,
    "65" : 4,
    "66" : 5,
    "67" : 4,
    "68" : 3,
    "69" : 6,
    "70" : 4,
    "71" : 4,
    "72" : 1,
    "73" : 1,
    "74" : 1,
    "75" : 3,
    "76" : 6,
    "77" : 1,
    "79" : 2,
    "80" : 1,
    "83" : 2,
    "84" : 3,
    "85" : 1,
    "90" : 1,
    "93" : 1,
    "107" : 1
  },
  "mean" : 21.637783525666535,
  "stdDev" : 11.068505173110891
}