{
  "distribution" : {
    "2" : 22,
    "3" : 106,
    "4" : 285,
    "5" : 514,
    "6" : 720,
    "7" : 797,
    "8" : 929,
    "9" : 857,
    "10" : 863,
    "11" : 738,
    "12" : 674,
    "13" : 615,
    "14" : 533,
    "15" : 434,
    "16" : 420,
    "17" : 340,
    "18" : 257,
    "19" : 235,
    "20" : 214,
    "21" : 205,
    "22" : 132,
    "23" : 125,
    "24" : 97,
    "25" : 91,
    "26" : 66,
    "27" : 78,
    "28" : 43,
    "29" : 44,
    "30" : 43,
    "31" : 31,
    "32" : 32,
    "33" : 23,
    "34" : 19,
    "35" : 12,
    "36" : 10,
    "37" : 14,
    "38" : 6,
    "39" : 3,
    "40" : 7,
    "41" : 3,
    "42" : 4,
    "43" : 1,
    "44" : 5,
    "45" : 2,
    "46" : 1,
    "48" : 5,
    "49" : 1,
    "50" : 1,
    "51" : 1,
    "52" : 4,
    "53" : 3,
    "54" : 2,
    "58" : 1,
    "67" : 1
  },
  "mean" : 12.284375292904677,
  "stdDev" : 6.473817398850559
}