{
  "distribution" : {
    "2" : 1,
    "3" : 19,
    "4" : 94,
    "5" : 195,
    "6" : 302,
    "7" : 464,
    "8" : 562,
    "9" : 640,
    "10" : 686,
    "11" : 690,
    "12" : 647,
    "13" : 611,
    "14" : 589,
    "15" : 590,
    "16" : 493,
    "17" : 469,
    "18" : 425,
    "19" : 373,
    "20" : 345,
    "21" : 259,
    "22" : 257,
    "23" : 202,
    "24" : 179,
    "25" : 172,
    "26" : 143,
    "27" : 160,
    "28" : 111,
    "29" : 107,
    "30" : 91,
    "31" : 85,
    "32" : 74,
    "33" : 74,
    "34" : 48,
    "35" : 45,
    "36" : 48,
    "37" : 31,
    "38" : 37,
    "39" : 28,
    "40" : 20,
    "41" : 14,
    "42" : 22,
    "43" : 17,
    "44" : 15,
    "45" : 9,
    "46" : 4,
    "47" : 9,
    "48" : 11,
    "49" : 5,
    "50" : 7,
    "51" : 6,
    "52" : 5,
    "53" : 2,
    "54" : 6,
    "55" : 2,
    "56" : 2,
    "57" : 3,
    "58" : 4,
    "59" : 1,
    "62" : 1,
    "65" : 2,
    "67" : 1,
    "72" : 1,
    "73" : 1,
    "84" : 1,
    "86" : 1,
    "90" : 1,
    "91" : 1
  },
  "mean" : 15.881653992395437,
  "stdDev" : 8.310998324370438
}