{
  "distribution" : {
    "2" : 51,
    "3" : 240,
    "4" : 485,
    "5" : 803,
    "6" : 961,
    "7" : 1013,
    "8" : 1009,
    "9" : 951,
    "10" : 871,
    "11" : 747,
    "12" : 638,
    "13" : 562,
    "14" : 391,
    "15" : 349,
    "16" : 310,
    "17" : 261,
    "18" : 222,
    "19" : 169,
    "20" : 149,
    "21" : 109,
    "22" : 114,
    "23" : 70,
    "24" : 55,
    "25" : 54,
    "26" : 52,
    "27" : 37,
    "28" : 45,
    "29" : 26,
    "30" : 19,
    "31" : 18,
    "32" : 17,
    "33" : 10,
    "34" : 9,
    "35" : 11,
    "36" : 9,
    "37" : 4,
    "38" : 5,
    "39" : 4,
    "40" : 4,
    "41" : 3,
    "43" : 2,
    "45" : 1,
    "46" : 1,
    "49" : 1
  },
  "mean" : 10.671055054317804,
  "stdDev" : 5.6740620526757635
}