{
  "distribution" : {
    "2" : 10,
    "3" : 65,
    "4" : 172,
    "5" : 304,
    "6" : 463,
    "7" : 592,
    "8" : 705,
    "9" : 744,
    "10" : 773,
    "11" : 695,
    "12" : 726,
    "13" : 664,
    "14" : 577,
    "15" : 515,
    "16" : 430,
    "17" : 375,
    "18" : 351,
    "19" : 300,
    "20" : 277,
    "21" : 229,
    "22" : 197,
    "23" : 177,
    "24" : 180,
    "25" : 125,
    "26" : 132,
    "27" : 96,
    "28" : 60,
    "29" : 57,
    "30" : 48,
    "31" : 42,
    "32" : 41,
    "33" : 30,
    "34" : 27,
    "35" : 30,
    "36" : 22,
    "37" : 25,
    "38" : 18,
    "39" : 28,
    "40" : 14,
    "41" : 6,
    "42" : 9,
    "43" : 9,
    "44" : 2,
    "45" : 10,
    "46" : 4,
    "47" : 7,
    "48" : 7,
    "49" : 3,
    "50" : 4,
    "51" : 3,
    "53" : 1,
    "54" : 2,
    "55" : 2,
    "57" : 2,
    "58" : 1,
    "62" : 1,
    "67" : 1
  },
  "mean" : 14.010298363811357,
  "stdDev" : 7.286182068553629
}