{
  "distribution" : {
    "3" : 3,
    "4" : 13,
    "5" : 45,
    "6" : 96,
    "7" : 157,
    "8" : 231,
    "9" : 292,
    "10" : 386,
    "11" : 391,
    "12" : 473,
    "13" : 496,
    "14" : 506,
    "15" : 521,
    "16" : 501,
    "17" : 492,
    "18" : 473,
    "19" : 448,
    "20" : 382,
    "21" : 346,
    "22" : 319,
    "23" : 347,
    "24" : 275,
    "25" : 277,
    "26" : 262,
    "27" : 202,
    "28" : 209,
    "29" : 209,
    "30" : 145,
    "31" : 157,
    "32" : 143,
    "33" : 120,
    "34" : 102,
    "35" : 129,
    "36" : 97,
    "37" : 99,
    "38" : 86,
    "39" : 77,
    "40" : 58,
    "41" : 55,
    "42" : 62,
    "43" : 44,
    "44" : 35,
    "45" : 46,
    "46" : 33,
    "47" : 25,
    "48" : 29,
    "49" : 31,
    "50" : 16,
    "51" : 15,
    "52" : 20,
    "53" : 17,
    "54" : 14,
    "55" : 9,
    "56" : 13,
    "57" : 9,
    "58" : 15,
    "59" : 5,
    "60" : 6,
    "61" : 11,
    "62" : 6,
    "63" : 6,
    "64" : 7,
    "65" : 4,
    "66" : 5,
    "67" : 5,
    "68" : 3,
    "69" : 1,
    "70" : 1,
    "71" : 1,
    "72" : 3,
    "73" : 3,
    "74" : 2,
    "76" : 4,
    "77" : 2,
    "78" : 2,
    "81" : 1,
    "84" : 1,
    "86" : 1,
    "88" : 1,
    "96" : 1,
    "97" : 1,
    "103" : 1,
    "105" : 1
  },
  "mean" : 20.985500098638784,
  "stdDev" : 10.780632858843706
}