{
  "distribution" : {
    "3" : 2,
    "4" : 12,
    "5" : 31,
    "6" : 90,
    "7" : 146,
    "8" : 215,
    "9" : 269,
    "10" : 381,
    "11" : 396,
    "12" : 402,
    "13" : 439,
    "14" : 500,
    "15" : 477,
    "16" : 467,
    "17" : 488,
    "18" : 434,
    "19" : 453,
    "20" : 430,
    "21" : 394,
    "22" : 368,
    "23" : 354,
    "24" : 324,
    "25" : 284,
    "26" : 246,
    "27" : 258,
    "28" : 235,
    "29" : 203,
    "30" : 180,
    "31" : 168,
    "32" : 168,
    "33" : 119,
    "34" : 130,
    "35" : 130,
    "36" : 100,
    "37" : 78,
    "38" : 76,
    "39" : 82,
    "40" : 72,
    "41" : 61,
    "42" : 66,
    "43" : 55,
    "44" : 59,
    "45" : 48,
    "46" : 37,
    "47" : 47,
    "48" : 32,
    "49" : 31,
    "50" : 30,
    "51" : 23,
    "52" : 20,
    "53" : 13,
    "54" : 21,
    "55" : 16,
    "56" : 14,
    "57" : 9,
    "58" : 16,
    "59" : 15,
    "60" : 18,
    "61" : 10,
    "62" : 12,
    "63" : 5,
    "64" : 7,
    "65" : 9,
    "66" : 5,
    "67" : 5,
    "68" : 5,
    "69" : 4,
    "70" : 3,
    "71" : 3,
    "72" : 4,
    "74" : 4,
    "75" : 1,
    "76" : 1,
    "77" : 2,
    "79" : 2,
    "83" : 1,
    "84" : 2,
    "85" : 3,
    "87" : 2,
    "88" : 2,
    "89" : 1,
    "90" : 3,
    "91" : 1,
    "98" : 1
  },
  "mean" : 21.870667957405615,
  "stdDev" : 11.340995680178306
}