{
  "distribution" : {
    "2" : 1,
    "3" : 20,
    "4" : 81,
    "5" : 181,
    "6" : 314,
    "7" : 445,
    "8" : 521,
    "9" : 595,
    "10" : 667,
    "11" : 613,
    "12" : 672,
    "13" : 639,
    "14" : 574,
    "15" : 540,
    "16" : 503,
    "17" : 452,
    "18" : 416,
    "19" : 398,
    "20" : 326,
    "21" : 302,
    "22" : 220,
    "23" : 226,
    "24" : 196,
    "25" : 169,
    "26" : 180,
    "27" : 148,
    "28" : 136,
    "29" : 116,
    "30" : 91,
    "31" : 83,
    "32" : 77,
    "33" : 50,
    "34" : 57,
    "35" : 47,
    "36" : 36,
    "37" : 32,
    "38" : 31,
    "39" : 31,
    "40" : 23,
    "41" : 21,
    "42" : 15,
    "43" : 17,
    "44" : 11,
    "45" : 13,
    "46" : 11,
    "47" : 10,
    "48" : 7,
    "49" : 7,
    "50" : 10,
    "51" : 5,
    "52" : 2,
    "53" : 8,
    "54" : 5,
    "55" : 1,
    "56" : 4,
    "57" : 8,
    "59" : 1,
    "61" : 1,
    "62" : 1,
    "63" : 2,
    "65" : 1,
    "66" : 1,
    "70" : 1,
    "72" : 1,
    "74" : 1,
    "78" : 1,
    "83" : 1
  },
  "mean" : 16.097629144178875,
  "stdDev" : 8.365805914277976
}