{
  "distribution" : {
    "2" : 3,
    "3" : 17,
    "4" : 45,
    "5" : 118,
    "6" : 198,
    "7" : 294,
    "8" : 411,
    "9" : 478,
    "10" : 518,
    "11" : 565,
    "12" : 581,
    "13" : 617,
    "14" : 563,
    "15" : 563,
    "16" : 525,
    "17" : 467,
    "18" : 401,
    "19" : 415,
    "20" : 381,
    "21" : 326,
    "22" : 350,
    "23" : 315,
    "24" : 235,
    "25" : 223,
    "26" : 204,
    "27" : 198,
    "28" : 183,
    "29" : 139,
    "30" : 130,
    "31" : 118,
    "32" : 105,
    "33" : 88,
    "34" : 71,
    "35" : 77,
    "36" : 58,
    "37" : 54,
    "38" : 52,
    "39" : 39,
    "40" : 45,
    "41" : 37,
    "42" : 31,
    "43" : 29,
    "44" : 21,
    "45" : 17,
    "46" : 23,
    "47" : 8,
    "48" : 8,
    "49" : 16,
    "50" : 11,
    "51" : 8,
    "52" : 2,
    "53" : 7,
    "54" : 13,
    "55" : 12,
    "56" : 11,
    "57" : 10,
    "58" : 9,
    "59" : 6,
    "60" : 6,
    "61" : 2,
    "62" : 3,
    "63" : 2,
    "64" : 1,
    "65" : 1,
    "69" : 5,
    "70" : 1,
    "72" : 1,
    "73" : 1,
    "75" : 1,
    "77" : 1,
    "78" : 2,
    "81" : 1,
    "85" : 1,
    "94" : 1
  },
  "mean" : 18.115278175398416,
  "stdDev" : 9.461047940461768
}