{
  "distribution" : {
    "2" : 4,
    "3" : 32,
    "4" : 113,
    "5" : 267,
    "6" : 363,
    "7" : 548,
    "8" : 632,
    "9" : 685,
    "10" : 702,
    "11" : 666,
    "12" : 669,
    "13" : 587,
    "14" : 553,
    "15" : 516,
    "16" : 459,
    "17" : 409,
    "18" : 368,
    "19" : 306,
    "20" : 282,
    "21" : 260,
    "22" : 204,
    "23" : 192,
    "24" : 158,
    "25" : 148,
    "26" : 127,
    "27" : 101,
    "28" : 91,
    "29" : 91,
    "30" : 62,
    "31" : 55,
    "32" : 43,
    "33" : 41,
    "34" : 26,
    "35" : 31,
    "36" : 24,
    "37" : 22,
    "38" : 18,
    "39" : 17,
    "40" : 8,
    "41" : 14,
    "42" : 12,
    "43" : 16,
    "44" : 6,
    "45" : 5,
    "46" : 9,
    "47" : 3,
    "48" : 5,
    "49" : 3,
    "50" : 1,
    "51" : 5,
    "52" : 5,
    "55" : 2,
    "56" : 2,
    "58" : 1,
    "59" : 1,
    "69" : 1,
    "70" : 1
  },
  "mean" : 14.631768953068592,
  "stdDev" : 7.454632320535095
}