{
  "distribution" : {
    "1" : 14,
    "2" : 94,
    "3" : 397,
    "4" : 711,
    "5" : 955,
    "6" : 1100,
    "7" : 1100,
    "8" : 1041,
    "9" : 919,
    "10" : 765,
    "11" : 661,
    "12" : 519,
    "13" : 461,
    "14" : 332,
    "15" : 266,
    "16" : 219,
    "17" : 179,
    "18" : 131,
    "19" : 119,
    "20" : 88,
    "21" : 69,
    "22" : 57,
    "23" : 43,
    "24" : 33,
    "25" : 32,
    "26" : 23,
    "27" : 14,
    "28" : 9,
    "29" : 8,
    "30" : 10,
    "31" : 1,
    "32" : 9,
    "33" : 8,
    "34" : 5,
    "35" : 2,
    "36" : 3,
    "37" : 1,
    "38" : 1,
    "39" : 1,
    "40" : 1,
    "43" : 1,
    "46" : 1
  },
  "mean" : 9.308372584831298,
  "stdDev" : 4.8438681958746646
}