{
  "distribution" : {
    "2" : 25,
    "3" : 177,
    "4" : 383,
    "5" : 672,
    "6" : 862,
    "7" : 956,
    "8" : 987,
    "9" : 936,
    "10" : 851,
    "11" : 722,
    "12" : 617,
    "13" : 566,
    "14" : 514,
    "15" : 394,
    "16" : 331,
    "17" : 307,
    "18" : 258,
    "19" : 187,
    "20" : 170,
    "21" : 161,
    "22" : 133,
    "23" : 84,
    "24" : 76,
    "25" : 74,
    "26" : 54,
    "27" : 39,
    "28" : 35,
    "29" : 32,
    "30" : 24,
    "31" : 23,
    "32" : 18,
    "33" : 11,
    "34" : 11,
    "35" : 5,
    "36" : 9,
    "37" : 7,
    "38" : 7,
    "39" : 4,
    "40" : 4,
    "41" : 2,
    "42" : 2,
    "43" : 4,
    "44" : 4,
    "45" : 2,
    "46" : 2,
    "48" : 2,
    "49" : 1,
    "50" : 1,
    "53" : 1,
    "55" : 1,
    "60" : 1,
    "64" : 1
  },
  "mean" : 11.30939534883721,
  "stdDev" : 5.982522930891328
}