{
  "distribution" : {
    "2" : 9,
    "3" : 109,
    "4" : 312,
    "5" : 598,
    "6" : 776,
    "7" : 897,
    "8" : 938,
    "9" : 899,
    "10" : 904,
    "11" : 770,
    "12" : 662,
    "13" : 568,
    "14" : 531,
    "15" : 410,
    "16" : 377,
    "17" : 322,
    "18" : 263,
    "19" : 232,
    "20" : 179,
    "21" : 157,
    "22" : 148,
    "23" : 92,
    "24" : 88,
    "25" : 84,
    "26" : 69,
    "27" : 54,
    "28" : 49,
    "29" : 31,
    "30" : 31,
    "31" : 34,
    "32" : 27,
    "33" : 13,
    "34" : 16,
    "35" : 14,
    "36" : 15,
    "37" : 11,
    "38" : 7,
    "39" : 7,
    "40" : 5,
    "41" : 3,
    "42" : 9,
    "43" : 2,
    "44" : 7,
    "45" : 2,
    "46" : 1,
    "47" : 2,
    "48" : 2,
    "50" : 1,
    "51" : 2,
    "56" : 1,
    "57" : 1,
    "62" : 1
  },
  "mean" : 11.8890336994973,
  "stdDev" : 6.286385406820329
}