{
  "distribution" : {
    "2" : 13,
    "3" : 106,
    "4" : 296,
    "5" : 484,
    "6" : 623,
    "7" : 805,
    "8" : 832,
    "9" : 850,
    "10" : 760,
    "11" : 758,
    "12" : 688,
    "13" : 612,
    "14" : 539,
    "15" : 467,
    "16" : 424,
    "17" : 355,
    "18" : 308,
    "19" : 222,
    "20" : 230,
    "21" : 208,
    "22" : 119,
    "23" : 135,
    "24" : 124,
    "25" : 112,
    "26" : 71,
    "27" : 75,
    "28" : 52,
    "29" : 54,
    "30" : 47,
    "31" : 28,
    "32" : 31,
    "33" : 25,
    "34" : 21,
    "35" : 14,
    "36" : 17,
    "37" : 13,
    "38" : 8,
    "39" : 5,
    "40" : 7,
    "41" : 10,
    "42" : 5,
    "43" : 1,
    "44" : 6,
    "45" : 3,
    "46" : 4,
    "48" : 1,
    "49" : 3,
    "50" : 2,
    "51" : 2,
    "53" : 1,
    "56" : 2,
    "57" : 1
  },
  "mean" : 12.60090745817185,
  "stdDev" : 6.612588126648342
}