{
  "distribution" : {
    "2" : 1,
    "3" : 17,
    "4" : 63,
    "5" : 146,
    "6" : 279,
    "7" : 342,
    "8" : 448,
    "9" : 543,
    "10" : 625,
    "11" : 644,
    "12" : 663,
    "13" : 623,
    "14" : 573,
    "15" : 594,
    "16" : 505,
    "17" : 477,
    "18" : 494,
    "19" : 375,
    "20" : 360,
    "21" : 338,
    "22" : 280,
    "23" : 255,
    "24" : 204,
    "25" : 199,
    "26" : 170,
    "27" : 165,
    "28" : 139,
    "29" : 112,
    "30" : 102,
    "31" : 116,
    "32" : 81,
    "33" : 74,
    "34" : 69,
    "35" : 52,
    "36" : 67,
    "37" : 44,
    "38" : 41,
    "39" : 47,
    "40" : 42,
    "41" : 33,
    "42" : 33,
    "43" : 30,
    "44" : 12,
    "45" : 25,
    "46" : 14,
    "47" : 8,
    "48" : 7,
    "49" : 7,
    "50" : 10,
    "51" : 7,
    "52" : 3,
    "53" : 4,
    "54" : 7,
    "55" : 2,
    "56" : 7,
    "57" : 3,
    "58" : 2,
    "59" : 2,
    "60" : 1,
    "61" : 2,
    "62" : 1,
    "63" : 3,
    "64" : 1,
    "65" : 2,
    "66" : 1,
    "67" : 2,
    "68" : 4,
    "69" : 2,
    "70" : 1,
    "71" : 2,
    "73" : 1,
    "74" : 1,
    "77" : 1,
    "79" : 1,
    "81" : 1,
    "87" : 1
  },
  "mean" : 17.062847451239048,
  "stdDev" : 8.968056352878268
}