{
  "distribution" : {
    "1" : 2,
    "2" : 114,
    "3" : 518,
    "4" : 915,
    "5" : 1168,
    "6" : 1289,
    "7" : 1190,
    "8" : 1061,
    "9" : 876,
    "10" : 790,
    "11" : 613,
    "12" : 478,
    "13" : 408,
    "14" : 324,
    "15" : 231,
    "16" : 207,
    "17" : 158,
    "18" : 132,
    "19" : 82,
    "20" : 73,
    "21" : 57,
    "22" : 56,
    "23" : 47,
    "24" : 37,
    "25" : 21,
    "26" : 18,
    "27" : 14,
    "28" : 8,
    "29" : 5,
    "30" : 7,
    "31" : 6,
    "32" : 4,
    "34" : 5,
    "35" : 5,
    "38" : 1,
    "39" : 2,
    "40" : 2,
    "41" : 1,
    "45" : 2,
    "46" : 1
  },
  "mean" : 8.800878477306004,
  "stdDev" : 4.693913931994461
}