{
  "distribution" : {
    "2" : 36,
    "3" : 205,
    "4" : 444,
    "5" : 703,
    "6" : 839,
    "7" : 921,
    "8" : 982,
    "9" : 892,
    "10" : 892,
    "11" : 766,
    "12" : 641,
    "13" : 580,
    "14" : 488,
    "15" : 401,
    "16" : 306,
    "17" : 318,
    "18" : 248,
    "19" : 211,
    "20" : 158,
    "21" : 143,
    "22" : 117,
    "23" : 78,
    "24" : 76,
    "25" : 66,
    "26" : 47,
    "27" : 46,
    "28" : 30,
    "29" : 27,
    "30" : 24,
    "31" : 25,
    "32" : 20,
    "33" : 16,
    "34" : 12,
    "35" : 14,
    "36" : 10,
    "37" : 13,
    "38" : 5,
    "39" : 2,
    "40" : 2,
    "41" : 2,
    "42" : 4,
    "44" : 1,
    "45" : 1,
    "46" : 1,
    "48" : 2,
    "49" : 1,
    "50" : 1,
    "52" : 1,
    "54" : 2,
    "58" : 1
  },
  "mean" : 11.19887256260974,
  "stdDev" : 5.943495693427209
}