{
  "distribution" : {
    "2" : 2,
    "3" : 13,
    "4" : 52,
    "5" : 121,
    "6" : 222,
    "7" : 339,
    "8" : 419,
    "9" : 489,
    "10" : 567,
    "11" : 579,
    "12" : 626,
    "13" : 603,
    "14" : 592,
    "15" : 584,
    "16" : 478,
    "17" : 477,
    "18" : 453,
    "19" : 409,
    "20" : 343,
    "21" : 360,
    "22" : 293,
    "23" : 245,
    "24" : 270,
    "25" : 210,
    "26" : 186,
    "27" : 177,
    "28" : 179,
    "29" : 136,
    "30" : 101,
    "31" : 105,
    "32" : 101,
    "33" : 93,
    "34" : 66,
    "35" : 75,
    "36" : 63,
    "37" : 50,
    "38" : 45,
    "39" : 39,
    "40" : 30,
    "41" : 30,
    "42" : 26,
    "43" : 17,
    "44" : 18,
    "45" : 18,
    "46" : 17,
    "47" : 8,
    "48" : 13,
    "49" : 13,
    "50" : 18,
    "51" : 10,
    "52" : 10,
    "53" : 15,
    "54" : 8,
    "55" : 7,
    "56" : 2,
    "57" : 1,
    "58" : 3,
    "59" : 3,
    "60" : 2,
    "61" : 4,
    "62" : 1,
    "63" : 6,
    "64" : 2,
    "65" : 2,
    "66" : 3,
    "67" : 2,
    "69" : 3,
    "70" : 1,
    "72" : 1,
    "73" : 1,
    "74" : 2,
    "78" : 1,
    "79" : 1,
    "81" : 1
  },
  "mean" : 17.642706939399734,
  "stdDev" : 9.206561369647225
}