{
  "distribution" : {
    "1" : 63,
    "2" : 724,
    "3" : 1348,
    "4" : 1678,
    "5" : 1742,
    "6" : 1528,
    "7" : 1308,
    "8" : 1092,
    "9" : 847,
    "10" : 659,
    "11" : 577,
    "12" : 400,
    "13" : 329,
    "14" : 281,
    "15" : 229,
    "16" : 149,
    "17" : 137,
    "18" : 98,
    "19" : 65,
    "20" : 51,
    "21" : 42,
    "22" : 40,
    "23" : 27,
    "24" : 10,
    "25" : 16,
    "26" : 15,
    "27" : 9,
    "28" : 9,
    "29" : 7,
    "30" : 5,
    "31" : 2,
    "32" : 5,
    "33" : 1,
    "34" : 3,
    "36" : 1,
    "37" : 1,
    "38" : 2,
    "40" : 1
  },
  "mean" : 7.301829494111547,
  "stdDev" : 4.328621753206556
}