{
  "distribution" : {
    "2" : 10,
    "3" : 36,
    "4" : 132,
    "5" : 270,
    "6" : 431,
    "7" : 507,
    "8" : 677,
    "9" : 711,
    "10" : 656,
    "11" : 652,
    "12" : 670,
    "13" : 631,
    "14" : 575,
    "15" : 548,
    "16" : 458,
    "17" : 413,
    "18" : 355,
    "19" : 320,
    "20" : 301,
    "21" : 264,
    "22" : 243,
    "23" : 185,
    "24" : 162,
    "25" : 166,
    "26" : 148,
    "27" : 112,
    "28" : 90,
    "29" : 83,
    "30" : 70,
    "31" : 55,
    "32" : 53,
    "33" : 49,
    "34" : 45,
    "35" : 37,
    "36" : 27,
    "37" : 27,
    "38" : 15,
    "39" : 22,
    "40" : 18,
    "41" : 8,
    "42" : 9,
    "43" : 8,
    "44" : 11,
    "45" : 5,
    "46" : 5,
    "47" : 6,
    "48" : 3,
    "49" : 1,
    "50" : 7,
    "52" : 1,
    "53" : 1,
    "54" : 2,
    "55" : 3,
    "56" : 2,
    "57" : 2,
    "59" : 3,
    "61" : 4,
    "62" : 1,
    "64" : 1,
    "72" : 1
  },
  "mean" : 14.75756693830035,
  "stdDev" : 7.644225693538299
}