{
  "distribution" : {
    "2" : 7,
    "3" : 59,
    "4" : 176,
    "5" : 311,
    "6" : 455,
    "7" : 630,
    "8" : 716,
    "9" : 742,
    "10" : 742,
    "11" : 730,
    "12" : 677,
    "13" : 707,
    "14" : 508,
    "15" : 526,
    "16" : 453,
    "17" : 414,
    "18" : 337,
    "19" : 278,
    "20" : 276,
    "21" : 229,
    "22" : 217,
    "23" : 180,
    "24" : 135,
    "25" : 129,
    "26" : 114,
    "27" : 94,
    "28" : 108,
    "29" : 68,
    "30" : 54,
    "31" : 62,
    "32" : 41,
    "33" : 40,
    "34" : 31,
    "35" : 31,
    "36" : 21,
    "37" : 18,
    "38" : 17,
    "39" : 15,
    "40" : 15,
    "41" : 10,
    "42" : 4,
    "43" : 12,
    "44" : 9,
    "45" : 6,
    "46" : 5,
    "47" : 3,
    "48" : 1,
    "49" : 4,
    "50" : 3,
    "51" : 2,
    "52" : 1,
    "53" : 2,
    "54" : 2,
    "55" : 2,
    "56" : 1,
    "57" : 1,
    "58" : 2,
    "62" : 1,
    "64" : 1,
    "69" : 1
  },
  "mean" : 14.047144499808356,
  "stdDev" : 7.321377517242577
}