{
  "distribution" : {
    "2" : 6,
    "3" : 42,
    "4" : 146,
    "5" : 269,
    "6" : 409,
    "7" : 546,
    "8" : 666,
    "9" : 754,
    "10" : 734,
    "11" : 747,
    "12" : 757,
    "13" : 628,
    "14" : 568,
    "15" : 554,
    "16" : 502,
    "17" : 407,
    "18" : 393,
    "19" : 324,
    "20" : 304,
    "21" : 252,
    "22" : 210,
    "23" : 212,
    "24" : 169,
    "25" : 139,
    "26" : 130,
    "27" : 96,
    "28" : 109,
    "29" : 81,
    "30" : 61,
    "31" : 79,
    "32" : 65,
    "33" : 50,
    "34" : 44,
    "35" : 46,
    "36" : 18,
    "37" : 31,
    "38" : 29,
    "39" : 13,
    "40" : 22,
    "41" : 19,
    "42" : 19,
    "43" : 10,
    "44" : 12,
    "45" : 7,
    "46" : 7,
    "47" : 4,
    "48" : 6,
    "49" : 5,
    "50" : 3,
    "51" : 2,
    "52" : 5,
    "53" : 4,
    "54" : 3,
    "55" : 2,
    "56" : 2,
    "57" : 2,
    "59" : 1,
    "60" : 1,
    "61" : 3,
    "62" : 1,
    "68" : 1,
    "73" : 1,
    "74" : 1
  },
  "mean" : 14.774061306251747,
  "stdDev" : 7.80912276190109
}