{
  "distribution" : {
    "2" : 9,
    "3" : 34,
    "4" : 110,
    "5" : 235,
    "6" : 371,
    "7" : 501,
    "8" : 594,
    "9" : 664,
    "10" : 682,
    "11" : 656,
    "12" : 709,
    "13" : 641,
    "14" : 606,
    "15" : 528,
    "16" : 486,
    "17" : 442,
    "18" : 397,
    "19" : 369,
    "20" : 329,
    "21" : 273,
    "22" : 227,
    "23" : 207,
    "24" : 182,
    "25" : 189,
    "26" : 130,
    "27" : 116,
    "28" : 120,
    "29" : 71,
    "30" : 80,
    "31" : 59,
    "32" : 56,
    "33" : 58,
    "34" : 48,
    "35" : 45,
    "36" : 28,
    "37" : 32,
    "38" : 22,
    "39" : 22,
    "40" : 15,
    "41" : 12,
    "42" : 13,
    "43" : 15,
    "44" : 13,
    "45" : 13,
    "46" : 9,
    "47" : 7,
    "48" : 9,
    "49" : 2,
    "50" : 5,
    "51" : 1,
    "52" : 3,
    "53" : 2,
    "54" : 4,
    "55" : 1,
    "57" : 9,
    "58" : 1,
    "60" : 2,
    "62" : 1,
    "65" : 2,
    "66" : 1,
    "67" : 1,
    "70" : 2,
    "71" : 1,
    "72" : 2
  },
  "mean" : 15.272293297689517,
  "stdDev" : 7.974545460389424
}