{
  "distribution" : {
    "1" : 4,
    "2" : 50,
    "3" : 347,
    "4" : 640,
    "5" : 885,
    "6" : 1072,
    "7" : 1080,
    "8" : 1041,
    "9" : 914,
    "10" : 838,
    "11" : 723,
    "12" : 580,
    "13" : 496,
    "14" : 416,
    "15" : 304,
    "16" : 286,
    "17" : 216,
    "18" : 156,
    "19" : 133,
    "20" : 106,
    "21" : 106,
    "22" : 76,
    "23" : 51,
    "24" : 34,
    "25" : 33,
    "26" : 35,
    "27" : 23,
    "28" : 21,
    "29" : 23,
    "30" : 13,
    "31" : 12,
    "32" : 9,
    "33" : 5,
    "34" : 10,
    "35" : 9,
    "36" : 3,
    "37" : 3,
    "38" : 5,
    "39" : 2,
    "40" : 2,
    "42" : 1,
    "43" : 1,
    "44" : 1,
    "45" : 1,
    "46" : 2
  },
  "mean" : 9.909453937592868,
  "stdDev" : 5.246117924920546
}