{
  "distribution" : {
    "2" : 19,
    "3" : 99,
    "4" : 319,
    "5" : 501,
    "6" : 704,
    "7" : 806,
    "8" : 891,
    "9" : 925,
    "10" : 767,
    "11" : 734,
    "12" : 729,
    "13" : 607,
    "14" : 520,
    "15" : 450,
    "16" : 385,
    "17" : 333,
    "18" : 292,
    "19" : 225,
    "20" : 210,
    "21" : 176,
    "22" : 121,
    "23" : 133,
    "24" : 114,
    "25" : 101,
    "26" : 77,
    "27" : 63,
    "28" : 53,
    "29" : 42,
    "30" : 27,
    "31" : 33,
    "32" : 28,
    "33" : 26,
    "34" : 15,
    "35" : 13,
    "36" : 18,
    "37" : 13,
    "38" : 7,
    "39" : 6,
    "40" : 4,
    "41" : 12,
    "42" : 4,
    "43" : 2,
    "44" : 4,
    "45" : 2,
    "46" : 4,
    "49" : 2,
    "50" : 2,
    "51" : 2,
    "52" : 2,
    "56" : 1,
    "57" : 1
  },
  "mean" : 12.28699171686747,
  "stdDev" : 6.461582150767017
}