{
  "distribution" : {
    "2" : 4,
    "3" : 57,
    "4" : 143,
    "5" : 277,
    "6" : 441,
    "7" : 599,
    "8" : 703,
    "9" : 726,
    "10" : 763,
    "11" : 684,
    "12" : 662,
    "13" : 619,
    "14" : 586,
    "15" : 495,
    "16" : 440,
    "17" : 402,
    "18" : 360,
    "19" : 283,
    "20" : 265,
    "21" : 236,
    "22" : 200,
    "23" : 193,
    "24" : 139,
    "25" : 119,
    "26" : 106,
    "27" : 81,
    "28" : 87,
    "29" : 53,
    "30" : 59,
    "31" : 54,
    "32" : 53,
    "33" : 45,
    "34" : 31,
    "35" : 31,
    "36" : 30,
    "37" : 16,
    "38" : 23,
    "39" : 13,
    "40" : 6,
    "41" : 5,
    "42" : 10,
    "43" : 6,
    "44" : 6,
    "45" : 7,
    "46" : 1,
    "47" : 6,
    "48" : 3,
    "49" : 3,
    "50" : 3,
    "51" : 2,
    "52" : 5,
    "54" : 3,
    "56" : 1,
    "57" : 1,
    "61" : 1,
    "63" : 1,
    "66" : 1
  },
  "mean" : 14.097448024435906,
  "stdDev" : 7.245855814084452
}