{
  "distribution" : {
    "1" : 1,
    "2" : 21,
    "3" : 140,
    "4" : 342,
    "5" : 597,
    "6" : 754,
    "7" : 891,
    "8" : 922,
    "9" : 892,
    "10" : 806,
    "11" : 798,
    "12" : 682,
    "13" : 577,
    "14" : 486,
    "15" : 436,
    "16" : 413,
    "17" : 276,
    "18" : 273,
    "19" : 231,
    "20" : 205,
    "21" : 180,
    "22" : 137,
    "23" : 110,
    "24" : 110,
    "25" : 65,
    "26" : 70,
    "27" : 57,
    "28" : 46,
    "29" : 39,
    "30" : 31,
    "31" : 24,
    "32" : 17,
    "33" : 24,
    "34" : 19,
    "35" : 10,
    "36" : 21,
    "37" : 11,
    "38" : 10,
    "39" : 7,
    "40" : 3,
    "41" : 5,
    "42" : 2,
    "43" : 4,
    "44" : 1,
    "45" : 3,
    "46" : 1,
    "47" : 2,
    "48" : 1,
    "49" : 2,
    "50" : 2,
    "51" : 1,
    "52" : 1,
    "58" : 1
  },
  "mean" : 11.900278810408922,
  "stdDev" : 6.297692827805613
}