{
  "distribution" : {
    "2" : 1,
    "3" : 5,
    "4" : 31,
    "5" : 85,
    "6" : 121,
    "7" : 225,
    "8" : 303,
    "9" : 386,
    "10" : 446,
    "11" : 521,
    "12" : 510,
    "13" : 532,
    "14" : 501,
    "15" : 541,
    "16" : 510,
    "17" : 468,
    "18" : 446,
    "19" : 425,
    "20" : 410,
    "21" : 369,
    "22" : 359,
    "23" : 321,
    "24" : 278,
    "25" : 252,
    "26" : 245,
    "27" : 211,
    "28" : 193,
    "29" : 144,
    "30" : 155,
    "31" : 135,
    "32" : 118,
    "33" : 119,
    "34" : 109,
    "35" : 100,
    "36" : 83,
    "37" : 85,
    "38" : 64,
    "39" : 61,
    "40" : 50,
    "41" : 43,
    "42" : 35,
    "43" : 49,
    "44" : 36,
    "45" : 34,
    "46" : 28,
    "47" : 22,
    "48" : 22,
    "49" : 25,
    "50" : 20,
    "51" : 14,
    "52" : 20,
    "53" : 9,
    "54" : 15,
    "55" : 12,
    "56" : 11,
    "57" : 7,
    "58" : 6,
    "59" : 7,
    "60" : 5,
    "61" : 9,
    "62" : 4,
    "63" : 4,
    "64" : 1,
    "65" : 2,
    "66" : 1,
    "68" : 1,
    "69" : 3,
    "70" : 1,
    "71" : 1,
    "72" : 2,
    "73" : 2,
    "75" : 2,
    "76" : 1,
    "78" : 2,
    "79" : 2,
    "80" : 2,
    "83" : 2,
    "85" : 1,
    "91" : 1,
    "110" : 1
  },
  "mean" : 19.732062024463065,
  "stdDev" : 10.258058259328973
}