{
  "distribution" : {
    "2" : 1,
    "3" : 28,
    "4" : 105,
    "5" : 228,
    "6" : 389,
    "7" : 499,
    "8" : 643,
    "9" : 672,
    "10" : 682,
    "11" : 687,
    "12" : 649,
    "13" : 627,
    "14" : 571,
    "15" : 523,
    "16" : 479,
    "17" : 460,
    "18" : 389,
    "19" : 342,
    "20" : 303,
    "21" : 262,
    "22" : 203,
    "23" : 186,
    "24" : 186,
    "25" : 145,
    "26" : 121,
    "27" : 103,
    "28" : 105,
    "29" : 82,
    "30" : 79,
    "31" : 69,
    "32" : 66,
    "33" : 29,
    "34" : 28,
    "35" : 29,
    "36" : 27,
    "37" : 33,
    "38" : 28,
    "39" : 22,
    "40" : 23,
    "41" : 13,
    "42" : 15,
    "43" : 7,
    "44" : 10,
    "45" : 4,
    "46" : 7,
    "47" : 10,
    "48" : 2,
    "49" : 3,
    "50" : 2,
    "51" : 1,
    "52" : 2,
    "53" : 1,
    "54" : 1,
    "55" : 5,
    "56" : 2,
    "57" : 3,
    "60" : 2,
    "61" : 1,
    "64" : 1,
    "68" : 1,
    "74" : 1,
    "75" : 1,
    "76" : 1,
    "82" : 1
  },
  "mean" : 14.96892156862745,
  "stdDev" : 7.713158103902902
}