{
  "distribution" : {
    "2" : 1,
    "3" : 22,
    "4" : 80,
    "5" : 197,
    "6" : 321,
    "7" : 447,
    "8" : 574,
    "9" : 593,
    "10" : 653,
    "11" : 661,
    "12" : 666,
    "13" : 618,
    "14" : 578,
    "15" : 549,
    "16" : 503,
    "17" : 451,
    "18" : 428,
    "19" : 319,
    "20" : 333,
    "21" : 289,
    "22" : 271,
    "23" : 218,
    "24" : 227,
    "25" : 167,
    "26" : 150,
    "27" : 118,
    "28" : 128,
    "29" : 95,
    "30" : 88,
    "31" : 86,
    "32" : 63,
    "33" : 65,
    "34" : 37,
    "35" : 44,
    "36" : 46,
    "37" : 31,
    "38" : 30,
    "39" : 20,
    "40" : 26,
    "41" : 20,
    "42" : 24,
    "43" : 18,
    "44" : 12,
    "45" : 10,
    "46" : 8,
    "47" : 5,
    "48" : 10,
    "49" : 8,
    "50" : 6,
    "51" : 2,
    "52" : 7,
    "53" : 1,
    "54" : 7,
    "55" : 2,
    "56" : 5,
    "57" : 1,
    "58" : 2,
    "60" : 2,
    "61" : 3,
    "62" : 3,
    "65" : 1,
    "67" : 1,
    "68" : 1,
    "69" : 1,
    "72" : 1,
    "77" : 1
  },
  "mean" : 15.885465958474168,
  "stdDev" : 8.246938326104026
}