{
  "distribution" : {
    "1" : 2,
    "2" : 25,
    "3" : 169,
    "4" : 362,
    "5" : 634,
    "6" : 863,
    "7" : 904,
    "8" : 912,
    "9" : 936,
    "10" : 852,
    "11" : 798,
    "12" : 682,
    "13" : 571,
    "14" : 503,
    "15" : 418,
    "16" : 327,
    "17" : 265,
    "18" : 235,
    "19" : 189,
    "20" : 174,
    "21" : 146,
    "22" : 102,
    "23" : 120,
    "24" : 86,
    "25" : 80,
    "26" : 55,
    "27" : 52,
    "28" : 38,
    "29" : 30,
    "30" : 26,
    "31" : 23,
    "32" : 22,
    "33" : 12,
    "34" : 12,
    "35" : 7,
    "36" : 13,
    "37" : 6,
    "38" : 7,
    "39" : 3,
    "40" : 3,
    "41" : 4,
    "42" : 2,
    "43" : 1,
    "44" : 5,
    "45" : 2,
    "46" : 2,
    "47" : 2,
    "48" : 2,
    "49" : 1,
    "52" : 2,
    "54" : 1,
    "56" : 1
  },
  "mean" : 11.427168116755544,
  "stdDev" : 6.027627498568433
}