{
  "distribution" : {
    "2" : 19,
    "3" : 92,
    "4" : 259,
    "5" : 440,
    "6" : 722,
    "7" : 773,
    "8" : 879,
    "9" : 904,
    "10" : 820,
    "11" : 791,
    "12" : 689,
    "13" : 613,
    "14" : 520,
    "15" : 459,
    "16" : 416,
    "17" : 375,
    "18" : 298,
    "19" : 267,
    "20" : 214,
    "21" : 195,
    "22" : 144,
    "23" : 154,
    "24" : 126,
    "25" : 96,
    "26" : 75,
    "27" : 83,
    "28" : 53,
    "29" : 64,
    "30" : 41,
    "31" : 31,
    "32" : 21,
    "33" : 33,
    "34" : 28,
    "35" : 19,
    "36" : 16,
    "37" : 13,
    "38" : 11,
    "39" : 9,
    "40" : 7,
    "41" : 4,
    "42" : 6,
    "43" : 4,
    "44" : 6,
    "45" : 6,
    "46" : 3,
    "47" : 2,
    "48" : 1,
    "49" : 1,
    "50" : 1,
    "51" : 1,
    "52" : 4,
    "54" : 2,
    "55" : 1,
    "59" : 1,
    "60" : 1,
    "82" : 1
  },
  "mean" : 12.675328278157943,
  "stdDev" : 6.7249889604059465
}