{
  "distribution" : {
    "2" : 27,
    "3" : 219,
    "4" : 507,
    "5" : 752,
    "6" : 996,
    "7" : 946,
    "8" : 1052,
    "9" : 947,
    "10" : 865,
    "11" : 719,
    "12" : 680,
    "13" : 558,
    "14" : 480,
    "15" : 367,
    "16" : 315,
    "17" : 271,
    "18" : 190,
    "19" : 173,
    "20" : 160,
    "21" : 123,
    "22" : 105,
    "23" : 89,
    "24" : 62,
    "25" : 55,
    "26" : 34,
    "27" : 43,
    "28" : 32,
    "29" : 17,
    "30" : 24,
    "31" : 14,
    "32" : 22,
    "33" : 6,
    "34" : 8,
    "35" : 3,
    "36" : 9,
    "37" : 4,
    "38" : 5,
    "39" : 5,
    "40" : 3,
    "41" : 4,
    "42" : 5,
    "43" : 4,
    "44" : 1,
    "45" : 2,
    "46" : 4,
    "53" : 1,
    "55" : 1,
    "60" : 1,
    "67" : 1
  },
  "mean" : 10.772064888644488,
  "stdDev" : 5.740844744877708
}