{
  "distribution" : {
    "2" : 20,
    "3" : 140,
    "4" : 426,
    "5" : 686,
    "6" : 847,
    "7" : 1007,
    "8" : 994,
    "9" : 954,
    "10" : 852,
    "11" : 787,
    "12" : 632,
    "13" : 577,
    "14" : 466,
    "15" : 425,
    "16" : 347,
    "17" : 287,
    "18" : 205,
    "19" : 212,
    "20" : 166,
    "21" : 141,
    "22" : 130,
    "23" : 105,
    "24" : 78,
    "25" : 65,
    "26" : 57,
    "27" : 44,
    "28" : 39,
    "29" : 37,
    "30" : 23,
    "31" : 27,
    "32" : 20,
    "33" : 18,
    "34" : 15,
    "35" : 9,
    "36" : 7,
    "37" : 11,
    "38" : 2,
    "39" : 6,
    "40" : 7,
    "41" : 4,
    "42" : 1,
    "43" : 3,
    "44" : 3,
    "45" : 2,
    "47" : 2,
    "48" : 1,
    "51" : 1,
    "53" : 1,
    "56" : 1,
    "60" : 1,
    "64" : 1
  },
  "mean" : 11.31830701432244,
  "stdDev" : 6.026549085004137
}