{
  "distribution" : {
    "2" : 13,
    "3" : 59,
    "4" : 172,
    "5" : 337,
    "6" : 450,
    "7" : 605,
    "8" : 655,
    "9" : 759,
    "10" : 740,
    "11" : 692,
    "12" : 643,
    "13" : 667,
    "14" : 543,
    "15" : 491,
    "16" : 478,
    "17" : 401,
    "18" : 339,
    "19" : 304,
    "20" : 248,
    "21" : 206,
    "22" : 206,
    "23" : 174,
    "24" : 141,
    "25" : 127,
    "26" : 104,
    "27" : 78,
    "28" : 113,
    "29" : 58,
    "30" : 65,
    "31" : 61,
    "32" : 40,
    "33" : 30,
    "34" : 32,
    "35" : 24,
    "36" : 24,
    "37" : 15,
    "38" : 18,
    "39" : 11,
    "40" : 17,
    "41" : 5,
    "42" : 11,
    "43" : 6,
    "44" : 9,
    "45" : 3,
    "46" : 7,
    "47" : 6,
    "48" : 3,
    "49" : 3,
    "50" : 1,
    "52" : 3,
    "53" : 2,
    "54" : 2,
    "55" : 1,
    "57" : 1
  },
  "mean" : 13.962560031363324,
  "stdDev" : 7.19564235910888
}