{
  "distribution" : {
    "2" : 13,
    "3" : 122,
    "4" : 275,
    "5" : 498,
    "6" : 718,
    "7" : 810,
    "8" : 871,
    "9" : 854,
    "10" : 874,
    "11" : 709,
    "12" : 695,
    "13" : 569,
    "14" : 525,
    "15" : 483,
    "16" : 392,
    "17" : 322,
    "18" : 320,
    "19" : 279,
    "20" : 196,
    "21" : 174,
    "22" : 140,
    "23" : 110,
    "24" : 111,
    "25" : 98,
    "26" : 65,
    "27" : 54,
    "28" : 63,
    "29" : 39,
    "30" : 40,
    "31" : 37,
    "32" : 25,
    "33" : 30,
    "34" : 22,
    "35" : 13,
    "36" : 9,
    "37" : 9,
    "38" : 9,
    "39" : 13,
    "40" : 6,
    "41" : 3,
    "42" : 7,
    "43" : 2,
    "44" : 6,
    "45" : 4,
    "46" : 1,
    "47" : 1,
    "48" : 2,
    "50" : 3,
    "51" : 2,
    "58" : 1,
    "63" : 1,
    "68" : 1
  },
  "mean" : 12.356107660455487,
  "stdDev" : 6.498249455591136
}