{
  "distribution" : {
    "3" : 14,
    "4" : 69,
    "5" : 185,
    "6" : 333,
    "7" : 400,
    "8" : 534,
    "9" : 646,
    "10" : 643,
    "11" : 679,
    "12" : 652,
    "13" : 653,
    "14" : 579,
    "15" : 557,
    "16" : 519,
    "17" : 435,
    "18" : 380,
    "19" : 368,
    "20" : 297,
    "21" : 285,
    "22" : 269,
    "23" : 212,
    "24" : 185,
    "25" : 177,
    "26" : 153,
    "27" : 133,
    "28" : 116,
    "29" : 108,
    "30" : 87,
    "31" : 67,
    "32" : 52,
    "33" : 72,
    "34" : 49,
    "35" : 38,
    "36" : 47,
    "37" : 39,
    "38" : 30,
    "39" : 35,
    "40" : 29,
    "41" : 18,
    "42" : 21,
    "43" : 15,
    "44" : 13,
    "45" : 11,
    "46" : 7,
    "47" : 7,
    "48" : 18,
    "49" : 5,
    "50" : 4,
    "51" : 8,
    "52" : 4,
    "53" : 6,
    "54" : 2,
    "55" : 2,
    "57" : 2,
    "58" : 4,
    "59" : 1,
    "61" : 3,
    "62" : 1,
    "63" : 2,
    "64" : 1,
    "66" : 1,
    "68" : 1,
    "74" : 1
  },
  "mean" : 15.935336444963049,
  "stdDev" : 8.244937497273073
}