{
  "distribution" : {
    "3" : 4,
    "4" : 15,
    "5" : 46,
    "6" : 91,
    "7" : 163,
    "8" : 232,
    "9" : 300,
    "10" : 364,
    "11" : 395,
    "12" : 451,
    "13" : 469,
    "14" : 446,
    "15" : 454,
    "16" : 512,
    "17" : 472,
    "18" : 451,
    "19" : 460,
    "20" : 411,
    "21" : 395,
    "22" : 349,
    "23" : 326,
    "24" : 293,
    "25" : 311,
    "26" : 279,
    "27" : 247,
    "28" : 203,
    "29" : 211,
    "30" : 194,
    "31" : 164,
    "32" : 161,
    "33" : 143,
    "34" : 121,
    "35" : 107,
    "36" : 113,
    "37" : 105,
    "38" : 70,
    "39" : 73,
    "40" : 65,
    "41" : 66,
    "42" : 53,
    "43" : 52,
    "44" : 47,
    "45" : 38,
    "46" : 38,
    "47" : 27,
    "48" : 26,
    "49" : 31,
    "50" : 21,
    "51" : 28,
    "52" : 25,
    "53" : 20,
    "54" : 16,
    "55" : 16,
    "56" : 13,
    "57" : 18,
    "58" : 9,
    "59" : 13,
    "60" : 9,
    "61" : 9,
    "62" : 8,
    "63" : 8,
    "64" : 5,
    "65" : 7,
    "66" : 3,
    "67" : 5,
    "68" : 5,
    "69" : 3,
    "70" : 2,
    "71" : 5,
    "72" : 1,
    "73" : 5,
    "74" : 2,
    "75" : 6,
    "76" : 4,
    "77" : 1,
    "78" : 2,
    "79" : 2,
    "80" : 3,
    "81" : 3,
    "82" : 2,
    "98" : 1,
    "115" : 1
  },
  "mean" : 21.546634382566587,
  "stdDev" : 11.16967338814825
}