{
  "distribution" : {
    "2" : 7,
    "3" : 63,
    "4" : 179,
    "5" : 312,
    "6" : 472,
    "7" : 659,
    "8" : 694,
    "9" : 779,
    "10" : 769,
    "11" : 697,
    "12" : 674,
    "13" : 665,
    "14" : 636,
    "15" : 519,
    "16" : 471,
    "17" : 398,
    "18" : 378,
    "19" : 312,
    "20" : 281,
    "21" : 235,
    "22" : 220,
    "23" : 177,
    "24" : 140,
    "25" : 147,
    "26" : 129,
    "27" : 99,
    "28" : 95,
    "29" : 84,
    "30" : 62,
    "31" : 64,
    "32" : 44,
    "33" : 38,
    "34" : 44,
    "35" : 30,
    "36" : 18,
    "37" : 28,
    "38" : 19,
    "39" : 16,
    "40" : 10,
    "41" : 14,
    "42" : 12,
    "43" : 9,
    "44" : 8,
    "45" : 4,
    "46" : 4,
    "47" : 5,
    "48" : 7,
    "49" : 4,
    "50" : 5,
    "51" : 1,
    "52" : 1,
    "53" : 3,
    "54" : 2,
    "55" : 1,
    "56" : 2,
    "60" : 1,
    "61" : 1,
    "63" : 1,
    "64" : 1,
    "69" : 1,
    "71" : 1,
    "76" : 1,
    "87" : 1
  },
  "mean" : 14.198623767900315,
  "stdDev" : 7.51246052308589
}