{
  "distribution" : {
    "1" : 4,
    "2" : 116,
    "3" : 464,
    "4" : 826,
    "5" : 1155,
    "6" : 1241,
    "7" : 1207,
    "8" : 1064,
    "9" : 952,
    "10" : 719,
    "11" : 601,
    "12" : 491,
    "13" : 463,
    "14" : 294,
    "15" : 260,
    "16" : 211,
    "17" : 180,
    "18" : 151,
    "19" : 98,
    "20" : 79,
    "21" : 73,
    "22" : 59,
    "23" : 32,
    "24" : 30,
    "25" : 37,
    "26" : 23,
    "27" : 20,
    "28" : 9,
    "29" : 7,
    "30" : 3,
    "31" : 3,
    "32" : 10,
    "33" : 3,
    "34" : 3,
    "36" : 2,
    "38" : 3,
    "40" : 1,
    "41" : 1,
    "43" : 1,
    "47" : 2,
    "54" : 1
  },
  "mean" : 8.989173318653087,
  "stdDev" : 4.787642402041889
}