{
  "distribution" : {
    "2" : 3,
    "3" : 34,
    "4" : 114,
    "5" : 189,
    "6" : 318,
    "7" : 443,
    "8" : 593,
    "9" : 653,
    "10" : 680,
    "11" : 646,
    "12" : 665,
    "13" : 628,
    "14" : 570,
    "15" : 510,
    "16" : 476,
    "17" : 413,
    "18" : 401,
    "19" : 339,
    "20" : 277,
    "21" : 269,
    "22" : 275,
    "23" : 194,
    "24" : 181,
    "25" : 172,
    "26" : 134,
    "27" : 100,
    "28" : 91,
    "29" : 99,
    "30" : 85,
    "31" : 59,
    "32" : 62,
    "33" : 59,
    "34" : 37,
    "35" : 36,
    "36" : 39,
    "37" : 30,
    "38" : 33,
    "39" : 21,
    "40" : 27,
    "41" : 15,
    "42" : 14,
    "43" : 18,
    "44" : 13,
    "45" : 5,
    "46" : 5,
    "47" : 6,
    "48" : 5,
    "49" : 8,
    "50" : 8,
    "51" : 2,
    "52" : 1,
    "53" : 2,
    "54" : 5,
    "56" : 1,
    "58" : 3,
    "59" : 2,
    "64" : 1,
    "73" : 1
  },
  "mean" : 15.381429990069513,
  "stdDev" : 7.875079446861667
}