{
  "distribution" : {
    "2" : 10,
    "3" : 105,
    "4" : 306,
    "5" : 538,
    "6" : 680,
    "7" : 847,
    "8" : 820,
    "9" : 852,
    "10" : 819,
    "11" : 726,
    "12" : 700,
    "13" : 614,
    "14" : 528,
    "15" : 472,
    "16" : 412,
    "17" : 339,
    "18" : 307,
    "19" : 224,
    "20" : 221,
    "21" : 166,
    "22" : 151,
    "23" : 129,
    "24" : 117,
    "25" : 98,
    "26" : 74,
    "27" : 55,
    "28" : 54,
    "29" : 52,
    "30" : 41,
    "31" : 22,
    "32" : 26,
    "33" : 21,
    "34" : 19,
    "35" : 19,
    "36" : 14,
    "37" : 17,
    "38" : 7,
    "39" : 4,
    "40" : 6,
    "41" : 5,
    "42" : 5,
    "43" : 10,
    "44" : 3,
    "45" : 2,
    "46" : 2,
    "47" : 1,
    "48" : 3,
    "49" : 1,
    "50" : 1,
    "51" : 1,
    "52" : 2,
    "54" : 1,
    "61" : 1,
    "65" : 1
  },
  "mean" : 12.380245986292367,
  "stdDev" : 6.518575867361375
}