{
  "distribution" : {
    "2" : 6,
    "3" : 41,
    "4" : 132,
    "5" : 285,
    "6" : 409,
    "7" : 526,
    "8" : 647,
    "9" : 684,
    "10" : 733,
    "11" : 748,
    "12" : 673,
    "13" : 618,
    "14" : 582,
    "15" : 517,
    "16" : 497,
    "17" : 422,
    "18" : 372,
    "19" : 335,
    "20" : 284,
    "21" : 263,
    "22" : 230,
    "23" : 205,
    "24" : 159,
    "25" : 155,
    "26" : 153,
    "27" : 126,
    "28" : 101,
    "29" : 82,
    "30" : 74,
    "31" : 60,
    "32" : 53,
    "33" : 32,
    "34" : 45,
    "35" : 32,
    "36" : 38,
    "37" : 30,
    "38" : 20,
    "39" : 24,
    "40" : 18,
    "41" : 13,
    "42" : 16,
    "43" : 7,
    "44" : 5,
    "45" : 10,
    "46" : 6,
    "47" : 9,
    "48" : 5,
    "49" : 8,
    "50" : 5,
    "51" : 2,
    "52" : 4,
    "53" : 4,
    "54" : 3,
    "55" : 1,
    "56" : 2,
    "57" : 1,
    "58" : 1,
    "59" : 1,
    "60" : 3,
    "61" : 1,
    "62" : 1,
    "66" : 1
  },
  "mean" : 14.838022813688212,
  "stdDev" : 7.764733829413071
}