{
  "distribution" : {
    "2" : 58,
    "3" : 285,
    "4" : 579,
    "5" : 899,
    "6" : 1025,
    "7" : 1071,
    "8" : 1018,
    "9" : 933,
    "10" : 788,
    "11" : 671,
    "12" : 574,
    "13" : 507,
    "14" : 452,
    "15" : 378,
    "16" : 284,
    "17" : 230,
    "18" : 175,
    "19" : 124,
    "20" : 114,
    "21" : 80,
    "22" : 80,
    "23" : 68,
    "24" : 56,
    "25" : 43,
    "26" : 26,
    "27" : 26,
    "28" : 23,
    "29" : 21,
    "30" : 18,
    "31" : 8,
    "32" : 11,
    "33" : 6,
    "34" : 4,
    "35" : 6,
    "36" : 7,
    "37" : 5,
    "38" : 3,
    "39" : 3,
    "41" : 1,
    "42" : 1,
    "43" : 2,
    "47" : 2,
    "52" : 1,
    "55" : 1
  },
  "mean" : 10.098809412205869,
  "stdDev" : 5.321589880137766
}