{
  "distribution" : {
    "2" : 1,
    "3" : 14,
    "4" : 68,
    "5" : 151,
    "6" : 275,
    "7" : 450,
    "8" : 475,
    "9" : 521,
    "10" : 637,
    "11" : 627,
    "12" : 621,
    "13" : 646,
    "14" : 576,
    "15" : 564,
    "16" : 512,
    "17" : 471,
    "18" : 446,
    "19" : 394,
    "20" : 337,
    "21" : 304,
    "22" : 282,
    "23" : 253,
    "24" : 251,
    "25" : 166,
    "26" : 174,
    "27" : 153,
    "28" : 130,
    "29" : 116,
    "30" : 102,
    "31" : 91,
    "32" : 109,
    "33" : 76,
    "34" : 56,
    "35" : 68,
    "36" : 49,
    "37" : 42,
    "38" : 36,
    "39" : 32,
    "40" : 32,
    "41" : 25,
    "42" : 23,
    "43" : 21,
    "44" : 13,
    "45" : 19,
    "46" : 17,
    "47" : 10,
    "48" : 14,
    "49" : 11,
    "50" : 8,
    "51" : 7,
    "52" : 8,
    "53" : 5,
    "54" : 7,
    "55" : 3,
    "56" : 2,
    "57" : 3,
    "58" : 5,
    "59" : 4,
    "60" : 2,
    "61" : 1,
    "62" : 2,
    "63" : 1,
    "64" : 1,
    "65" : 1,
    "67" : 1,
    "68" : 2,
    "69" : 1,
    "71" : 1,
    "73" : 2,
    "74" : 1,
    "83" : 1
  },
  "mean" : 16.788793922127255,
  "stdDev" : 8.78981938631459
}