{
  "distribution" : {
    "3" : 24,
    "4" : 100,
    "5" : 237,
    "6" : 403,
    "7" : 486,
    "8" : 611,
    "9" : 667,
    "10" : 703,
    "11" : 669,
    "12" : 721,
    "13" : 640,
    "14" : 602,
    "15" : 597,
    "16" : 492,
    "17" : 458,
    "18" : 374,
    "19" : 360,
    "20" : 316,
    "21" : 235,
    "22" : 248,
    "23" : 221,
    "24" : 183,
    "25" : 165,
    "26" : 142,
    "27" : 117,
    "28" : 117,
    "29" : 103,
    "30" : 76,
    "31" : 67,
    "32" : 84,
    "33" : 55,
    "34" : 49,
    "35" : 22,
    "36" : 43,
    "37" : 31,
    "38" : 40,
    "39" : 20,
    "40" : 25,
    "41" : 21,
    "42" : 15,
    "43" : 17,
    "44" : 13,
    "45" : 14,
    "46" : 10,
    "47" : 12,
    "48" : 7,
    "49" : 7,
    "51" : 6,
    "52" : 5,
    "53" : 3,
    "54" : 2,
    "55" : 7,
    "56" : 2,
    "57" : 1,
    "58" : 3,
    "61" : 2,
    "62" : 2,
    "67" : 1,
    "70" : 2,
    "78" : 1
  },
  "mean" : 15.416385135135135,
  "stdDev" : 8.119309177855767
}