{
  "distribution" : {
    "2" : 3,
    "3" : 22,
    "4" : 76,
    "5" : 204,
    "6" : 344,
    "7" : 527,
    "8" : 624,
    "9" : 692,
    "10" : 736,
    "11" : 688,
    "12" : 693,
    "13" : 648,
    "14" : 603,
    "15" : 552,
    "16" : 527,
    "17" : 417,
    "18" : 368,
    "19" : 363,
    "20" : 299,
    "21" : 268,
    "22" : 239,
    "23" : 219,
    "24" : 172,
    "25" : 161,
    "26" : 149,
    "27" : 143,
    "28" : 124,
    "29" : 101,
    "30" : 90,
    "31" : 78,
    "32" : 70,
    "33" : 58,
    "34" : 44,
    "35" : 38,
    "36" : 44,
    "37" : 33,
    "38" : 26,
    "39" : 24,
    "40" : 18,
    "41" : 24,
    "42" : 14,
    "43" : 15,
    "44" : 14,
    "45" : 9,
    "46" : 7,
    "47" : 9,
    "48" : 5,
    "49" : 4,
    "50" : 5,
    "51" : 6,
    "52" : 3,
    "53" : 2,
    "54" : 3,
    "55" : 2,
    "56" : 2,
    "57" : 2,
    "58" : 3,
    "59" : 2,
    "60" : 2,
    "61" : 3,
    "62" : 3,
    "63" : 1,
    "65" : 3,
    "67" : 1,
    "68" : 2,
    "72" : 1,
    "74" : 1
  },
  "mean" : 15.486034044954387,
  "stdDev" : 8.147103701689291
}