{
  "distribution" : {
    "2" : 16,
    "3" : 129,
    "4" : 393,
    "5" : 613,
    "6" : 853,
    "7" : 941,
    "8" : 971,
    "9" : 960,
    "10" : 868,
    "11" : 757,
    "12" : 680,
    "13" : 555,
    "14" : 480,
    "15" : 403,
    "16" : 320,
    "17" : 313,
    "18" : 265,
    "19" : 202,
    "20" : 160,
    "21" : 141,
    "22" : 117,
    "23" : 93,
    "24" : 89,
    "25" : 63,
    "26" : 56,
    "27" : 48,
    "28" : 40,
    "29" : 24,
    "30" : 29,
    "31" : 22,
    "32" : 18,
    "33" : 17,
    "34" : 16,
    "35" : 17,
    "36" : 8,
    "37" : 6,
    "38" : 7,
    "39" : 7,
    "40" : 1,
    "41" : 3,
    "42" : 6,
    "43" : 3,
    "44" : 1,
    "45" : 1,
    "46" : 3,
    "47" : 3,
    "48" : 1,
    "50" : 1,
    "51" : 2,
    "52" : 1,
    "58" : 1,
    "61" : 1
  },
  "mean" : 11.438508158508158,
  "stdDev" : 6.043781395728689
}