{
  "distribution" : {
    "3" : 1,
    "4" : 24,
    "5" : 52,
    "6" : 109,
    "7" : 153,
    "8" : 237,
    "9" : 321,
    "10" : 342,
    "11" : 434,
    "12" : 461,
    "13" : 514,
    "14" : 494,
    "15" : 510,
    "16" : 481,
    "17" : 444,
    "18" : 494,
    "19" : 459,
    "20" : 411,
    "21" : 363,
    "22" : 369,
    "23" : 346,
    "24" : 364,
    "25" : 325,
    "26" : 265,
    "27" : 238,
    "28" : 233,
    "29" : 182,
    "30" : 198,
    "31" : 160,
    "32" : 202,
    "33" : 148,
    "34" : 150,
    "35" : 115,
    "36" : 123,
    "37" : 103,
    "38" : 77,
    "39" : 99,
    "40" : 76,
    "41" : 62,
    "42" : 60,
    "43" : 52,
    "44" : 58,
    "45" : 58,
    "46" : 41,
    "47" : 53,
    "48" : 32,
    "49" : 36,
    "50" : 31,
    "51" : 25,
    "52" : 36,
    "53" : 21,
    "54" : 21,
    "55" : 25,
    "56" : 15,
    "57" : 18,
    "58" : 9,
    "59" : 15,
    "60" : 8,
    "61" : 7,
    "62" : 9,
    "63" : 14,
    "64" : 12,
    "65" : 10,
    "66" : 3,
    "67" : 5,
    "68" : 3,
    "69" : 2,
    "70" : 7,
    "71" : 4,
    "72" : 6,
    "73" : 4,
    "74" : 4,
    "76" : 2,
    "77" : 3,
    "78" : 4,
    "79" : 2,
    "80" : 2,
    "82" : 1,
    "83" : 2,
    "85" : 1,
    "87" : 4,
    "88" : 1,
    "89" : 1,
    "91" : 1,
    "93" : 1,
    "98" : 1,
    "99" : 1,
    "105" : 1
  },
  "mean" : 21.94434734615031,
  "stdDev" : 11.672995160653752
}