{
  "distribution" : {
    "2" : 6,
    "3" : 41,
    "4" : 137,
    "5" : 264,
    "6" : 379,
    "7" : 533,
    "8" : 591,
    "9" : 662,
    "10" : 686,
    "11" : 724,
    "12" : 654,
    "13" : 661,
    "14" : 587,
    "15" : 543,
    "16" : 462,
    "17" : 414,
    "18" : 379,
    "19" : 298,
    "20" : 267,
    "21" : 231,
    "22" : 199,
    "23" : 172,
    "24" : 177,
    "25" : 120,
    "26" : 124,
    "27" : 94,
    "28" : 90,
    "29" : 73,
    "30" : 56,
    "31" : 50,
    "32" : 51,
    "33" : 58,
    "34" : 37,
    "35" : 31,
    "36" : 33,
    "37" : 28,
    "38" : 14,
    "39" : 19,
    "40" : 14,
    "41" : 6,
    "42" : 11,
    "43" : 13,
    "44" : 4,
    "45" : 3,
    "46" : 5,
    "47" : 4,
    "48" : 3,
    "49" : 2,
    "50" : 3,
    "51" : 1,
    "52" : 5,
    "53" : 1,
    "54" : 1,
    "55" : 5,
    "56" : 3,
    "57" : 1,
    "58" : 2,
    "61" : 3
  },
  "mean" : 14.56791230692576,
  "stdDev" : 7.445600117419285
}