{
  "distribution" : {
    "2" : 22,
    "3" : 129,
    "4" : 379,
    "5" : 657,
    "6" : 796,
    "7" : 910,
    "8" : 939,
    "9" : 899,
    "10" : 870,
    "11" : 814,
    "12" : 669,
    "13" : 572,
    "14" : 507,
    "15" : 421,
    "16" : 385,
    "17" : 295,
    "18" : 270,
    "19" : 239,
    "20" : 182,
    "21" : 161,
    "22" : 142,
    "23" : 115,
    "24" : 85,
    "25" : 64,
    "26" : 69,
    "27" : 55,
    "28" : 41,
    "29" : 31,
    "30" : 35,
    "31" : 29,
    "32" : 25,
    "33" : 30,
    "34" : 12,
    "35" : 13,
    "36" : 11,
    "37" : 12,
    "38" : 7,
    "39" : 4,
    "40" : 7,
    "41" : 6,
    "42" : 4,
    "43" : 6,
    "44" : 4,
    "45" : 2,
    "46" : 2,
    "47" : 1,
    "50" : 1,
    "52" : 1,
    "53" : 2,
    "56" : 1,
    "57" : 1
  },
  "mean" : 11.741905981342601,
  "stdDev" : 6.2643937151081195
}