{
  "distribution" : {
    "2" : 1,
    "3" : 10,
    "4" : 53,
    "5" : 115,
    "6" : 241,
    "7" : 334,
    "8" : 464,
    "9" : 528,
    "10" : 576,
    "11" : 583,
    "12" : 583,
    "13" : 552,
    "14" : 590,
    "15" : 544,
    "16" : 532,
    "17" : 468,
    "18" : 403,
    "19" : 396,
    "20" : 329,
    "21" : 324,
    "22" : 296,
    "23" : 197,
    "24" : 232,
    "25" : 184,
    "26" : 179,
    "27" : 161,
    "28" : 144,
    "29" : 122,
    "30" : 113,
    "31" : 79,
    "32" : 86,
    "33" : 79,
    "34" : 60,
    "35" : 44,
    "36" : 55,
    "37" : 40,
    "38" : 33,
    "39" : 30,
    "40" : 32,
    "41" : 24,
    "42" : 18,
    "43" : 19,
    "44" : 13,
    "45" : 19,
    "46" : 14,
    "47" : 17,
    "48" : 6,
    "49" : 15,
    "50" : 3,
    "51" : 4,
    "52" : 7,
    "53" : 5,
    "54" : 3,
    "55" : 2,
    "56" : 5,
    "57" : 2,
    "58" : 2,
    "59" : 2,
    "60" : 1,
    "61" : 5,
    "62" : 1,
    "63" : 4,
    "64" : 2,
    "65" : 2,
    "66" : 1,
    "69" : 1,
    "71" : 2,
    "80" : 2
  },
  "mean" : 17.00120084058841,
  "stdDev" : 8.67115619273268
}