{
  "distribution" : {
    "2" : 2,
    "3" : 57,
    "4" : 189,
    "5" : 340,
    "6" : 506,
    "7" : 664,
    "8" : 740,
    "9" : 790,
    "10" : 719,
    "11" : 777,
    "12" : 703,
    "13" : 681,
    "14" : 599,
    "15" : 463,
    "16" : 440,
    "17" : 380,
    "18" : 337,
    "19" : 319,
    "20" : 313,
    "21" : 223,
    "22" : 181,
    "23" : 156,
    "24" : 154,
    "25" : 116,
    "26" : 103,
    "27" : 88,
    "28" : 76,
    "29" : 73,
    "30" : 49,
    "31" : 44,
    "32" : 43,
    "33" : 40,
    "34" : 35,
    "35" : 21,
    "36" : 26,
    "37" : 14,
    "38" : 11,
    "39" : 21,
    "40" : 8,
    "41" : 18,
    "42" : 9,
    "43" : 4,
    "44" : 5,
    "45" : 7,
    "46" : 3,
    "47" : 2,
    "48" : 5,
    "49" : 3,
    "50" : 2,
    "51" : 2,
    "52" : 1,
    "53" : 3,
    "55" : 1,
    "57" : 1,
    "60" : 2,
    "64" : 3,
    "65" : 1,
    "66" : 1,
    "71" : 1,
    "80" : 1
  },
  "mean" : 13.782526475037821,
  "stdDev" : 7.23169939968033
}