{
  "distribution" : {
    "2" : 1,
    "3" : 3,
    "4" : 13,
    "5" : 54,
    "6" : 102,
    "7" : 171,
    "8" : 248,
    "9" : 304,
    "10" : 375,
    "11" : 409,
    "12" : 437,
    "13" : 475,
    "14" : 465,
    "15" : 512,
    "16" : 489,
    "17" : 470,
    "18" : 467,
    "19" : 404,
    "20" : 447,
    "21" : 381,
    "22" : 364,
    "23" : 328,
    "24" : 344,
    "25" : 298,
    "26" : 245,
    "27" : 239,
    "28" : 209,
    "29" : 201,
    "30" : 178,
    "31" : 164,
    "32" : 150,
    "33" : 137,
    "34" : 111,
    "35" : 122,
    "36" : 96,
    "37" : 80,
    "38" : 92,
    "39" : 70,
    "40" : 69,
    "41" : 63,
    "42" : 66,
    "43" : 40,
    "44" : 58,
    "45" : 43,
    "46" : 51,
    "47" : 29,
    "48" : 51,
    "49" : 46,
    "50" : 26,
    "51" : 23,
    "52" : 19,
    "53" : 19,
    "54" : 13,
    "55" : 7,
    "56" : 8,
    "57" : 13,
    "58" : 5,
    "59" : 6,
    "60" : 5,
    "61" : 9,
    "62" : 9,
    "63" : 8,
    "64" : 2,
    "65" : 6,
    "66" : 4,
    "67" : 7,
    "68" : 3,
    "69" : 7,
    "70" : 2,
    "71" : 3,
    "73" : 1,
    "74" : 3,
    "75" : 6,
    "76" : 2,
    "78" : 2,
    "79" : 1,
    "80" : 3,
    "81" : 1,
    "83" : 1,
    "84" : 1,
    "87" : 1,
    "88" : 2,
    "89" : 1,
    "91" : 2,
    "95" : 1,
    "97" : 1,
    "101" : 1
  },
  "mean" : 21.38587217683806,
  "stdDev" : 11.129397442308951
}