{
  "distribution" : {
    "3" : 1,
    "4" : 12,
    "5" : 49,
    "6" : 88,
    "7" : 140,
    "8" : 219,
    "9" : 283,
    "10" : 366,
    "11" : 395,
    "12" : 468,
    "13" : 481,
    "14" : 479,
    "15" : 512,
    "16" : 464,
    "17" : 466,
    "18" : 417,
    "19" : 434,
    "20" : 412,
    "21" : 390,
    "22" : 342,
    "23" : 304,
    "24" : 289,
    "25" : 247,
    "26" : 265,
    "27" : 238,
    "28" : 209,
    "29" : 221,
    "30" : 170,
    "31" : 150,
    "32" : 137,
    "33" : 141,
    "34" : 112,
    "35" : 112,
    "36" : 92,
    "37" : 90,
    "38" : 78,
    "39" : 72,
    "40" : 45,
    "41" : 57,
    "42" : 53,
    "43" : 56,
    "44" : 40,
    "45" : 38,
    "46" : 52,
    "47" : 31,
    "48" : 29,
    "49" : 18,
    "50" : 26,
    "51" : 24,
    "52" : 22,
    "53" : 15,
    "54" : 12,
    "55" : 15,
    "56" : 12,
    "57" : 9,
    "58" : 9,
    "59" : 6,
    "60" : 12,
    "61" : 2,
    "62" : 4,
    "63" : 3,
    "64" : 3,
    "65" : 6,
    "66" : 6,
    "67" : 5,
    "68" : 4,
    "69" : 3,
    "71" : 2,
    "72" : 1,
    "73" : 4,
    "74" : 3,
    "76" : 2,
    "79" : 1,
    "80" : 1,
    "81" : 2,
    "83" : 1,
    "85" : 1,
    "89" : 2,
    "91" : 2,
    "97" : 1,
    "127" : 1
  },
  "mean" : 21.170538754255958,
  "stdDev" : 10.793591138478758
}