{
  "distribution" : {
    "2" : 5,
    "3" : 36,
    "4" : 125,
    "5" : 194,
    "6" : 330,
    "7" : 491,
    "8" : 570,
    "9" : 607,
    "10" : 644,
    "11" : 658,
    "12" : 614,
    "13" : 604,
    "14" : 541,
    "15" : 558,
    "16" : 538,
    "17" : 470,
    "18" : 404,
    "19" : 317,
    "20" : 319,
    "21" : 251,
    "22" : 219,
    "23" : 212,
    "24" : 177,
    "25" : 186,
    "26" : 143,
    "27" : 115,
    "28" : 105,
    "29" : 98,
    "30" : 97,
    "31" : 60,
    "32" : 65,
    "33" : 46,
    "34" : 42,
    "35" : 32,
    "36" : 40,
    "37" : 32,
    "38" : 30,
    "39" : 22,
    "40" : 20,
    "41" : 19,
    "42" : 18,
    "43" : 16,
    "44" : 9,
    "45" : 11,
    "46" : 11,
    "47" : 6,
    "48" : 7,
    "49" : 3,
    "50" : 5,
    "51" : 4,
    "52" : 4,
    "53" : 5,
    "55" : 2,
    "57" : 3,
    "58" : 4,
    "61" : 1,
    "63" : 1,
    "66" : 1
  },
  "mean" : 15.46900561742387,
  "stdDev" : 7.950064698324029
}