{
  "distribution" : {
    "2" : 2,
    "3" : 17,
    "4" : 69,
    "5" : 133,
    "6" : 249,
    "7" : 354,
    "8" : 467,
    "9" : 542,
    "10" : 600,
    "11" : 631,
    "12" : 634,
    "13" : 636,
    "14" : 572,
    "15" : 547,
    "16" : 478,
    "17" : 451,
    "18" : 413,
    "19" : 380,
    "20" : 351,
    "21" : 342,
    "22" : 269,
    "23" : 251,
    "24" : 192,
    "25" : 185,
    "26" : 168,
    "27" : 142,
    "28" : 116,
    "29" : 108,
    "30" : 117,
    "31" : 102,
    "32" : 76,
    "33" : 58,
    "34" : 60,
    "35" : 65,
    "36" : 64,
    "37" : 36,
    "38" : 26,
    "39" : 42,
    "40" : 33,
    "41" : 26,
    "42" : 23,
    "43" : 16,
    "44" : 15,
    "45" : 13,
    "46" : 15,
    "47" : 16,
    "48" : 15,
    "49" : 13,
    "50" : 5,
    "51" : 3,
    "52" : 5,
    "53" : 6,
    "54" : 5,
    "55" : 4,
    "56" : 5,
    "57" : 1,
    "59" : 4,
    "60" : 1,
    "61" : 1,
    "62" : 1,
    "63" : 3,
    "64" : 1,
    "67" : 1,
    "68" : 2,
    "84" : 1,
    "90" : 1
  },
  "mean" : 16.780451866404714,
  "stdDev" : 8.638305802436024
}