{
  "distribution" : {
    "1" : 4,
    "2" : 98,
    "3" : 334,
    "4" : 650,
    "5" : 888,
    "6" : 1094,
    "7" : 1133,
    "8" : 1027,
    "9" : 990,
    "10" : 825,
    "11" : 813,
    "12" : 689,
    "13" : 576,
    "14" : 501,
    "15" : 436,
    "16" : 393,
    "17" : 307,
    "18" : 239,
    "19" : 200,
    "20" : 175,
    "21" : 139,
    "22" : 115,
    "23" : 110,
    "24" : 82,
    "25" : 74,
    "26" : 56,
    "27" : 46,
    "28" : 36,
    "29" : 41,
    "30" : 27,
    "31" : 29,
    "32" : 23,
    "33" : 16,
    "34" : 12,
    "35" : 11,
    "36" : 13,
    "37" : 9,
    "38" : 9,
    "39" : 8,
    "40" : 4,
    "41" : 4,
    "42" : 2,
    "43" : 3,
    "44" : 5,
    "46" : 3,
    "47" : 1,
    "50" : 1,
    "54" : 1,
    "59" : 1,
    "71" : 1
  },
  "mean" : 10.818018606169414,
  "stdDev" : 6.109545571467306
}