{
  "distribution" : {
    "2" : 1,
    "3" : 5,
    "4" : 19,
    "5" : 60,
    "6" : 114,
    "7" : 193,
    "8" : 255,
    "9" : 359,
    "10" : 405,
    "11" : 476,
    "12" : 478,
    "13" : 518,
    "14" : 537,
    "15" : 504,
    "16" : 452,
    "17" : 488,
    "18" : 460,
    "19" : 432,
    "20" : 430,
    "21" : 381,
    "22" : 340,
    "23" : 310,
    "24" : 307,
    "25" : 263,
    "26" : 258,
    "27" : 200,
    "28" : 180,
    "29" : 170,
    "30" : 180,
    "31" : 144,
    "32" : 125,
    "33" : 111,
    "34" : 103,
    "35" : 83,
    "36" : 78,
    "37" : 69,
    "38" : 78,
    "39" : 62,
    "40" : 65,
    "41" : 56,
    "42" : 44,
    "43" : 39,
    "44" : 46,
    "45" : 32,
    "46" : 24,
    "47" : 22,
    "48" : 25,
    "49" : 19,
    "50" : 27,
    "51" : 18,
    "52" : 13,
    "53" : 17,
    "54" : 19,
    "55" : 12,
    "56" : 15,
    "57" : 12,
    "58" : 8,
    "59" : 8,
    "60" : 8,
    "61" : 3,
    "62" : 7,
    "64" : 5,
    "65" : 5,
    "66" : 2,
    "67" : 2,
    "68" : 1,
    "69" : 5,
    "70" : 3,
    "72" : 2,
    "73" : 2,
    "74" : 2,
    "75" : 1,
    "76" : 3,
    "78" : 1,
    "79" : 2,
    "80" : 1,
    "85" : 1,
    "86" : 1,
    "104" : 1
  },
  "mean" : 20.237680023513274,
  "stdDev" : 10.43105538042513
}