{
  "distribution" : {
    "2" : 12,
    "3" : 104,
    "4" : 329,
    "5" : 576,
    "6" : 718,
    "7" : 830,
    "8" : 884,
    "9" : 880,
    "10" : 803,
    "11" : 766,
    "12" : 707,
    "13" : 582,
    "14" : 510,
    "15" : 455,
    "16" : 399,
    "17" : 319,
    "18" : 298,
    "19" : 224,
    "20" : 210,
    "21" : 181,
    "22" : 128,
    "23" : 127,
    "24" : 84,
    "25" : 87,
    "26" : 73,
    "27" : 71,
    "28" : 61,
    "29" : 34,
    "30" : 34,
    "31" : 34,
    "32" : 25,
    "33" : 19,
    "34" : 15,
    "35" : 13,
    "36" : 11,
    "37" : 15,
    "38" : 7,
    "39" : 7,
    "40" : 4,
    "41" : 2,
    "42" : 6,
    "43" : 4,
    "44" : 4,
    "45" : 2,
    "46" : 3,
    "48" : 3,
    "49" : 2,
    "50" : 1,
    "51" : 3,
    "54" : 1,
    "55" : 1,
    "67" : 1
  },
  "mean" : 12.149686006186148,
  "stdDev" : 6.40250899515824
}