{
  "distribution" : {
    "2" : 4,
    "3" : 24,
    "4" : 98,
    "5" : 211,
    "6" : 371,
    "7" : 510,
    "8" : 589,
    "9" : 667,
    "10" : 640,
    "11" : 753,
    "12" : 612,
    "13" : 645,
    "14" : 578,
    "15" : 564,
    "16" : 504,
    "17" : 446,
    "18" : 377,
    "19" : 380,
    "20" : 298,
    "21" : 255,
    "22" : 249,
    "23" : 223,
    "24" : 182,
    "25" : 176,
    "26" : 169,
    "27" : 100,
    "28" : 118,
    "29" : 109,
    "30" : 83,
    "31" : 52,
    "32" : 77,
    "33" : 61,
    "34" : 44,
    "35" : 34,
    "36" : 35,
    "37" : 30,
    "38" : 25,
    "39" : 17,
    "40" : 21,
    "41" : 19,
    "42" : 19,
    "43" : 19,
    "44" : 9,
    "45" : 10,
    "46" : 12,
    "47" : 10,
    "48" : 3,
    "49" : 9,
    "50" : 5,
    "51" : 4,
    "52" : 7,
    "53" : 2,
    "54" : 3,
    "56" : 3,
    "57" : 1,
    "58" : 6,
    "59" : 2,
    "61" : 1,
    "62" : 2,
    "63" : 3,
    "73" : 1,
    "76" : 1
  },
  "mean" : 15.468231253577562,
  "stdDev" : 8.079995055923833
}