{
  "distribution" : {
    "1" : 2,
    "2" : 34,
    "3" : 188,
    "4" : 427,
    "5" : 723,
    "6" : 855,
    "7" : 950,
    "8" : 961,
    "9" : 867,
    "10" : 831,
    "11" : 748,
    "12" : 617,
    "13" : 567,
    "14" : 451,
    "15" : 371,
    "16" : 323,
    "17" : 260,
    "18" : 212,
    "19" : 184,
    "20" : 126,
    "21" : 131,
    "22" : 127,
    "23" : 86,
    "24" : 75,
    "25" : 47,
    "26" : 46,
    "27" : 27,
    "28" : 37,
    "29" : 24,
    "30" : 25,
    "31" : 15,
    "32" : 13,
    "33" : 14,
    "34" : 10,
    "35" : 5,
    "36" : 7,
    "37" : 3,
    "38" : 2,
    "39" : 3,
    "40" : 3,
    "41" : 2,
    "42" : 3,
    "43" : 2,
    "45" : 2,
    "46" : 1,
    "48" : 1,
    "50" : 1,
    "53" : 2
  },
  "mean" : 10.941600230525406,
  "stdDev" : 5.695646861760883
}