{
  "distribution" : {
    "2" : 3,
    "3" : 40,
    "4" : 145,
    "5" : 276,
    "6" : 411,
    "7" : 558,
    "8" : 643,
    "9" : 701,
    "10" : 746,
    "11" : 689,
    "12" : 703,
    "13" : 667,
    "14" : 611,
    "15" : 547,
    "16" : 524,
    "17" : 471,
    "18" : 399,
    "19" : 346,
    "20" : 324,
    "21" : 286,
    "22" : 258,
    "23" : 224,
    "24" : 175,
    "25" : 164,
    "26" : 156,
    "27" : 132,
    "28" : 117,
    "29" : 82,
    "30" : 77,
    "31" : 79,
    "32" : 68,
    "33" : 75,
    "34" : 49,
    "35" : 42,
    "36" : 46,
    "37" : 35,
    "38" : 29,
    "39" : 21,
    "40" : 18,
    "41" : 20,
    "42" : 23,
    "43" : 14,
    "44" : 19,
    "45" : 8,
    "46" : 11,
    "47" : 9,
    "48" : 9,
    "49" : 6,
    "51" : 2,
    "52" : 3,
    "53" : 4,
    "54" : 5,
    "55" : 4,
    "56" : 2,
    "57" : 4,
    "59" : 2,
    "60" : 1,
    "61" : 1,
    "62" : 2,
    "63" : 5,
    "64" : 3,
    "67" : 2,
    "69" : 1,
    "72" : 1
  },
  "mean" : 15.288610560461345,
  "stdDev" : 8.21678751349815
}