{
  "distribution" : {
    "2" : 16,
    "3" : 76,
    "4" : 214,
    "5" : 416,
    "6" : 629,
    "7" : 733,
    "8" : 808,
    "9" : 849,
    "10" : 730,
    "11" : 816,
    "12" : 668,
    "13" : 627,
    "14" : 570,
    "15" : 466,
    "16" : 418,
    "17" : 359,
    "18" : 326,
    "19" : 255,
    "20" : 219,
    "21" : 196,
    "22" : 165,
    "23" : 144,
    "24" : 130,
    "25" : 102,
    "26" : 96,
    "27" : 85,
    "28" : 61,
    "29" : 64,
    "30" : 44,
    "31" : 38,
    "32" : 31,
    "33" : 26,
    "34" : 26,
    "35" : 13,
    "36" : 20,
    "37" : 14,
    "38" : 6,
    "39" : 8,
    "40" : 15,
    "41" : 8,
    "42" : 7,
    "43" : 6,
    "44" : 4,
    "45" : 8,
    "46" : 4,
    "48" : 4,
    "49" : 3,
    "50" : 1,
    "51" : 2,
    "52" : 2,
    "54" : 1,
    "57" : 1,
    "70" : 1
  },
  "mean" : 13.011774760231697,
  "stdDev" : 6.812692332803308
}