{
  "distribution" : {
    "2" : 4,
    "3" : 15,
    "4" : 76,
    "5" : 169,
    "6" : 308,
    "7" : 390,
    "8" : 446,
    "9" : 557,
    "10" : 648,
    "11" : 612,
    "12" : 659,
    "13" : 668,
    "14" : 621,
    "15" : 532,
    "16" : 506,
    "17" : 466,
    "18" : 414,
    "19" : 389,
    "20" : 319,
    "21" : 323,
    "22" : 270,
    "23" : 236,
    "24" : 211,
    "25" : 177,
    "26" : 168,
    "27" : 147,
    "28" : 127,
    "29" : 119,
    "30" : 127,
    "31" : 92,
    "32" : 85,
    "33" : 68,
    "34" : 56,
    "35" : 41,
    "36" : 47,
    "37" : 38,
    "38" : 38,
    "39" : 29,
    "40" : 30,
    "41" : 27,
    "42" : 15,
    "43" : 17,
    "44" : 10,
    "45" : 19,
    "46" : 14,
    "47" : 9,
    "48" : 5,
    "49" : 8,
    "50" : 10,
    "51" : 5,
    "52" : 7,
    "53" : 3,
    "54" : 5,
    "55" : 2,
    "56" : 4,
    "57" : 5,
    "58" : 4,
    "59" : 2,
    "60" : 2,
    "61" : 3,
    "62" : 4,
    "63" : 1,
    "64" : 2,
    "65" : 1,
    "67" : 2,
    "72" : 1,
    "75" : 1,
    "76" : 1,
    "103" : 1
  },
  "mean" : 16.52409291610674,
  "stdDev" : 8.604905231115817
}