{
  "distribution" : {
    "2" : 8,
    "3" : 44,
    "4" : 202,
    "5" : 384,
    "6" : 541,
    "7" : 686,
    "8" : 816,
    "9" : 791,
    "10" : 776,
    "11" : 777,
    "12" : 679,
    "13" : 668,
    "14" : 579,
    "15" : 507,
    "16" : 432,
    "17" : 418,
    "18" : 369,
    "19" : 293,
    "20" : 277,
    "21" : 210,
    "22" : 184,
    "23" : 164,
    "24" : 132,
    "25" : 111,
    "26" : 111,
    "27" : 93,
    "28" : 78,
    "29" : 68,
    "30" : 50,
    "31" : 55,
    "32" : 41,
    "33" : 27,
    "34" : 31,
    "35" : 28,
    "36" : 22,
    "37" : 19,
    "38" : 14,
    "39" : 12,
    "40" : 14,
    "41" : 15,
    "42" : 4,
    "43" : 6,
    "44" : 7,
    "45" : 5,
    "46" : 10,
    "47" : 5,
    "48" : 5,
    "49" : 4,
    "50" : 2,
    "51" : 4,
    "52" : 3,
    "53" : 2,
    "54" : 1,
    "55" : 1,
    "57" : 1,
    "58" : 3,
    "60" : 3,
    "68" : 1
  },
  "mean" : 13.644955063467062,
  "stdDev" : 7.2323855434376325
}