{
  "distribution" : {
    "2" : 23,
    "3" : 153,
    "4" : 349,
    "5" : 636,
    "6" : 762,
    "7" : 900,
    "8" : 951,
    "9" : 912,
    "10" : 789,
    "11" : 738,
    "12" : 720,
    "13" : 592,
    "14" : 516,
    "15" : 427,
    "16" : 407,
    "17" : 336,
    "18" : 262,
    "19" : 238,
    "20" : 167,
    "21" : 156,
    "22" : 148,
    "23" : 100,
    "24" : 82,
    "25" : 79,
    "26" : 68,
    "27" : 57,
    "28" : 43,
    "29" : 33,
    "30" : 34,
    "31" : 21,
    "32" : 29,
    "33" : 16,
    "34" : 18,
    "35" : 21,
    "36" : 7,
    "37" : 10,
    "38" : 5,
    "39" : 5,
    "40" : 12,
    "41" : 5,
    "42" : 2,
    "43" : 4,
    "44" : 5,
    "45" : 1,
    "46" : 2,
    "47" : 3,
    "48" : 1,
    "49" : 1,
    "51" : 2,
    "53" : 1,
    "55" : 1,
    "59" : 1
  },
  "mean" : 11.802875311031242,
  "stdDev" : 6.272515942423226
}