{
  "distribution" : {
    "2" : 29,
    "3" : 145,
    "4" : 340,
    "5" : 540,
    "6" : 732,
    "7" : 852,
    "8" : 953,
    "9" : 874,
    "10" : 820,
    "11" : 746,
    "12" : 667,
    "13" : 580,
    "14" : 538,
    "15" : 434,
    "16" : 355,
    "17" : 303,
    "18" : 247,
    "19" : 223,
    "20" : 193,
    "21" : 169,
    "22" : 155,
    "23" : 118,
    "24" : 97,
    "25" : 79,
    "26" : 72,
    "27" : 58,
    "28" : 46,
    "29" : 44,
    "30" : 35,
    "31" : 26,
    "32" : 19,
    "33" : 19,
    "34" : 12,
    "35" : 8,
    "36" : 22,
    "37" : 8,
    "38" : 7,
    "39" : 5,
    "40" : 5,
    "41" : 2,
    "42" : 5,
    "43" : 1,
    "44" : 3,
    "45" : 2,
    "46" : 4,
    "47" : 2,
    "48" : 1,
    "50" : 2,
    "51" : 1,
    "52" : 1
  },
  "mean" : 11.9215963770167,
  "stdDev" : 6.262047054052038
}