{
  "distribution" : {
    "2" : 6,
    "3" : 49,
    "4" : 134,
    "5" : 249,
    "6" : 350,
    "7" : 482,
    "8" : 611,
    "9" : 681,
    "10" : 676,
    "11" : 713,
    "12" : 713,
    "13" : 662,
    "14" : 663,
    "15" : 582,
    "16" : 555,
    "17" : 535,
    "18" : 464,
    "19" : 444,
    "20" : 376,
    "21" : 348,
    "22" : 344,
    "23" : 267,
    "24" : 271,
    "25" : 253,
    "26" : 211,
    "27" : 167,
    "28" : 165,
    "29" : 165,
    "30" : 114,
    "31" : 130,
    "32" : 119,
    "33" : 88,
    "34" : 88,
    "35" : 74,
    "36" : 59,
    "37" : 54,
    "38" : 53,
    "39" : 43,
    "40" : 50,
    "41" : 35,
    "42" : 22,
    "43" : 34,
    "44" : 29,
    "45" : 20,
    "46" : 16,
    "47" : 21,
    "48" : 21,
    "49" : 17,
    "50" : 15,
    "51" : 19,
    "52" : 10,
    "53" : 10,
    "54" : 9,
    "55" : 9,
    "56" : 5,
    "57" : 2,
    "58" : 6,
    "59" : 7,
    "60" : 6,
    "61" : 4,
    "62" : 5,
    "63" : 3,
    "65" : 4,
    "66" : 2,
    "67" : 2,
    "68" : 4,
    "69" : 3,
    "70" : 4,
    "72" : 2,
    "73" : 2,
    "74" : 1,
    "75" : 3,
    "78" : 1,
    "84" : 2,
    "86" : 1,
    "88" : 1
  },
  "mean" : 17.076991508289527,
  "stdDev" : 9.687860174096215
}