{
  "distribution" : {
    "2" : 1,
    "3" : 46,
    "4" : 151,
    "5" : 334,
    "6" : 489,
    "7" : 653,
    "8" : 768,
    "9" : 812,
    "10" : 788,
    "11" : 736,
    "12" : 689,
    "13" : 600,
    "14" : 607,
    "15" : 490,
    "16" : 453,
    "17" : 415,
    "18" : 331,
    "19" : 279,
    "20" : 264,
    "21" : 227,
    "22" : 197,
    "23" : 154,
    "24" : 154,
    "25" : 134,
    "26" : 107,
    "27" : 96,
    "28" : 101,
    "29" : 64,
    "30" : 52,
    "31" : 48,
    "32" : 36,
    "33" : 31,
    "34" : 27,
    "35" : 28,
    "36" : 24,
    "37" : 17,
    "38" : 21,
    "39" : 18,
    "40" : 9,
    "41" : 10,
    "42" : 9,
    "43" : 5,
    "44" : 5,
    "45" : 3,
    "46" : 4,
    "47" : 4,
    "48" : 2,
    "49" : 5,
    "51" : 2,
    "52" : 2,
    "53" : 1,
    "54" : 1,
    "55" : 3,
    "56" : 4,
    "58" : 3,
    "59" : 1,
    "61" : 1,
    "62" : 1,
    "63" : 1,
    "65" : 1,
    "66" : 1,
    "67" : 1
  },
  "mean" : 13.850014257199886,
  "stdDev" : 7.248123675502927
}