{
  "distribution" : {
    "3" : 1,
    "4" : 11,
    "5" : 26,
    "6" : 76,
    "7" : 117,
    "8" : 214,
    "9" : 274,
    "10" : 362,
    "11" : 382,
    "12" : 419,
    "13" : 421,
    "14" : 500,
    "15" : 480,
    "16" : 459,
    "17" : 471,
    "18" : 454,
    "19" : 406,
    "20" : 414,
    "21" : 373,
    "22" : 400,
    "23" : 335,
    "24" : 299,
    "25" : 310,
    "26" : 259,
    "27" : 246,
    "28" : 210,
    "29" : 197,
    "30" : 196,
    "31" : 183,
    "32" : 147,
    "33" : 140,
    "34" : 141,
    "35" : 122,
    "36" : 123,
    "37" : 91,
    "38" : 92,
    "39" : 90,
    "40" : 93,
    "41" : 69,
    "42" : 69,
    "43" : 60,
    "44" : 59,
    "45" : 42,
    "46" : 41,
    "47" : 40,
    "48" : 35,
    "49" : 31,
    "50" : 31,
    "51" : 25,
    "52" : 24,
    "53" : 22,
    "54" : 18,
    "55" : 16,
    "56" : 16,
    "57" : 13,
    "58" : 10,
    "59" : 12,
    "60" : 11,
    "61" : 7,
    "62" : 6,
    "63" : 9,
    "64" : 6,
    "65" : 5,
    "66" : 8,
    "67" : 6,
    "68" : 8,
    "69" : 5,
    "70" : 2,
    "71" : 3,
    "72" : 3,
    "73" : 5,
    "74" : 3,
    "75" : 2,
    "77" : 1,
    "78" : 1,
    "79" : 3,
    "80" : 1,
    "81" : 1,
    "82" : 1,
    "83" : 4,
    "86" : 1,
    "89" : 1,
    "90" : 3,
    "92" : 2,
    "95" : 2,
    "97" : 2
  },
  "mean" : 22.179103025586148,
  "stdDev" : 11.472588341712864
}