{
  "distribution" : {
    "1" : 3,
    "2" : 65,
    "3" : 302,
    "4" : 654,
    "5" : 974,
    "6" : 1111,
    "7" : 1121,
    "8" : 1006,
    "9" : 952,
    "10" : 812,
    "11" : 624,
    "12" : 556,
    "13" : 499,
    "14" : 399,
    "15" : 325,
    "16" : 252,
    "17" : 202,
    "18" : 169,
    "19" : 142,
    "20" : 121,
    "21" : 102,
    "22" : 76,
    "23" : 53,
    "24" : 45,
    "25" : 35,
    "26" : 32,
    "27" : 29,
    "28" : 21,
    "29" : 14,
    "30" : 17,
    "31" : 11,
    "32" : 6,
    "33" : 5,
    "34" : 5,
    "35" : 4,
    "36" : 2,
    "38" : 1,
    "39" : 3,
    "40" : 1,
    "41" : 1,
    "42" : 1,
    "44" : 4,
    "48" : 1,
    "55" : 1
  },
  "mean" : 9.817641044706757,
  "stdDev" : 5.195563945503493
}