{
  "distribution" : {
    "2" : 1,
    "3" : 24,
    "4" : 95,
    "5" : 229,
    "6" : 380,
    "7" : 542,
    "8" : 622,
    "9" : 682,
    "10" : 713,
    "11" : 679,
    "12" : 658,
    "13" : 572,
    "14" : 606,
    "15" : 517,
    "16" : 470,
    "17" : 427,
    "18" : 411,
    "19" : 325,
    "20" : 311,
    "21" : 261,
    "22" : 226,
    "23" : 199,
    "24" : 181,
    "25" : 131,
    "26" : 146,
    "27" : 127,
    "28" : 87,
    "29" : 89,
    "30" : 67,
    "31" : 70,
    "32" : 50,
    "33" : 57,
    "34" : 51,
    "35" : 34,
    "36" : 46,
    "37" : 23,
    "38" : 18,
    "39" : 15,
    "40" : 14,
    "41" : 19,
    "42" : 15,
    "43" : 10,
    "44" : 9,
    "45" : 8,
    "46" : 10,
    "47" : 5,
    "48" : 7,
    "49" : 6,
    "50" : 3,
    "51" : 3,
    "52" : 3,
    "53" : 1,
    "54" : 3,
    "56" : 1,
    "58" : 2,
    "60" : 2,
    "61" : 3,
    "64" : 1,
    "66" : 1,
    "68" : 1,
    "69" : 1,
    "72" : 1
  },
  "mean" : 15.066595268230941,
  "stdDev" : 7.7902046253498884
}