{
  "distribution" : {
    "1" : 2,
    "2" : 28,
    "3" : 167,
    "4" : 396,
    "5" : 683,
    "6" : 787,
    "7" : 957,
    "8" : 976,
    "9" : 897,
    "10" : 862,
    "11" : 746,
    "12" : 663,
    "13" : 543,
    "14" : 485,
    "15" : 435,
    "16" : 341,
    "17" : 320,
    "18" : 224,
    "19" : 202,
    "20" : 186,
    "21" : 140,
    "22" : 112,
    "23" : 99,
    "24" : 93,
    "25" : 72,
    "26" : 61,
    "27" : 48,
    "28" : 47,
    "29" : 28,
    "30" : 27,
    "31" : 27,
    "32" : 18,
    "33" : 17,
    "34" : 16,
    "35" : 15,
    "36" : 5,
    "37" : 9,
    "38" : 5,
    "39" : 5,
    "40" : 3,
    "41" : 1,
    "42" : 1,
    "44" : 4,
    "45" : 2,
    "46" : 1,
    "47" : 2,
    "48" : 1,
    "49" : 1,
    "51" : 1,
    "53" : 1,
    "55" : 1,
    "62" : 1
  },
  "mean" : 11.41796729840208,
  "stdDev" : 6.043776050121329
}