{
  "distribution" : {
    "2" : 60,
    "3" : 377,
    "4" : 699,
    "5" : 994,
    "6" : 1124,
    "7" : 1147,
    "8" : 1048,
    "9" : 928,
    "10" : 840,
    "11" : 664,
    "12" : 578,
    "13" : 440,
    "14" : 359,
    "15" : 288,
    "16" : 236,
    "17" : 206,
    "18" : 156,
    "19" : 105,
    "20" : 102,
    "21" : 64,
    "22" : 53,
    "23" : 47,
    "24" : 34,
    "25" : 34,
    "26" : 16,
    "27" : 16,
    "28" : 13,
    "29" : 15,
    "30" : 17,
    "31" : 14,
    "32" : 12,
    "33" : 5,
    "34" : 3,
    "35" : 5,
    "36" : 5,
    "37" : 3,
    "39" : 2,
    "40" : 2,
    "44" : 1,
    "48" : 1,
    "59" : 1,
    "62" : 1
  },
  "mean" : 9.490340643957069,
  "stdDev" : 5.012060778167047
}