{
  "distribution" : {
    "2" : 9,
    "3" : 81,
    "4" : 240,
    "5" : 425,
    "6" : 594,
    "7" : 702,
    "8" : 808,
    "9" : 798,
    "10" : 830,
    "11" : 747,
    "12" : 672,
    "13" : 623,
    "14" : 531,
    "15" : 501,
    "16" : 415,
    "17" : 341,
    "18" : 314,
    "19" : 222,
    "20" : 231,
    "21" : 175,
    "22" : 137,
    "23" : 142,
    "24" : 128,
    "25" : 89,
    "26" : 76,
    "27" : 84,
    "28" : 53,
    "29" : 54,
    "30" : 41,
    "31" : 29,
    "32" : 30,
    "33" : 18,
    "34" : 30,
    "35" : 13,
    "36" : 10,
    "37" : 12,
    "38" : 10,
    "39" : 7,
    "40" : 3,
    "41" : 11,
    "42" : 5,
    "43" : 1,
    "44" : 1,
    "45" : 3,
    "46" : 5,
    "47" : 2,
    "48" : 2,
    "49" : 3,
    "50" : 5,
    "52" : 1,
    "53" : 1,
    "55" : 1,
    "57" : 1,
    "64" : 1,
    "78" : 1
  },
  "mean" : 12.792482228065051,
  "stdDev" : 6.613640415311903
}