{
  "distribution" : {
    "2" : 14,
    "3" : 121,
    "4" : 354,
    "5" : 590,
    "6" : 782,
    "7" : 878,
    "8" : 947,
    "9" : 944,
    "10" : 832,
    "11" : 789,
    "12" : 685,
    "13" : 575,
    "14" : 498,
    "15" : 435,
    "16" : 339,
    "17" : 314,
    "18" : 250,
    "19" : 217,
    "20" : 187,
    "21" : 155,
    "22" : 125,
    "23" : 106,
    "24" : 80,
    "25" : 74,
    "26" : 73,
    "27" : 44,
    "28" : 40,
    "29" : 39,
    "30" : 28,
    "31" : 21,
    "32" : 25,
    "33" : 17,
    "34" : 19,
    "35" : 11,
    "36" : 12,
    "37" : 9,
    "38" : 8,
    "39" : 7,
    "40" : 3,
    "41" : 6,
    "42" : 3,
    "43" : 4,
    "44" : 4,
    "45" : 4,
    "46" : 1,
    "47" : 6,
    "53" : 1,
    "55" : 1,
    "67" : 1
  },
  "mean" : 11.732627832927514,
  "stdDev" : 6.185615471568388
}