{
  "distribution" : {
    "3" : 3,
    "4" : 11,
    "5" : 39,
    "6" : 80,
    "7" : 165,
    "8" : 202,
    "9" : 293,
    "10" : 319,
    "11" : 364,
    "12" : 396,
    "13" : 468,
    "14" : 520,
    "15" : 491,
    "16" : 486,
    "17" : 473,
    "18" : 456,
    "19" : 409,
    "20" : 432,
    "21" : 385,
    "22" : 338,
    "23" : 344,
    "24" : 331,
    "25" : 314,
    "26" : 277,
    "27" : 247,
    "28" : 246,
    "29" : 188,
    "30" : 169,
    "31" : 177,
    "32" : 159,
    "33" : 146,
    "34" : 120,
    "35" : 116,
    "36" : 99,
    "37" : 91,
    "38" : 86,
    "39" : 64,
    "40" : 60,
    "41" : 59,
    "42" : 67,
    "43" : 57,
    "44" : 54,
    "45" : 40,
    "46" : 46,
    "47" : 48,
    "48" : 42,
    "49" : 32,
    "50" : 31,
    "51" : 24,
    "52" : 34,
    "53" : 25,
    "54" : 18,
    "55" : 20,
    "56" : 13,
    "57" : 20,
    "58" : 14,
    "59" : 5,
    "60" : 7,
    "61" : 4,
    "62" : 11,
    "63" : 12,
    "64" : 10,
    "65" : 9,
    "66" : 6,
    "67" : 4,
    "68" : 5,
    "69" : 4,
    "70" : 2,
    "71" : 5,
    "72" : 2,
    "73" : 1,
    "74" : 5,
    "75" : 2,
    "76" : 1,
    "77" : 1,
    "78" : 4,
    "81" : 2,
    "82" : 1,
    "83" : 2,
    "84" : 1,
    "89" : 2,
    "91" : 1,
    "96" : 1,
    "98" : 1,
    "112" : 1
  },
  "mean" : 21.946317829457364,
  "stdDev" : 11.375018745742222
}