{
  "distribution" : {
    "3" : 2,
    "4" : 12,
    "5" : 46,
    "6" : 84,
    "7" : 129,
    "8" : 206,
    "9" : 317,
    "10" : 352,
    "11" : 404,
    "12" : 423,
    "13" : 470,
    "14" : 505,
    "15" : 468,
    "16" : 497,
    "17" : 470,
    "18" : 455,
    "19" : 420,
    "20" : 414,
    "21" : 403,
    "22" : 377,
    "23" : 327,
    "24" : 307,
    "25" : 304,
    "26" : 263,
    "27" : 239,
    "28" : 213,
    "29" : 211,
    "30" : 211,
    "31" : 189,
    "32" : 169,
    "33" : 132,
    "34" : 120,
    "35" : 148,
    "36" : 99,
    "37" : 110,
    "38" : 88,
    "39" : 86,
    "40" : 67,
    "41" : 74,
    "42" : 68,
    "43" : 53,
    "44" : 53,
    "45" : 57,
    "46" : 47,
    "47" : 36,
    "48" : 41,
    "49" : 30,
    "50" : 23,
    "51" : 34,
    "52" : 22,
    "53" : 20,
    "54" : 16,
    "55" : 16,
    "56" : 21,
    "57" : 11,
    "58" : 17,
    "59" : 13,
    "60" : 13,
    "61" : 9,
    "62" : 8,
    "63" : 5,
    "64" : 8,
    "65" : 7,
    "66" : 5,
    "67" : 4,
    "68" : 7,
    "69" : 4,
    "70" : 7,
    "71" : 6,
    "72" : 5,
    "73" : 6,
    "75" : 5,
    "76" : 3,
    "78" : 2,
    "81" : 2,
    "82" : 2,
    "84" : 2,
    "85" : 2,
    "86" : 1,
    "87" : 1,
    "90" : 2,
    "91" : 1,
    "93" : 1,
    "95" : 1,
    "100" : 1
  },
  "mean" : 22.051669997145304,
  "stdDev" : 11.533210116490805
}