{
  "distribution" : {
    "2" : 9,
    "3" : 40,
    "4" : 141,
    "5" : 297,
    "6" : 469,
    "7" : 620,
    "8" : 656,
    "9" : 764,
    "10" : 737,
    "11" : 725,
    "12" : 694,
    "13" : 679,
    "14" : 635,
    "15" : 555,
    "16" : 465,
    "17" : 435,
    "18" : 408,
    "19" : 318,
    "20" : 278,
    "21" : 250,
    "22" : 225,
    "23" : 194,
    "24" : 186,
    "25" : 154,
    "26" : 106,
    "27" : 110,
    "28" : 98,
    "29" : 84,
    "30" : 78,
    "31" : 56,
    "32" : 63,
    "33" : 55,
    "34" : 43,
    "35" : 33,
    "36" : 29,
    "37" : 36,
    "38" : 34,
    "39" : 24,
    "40" : 16,
    "41" : 14,
    "42" : 15,
    "43" : 8,
    "44" : 7,
    "45" : 8,
    "46" : 6,
    "47" : 7,
    "48" : 5,
    "49" : 3,
    "50" : 2,
    "51" : 3,
    "52" : 4,
    "53" : 7,
    "58" : 1,
    "60" : 2,
    "62" : 1,
    "63" : 2,
    "64" : 2,
    "65" : 2,
    "66" : 2,
    "67" : 1,
    "68" : 2,
    "72" : 1
  },
  "mean" : 14.64435069699193,
  "stdDev" : 7.80149481112358
}