{
  "distribution" : {
    "2" : 4,
    "3" : 39,
    "4" : 130,
    "5" : 310,
    "6" : 496,
    "7" : 604,
    "8" : 744,
    "9" : 771,
    "10" : 790,
    "11" : 706,
    "12" : 729,
    "13" : 631,
    "14" : 601,
    "15" : 529,
    "16" : 473,
    "17" : 406,
    "18" : 406,
    "19" : 315,
    "20" : 262,
    "21" : 221,
    "22" : 201,
    "23" : 172,
    "24" : 149,
    "25" : 137,
    "26" : 118,
    "27" : 107,
    "28" : 74,
    "29" : 74,
    "30" : 70,
    "31" : 52,
    "32" : 51,
    "33" : 46,
    "34" : 34,
    "35" : 35,
    "36" : 30,
    "37" : 15,
    "38" : 26,
    "39" : 26,
    "40" : 16,
    "41" : 21,
    "42" : 14,
    "43" : 14,
    "44" : 12,
    "45" : 6,
    "46" : 1,
    "47" : 2,
    "48" : 6,
    "49" : 5,
    "50" : 2,
    "51" : 4,
    "52" : 1,
    "53" : 2,
    "54" : 1,
    "55" : 1,
    "56" : 2,
    "57" : 2,
    "58" : 1,
    "59" : 2,
    "60" : 2,
    "63" : 1,
    "69" : 1
  },
  "mean" : 14.268990002802953,
  "stdDev" : 7.531051882550336
}