{
  "distribution" : {
    "2" : 6,
    "3" : 46,
    "4" : 157,
    "5" : 315,
    "6" : 457,
    "7" : 600,
    "8" : 696,
    "9" : 768,
    "10" : 730,
    "11" : 767,
    "12" : 660,
    "13" : 629,
    "14" : 566,
    "15" : 524,
    "16" : 450,
    "17" : 446,
    "18" : 343,
    "19" : 313,
    "20" : 248,
    "21" : 223,
    "22" : 204,
    "23" : 182,
    "24" : 160,
    "25" : 125,
    "26" : 103,
    "27" : 89,
    "28" : 96,
    "29" : 74,
    "30" : 74,
    "31" : 48,
    "32" : 47,
    "33" : 45,
    "34" : 32,
    "35" : 40,
    "36" : 40,
    "37" : 11,
    "38" : 17,
    "39" : 8,
    "40" : 16,
    "41" : 12,
    "42" : 12,
    "43" : 3,
    "44" : 7,
    "45" : 5,
    "46" : 4,
    "47" : 5,
    "48" : 5,
    "49" : 5,
    "50" : 3,
    "51" : 3,
    "52" : 5,
    "55" : 1,
    "56" : 3,
    "57" : 1,
    "59" : 2,
    "66" : 1,
    "69" : 1
  },
  "mean" : 14.164765647464776,
  "stdDev" : 7.381786727653552
}