{
  "distribution" : {
    "3" : 26,
    "4" : 135,
    "5" : 268,
    "6" : 444,
    "7" : 609,
    "8" : 711,
    "9" : 686,
    "10" : 821,
    "11" : 711,
    "12" : 664,
    "13" : 635,
    "14" : 584,
    "15" : 537,
    "16" : 431,
    "17" : 384,
    "18" : 312,
    "19" : 302,
    "20" : 271,
    "21" : 219,
    "22" : 247,
    "23" : 186,
    "24" : 149,
    "25" : 137,
    "26" : 112,
    "27" : 95,
    "28" : 75,
    "29" : 83,
    "30" : 71,
    "31" : 48,
    "32" : 49,
    "33" : 43,
    "34" : 29,
    "35" : 27,
    "36" : 33,
    "37" : 28,
    "38" : 15,
    "39" : 16,
    "40" : 16,
    "41" : 9,
    "42" : 8,
    "43" : 3,
    "44" : 5,
    "45" : 6,
    "46" : 2,
    "47" : 7,
    "49" : 5,
    "50" : 4,
    "51" : 2,
    "53" : 3,
    "54" : 3,
    "57" : 2,
    "59" : 2,
    "61" : 1,
    "62" : 1,
    "70" : 2,
    "71" : 1,
    "72" : 1
  },
  "mean" : 14.263429349941612,
  "stdDev" : 7.377007066575999
}