{
  "distribution" : {
    "2" : 1,
    "3" : 21,
    "4" : 62,
    "5" : 142,
    "6" : 266,
    "7" : 379,
    "8" : 474,
    "9" : 544,
    "10" : 575,
    "11" : 634,
    "12" : 617,
    "13" : 594,
    "14" : 564,
    "15" : 643,
    "16" : 508,
    "17" : 480,
    "18" : 439,
    "19" : 413,
    "20" : 342,
    "21" : 354,
    "22" : 245,
    "23" : 248,
    "24" : 240,
    "25" : 174,
    "26" : 168,
    "27" : 148,
    "28" : 144,
    "29" : 115,
    "30" : 101,
    "31" : 84,
    "32" : 89,
    "33" : 61,
    "34" : 60,
    "35" : 73,
    "36" : 51,
    "37" : 39,
    "38" : 31,
    "39" : 28,
    "40" : 28,
    "41" : 23,
    "42" : 28,
    "43" : 29,
    "44" : 17,
    "45" : 20,
    "46" : 19,
    "47" : 12,
    "48" : 13,
    "49" : 10,
    "50" : 3,
    "51" : 5,
    "52" : 7,
    "53" : 3,
    "54" : 3,
    "55" : 4,
    "56" : 2,
    "57" : 5,
    "58" : 5,
    "59" : 3,
    "60" : 3,
    "61" : 2,
    "62" : 3,
    "63" : 1,
    "64" : 1,
    "65" : 1,
    "67" : 1,
    "68" : 3,
    "69" : 2,
    "71" : 1,
    "72" : 2,
    "80" : 1,
    "81" : 1,
    "82" : 1
  },
  "mean" : 16.867665418227215,
  "stdDev" : 8.781997326380862
}