{
  "distribution" : {
    "2" : 1,
    "3" : 74,
    "4" : 254,
    "5" : 461,
    "6" : 621,
    "7" : 771,
    "8" : 821,
    "9" : 845,
    "10" : 767,
    "11" : 725,
    "12" : 647,
    "13" : 605,
    "14" : 546,
    "15" : 457,
    "16" : 451,
    "17" : 368,
    "18" : 305,
    "19" : 283,
    "20" : 247,
    "21" : 210,
    "22" : 175,
    "23" : 142,
    "24" : 121,
    "25" : 109,
    "26" : 111,
    "27" : 82,
    "28" : 47,
    "29" : 51,
    "30" : 41,
    "31" : 39,
    "32" : 28,
    "33" : 31,
    "34" : 24,
    "35" : 16,
    "36" : 16,
    "37" : 10,
    "38" : 7,
    "39" : 9,
    "40" : 14,
    "41" : 6,
    "42" : 8,
    "43" : 6,
    "44" : 6,
    "45" : 2,
    "46" : 2,
    "47" : 1,
    "48" : 4,
    "49" : 4,
    "50" : 2,
    "52" : 2,
    "53" : 2,
    "58" : 1,
    "60" : 3
  },
  "mean" : 12.954257631603818,
  "stdDev" : 6.798572772868319
}