{
  "distribution" : {
    "2" : 7,
    "3" : 62,
    "4" : 196,
    "5" : 375,
    "6" : 521,
    "7" : 697,
    "8" : 821,
    "9" : 826,
    "10" : 850,
    "11" : 734,
    "12" : 690,
    "13" : 665,
    "14" : 534,
    "15" : 498,
    "16" : 482,
    "17" : 398,
    "18" : 344,
    "19" : 286,
    "20" : 227,
    "21" : 194,
    "22" : 170,
    "23" : 151,
    "24" : 129,
    "25" : 112,
    "26" : 121,
    "27" : 77,
    "28" : 56,
    "29" : 54,
    "30" : 52,
    "31" : 44,
    "32" : 41,
    "33" : 32,
    "34" : 28,
    "35" : 25,
    "36" : 28,
    "37" : 26,
    "38" : 13,
    "39" : 18,
    "40" : 8,
    "41" : 11,
    "42" : 9,
    "43" : 9,
    "44" : 7,
    "45" : 3,
    "46" : 7,
    "47" : 1,
    "48" : 4,
    "49" : 1,
    "50" : 1,
    "51" : 3,
    "52" : 3,
    "53" : 1,
    "56" : 3,
    "60" : 2,
    "62" : 2,
    "63" : 1
  },
  "mean" : 13.438836772983114,
  "stdDev" : 7.079296493166784
}