{
  "distribution" : {
    "2" : 7,
    "3" : 101,
    "4" : 241,
    "5" : 500,
    "6" : 645,
    "7" : 817,
    "8" : 899,
    "9" : 892,
    "10" : 813,
    "11" : 758,
    "12" : 685,
    "13" : 601,
    "14" : 530,
    "15" : 434,
    "16" : 383,
    "17" : 338,
    "18" : 285,
    "19" : 227,
    "20" : 219,
    "21" : 170,
    "22" : 172,
    "23" : 127,
    "24" : 112,
    "25" : 104,
    "26" : 81,
    "27" : 71,
    "28" : 58,
    "29" : 29,
    "30" : 36,
    "31" : 36,
    "32" : 32,
    "33" : 21,
    "34" : 26,
    "35" : 14,
    "36" : 8,
    "37" : 12,
    "38" : 6,
    "39" : 9,
    "40" : 7,
    "41" : 4,
    "42" : 5,
    "43" : 3,
    "44" : 7,
    "45" : 2,
    "46" : 3,
    "47" : 2,
    "48" : 1,
    "49" : 1,
    "51" : 1,
    "52" : 2,
    "53" : 1,
    "57" : 2,
    "67" : 1,
    "71" : 1
  },
  "mean" : 12.458451906659079,
  "stdDev" : 6.526087716519241
}