{
  "distribution" : {
    "2" : 10,
    "3" : 71,
    "4" : 162,
    "5" : 331,
    "6" : 505,
    "7" : 617,
    "8" : 707,
    "9" : 770,
    "10" : 785,
    "11" : 764,
    "12" : 727,
    "13" : 663,
    "14" : 564,
    "15" : 551,
    "16" : 429,
    "17" : 393,
    "18" : 333,
    "19" : 307,
    "20" : 267,
    "21" : 245,
    "22" : 190,
    "23" : 168,
    "24" : 174,
    "25" : 126,
    "26" : 96,
    "27" : 95,
    "28" : 90,
    "29" : 61,
    "30" : 61,
    "31" : 53,
    "32" : 33,
    "33" : 42,
    "34" : 26,
    "35" : 23,
    "36" : 28,
    "37" : 19,
    "38" : 20,
    "39" : 17,
    "40" : 12,
    "41" : 7,
    "42" : 12,
    "43" : 11,
    "44" : 5,
    "45" : 9,
    "46" : 6,
    "47" : 3,
    "48" : 2,
    "49" : 3,
    "50" : 3,
    "51" : 1,
    "52" : 2,
    "53" : 1,
    "54" : 3,
    "55" : 1,
    "56" : 2,
    "57" : 3,
    "59" : 3,
    "63" : 1,
    "66" : 2,
    "70" : 1
  },
  "mean" : 13.929257724189902,
  "stdDev" : 7.321908951071962
}