{
  "distribution" : {
    "2" : 9,
    "3" : 65,
    "4" : 202,
    "5" : 365,
    "6" : 520,
    "7" : 711,
    "8" : 754,
    "9" : 787,
    "10" : 756,
    "11" : 731,
    "12" : 702,
    "13" : 650,
    "14" : 584,
    "15" : 525,
    "16" : 426,
    "17" : 415,
    "18" : 336,
    "19" : 302,
    "20" : 273,
    "21" : 239,
    "22" : 202,
    "23" : 158,
    "24" : 140,
    "25" : 121,
    "26" : 109,
    "27" : 86,
    "28" : 67,
    "29" : 63,
    "30" : 58,
    "31" : 50,
    "32" : 27,
    "33" : 19,
    "34" : 28,
    "35" : 19,
    "36" : 15,
    "37" : 21,
    "38" : 9,
    "39" : 15,
    "40" : 8,
    "41" : 3,
    "42" : 8,
    "43" : 8,
    "44" : 7,
    "45" : 6,
    "46" : 5,
    "47" : 7,
    "48" : 8,
    "49" : 5,
    "50" : 7,
    "51" : 3,
    "52" : 1,
    "53" : 3,
    "54" : 1,
    "55" : 1,
    "57" : 1,
    "59" : 2,
    "62" : 1,
    "66" : 1,
    "70" : 1,
    "83" : 1
  },
  "mean" : 13.604959143420682,
  "stdDev" : 7.162327459569367
}