{
  "distribution" : {
    "2" : 2,
    "3" : 22,
    "4" : 50,
    "5" : 155,
    "6" : 261,
    "7" : 401,
    "8" : 494,
    "9" : 537,
    "10" : 641,
    "11" : 594,
    "12" : 652,
    "13" : 604,
    "14" : 615,
    "15" : 548,
    "16" : 495,
    "17" : 460,
    "18" : 428,
    "19" : 375,
    "20" : 353,
    "21" : 304,
    "22" : 268,
    "23" : 243,
    "24" : 195,
    "25" : 187,
    "26" : 160,
    "27" : 129,
    "28" : 170,
    "29" : 99,
    "30" : 100,
    "31" : 91,
    "32" : 96,
    "33" : 80,
    "34" : 66,
    "35" : 54,
    "36" : 55,
    "37" : 37,
    "38" : 34,
    "39" : 37,
    "40" : 42,
    "41" : 29,
    "42" : 19,
    "43" : 19,
    "44" : 14,
    "45" : 14,
    "46" : 11,
    "47" : 10,
    "48" : 8,
    "49" : 9,
    "50" : 10,
    "51" : 13,
    "52" : 4,
    "53" : 10,
    "54" : 4,
    "55" : 4,
    "56" : 2,
    "57" : 1,
    "58" : 3,
    "59" : 2,
    "60" : 1,
    "61" : 2,
    "63" : 3,
    "65" : 2,
    "66" : 1,
    "67" : 1,
    "69" : 1,
    "77" : 1,
    "81" : 1
  },
  "mean" : 16.715474692732023,
  "stdDev" : 8.66922087571937
}