{
  "distribution" : {
    "2" : 2,
    "3" : 3,
    "4" : 32,
    "5" : 79,
    "6" : 153,
    "7" : 197,
    "8" : 320,
    "9" : 367,
    "10" : 442,
    "11" : 452,
    "12" : 543,
    "13" : 540,
    "14" : 500,
    "15" : 541,
    "16" : 515,
    "17" : 499,
    "18" : 428,
    "19" : 406,
    "20" : 408,
    "21" : 379,
    "22" : 373,
    "23" : 327,
    "24" : 275,
    "25" : 243,
    "26" : 230,
    "27" : 216,
    "28" : 192,
    "29" : 190,
    "30" : 153,
    "31" : 174,
    "32" : 137,
    "33" : 112,
    "34" : 109,
    "35" : 113,
    "36" : 81,
    "37" : 62,
    "38" : 64,
    "39" : 64,
    "40" : 62,
    "41" : 53,
    "42" : 53,
    "43" : 45,
    "44" : 27,
    "45" : 50,
    "46" : 33,
    "47" : 26,
    "48" : 27,
    "49" : 23,
    "50" : 18,
    "51" : 16,
    "52" : 9,
    "53" : 16,
    "54" : 7,
    "55" : 12,
    "56" : 8,
    "57" : 6,
    "58" : 9,
    "59" : 6,
    "60" : 8,
    "61" : 6,
    "62" : 7,
    "63" : 4,
    "64" : 3,
    "65" : 2,
    "66" : 5,
    "67" : 4,
    "68" : 3,
    "69" : 5,
    "71" : 4,
    "73" : 3,
    "74" : 1,
    "76" : 2,
    "77" : 1,
    "78" : 2,
    "80" : 1,
    "81" : 3,
    "84" : 1,
    "86" : 1,
    "87" : 1,
    "89" : 1
  },
  "mean" : 19.985231062410673,
  "stdDev" : 10.445428951188898
}