{
  "distribution" : {
    "2" : 4,
    "3" : 55,
    "4" : 177,
    "5" : 303,
    "6" : 469,
    "7" : 655,
    "8" : 724,
    "9" : 759,
    "10" : 794,
    "11" : 719,
    "12" : 693,
    "13" : 672,
    "14" : 559,
    "15" : 507,
    "16" : 458,
    "17" : 416,
    "18" : 378,
    "19" : 275,
    "20" : 265,
    "21" : 208,
    "22" : 199,
    "23" : 177,
    "24" : 178,
    "25" : 113,
    "26" : 115,
    "27" : 96,
    "28" : 83,
    "29" : 73,
    "30" : 58,
    "31" : 60,
    "32" : 47,
    "33" : 37,
    "34" : 30,
    "35" : 30,
    "36" : 22,
    "37" : 18,
    "38" : 18,
    "39" : 20,
    "40" : 11,
    "41" : 10,
    "42" : 10,
    "43" : 12,
    "44" : 11,
    "45" : 7,
    "46" : 8,
    "47" : 5,
    "48" : 2,
    "49" : 3,
    "50" : 3,
    "51" : 2,
    "52" : 2,
    "53" : 1,
    "54" : 1,
    "56" : 1,
    "57" : 1,
    "60" : 1,
    "61" : 2,
    "63" : 1,
    "68" : 1,
    "69" : 1
  },
  "mean" : 14.026704545454546,
  "stdDev" : 7.35416647190324
}