{
  "distribution" : {
    "2" : 1,
    "3" : 8,
    "4" : 47,
    "5" : 127,
    "6" : 188,
    "7" : 310,
    "8" : 397,
    "9" : 454,
    "10" : 529,
    "11" : 580,
    "12" : 562,
    "13" : 581,
    "14" : 524,
    "15" : 501,
    "16" : 465,
    "17" : 461,
    "18" : 419,
    "19" : 392,
    "20" : 354,
    "21" : 309,
    "22" : 304,
    "23" : 252,
    "24" : 205,
    "25" : 225,
    "26" : 163,
    "27" : 148,
    "28" : 121,
    "29" : 110,
    "30" : 120,
    "31" : 95,
    "32" : 95,
    "33" : 89,
    "34" : 64,
    "35" : 53,
    "36" : 48,
    "37" : 41,
    "38" : 35,
    "39" : 30,
    "40" : 27,
    "41" : 31,
    "42" : 33,
    "43" : 24,
    "44" : 15,
    "45" : 20,
    "46" : 13,
    "47" : 10,
    "48" : 10,
    "49" : 7,
    "50" : 9,
    "51" : 7,
    "52" : 5,
    "53" : 7,
    "54" : 1,
    "55" : 2,
    "56" : 4,
    "57" : 2,
    "58" : 4,
    "59" : 1,
    "60" : 3,
    "61" : 2,
    "62" : 1,
    "64" : 1,
    "65" : 1,
    "67" : 1,
    "68" : 1,
    "72" : 1,
    "74" : 1,
    "83" : 1
  },
  "mean" : 17.35495234148363,
  "stdDev" : 8.699200470612311
}