{
  "distribution" : {
    "3" : 1,
    "4" : 3,
    "5" : 35,
    "6" : 72,
    "7" : 135,
    "8" : 160,
    "9" : 245,
    "10" : 270,
    "11" : 371,
    "12" : 389,
    "13" : 471,
    "14" : 484,
    "15" : 464,
    "16" : 432,
    "17" : 493,
    "18" : 475,
    "19" : 439,
    "20" : 437,
    "21" : 408,
    "22" : 315,
    "23" : 314,
    "24" : 339,
    "25" : 335,
    "26" : 321,
    "27" : 234,
    "28" : 255,
    "29" : 236,
    "30" : 203,
    "31" : 183,
    "32" : 151,
    "33" : 154,
    "34" : 133,
    "35" : 137,
    "36" : 117,
    "37" : 106,
    "38" : 96,
    "39" : 101,
    "40" : 81,
    "41" : 75,
    "42" : 72,
    "43" : 64,
    "44" : 54,
    "45" : 76,
    "46" : 45,
    "47" : 41,
    "48" : 40,
    "49" : 37,
    "50" : 33,
    "51" : 29,
    "52" : 33,
    "53" : 26,
    "54" : 25,
    "55" : 17,
    "56" : 21,
    "57" : 13,
    "58" : 16,
    "59" : 10,
    "60" : 15,
    "61" : 10,
    "62" : 9,
    "63" : 13,
    "64" : 6,
    "65" : 5,
    "66" : 9,
    "67" : 6,
    "68" : 8,
    "69" : 7,
    "70" : 6,
    "71" : 5,
    "72" : 7,
    "73" : 6,
    "74" : 2,
    "75" : 5,
    "76" : 4,
    "77" : 2,
    "79" : 7,
    "80" : 3,
    "81" : 2,
    "82" : 1,
    "83" : 2,
    "84" : 1,
    "85" : 1,
    "86" : 1,
    "87" : 1,
    "90" : 2,
    "92" : 2,
    "93" : 1,
    "95" : 1,
    "97" : 1,
    "99" : 1,
    "104" : 1,
    "123" : 1
  },
  "mean" : 22.935757922871325,
  "stdDev" : 11.976898069144294
}