{
  "distribution" : {
    "2" : 20,
    "3" : 118,
    "4" : 323,
    "5" : 627,
    "6" : 740,
    "7" : 864,
    "8" : 847,
    "9" : 883,
    "10" : 796,
    "11" : 727,
    "12" : 671,
    "13" : 591,
    "14" : 433,
    "15" : 425,
    "16" : 374,
    "17" : 297,
    "18" : 260,
    "19" : 225,
    "20" : 193,
    "21" : 147,
    "22" : 125,
    "23" : 117,
    "24" : 86,
    "25" : 77,
    "26" : 57,
    "27" : 49,
    "28" : 37,
    "29" : 50,
    "30" : 32,
    "31" : 27,
    "32" : 13,
    "33" : 11,
    "34" : 11,
    "35" : 9,
    "36" : 8,
    "37" : 8,
    "38" : 5,
    "39" : 6,
    "40" : 7,
    "41" : 4,
    "42" : 2,
    "43" : 1,
    "44" : 4,
    "45" : 4,
    "46" : 1,
    "47" : 1,
    "50" : 1,
    "63" : 1
  },
  "mean" : 11.752108579738245,
  "stdDev" : 6.089366955631791
}