{
  "distribution" : {
    "2" : 9,
    "3" : 62,
    "4" : 190,
    "5" : 337,
    "6" : 499,
    "7" : 674,
    "8" : 744,
    "9" : 757,
    "10" : 784,
    "11" : 758,
    "12" : 676,
    "13" : 631,
    "14" : 641,
    "15" : 555,
    "16" : 484,
    "17" : 414,
    "18" : 366,
    "19" : 317,
    "20" : 276,
    "21" : 235,
    "22" : 209,
    "23" : 172,
    "24" : 169,
    "25" : 129,
    "26" : 141,
    "27" : 100,
    "28" : 72,
    "29" : 76,
    "30" : 63,
    "31" : 56,
    "32" : 49,
    "33" : 39,
    "34" : 33,
    "35" : 41,
    "36" : 28,
    "37" : 27,
    "38" : 21,
    "39" : 18,
    "40" : 15,
    "41" : 11,
    "42" : 6,
    "43" : 7,
    "44" : 10,
    "45" : 7,
    "46" : 8,
    "47" : 7,
    "48" : 6,
    "49" : 3,
    "50" : 3,
    "51" : 2,
    "52" : 3,
    "53" : 2,
    "54" : 2,
    "55" : 2,
    "56" : 1,
    "58" : 1,
    "59" : 2,
    "61" : 2,
    "63" : 2,
    "64" : 2,
    "66" : 1,
    "78" : 1
  },
  "mean" : 14.118178499726227,
  "stdDev" : 7.540223789535781
}