{
  "distribution" : {
    "2" : 53,
    "3" : 225,
    "4" : 494,
    "5" : 733,
    "6" : 902,
    "7" : 999,
    "8" : 998,
    "9" : 870,
    "10" : 877,
    "11" : 758,
    "12" : 635,
    "13" : 523,
    "14" : 434,
    "15" : 361,
    "16" : 326,
    "17" : 260,
    "18" : 192,
    "19" : 163,
    "20" : 145,
    "21" : 128,
    "22" : 95,
    "23" : 86,
    "24" : 70,
    "25" : 58,
    "26" : 29,
    "27" : 33,
    "28" : 21,
    "29" : 32,
    "30" : 18,
    "31" : 16,
    "32" : 11,
    "33" : 13,
    "34" : 6,
    "35" : 9,
    "36" : 8,
    "37" : 6,
    "38" : 2,
    "39" : 2,
    "40" : 3,
    "41" : 1,
    "42" : 2,
    "44" : 2,
    "46" : 2,
    "50" : 2,
    "57" : 1,
    "59" : 1
  },
  "mean" : 10.696463932107497,
  "stdDev" : 5.619739397653092
}