{
  "distribution" : {
    "2" : 2,
    "3" : 12,
    "4" : 78,
    "5" : 192,
    "6" : 320,
    "7" : 417,
    "8" : 616,
    "9" : 652,
    "10" : 633,
    "11" : 658,
    "12" : 669,
    "13" : 609,
    "14" : 588,
    "15" : 524,
    "16" : 534,
    "17" : 428,
    "18" : 427,
    "19" : 347,
    "20" : 353,
    "21" : 314,
    "22" : 253,
    "23" : 228,
    "24" : 197,
    "25" : 191,
    "26" : 170,
    "27" : 147,
    "28" : 125,
    "29" : 80,
    "30" : 78,
    "31" : 80,
    "32" : 71,
    "33" : 58,
    "34" : 62,
    "35" : 44,
    "36" : 44,
    "37" : 44,
    "38" : 29,
    "39" : 26,
    "40" : 24,
    "41" : 19,
    "42" : 19,
    "43" : 11,
    "44" : 22,
    "45" : 15,
    "46" : 10,
    "47" : 11,
    "48" : 4,
    "49" : 7,
    "50" : 11,
    "51" : 7,
    "52" : 9,
    "53" : 7,
    "54" : 4,
    "55" : 2,
    "57" : 2,
    "59" : 2,
    "60" : 2,
    "61" : 1,
    "62" : 1,
    "64" : 1,
    "66" : 2,
    "67" : 1,
    "72" : 1,
    "73" : 1,
    "75" : 1,
    "76" : 1,
    "77" : 1
  },
  "mean" : 16.016477759786646,
  "stdDev" : 8.37297445441489
}