{
  "distribution" : {
    "2" : 11,
    "3" : 102,
    "4" : 267,
    "5" : 451,
    "6" : 562,
    "7" : 739,
    "8" : 806,
    "9" : 879,
    "10" : 815,
    "11" : 827,
    "12" : 776,
    "13" : 690,
    "14" : 626,
    "15" : 515,
    "16" : 522,
    "17" : 476,
    "18" : 431,
    "19" : 401,
    "20" : 322,
    "21" : 252,
    "22" : 276,
    "23" : 251,
    "24" : 224,
    "25" : 199,
    "26" : 148,
    "27" : 133,
    "28" : 110,
    "29" : 93,
    "30" : 92,
    "31" : 88,
    "32" : 81,
    "33" : 68,
    "34" : 46,
    "35" : 50,
    "36" : 48,
    "37" : 39,
    "38" : 41,
    "39" : 27,
    "40" : 27,
    "41" : 31,
    "42" : 23,
    "43" : 24,
    "44" : 14,
    "45" : 18,
    "46" : 14,
    "47" : 5,
    "48" : 8,
    "49" : 8,
    "50" : 10,
    "51" : 5,
    "52" : 3,
    "53" : 1,
    "54" : 8,
    "55" : 3,
    "56" : 3,
    "57" : 3,
    "58" : 4,
    "59" : 1,
    "60" : 3,
    "61" : 2,
    "62" : 2,
    "64" : 1,
    "65" : 1,
    "67" : 1,
    "70" : 1,
    "71" : 1,
    "72" : 2,
    "73" : 1,
    "79" : 1
  },
  "mean" : 14.759537481318336,
  "stdDev" : 8.490322787275309
}