{
  "distribution" : {
    "2" : 6,
    "3" : 37,
    "4" : 103,
    "5" : 223,
    "6" : 364,
    "7" : 474,
    "8" : 573,
    "9" : 633,
    "10" : 726,
    "11" : 685,
    "12" : 588,
    "13" : 618,
    "14" : 577,
    "15" : 524,
    "16" : 496,
    "17" : 403,
    "18" : 404,
    "19" : 349,
    "20" : 319,
    "21" : 242,
    "22" : 221,
    "23" : 181,
    "24" : 164,
    "25" : 160,
    "26" : 146,
    "27" : 119,
    "28" : 121,
    "29" : 103,
    "30" : 73,
    "31" : 75,
    "32" : 66,
    "33" : 35,
    "34" : 36,
    "35" : 34,
    "36" : 30,
    "37" : 25,
    "38" : 23,
    "39" : 19,
    "40" : 20,
    "41" : 21,
    "42" : 20,
    "43" : 6,
    "44" : 10,
    "45" : 11,
    "46" : 8,
    "47" : 6,
    "48" : 5,
    "49" : 4,
    "50" : 2,
    "51" : 4,
    "52" : 3,
    "53" : 2,
    "54" : 3,
    "55" : 2,
    "56" : 1,
    "57" : 1,
    "58" : 1,
    "59" : 1,
    "63" : 3,
    "66" : 1,
    "68" : 1
  },
  "mean" : 15.205222035406983,
  "stdDev" : 7.800537430295251
}