{
  "distribution" : {
    "3" : 27,
    "4" : 90,
    "5" : 176,
    "6" : 325,
    "7" : 475,
    "8" : 607,
    "9" : 631,
    "10" : 679,
    "11" : 651,
    "12" : 695,
    "13" : 654,
    "14" : 592,
    "15" : 514,
    "16" : 499,
    "17" : 416,
    "18" : 420,
    "19" : 363,
    "20" : 289,
    "21" : 298,
    "22" : 253,
    "23" : 225,
    "24" : 197,
    "25" : 161,
    "26" : 138,
    "27" : 133,
    "28" : 107,
    "29" : 111,
    "30" : 96,
    "31" : 67,
    "32" : 65,
    "33" : 52,
    "34" : 49,
    "35" : 42,
    "36" : 35,
    "37" : 28,
    "38" : 31,
    "39" : 19,
    "40" : 32,
    "41" : 27,
    "42" : 18,
    "43" : 17,
    "44" : 14,
    "45" : 12,
    "46" : 8,
    "47" : 10,
    "48" : 5,
    "49" : 3,
    "50" : 10,
    "51" : 9,
    "52" : 1,
    "53" : 1,
    "54" : 1,
    "55" : 1,
    "56" : 3,
    "57" : 2,
    "58" : 4,
    "59" : 1,
    "61" : 1,
    "62" : 2,
    "63" : 3,
    "64" : 3,
    "66" : 2,
    "69" : 1
  },
  "mean" : 15.693971733487166,
  "stdDev" : 8.165905385925877
}