{
  "distribution" : {
    "2" : 1,
    "3" : 3,
    "4" : 23,
    "5" : 55,
    "6" : 96,
    "7" : 170,
    "8" : 260,
    "9" : 339,
    "10" : 428,
    "11" : 470,
    "12" : 488,
    "13" : 531,
    "14" : 482,
    "15" : 529,
    "16" : 465,
    "17" : 505,
    "18" : 462,
    "19" : 436,
    "20" : 399,
    "21" : 365,
    "22" : 340,
    "23" : 329,
    "24" : 314,
    "25" : 302,
    "26" : 264,
    "27" : 235,
    "28" : 199,
    "29" : 200,
    "30" : 177,
    "31" : 144,
    "32" : 171,
    "33" : 132,
    "34" : 114,
    "35" : 106,
    "36" : 73,
    "37" : 86,
    "38" : 85,
    "39" : 71,
    "40" : 68,
    "41" : 58,
    "42" : 47,
    "43" : 44,
    "44" : 42,
    "45" : 37,
    "46" : 34,
    "47" : 29,
    "48" : 26,
    "49" : 20,
    "50" : 15,
    "51" : 24,
    "52" : 22,
    "53" : 15,
    "54" : 11,
    "55" : 18,
    "56" : 18,
    "57" : 8,
    "58" : 10,
    "59" : 12,
    "60" : 7,
    "61" : 17,
    "62" : 7,
    "63" : 6,
    "64" : 9,
    "65" : 1,
    "66" : 4,
    "67" : 1,
    "68" : 6,
    "69" : 2,
    "70" : 6,
    "71" : 2,
    "72" : 3,
    "75" : 2,
    "76" : 1,
    "79" : 3,
    "81" : 3,
    "82" : 4,
    "86" : 1,
    "87" : 1,
    "88" : 1,
    "91" : 1,
    "93" : 1,
    "121" : 1
  },
  "mean" : 20.786319900924074,
  "stdDev" : 10.865795952369185
}