{
  "distribution" : {
    "3" : 2,
    "4" : 17,
    "5" : 41,
    "6" : 101,
    "7" : 192,
    "8" : 244,
    "9" : 323,
    "10" : 427,
    "11" : 444,
    "12" : 495,
    "13" : 502,
    "14" : 532,
    "15" : 510,
    "16" : 471,
    "17" : 409,
    "18" : 416,
    "19" : 417,
    "20" : 393,
    "21" : 362,
    "22" : 349,
    "23" : 310,
    "24" : 259,
    "25" : 250,
    "26" : 278,
    "27" : 223,
    "28" : 180,
    "29" : 194,
    "30" : 159,
    "31" : 159,
    "32" : 140,
    "33" : 117,
    "34" : 131,
    "35" : 113,
    "36" : 89,
    "37" : 80,
    "38" : 83,
    "39" : 58,
    "40" : 55,
    "41" : 42,
    "42" : 49,
    "43" : 50,
    "44" : 34,
    "45" : 26,
    "46" : 37,
    "47" : 24,
    "48" : 26,
    "49" : 20,
    "50" : 24,
    "51" : 18,
    "52" : 14,
    "53" : 11,
    "54" : 20,
    "55" : 13,
    "56" : 8,
    "57" : 7,
    "58" : 11,
    "59" : 8,
    "60" : 3,
    "61" : 5,
    "62" : 7,
    "63" : 6,
    "64" : 7,
    "65" : 3,
    "66" : 5,
    "67" : 5,
    "68" : 2,
    "69" : 1,
    "71" : 1,
    "72" : 3,
    "73" : 4,
    "75" : 1,
    "76" : 1,
    "77" : 3,
    "80" : 1,
    "81" : 1,
    "85" : 1,
    "93" : 1
  },
  "mean" : 20.49571200638213,
  "stdDev" : 10.47133371263564
}