{
  "distribution" : {
    "2" : 4,
    "3" : 53,
    "4" : 182,
    "5" : 402,
    "6" : 539,
    "7" : 650,
    "8" : 765,
    "9" : 809,
    "10" : 766,
    "11" : 779,
    "12" : 643,
    "13" : 652,
    "14" : 572,
    "15" : 505,
    "16" : 431,
    "17" : 348,
    "18" : 326,
    "19" : 268,
    "20" : 269,
    "21" : 197,
    "22" : 171,
    "23" : 168,
    "24" : 129,
    "25" : 103,
    "26" : 106,
    "27" : 77,
    "28" : 74,
    "29" : 51,
    "30" : 55,
    "31" : 39,
    "32" : 34,
    "33" : 28,
    "34" : 25,
    "35" : 22,
    "36" : 22,
    "37" : 15,
    "38" : 8,
    "39" : 9,
    "40" : 7,
    "41" : 9,
    "42" : 11,
    "43" : 4,
    "44" : 5,
    "45" : 3,
    "46" : 5,
    "47" : 5,
    "48" : 2,
    "49" : 3,
    "50" : 1,
    "51" : 5,
    "53" : 1,
    "56" : 3,
    "57" : 1,
    "58" : 1,
    "65" : 1,
    "67" : 1,
    "73" : 1
  },
  "mean" : 13.386493005306319,
  "stdDev" : 6.953252052710588
}