{
  "distribution" : {
    "3" : 4,
    "4" : 23,
    "5" : 49,
    "6" : 107,
    "7" : 193,
    "8" : 261,
    "9" : 331,
    "10" : 403,
    "11" : 462,
    "12" : 456,
    "13" : 530,
    "14" : 526,
    "15" : 547,
    "16" : 491,
    "17" : 478,
    "18" : 429,
    "19" : 398,
    "20" : 414,
    "21" : 404,
    "22" : 355,
    "23" : 314,
    "24" : 302,
    "25" : 303,
    "26" : 250,
    "27" : 239,
    "28" : 194,
    "29" : 170,
    "30" : 149,
    "31" : 126,
    "32" : 147,
    "33" : 130,
    "34" : 126,
    "35" : 114,
    "36" : 94,
    "37" : 73,
    "38" : 92,
    "39" : 67,
    "40" : 49,
    "41" : 50,
    "42" : 55,
    "43" : 48,
    "44" : 44,
    "45" : 40,
    "46" : 28,
    "47" : 24,
    "48" : 22,
    "49" : 22,
    "50" : 15,
    "51" : 15,
    "52" : 24,
    "53" : 11,
    "54" : 11,
    "55" : 9,
    "56" : 18,
    "57" : 11,
    "58" : 14,
    "59" : 9,
    "60" : 13,
    "61" : 3,
    "62" : 11,
    "63" : 3,
    "64" : 8,
    "65" : 2,
    "66" : 9,
    "67" : 2,
    "68" : 1,
    "69" : 3,
    "70" : 4,
    "71" : 1,
    "72" : 1,
    "73" : 3,
    "74" : 1,
    "75" : 1,
    "76" : 1,
    "79" : 1,
    "81" : 3,
    "82" : 1,
    "83" : 2,
    "84" : 1,
    "89" : 2,
    "93" : 2,
    "94" : 1
  },
  "mean" : 20.58270531400966,
  "stdDev" : 10.68369494781943
}