{
  "distribution" : {
    "2" : 5,
    "3" : 48,
    "4" : 120,
    "5" : 271,
    "6" : 418,
    "7" : 567,
    "8" : 639,
    "9" : 691,
    "10" : 722,
    "11" : 684,
    "12" : 709,
    "13" : 687,
    "14" : 630,
    "15" : 523,
    "16" : 465,
    "17" : 430,
    "18" : 368,
    "19" : 359,
    "20" : 258,
    "21" : 242,
    "22" : 216,
    "23" : 187,
    "24" : 168,
    "25" : 129,
    "26" : 150,
    "27" : 119,
    "28" : 90,
    "29" : 69,
    "30" : 92,
    "31" : 70,
    "32" : 60,
    "33" : 47,
    "34" : 37,
    "35" : 32,
    "36" : 37,
    "37" : 28,
    "38" : 22,
    "39" : 18,
    "40" : 16,
    "41" : 10,
    "42" : 9,
    "43" : 10,
    "44" : 5,
    "45" : 13,
    "46" : 3,
    "47" : 4,
    "48" : 5,
    "49" : 6,
    "50" : 7,
    "51" : 3,
    "52" : 1,
    "53" : 1,
    "54" : 2,
    "55" : 1,
    "56" : 3,
    "57" : 2,
    "58" : 1,
    "60" : 2,
    "61" : 1,
    "62" : 1,
    "64" : 1,
    "73" : 1,
    "76" : 2,
    "80" : 1
  },
  "mean" : 14.732553717436774,
  "stdDev" : 7.708834939415177
}