{
  "distribution" : {
    "2" : 1,
    "3" : 7,
    "4" : 34,
    "5" : 98,
    "6" : 180,
    "7" : 265,
    "8" : 394,
    "9" : 528,
    "10" : 505,
    "11" : 552,
    "12" : 616,
    "13" : 563,
    "14" : 562,
    "15" : 540,
    "16" : 498,
    "17" : 465,
    "18" : 455,
    "19" : 401,
    "20" : 367,
    "21" : 330,
    "22" : 286,
    "23" : 266,
    "24" : 230,
    "25" : 223,
    "26" : 169,
    "27" : 179,
    "28" : 163,
    "29" : 121,
    "30" : 111,
    "31" : 93,
    "32" : 85,
    "33" : 78,
    "34" : 94,
    "35" : 49,
    "36" : 71,
    "37" : 44,
    "38" : 49,
    "39" : 36,
    "40" : 22,
    "41" : 32,
    "42" : 23,
    "43" : 21,
    "44" : 22,
    "45" : 21,
    "46" : 12,
    "47" : 12,
    "48" : 15,
    "49" : 13,
    "50" : 6,
    "51" : 7,
    "52" : 11,
    "53" : 14,
    "54" : 3,
    "55" : 6,
    "56" : 2,
    "57" : 4,
    "58" : 7,
    "59" : 3,
    "61" : 1,
    "62" : 1,
    "63" : 2,
    "64" : 3,
    "65" : 1,
    "66" : 1,
    "67" : 1,
    "69" : 2,
    "70" : 4,
    "74" : 2,
    "75" : 1,
    "91" : 1,
    "110" : 1
  },
  "mean" : 17.749424136204308,
  "stdDev" : 9.04903984488195
}