{
  "distribution" : {
    "2" : 7,
    "3" : 45,
    "4" : 153,
    "5" : 347,
    "6" : 528,
    "7" : 628,
    "8" : 731,
    "9" : 800,
    "10" : 777,
    "11" : 723,
    "12" : 690,
    "13" : 592,
    "14" : 519,
    "15" : 529,
    "16" : 442,
    "17" : 387,
    "18" : 318,
    "19" : 293,
    "20" : 243,
    "21" : 217,
    "22" : 183,
    "23" : 159,
    "24" : 150,
    "25" : 102,
    "26" : 99,
    "27" : 73,
    "28" : 91,
    "29" : 58,
    "30" : 65,
    "31" : 47,
    "32" : 41,
    "33" : 29,
    "34" : 22,
    "35" : 23,
    "36" : 18,
    "37" : 13,
    "38" : 15,
    "39" : 9,
    "40" : 10,
    "41" : 9,
    "42" : 11,
    "43" : 5,
    "44" : 8,
    "45" : 6,
    "46" : 5,
    "47" : 3,
    "48" : 2,
    "49" : 4,
    "50" : 4,
    "51" : 1,
    "52" : 2,
    "54" : 3,
    "57" : 2,
    "58" : 1,
    "60" : 1
  },
  "mean" : 13.641901786585962,
  "stdDev" : 7.043969472660346
}