{
  "distribution" : {
    "2" : 6,
    "3" : 40,
    "4" : 134,
    "5" : 273,
    "6" : 386,
    "7" : 515,
    "8" : 635,
    "9" : 669,
    "10" : 743,
    "11" : 687,
    "12" : 743,
    "13" : 678,
    "14" : 598,
    "15" : 570,
    "16" : 468,
    "17" : 546,
    "18" : 463,
    "19" : 397,
    "20" : 380,
    "21" : 324,
    "22" : 291,
    "23" : 267,
    "24" : 230,
    "25" : 212,
    "26" : 209,
    "27" : 189,
    "28" : 139,
    "29" : 126,
    "30" : 116,
    "31" : 106,
    "32" : 87,
    "33" : 86,
    "34" : 75,
    "35" : 70,
    "36" : 68,
    "37" : 63,
    "38" : 42,
    "39" : 36,
    "40" : 30,
    "41" : 34,
    "42" : 34,
    "43" : 26,
    "44" : 15,
    "45" : 19,
    "46" : 22,
    "47" : 10,
    "48" : 18,
    "49" : 11,
    "50" : 10,
    "51" : 11,
    "52" : 12,
    "53" : 7,
    "54" : 1,
    "55" : 7,
    "56" : 5,
    "57" : 8,
    "58" : 6,
    "59" : 2,
    "60" : 5,
    "61" : 2,
    "62" : 1,
    "64" : 1,
    "65" : 3,
    "66" : 1,
    "67" : 2,
    "68" : 2,
    "72" : 1,
    "74" : 1,
    "79" : 1,
    "82" : 1,
    "90" : 1,
    "91" : 1,
    "105" : 1
  },
  "mean" : 16.467735203272394,
  "stdDev" : 9.195844523020888
}