{
  "distribution" : {
    "2" : 22,
    "3" : 108,
    "4" : 279,
    "5" : 473,
    "6" : 640,
    "7" : 760,
    "8" : 765,
    "9" : 871,
    "10" : 801,
    "11" : 801,
    "12" : 752,
    "13" : 682,
    "14" : 627,
    "15" : 561,
    "16" : 511,
    "17" : 452,
    "18" : 437,
    "19" : 359,
    "20" : 331,
    "21" : 300,
    "22" : 244,
    "23" : 210,
    "24" : 174,
    "25" : 149,
    "26" : 148,
    "27" : 125,
    "28" : 111,
    "29" : 87,
    "30" : 75,
    "31" : 73,
    "32" : 69,
    "33" : 63,
    "34" : 46,
    "35" : 41,
    "36" : 37,
    "37" : 33,
    "38" : 32,
    "39" : 21,
    "40" : 27,
    "41" : 17,
    "42" : 11,
    "43" : 15,
    "44" : 17,
    "45" : 12,
    "46" : 11,
    "47" : 10,
    "48" : 9,
    "49" : 6,
    "50" : 2,
    "51" : 7,
    "52" : 4,
    "54" : 1,
    "55" : 3,
    "56" : 2,
    "57" : 3,
    "58" : 2,
    "59" : 2,
    "60" : 2,
    "61" : 1,
    "63" : 1,
    "65" : 3,
    "66" : 3,
    "69" : 1,
    "70" : 1,
    "73" : 2,
    "74" : 1
  },
  "mean" : 14.297766350634742,
  "stdDev" : 8.137767542693206
}