{
  "distribution" : {
    "2" : 2,
    "3" : 13,
    "4" : 86,
    "5" : 147,
    "6" : 309,
    "7" : 410,
    "8" : 532,
    "9" : 585,
    "10" : 634,
    "11" : 662,
    "12" : 660,
    "13" : 638,
    "14" : 637,
    "15" : 560,
    "16" : 533,
    "17" : 454,
    "18" : 414,
    "19" : 346,
    "20" : 327,
    "21" : 311,
    "22" : 232,
    "23" : 222,
    "24" : 206,
    "25" : 178,
    "26" : 167,
    "27" : 116,
    "28" : 138,
    "29" : 110,
    "30" : 97,
    "31" : 85,
    "32" : 70,
    "33" : 62,
    "34" : 50,
    "35" : 40,
    "36" : 36,
    "37" : 28,
    "38" : 31,
    "39" : 36,
    "40" : 31,
    "41" : 24,
    "42" : 18,
    "43" : 18,
    "44" : 11,
    "45" : 12,
    "46" : 12,
    "47" : 14,
    "48" : 16,
    "49" : 8,
    "50" : 9,
    "51" : 6,
    "52" : 7,
    "53" : 3,
    "54" : 2,
    "55" : 6,
    "56" : 3,
    "57" : 1,
    "58" : 2,
    "59" : 2,
    "62" : 2,
    "63" : 3,
    "67" : 1,
    "72" : 1,
    "78" : 1,
    "81" : 1,
    "82" : 1,
    "83" : 1
  },
  "mean" : 16.179287090558766,
  "stdDev" : 8.409967903804766
}