{
  "distribution" : {
    "2" : 5,
    "3" : 42,
    "4" : 136,
    "5" : 265,
    "6" : 417,
    "7" : 537,
    "8" : 627,
    "9" : 650,
    "10" : 724,
    "11" : 733,
    "12" : 701,
    "13" : 637,
    "14" : 564,
    "15" : 541,
    "16" : 450,
    "17" : 409,
    "18" : 388,
    "19" : 326,
    "20" : 279,
    "21" : 229,
    "22" : 217,
    "23" : 183,
    "24" : 159,
    "25" : 127,
    "26" : 115,
    "27" : 105,
    "28" : 86,
    "29" : 85,
    "30" : 69,
    "31" : 50,
    "32" : 58,
    "33" : 40,
    "34" : 42,
    "35" : 30,
    "36" : 25,
    "37" : 26,
    "38" : 14,
    "39" : 22,
    "40" : 15,
    "41" : 19,
    "42" : 14,
    "43" : 10,
    "44" : 2,
    "45" : 8,
    "46" : 6,
    "47" : 7,
    "48" : 2,
    "49" : 4,
    "50" : 5,
    "51" : 4,
    "52" : 2,
    "53" : 4,
    "54" : 1,
    "55" : 1,
    "57" : 1,
    "58" : 1,
    "65" : 1,
    "68" : 1,
    "82" : 1
  },
  "mean" : 14.57718646057523,
  "stdDev" : 7.518939331620933
}