{
  "distribution" : {
    "1" : 2,
    "2" : 85,
    "3" : 332,
    "4" : 709,
    "5" : 966,
    "6" : 1104,
    "7" : 1135,
    "8" : 1051,
    "9" : 973,
    "10" : 839,
    "11" : 759,
    "12" : 555,
    "13" : 472,
    "14" : 369,
    "15" : 309,
    "16" : 269,
    "17" : 218,
    "18" : 176,
    "19" : 134,
    "20" : 117,
    "21" : 107,
    "22" : 64,
    "23" : 60,
    "24" : 51,
    "25" : 27,
    "26" : 38,
    "27" : 31,
    "28" : 20,
    "29" : 20,
    "30" : 11,
    "31" : 14,
    "32" : 11,
    "33" : 7,
    "34" : 6,
    "35" : 6,
    "36" : 5,
    "37" : 4,
    "38" : 3,
    "39" : 4,
    "40" : 2,
    "43" : 1,
    "44" : 1,
    "48" : 1,
    "56" : 1
  },
  "mean" : 9.801879121871895,
  "stdDev" : 5.261421404567978
}