{
  "distribution" : {
    "2" : 1,
    "3" : 26,
    "4" : 101,
    "5" : 233,
    "6" : 354,
    "7" : 525,
    "8" : 588,
    "9" : 662,
    "10" : 696,
    "11" : 687,
    "12" : 659,
    "13" : 620,
    "14" : 605,
    "15" : 490,
    "16" : 474,
    "17" : 468,
    "18" : 408,
    "19" : 342,
    "20" : 304,
    "21" : 252,
    "22" : 244,
    "23" : 214,
    "24" : 188,
    "25" : 154,
    "26" : 124,
    "27" : 105,
    "28" : 100,
    "29" : 104,
    "30" : 72,
    "31" : 68,
    "32" : 53,
    "33" : 47,
    "34" : 52,
    "35" : 37,
    "36" : 28,
    "37" : 19,
    "38" : 23,
    "39" : 26,
    "40" : 27,
    "41" : 17,
    "42" : 13,
    "43" : 12,
    "44" : 12,
    "45" : 9,
    "46" : 4,
    "47" : 5,
    "48" : 6,
    "49" : 7,
    "50" : 5,
    "51" : 5,
    "52" : 5,
    "53" : 7,
    "56" : 2,
    "58" : 1,
    "59" : 1,
    "62" : 1,
    "63" : 2,
    "66" : 2,
    "68" : 1,
    "73" : 1,
    "84" : 1
  },
  "mean" : 15.20584522769201,
  "stdDev" : 7.872784444614908
}