{
  "distribution" : {
    "1" : 3,
    "2" : 40,
    "3" : 217,
    "4" : 505,
    "5" : 743,
    "6" : 996,
    "7" : 1043,
    "8" : 1095,
    "9" : 922,
    "10" : 803,
    "11" : 691,
    "12" : 639,
    "13" : 538,
    "14" : 430,
    "15" : 351,
    "16" : 294,
    "17" : 225,
    "18" : 199,
    "19" : 157,
    "20" : 128,
    "21" : 118,
    "22" : 85,
    "23" : 64,
    "24" : 58,
    "25" : 49,
    "26" : 42,
    "27" : 34,
    "28" : 34,
    "29" : 20,
    "30" : 11,
    "31" : 13,
    "32" : 15,
    "33" : 12,
    "34" : 6,
    "35" : 7,
    "36" : 6,
    "37" : 5,
    "38" : 6,
    "40" : 4,
    "41" : 5,
    "42" : 2,
    "43" : 2,
    "45" : 2,
    "52" : 1,
    "54" : 1
  },
  "mean" : 10.491761604368703,
  "stdDev" : 5.516219272318645
}