{
  "distribution" : {
    "2" : 23,
    "3" : 122,
    "4" : 314,
    "5" : 543,
    "6" : 647,
    "7" : 857,
    "8" : 829,
    "9" : 808,
    "10" : 842,
    "11" : 758,
    "12" : 665,
    "13" : 598,
    "14" : 535,
    "15" : 446,
    "16" : 343,
    "17" : 315,
    "18" : 288,
    "19" : 223,
    "20" : 204,
    "21" : 165,
    "22" : 154,
    "23" : 116,
    "24" : 101,
    "25" : 86,
    "26" : 66,
    "27" : 46,
    "28" : 49,
    "29" : 43,
    "30" : 23,
    "31" : 18,
    "32" : 30,
    "33" : 15,
    "34" : 18,
    "35" : 18,
    "36" : 9,
    "37" : 5,
    "38" : 6,
    "39" : 4,
    "40" : 6,
    "41" : 1,
    "42" : 4,
    "43" : 3,
    "44" : 1,
    "45" : 4,
    "47" : 1,
    "49" : 3,
    "50" : 2,
    "51" : 1,
    "52" : 1,
    "53" : 1,
    "56" : 1,
    "57" : 1,
    "58" : 1,
    "63" : 1
  },
  "mean" : 12.080277884986492,
  "stdDev" : 6.274520240292874
}