{
  "distribution" : {
    "2" : 1,
    "3" : 16,
    "4" : 68,
    "5" : 132,
    "6" : 238,
    "7" : 338,
    "8" : 474,
    "9" : 551,
    "10" : 541,
    "11" : 645,
    "12" : 645,
    "13" : 646,
    "14" : 574,
    "15" : 542,
    "16" : 522,
    "17" : 482,
    "18" : 426,
    "19" : 420,
    "20" : 349,
    "21" : 351,
    "22" : 270,
    "23" : 261,
    "24" : 248,
    "25" : 225,
    "26" : 188,
    "27" : 175,
    "28" : 149,
    "29" : 139,
    "30" : 114,
    "31" : 93,
    "32" : 95,
    "33" : 90,
    "34" : 72,
    "35" : 58,
    "36" : 54,
    "37" : 34,
    "38" : 41,
    "39" : 42,
    "40" : 37,
    "41" : 42,
    "42" : 32,
    "43" : 28,
    "44" : 26,
    "45" : 17,
    "46" : 17,
    "47" : 14,
    "48" : 13,
    "49" : 15,
    "50" : 16,
    "51" : 7,
    "52" : 9,
    "53" : 5,
    "54" : 6,
    "55" : 5,
    "56" : 8,
    "57" : 3,
    "58" : 2,
    "59" : 3,
    "60" : 3,
    "61" : 3,
    "63" : 3,
    "64" : 3,
    "65" : 1,
    "66" : 1,
    "69" : 2,
    "70" : 1,
    "71" : 1,
    "72" : 1,
    "75" : 1,
    "78" : 1,
    "79" : 1,
    "86" : 1,
    "102" : 1
  },
  "mean" : 17.382120699379584,
  "stdDev" : 9.14645177565215
}