{
  "distribution" : {
    "3" : 16,
    "4" : 51,
    "5" : 108,
    "6" : 221,
    "7" : 313,
    "8" : 403,
    "9" : 490,
    "10" : 548,
    "11" : 538,
    "12" : 643,
    "13" : 656,
    "14" : 606,
    "15" : 566,
    "16" : 528,
    "17" : 453,
    "18" : 459,
    "19" : 415,
    "20" : 356,
    "21" : 308,
    "22" : 306,
    "23" : 298,
    "24" : 218,
    "25" : 218,
    "26" : 204,
    "27" : 168,
    "28" : 150,
    "29" : 162,
    "30" : 133,
    "31" : 112,
    "32" : 96,
    "33" : 96,
    "34" : 68,
    "35" : 72,
    "36" : 70,
    "37" : 64,
    "38" : 45,
    "39" : 43,
    "40" : 33,
    "41" : 30,
    "42" : 32,
    "43" : 24,
    "44" : 21,
    "45" : 18,
    "46" : 17,
    "47" : 12,
    "48" : 20,
    "49" : 19,
    "50" : 9,
    "51" : 15,
    "52" : 1,
    "53" : 6,
    "54" : 9,
    "55" : 7,
    "56" : 1,
    "57" : 5,
    "58" : 4,
    "59" : 7,
    "60" : 2,
    "61" : 5,
    "62" : 3,
    "63" : 3,
    "64" : 2,
    "65" : 2,
    "67" : 3,
    "68" : 4,
    "69" : 1,
    "70" : 1,
    "71" : 2,
    "75" : 2,
    "81" : 1,
    "86" : 1,
    "89" : 1,
    "101" : 1
  },
  "mean" : 17.854251781472684,
  "stdDev" : 9.345273330486956
}