{
  "distribution" : {
    "2" : 1,
    "3" : 21,
    "4" : 54,
    "5" : 145,
    "6" : 220,
    "7" : 334,
    "8" : 415,
    "9" : 554,
    "10" : 575,
    "11" : 599,
    "12" : 658,
    "13" : 611,
    "14" : 580,
    "15" : 534,
    "16" : 543,
    "17" : 491,
    "18" : 418,
    "19" : 402,
    "20" : 397,
    "21" : 325,
    "22" : 298,
    "23" : 276,
    "24" : 226,
    "25" : 212,
    "26" : 198,
    "27" : 184,
    "28" : 157,
    "29" : 140,
    "30" : 139,
    "31" : 89,
    "32" : 86,
    "33" : 79,
    "34" : 88,
    "35" : 57,
    "36" : 59,
    "37" : 48,
    "38" : 45,
    "39" : 41,
    "40" : 37,
    "41" : 38,
    "42" : 27,
    "43" : 20,
    "44" : 20,
    "45" : 15,
    "46" : 16,
    "47" : 12,
    "48" : 12,
    "49" : 9,
    "50" : 12,
    "51" : 4,
    "52" : 9,
    "53" : 8,
    "54" : 4,
    "55" : 6,
    "56" : 6,
    "57" : 8,
    "58" : 4,
    "59" : 1,
    "60" : 1,
    "61" : 1,
    "62" : 1,
    "63" : 3,
    "65" : 1,
    "66" : 1,
    "67" : 1,
    "68" : 3,
    "69" : 1,
    "70" : 1,
    "71" : 5,
    "78" : 2,
    "79" : 1,
    "82" : 2,
    "84" : 2,
    "85" : 2,
    "90" : 1
  },
  "mean" : 17.482823707059268,
  "stdDev" : 9.181921389733079
}