{
  "distribution" : {
    "3" : 5,
    "4" : 23,
    "5" : 69,
    "6" : 160,
    "7" : 227,
    "8" : 317,
    "9" : 409,
    "10" : 510,
    "11" : 492,
    "12" : 554,
    "13" : 578,
    "14" : 578,
    "15" : 566,
    "16" : 467,
    "17" : 502,
    "18" : 450,
    "19" : 438,
    "20" : 411,
    "21" : 342,
    "22" : 303,
    "23" : 327,
    "24" : 278,
    "25" : 233,
    "26" : 218,
    "27" : 208,
    "28" : 172,
    "29" : 162,
    "30" : 141,
    "31" : 124,
    "32" : 120,
    "33" : 107,
    "34" : 96,
    "35" : 81,
    "36" : 81,
    "37" : 65,
    "38" : 85,
    "39" : 64,
    "40" : 42,
    "41" : 42,
    "42" : 37,
    "43" : 38,
    "44" : 38,
    "45" : 28,
    "46" : 26,
    "47" : 28,
    "48" : 11,
    "49" : 22,
    "50" : 14,
    "51" : 15,
    "52" : 10,
    "53" : 11,
    "54" : 14,
    "55" : 11,
    "56" : 5,
    "57" : 2,
    "58" : 6,
    "59" : 5,
    "60" : 5,
    "61" : 5,
    "62" : 7,
    "63" : 4,
    "64" : 2,
    "65" : 2,
    "66" : 1,
    "67" : 4,
    "68" : 2,
    "69" : 4,
    "72" : 2,
    "75" : 2,
    "76" : 1,
    "77" : 1,
    "79" : 3,
    "80" : 2,
    "82" : 2,
    "84" : 1,
    "87" : 1,
    "89" : 1,
    "94" : 1
  },
  "mean" : 19.25343057288168,
  "stdDev" : 10.02771442593771
}