{
  "distribution" : {
    "2" : 51,
    "3" : 233,
    "4" : 516,
    "5" : 840,
    "6" : 934,
    "7" : 1000,
    "8" : 1021,
    "9" : 923,
    "10" : 828,
    "75" : 1,
    "11" : 645,
    "12" : 610,
    "13" : 515,
    "14" : 402,
    "15" : 356,
    "16" : 311,
    "17" : 240,
    "18" : 187,
    "19" : 140,
    "20" : 143,
    "21" : 127,
    "22" : 90,
    "23" : 66,
    "24" : 59,
    "25" : 47,
    "26" : 35,
    "27" : 35,
    "28" : 20,
    "29" : 19,
    "30" : 14,
    "31" : 17,
    "32" : 8,
    "33" : 10,
    "34" : 8,
    "35" : 3,
    "36" : 2,
    "37" : 2,
    "38" : 4,
    "39" : 2,
    "40" : 1,
    "41" : 1,
    "42" : 1,
    "43" : 3,
    "44" : 1,
    "47" : 1
  },
  "mean" : 10.396294881588998,
  "stdDev" : 5.427792177225346
}