{
  "distribution" : {
    "2" : 7,
    "3" : 62,
    "4" : 180,
    "5" : 404,
    "6" : 561,
    "7" : 718,
    "8" : 750,
    "9" : 815,
    "10" : 782,
    "11" : 758,
    "12" : 708,
    "13" : 603,
    "14" : 583,
    "15" : 457,
    "16" : 402,
    "17" : 357,
    "18" : 348,
    "19" : 318,
    "20" : 266,
    "21" : 237,
    "22" : 199,
    "23" : 162,
    "24" : 133,
    "25" : 131,
    "26" : 107,
    "27" : 97,
    "28" : 86,
    "29" : 59,
    "30" : 57,
    "31" : 44,
    "32" : 49,
    "33" : 23,
    "34" : 30,
    "35" : 28,
    "36" : 18,
    "37" : 18,
    "38" : 15,
    "39" : 7,
    "40" : 15,
    "41" : 7,
    "42" : 7,
    "43" : 6,
    "44" : 3,
    "45" : 2,
    "46" : 4,
    "47" : 7,
    "48" : 5,
    "49" : 2,
    "50" : 4,
    "51" : 1,
    "52" : 2,
    "53" : 4,
    "54" : 2,
    "58" : 1,
    "60" : 2,
    "61" : 1,
    "69" : 1
  },
  "mean" : 13.554669169404036,
  "stdDev" : 7.138022896168849
}