{
  "distribution" : {
    "3" : 14,
    "4" : 56,
    "5" : 108,
    "6" : 236,
    "7" : 327,
    "8" : 420,
    "9" : 502,
    "10" : 510,
    "11" : 605,
    "12" : 560,
    "13" : 627,
    "14" : 569,
    "15" : 601,
    "16" : 513,
    "17" : 509,
    "18" : 463,
    "19" : 428,
    "20" : 366,
    "21" : 371,
    "22" : 304,
    "23" : 273,
    "24" : 247,
    "25" : 215,
    "26" : 191,
    "27" : 176,
    "28" : 173,
    "29" : 147,
    "30" : 133,
    "31" : 112,
    "32" : 91,
    "33" : 86,
    "34" : 81,
    "35" : 80,
    "36" : 51,
    "37" : 51,
    "38" : 59,
    "39" : 46,
    "40" : 47,
    "41" : 37,
    "42" : 47,
    "43" : 27,
    "44" : 29,
    "45" : 17,
    "46" : 19,
    "47" : 14,
    "48" : 12,
    "49" : 18,
    "50" : 10,
    "51" : 14,
    "52" : 13,
    "53" : 13,
    "54" : 4,
    "55" : 6,
    "56" : 4,
    "57" : 4,
    "58" : 7,
    "59" : 3,
    "60" : 4,
    "61" : 4,
    "62" : 3,
    "63" : 4,
    "64" : 2,
    "65" : 2,
    "66" : 1,
    "67" : 1,
    "68" : 1,
    "69" : 3,
    "70" : 1,
    "72" : 1,
    "73" : 1,
    "74" : 1,
    "77" : 2,
    "81" : 1,
    "83" : 1,
    "94" : 2
  },
  "mean" : 17.99082482913585,
  "stdDev" : 9.486443613787557
}