{
  "distribution" : {
    "3" : 10,
    "4" : 34,
    "5" : 68,
    "6" : 153,
    "7" : 226,
    "8" : 334,
    "9" : 371,
    "10" : 466,
    "11" : 505,
    "12" : 516,
    "13" : 586,
    "14" : 593,
    "15" : 535,
    "16" : 522,
    "17" : 516,
    "18" : 452,
    "19" : 465,
    "20" : 397,
    "21" : 371,
    "22" : 337,
    "23" : 313,
    "24" : 270,
    "25" : 238,
    "26" : 230,
    "27" : 198,
    "28" : 171,
    "29" : 189,
    "30" : 129,
    "31" : 122,
    "32" : 124,
    "33" : 88,
    "34" : 87,
    "35" : 75,
    "36" : 92,
    "37" : 70,
    "38" : 55,
    "39" : 53,
    "40" : 37,
    "41" : 37,
    "42" : 50,
    "43" : 35,
    "44" : 28,
    "45" : 30,
    "46" : 24,
    "47" : 26,
    "48" : 18,
    "49" : 18,
    "50" : 14,
    "51" : 18,
    "52" : 8,
    "53" : 17,
    "54" : 11,
    "55" : 13,
    "56" : 12,
    "57" : 3,
    "58" : 5,
    "59" : 5,
    "60" : 5,
    "61" : 3,
    "62" : 4,
    "63" : 5,
    "64" : 3,
    "65" : 4,
    "66" : 5,
    "67" : 1,
    "68" : 1,
    "69" : 3,
    "70" : 1,
    "71" : 2,
    "73" : 4,
    "74" : 3,
    "75" : 1,
    "76" : 1,
    "77" : 2,
    "78" : 1,
    "79" : 1,
    "80" : 1,
    "85" : 1,
    "86" : 1,
    "87" : 1,
    "95" : 1,
    "98" : 1
  },
  "mean" : 19.261078074045656,
  "stdDev" : 10.034383791735848
}