{
  "distribution" : {
    "3" : 2,
    "4" : 32,
    "5" : 96,
    "6" : 168,
    "7" : 290,
    "8" : 360,
    "9" : 481,
    "10" : 522,
    "11" : 582,
    "12" : 565,
    "13" : 570,
    "14" : 613,
    "15" : 566,
    "16" : 545,
    "17" : 474,
    "18" : 468,
    "19" : 391,
    "20" : 402,
    "21" : 358,
    "22" : 312,
    "23" : 300,
    "24" : 267,
    "25" : 252,
    "26" : 221,
    "27" : 177,
    "28" : 181,
    "29" : 175,
    "30" : 144,
    "31" : 158,
    "32" : 118,
    "33" : 120,
    "34" : 69,
    "35" : 84,
    "36" : 70,
    "37" : 66,
    "38" : 50,
    "39" : 60,
    "40" : 54,
    "41" : 50,
    "42" : 39,
    "43" : 33,
    "44" : 29,
    "45" : 28,
    "46" : 24,
    "47" : 17,
    "48" : 18,
    "49" : 17,
    "50" : 14,
    "51" : 11,
    "52" : 13,
    "53" : 10,
    "54" : 12,
    "55" : 3,
    "56" : 8,
    "57" : 12,
    "58" : 4,
    "59" : 6,
    "60" : 9,
    "61" : 7,
    "62" : 8,
    "63" : 2,
    "64" : 3,
    "65" : 4,
    "66" : 4,
    "67" : 3,
    "69" : 4,
    "70" : 2,
    "72" : 4,
    "73" : 2,
    "74" : 2,
    "77" : 1,
    "80" : 1,
    "85" : 1,
    "87" : 1,
    "88" : 1,
    "97" : 1
  },
  "mean" : 18.84086900009284,
  "stdDev" : 9.976310145045385
}