{
  "distribution" : {
    "3" : 17,
    "4" : 43,
    "5" : 99,
    "6" : 182,
    "7" : 273,
    "8" : 339,
    "9" : 458,
    "10" : 531,
    "11" : 565,
    "12" : 559,
    "13" : 566,
    "14" : 552,
    "15" : 508,
    "16" : 512,
    "17" : 481,
    "18" : 475,
    "19" : 399,
    "20" : 372,
    "21" : 340,
    "22" : 297,
    "23" : 280,
    "24" : 272,
    "25" : 252,
    "26" : 211,
    "27" : 189,
    "28" : 164,
    "29" : 158,
    "30" : 131,
    "31" : 104,
    "32" : 125,
    "33" : 92,
    "34" : 92,
    "35" : 90,
    "36" : 64,
    "37" : 59,
    "38" : 60,
    "39" : 57,
    "40" : 40,
    "41" : 40,
    "42" : 23,
    "43" : 29,
    "44" : 26,
    "45" : 21,
    "46" : 18,
    "47" : 18,
    "48" : 18,
    "49" : 16,
    "50" : 15,
    "51" : 6,
    "52" : 14,
    "53" : 10,
    "54" : 8,
    "55" : 4,
    "56" : 4,
    "57" : 6,
    "58" : 5,
    "59" : 4,
    "60" : 7,
    "61" : 2,
    "62" : 1,
    "63" : 2,
    "64" : 2,
    "65" : 4,
    "66" : 1,
    "67" : 4,
    "68" : 2,
    "70" : 1,
    "71" : 1,
    "72" : 1,
    "73" : 1,
    "74" : 1,
    "76" : 2,
    "79" : 1,
    "84" : 1,
    "89" : 1,
    "103" : 1
  },
  "mean" : 18.489108335753702,
  "stdDev" : 9.586952875771882
}