{
  "distribution" : {
    "2" : 3,
    "3" : 17,
    "4" : 107,
    "5" : 186,
    "6" : 359,
    "7" : 484,
    "8" : 569,
    "9" : 657,
    "10" : 658,
    "11" : 713,
    "12" : 636,
    "13" : 654,
    "14" : 555,
    "15" : 523,
    "16" : 507,
    "17" : 438,
    "18" : 397,
    "19" : 356,
    "20" : 330,
    "21" : 264,
    "22" : 245,
    "23" : 223,
    "24" : 206,
    "25" : 147,
    "26" : 152,
    "27" : 123,
    "28" : 98,
    "29" : 97,
    "30" : 77,
    "31" : 79,
    "32" : 64,
    "33" : 68,
    "34" : 55,
    "35" : 31,
    "36" : 28,
    "37" : 31,
    "38" : 23,
    "39" : 20,
    "40" : 18,
    "41" : 18,
    "42" : 16,
    "43" : 12,
    "44" : 8,
    "45" : 14,
    "46" : 8,
    "47" : 10,
    "48" : 5,
    "49" : 8,
    "50" : 4,
    "51" : 5,
    "52" : 3,
    "53" : 4,
    "54" : 4,
    "55" : 4,
    "56" : 1,
    "57" : 3,
    "58" : 2,
    "59" : 2,
    "60" : 3,
    "63" : 5,
    "65" : 1,
    "67" : 1,
    "69" : 1
  },
  "mean" : 15.522533849129594,
  "stdDev" : 8.052791225664969
}