{
  "distribution" : {
    "3" : 3,
    "4" : 25,
    "5" : 74,
    "6" : 112,
    "7" : 208,
    "8" : 291,
    "9" : 400,
    "10" : 415,
    "11" : 563,
    "12" : 522,
    "13" : 515,
    "14" : 534,
    "15" : 528,
    "16" : 512,
    "17" : 505,
    "18" : 446,
    "19" : 369,
    "20" : 392,
    "21" : 388,
    "22" : 344,
    "23" : 330,
    "24" : 270,
    "25" : 289,
    "26" : 216,
    "27" : 214,
    "28" : 200,
    "29" : 181,
    "30" : 157,
    "31" : 125,
    "32" : 115,
    "33" : 120,
    "34" : 113,
    "35" : 89,
    "36" : 84,
    "37" : 68,
    "38" : 59,
    "39" : 68,
    "40" : 55,
    "41" : 51,
    "42" : 44,
    "43" : 23,
    "44" : 25,
    "45" : 32,
    "46" : 20,
    "47" : 20,
    "48" : 31,
    "49" : 19,
    "50" : 23,
    "51" : 15,
    "52" : 17,
    "53" : 22,
    "54" : 10,
    "55" : 6,
    "56" : 10,
    "57" : 14,
    "58" : 4,
    "59" : 10,
    "60" : 3,
    "61" : 7,
    "62" : 3,
    "63" : 6,
    "64" : 4,
    "65" : 4,
    "66" : 3,
    "67" : 3,
    "68" : 4,
    "69" : 3,
    "70" : 2,
    "71" : 2,
    "72" : 2,
    "73" : 1,
    "75" : 3,
    "76" : 1,
    "82" : 1,
    "84" : 1,
    "85" : 1,
    "86" : 1,
    "96" : 1,
    "115" : 1
  },
  "mean" : 19.76758114374034,
  "stdDev" : 10.261148098374148
}