{
  "distribution" : {
    "1" : 72,
    "2" : 480,
    "3" : 1025,
    "4" : 1400,
    "5" : 1440,
    "6" : 1520,
    "7" : 1281,
    "8" : 1153,
    "9" : 997,
    "10" : 780,
    "11" : 598,
    "12" : 493,
    "13" : 440,
    "14" : 315,
    "15" : 263,
    "16" : 196,
    "17" : 173,
    "18" : 148,
    "19" : 112,
    "20" : 87,
    "21" : 53,
    "22" : 55,
    "23" : 42,
    "24" : 34,
    "25" : 25,
    "26" : 13,
    "27" : 13,
    "28" : 17,
    "29" : 12,
    "30" : 6,
    "31" : 6,
    "32" : 4,
    "33" : 4,
    "34" : 3,
    "35" : 2,
    "36" : 5,
    "38" : 2,
    "39" : 2,
    "41" : 1,
    "42" : 1,
    "43" : 1,
    "45" : 1
  },
  "mean" : 8.114124293785311,
  "stdDev" : 4.769779730894311
}