{
  "distribution" : {
    "2" : 5,
    "3" : 67,
    "4" : 212,
    "5" : 398,
    "6" : 554,
    "7" : 707,
    "8" : 765,
    "9" : 808,
    "10" : 797,
    "11" : 725,
    "12" : 659,
    "13" : 647,
    "14" : 522,
    "15" : 471,
    "16" : 397,
    "17" : 350,
    "18" : 328,
    "19" : 245,
    "20" : 210,
    "21" : 184,
    "22" : 159,
    "23" : 147,
    "24" : 134,
    "25" : 96,
    "26" : 80,
    "27" : 64,
    "28" : 60,
    "29" : 58,
    "30" : 46,
    "31" : 26,
    "32" : 26,
    "33" : 17,
    "34" : 18,
    "35" : 24,
    "36" : 11,
    "37" : 12,
    "38" : 9,
    "39" : 7,
    "40" : 7,
    "41" : 4,
    "42" : 6,
    "43" : 4,
    "44" : 5,
    "45" : 3,
    "46" : 4,
    "47" : 2,
    "48" : 7,
    "49" : 1,
    "50" : 1,
    "51" : 1,
    "53" : 1,
    "54" : 1,
    "55" : 1,
    "56" : 1,
    "85" : 1
  },
  "mean" : 12.948687469044081,
  "stdDev" : 6.637739219090664
}