{
  "distribution" : {
    "2" : 2,
    "3" : 15,
    "4" : 64,
    "5" : 169,
    "6" : 277,
    "7" : 391,
    "8" : 469,
    "9" : 514,
    "10" : 599,
    "11" : 620,
    "12" : 629,
    "13" : 641,
    "14" : 575,
    "15" : 518,
    "16" : 511,
    "17" : 495,
    "18" : 442,
    "19" : 413,
    "20" : 337,
    "21" : 316,
    "22" : 258,
    "23" : 248,
    "24" : 242,
    "25" : 179,
    "26" : 199,
    "27" : 146,
    "28" : 124,
    "29" : 110,
    "30" : 117,
    "31" : 105,
    "32" : 82,
    "33" : 56,
    "34" : 65,
    "35" : 51,
    "36" : 44,
    "37" : 58,
    "38" : 34,
    "39" : 29,
    "40" : 34,
    "41" : 21,
    "42" : 28,
    "43" : 26,
    "44" : 12,
    "45" : 9,
    "46" : 21,
    "47" : 8,
    "48" : 9,
    "49" : 11,
    "50" : 11,
    "51" : 7,
    "52" : 4,
    "53" : 4,
    "54" : 11,
    "55" : 2,
    "56" : 4,
    "57" : 3,
    "58" : 2,
    "60" : 2,
    "61" : 4,
    "62" : 1,
    "63" : 1,
    "64" : 2,
    "66" : 1,
    "68" : 2,
    "70" : 2,
    "73" : 1,
    "76" : 1,
    "81" : 1,
    "104" : 1
  },
  "mean" : 16.80750721847931,
  "stdDev" : 8.74036473985123
}