{
  "distribution" : {
    "2" : 12,
    "3" : 55,
    "4" : 183,
    "5" : 341,
    "6" : 518,
    "7" : 661,
    "8" : 752,
    "9" : 743,
    "10" : 753,
    "11" : 724,
    "12" : 685,
    "13" : 622,
    "14" : 538,
    "15" : 487,
    "16" : 427,
    "17" : 351,
    "18" : 331,
    "19" : 287,
    "20" : 234,
    "21" : 207,
    "22" : 185,
    "23" : 143,
    "24" : 120,
    "25" : 102,
    "26" : 108,
    "27" : 86,
    "28" : 73,
    "29" : 61,
    "30" : 40,
    "31" : 41,
    "32" : 30,
    "33" : 27,
    "34" : 24,
    "35" : 25,
    "36" : 15,
    "37" : 19,
    "38" : 9,
    "39" : 8,
    "40" : 12,
    "41" : 5,
    "42" : 7,
    "43" : 2,
    "44" : 4,
    "45" : 2,
    "46" : 3,
    "47" : 3,
    "48" : 1,
    "49" : 4,
    "50" : 1,
    "51" : 2,
    "52" : 1,
    "53" : 2,
    "54" : 1,
    "55" : 2,
    "56" : 2,
    "58" : 1,
    "59" : 1,
    "60" : 1
  },
  "mean" : 13.407080523601746,
  "stdDev" : 6.869058634406991
}