{
  "distribution" : {
    "2" : 4,
    "3" : 16,
    "4" : 40,
    "5" : 144,
    "6" : 171,
    "7" : 310,
    "8" : 403,
    "9" : 467,
    "10" : 555,
    "11" : 529,
    "12" : 614,
    "13" : 586,
    "14" : 580,
    "15" : 558,
    "16" : 538,
    "17" : 510,
    "18" : 432,
    "19" : 416,
    "20" : 382,
    "21" : 355,
    "22" : 312,
    "23" : 298,
    "24" : 242,
    "25" : 226,
    "26" : 211,
    "27" : 189,
    "28" : 157,
    "29" : 155,
    "30" : 128,
    "31" : 131,
    "32" : 88,
    "33" : 94,
    "34" : 81,
    "35" : 77,
    "36" : 91,
    "37" : 60,
    "38" : 59,
    "39" : 54,
    "40" : 43,
    "41" : 44,
    "42" : 33,
    "43" : 32,
    "44" : 24,
    "45" : 15,
    "46" : 17,
    "47" : 14,
    "48" : 18,
    "49" : 16,
    "50" : 10,
    "51" : 16,
    "52" : 10,
    "53" : 4,
    "54" : 6,
    "55" : 12,
    "56" : 5,
    "57" : 8,
    "58" : 5,
    "59" : 3,
    "60" : 7,
    "61" : 6,
    "62" : 2,
    "63" : 3,
    "64" : 1,
    "65" : 3,
    "67" : 4,
    "68" : 1,
    "69" : 1,
    "70" : 1,
    "72" : 1,
    "78" : 2,
    "79" : 1,
    "83" : 2,
    "90" : 1,
    "98" : 1,
    "104" : 1
  },
  "mean" : 18.25526513726965,
  "stdDev" : 9.605171949322509
}