{
  "distribution" : {
    "2" : 8,
    "3" : 60,
    "4" : 193,
    "5" : 323,
    "6" : 506,
    "7" : 635,
    "8" : 751,
    "9" : 783,
    "10" : 805,
    "11" : 753,
    "12" : 746,
    "13" : 638,
    "14" : 602,
    "15" : 552,
    "16" : 548,
    "17" : 394,
    "18" : 357,
    "19" : 353,
    "20" : 297,
    "21" : 235,
    "22" : 226,
    "23" : 190,
    "24" : 155,
    "25" : 126,
    "26" : 123,
    "27" : 123,
    "28" : 82,
    "29" : 80,
    "30" : 69,
    "31" : 59,
    "32" : 48,
    "33" : 43,
    "34" : 44,
    "35" : 28,
    "36" : 30,
    "37" : 25,
    "38" : 23,
    "39" : 19,
    "40" : 19,
    "41" : 14,
    "42" : 14,
    "43" : 11,
    "44" : 14,
    "45" : 7,
    "46" : 8,
    "47" : 6,
    "48" : 4,
    "49" : 6,
    "50" : 5,
    "51" : 6,
    "52" : 2,
    "54" : 5,
    "55" : 1,
    "56" : 2,
    "57" : 1,
    "61" : 2,
    "62" : 1,
    "68" : 2,
    "72" : 2,
    "81" : 2
  },
  "mean" : 14.277180727207595,
  "stdDev" : 7.696790530717248
}