{
  "distribution" : {
    "3" : 5,
    "4" : 34,
    "5" : 59,
    "6" : 130,
    "7" : 234,
    "8" : 295,
    "9" : 390,
    "10" : 454,
    "11" : 518,
    "12" : 482,
    "13" : 525,
    "14" : 559,
    "15" : 533,
    "16" : 521,
    "17" : 491,
    "18" : 474,
    "19" : 428,
    "20" : 386,
    "21" : 375,
    "22" : 350,
    "23" : 326,
    "24" : 299,
    "25" : 241,
    "26" : 219,
    "27" : 204,
    "28" : 194,
    "29" : 187,
    "30" : 156,
    "31" : 149,
    "32" : 127,
    "33" : 97,
    "34" : 114,
    "35" : 94,
    "36" : 84,
    "37" : 83,
    "38" : 61,
    "39" : 81,
    "40" : 48,
    "41" : 48,
    "42" : 36,
    "43" : 31,
    "44" : 40,
    "45" : 30,
    "46" : 29,
    "47" : 32,
    "48" : 21,
    "49" : 12,
    "50" : 17,
    "51" : 14,
    "52" : 12,
    "53" : 11,
    "54" : 9,
    "55" : 6,
    "56" : 13,
    "57" : 9,
    "58" : 6,
    "59" : 5,
    "60" : 4,
    "61" : 6,
    "62" : 7,
    "63" : 6,
    "64" : 7,
    "65" : 3,
    "66" : 4,
    "67" : 1,
    "69" : 3,
    "70" : 2,
    "71" : 3,
    "72" : 3,
    "73" : 5,
    "74" : 2,
    "76" : 1,
    "77" : 2,
    "78" : 1,
    "79" : 2,
    "80" : 1,
    "81" : 1,
    "82" : 1,
    "83" : 1,
    "85" : 1,
    "95" : 1,
    "115" : 1
  },
  "mean" : 19.75882184182844,
  "stdDev" : 10.30848658280535
}