{
  "distribution" : {
    "3" : 5,
    "4" : 40,
    "5" : 92,
    "6" : 164,
    "7" : 250,
    "8" : 338,
    "9" : 448,
    "10" : 480,
    "11" : 491,
    "12" : 507,
    "13" : 567,
    "14" : 550,
    "15" : 574,
    "16" : 547,
    "17" : 484,
    "18" : 461,
    "19" : 392,
    "20" : 372,
    "21" : 337,
    "22" : 313,
    "23" : 311,
    "24" : 253,
    "25" : 245,
    "26" : 228,
    "27" : 184,
    "28" : 184,
    "29" : 184,
    "30" : 148,
    "31" : 111,
    "32" : 131,
    "33" : 108,
    "34" : 76,
    "35" : 89,
    "36" : 73,
    "37" : 70,
    "38" : 65,
    "39" : 42,
    "40" : 42,
    "41" : 36,
    "42" : 42,
    "43" : 43,
    "44" : 30,
    "45" : 26,
    "46" : 26,
    "47" : 16,
    "48" : 17,
    "49" : 21,
    "50" : 11,
    "51" : 15,
    "52" : 14,
    "53" : 9,
    "54" : 6,
    "55" : 13,
    "56" : 10,
    "57" : 5,
    "58" : 3,
    "59" : 1,
    "60" : 6,
    "61" : 7,
    "62" : 5,
    "63" : 7,
    "64" : 1,
    "65" : 4,
    "66" : 3,
    "67" : 2,
    "68" : 1,
    "69" : 1,
    "70" : 2,
    "72" : 1,
    "73" : 1,
    "76" : 2,
    "78" : 1,
    "81" : 2,
    "83" : 1,
    "84" : 1,
    "85" : 1
  },
  "mean" : 18.99169001835926,
  "stdDev" : 9.85743606331408
}