{
  "distribution" : {
    "2" : 8,
    "3" : 39,
    "4" : 139,
    "5" : 279,
    "6" : 415,
    "7" : 561,
    "8" : 651,
    "9" : 679,
    "10" : 770,
    "11" : 722,
    "12" : 654,
    "13" : 583,
    "14" : 615,
    "15" : 521,
    "16" : 506,
    "17" : 407,
    "18" : 405,
    "19" : 341,
    "20" : 306,
    "21" : 266,
    "22" : 245,
    "23" : 201,
    "24" : 202,
    "25" : 156,
    "26" : 115,
    "27" : 141,
    "28" : 111,
    "29" : 100,
    "30" : 66,
    "31" : 70,
    "32" : 67,
    "33" : 60,
    "34" : 36,
    "35" : 38,
    "36" : 29,
    "37" : 29,
    "38" : 27,
    "39" : 20,
    "40" : 27,
    "41" : 15,
    "42" : 9,
    "43" : 15,
    "44" : 7,
    "45" : 9,
    "46" : 7,
    "47" : 6,
    "48" : 7,
    "49" : 3,
    "50" : 4,
    "51" : 2,
    "52" : 5,
    "53" : 3,
    "54" : 4,
    "55" : 3,
    "56" : 3,
    "57" : 1,
    "59" : 2,
    "62" : 2,
    "67" : 1,
    "68" : 2,
    "69" : 1,
    "81" : 1
  },
  "mean" : 14.979102528220917,
  "stdDev" : 7.912184328474835
}