{
  "distribution" : {
    "3" : 7,
    "4" : 37,
    "5" : 76,
    "6" : 195,
    "7" : 262,
    "8" : 376,
    "9" : 432,
    "10" : 464,
    "11" : 511,
    "12" : 572,
    "13" : 575,
    "14" : 537,
    "15" : 553,
    "16" : 504,
    "17" : 478,
    "18" : 427,
    "19" : 407,
    "20" : 398,
    "21" : 336,
    "22" : 281,
    "23" : 296,
    "24" : 260,
    "25" : 243,
    "26" : 236,
    "27" : 216,
    "28" : 172,
    "29" : 144,
    "30" : 144,
    "31" : 115,
    "32" : 113,
    "33" : 116,
    "34" : 79,
    "35" : 76,
    "36" : 51,
    "37" : 68,
    "38" : 61,
    "39" : 46,
    "40" : 40,
    "41" : 35,
    "42" : 32,
    "43" : 28,
    "44" : 31,
    "45" : 22,
    "46" : 27,
    "47" : 16,
    "48" : 25,
    "49" : 10,
    "50" : 15,
    "51" : 9,
    "52" : 11,
    "53" : 8,
    "54" : 6,
    "55" : 9,
    "56" : 3,
    "57" : 6,
    "58" : 5,
    "59" : 4,
    "60" : 2,
    "61" : 2,
    "62" : 4,
    "63" : 1,
    "64" : 4,
    "65" : 2,
    "66" : 2,
    "67" : 2,
    "68" : 2,
    "69" : 3,
    "71" : 1,
    "72" : 1,
    "73" : 1,
    "74" : 1,
    "75" : 3,
    "76" : 2,
    "78" : 1,
    "84" : 1,
    "89" : 1,
    "100" : 1
  },
  "mean" : 18.6603534120863,
  "stdDev" : 9.634916291439339
}