{
  "distribution" : {
    "1" : 1,
    "2" : 77,
    "3" : 380,
    "4" : 783,
    "5" : 1027,
    "6" : 1179,
    "7" : 1109,
    "8" : 1041,
    "9" : 906,
    "10" : 827,
    "11" : 697,
    "12" : 516,
    "13" : 450,
    "14" : 367,
    "15" : 293,
    "16" : 245,
    "17" : 180,
    "18" : 144,
    "19" : 128,
    "20" : 104,
    "21" : 62,
    "22" : 63,
    "23" : 50,
    "24" : 34,
    "25" : 39,
    "26" : 34,
    "27" : 30,
    "28" : 8,
    "29" : 14,
    "30" : 18,
    "31" : 5,
    "32" : 8,
    "33" : 3,
    "34" : 4,
    "35" : 3,
    "36" : 2,
    "37" : 2,
    "38" : 2,
    "39" : 1,
    "41" : 1,
    "43" : 1,
    "51" : 1,
    "63" : 1
  },
  "mean" : 9.42619926199262,
  "stdDev" : 5.007190690727013
}