{
  "distribution" : {
    "1" : 1,
    "2" : 28,
    "3" : 131,
    "4" : 397,
    "5" : 597,
    "6" : 759,
    "7" : 934,
    "8" : 943,
    "9" : 889,
    "10" : 821,
    "11" : 772,
    "12" : 676,
    "13" : 575,
    "14" : 500,
    "15" : 440,
    "16" : 369,
    "17" : 323,
    "18" : 279,
    "19" : 254,
    "20" : 195,
    "21" : 155,
    "22" : 132,
    "23" : 113,
    "24" : 93,
    "25" : 78,
    "26" : 65,
    "27" : 50,
    "28" : 54,
    "29" : 35,
    "30" : 21,
    "31" : 22,
    "32" : 13,
    "33" : 22,
    "34" : 18,
    "35" : 14,
    "36" : 11,
    "37" : 8,
    "38" : 8,
    "39" : 6,
    "40" : 7,
    "41" : 6,
    "42" : 5,
    "43" : 1,
    "44" : 3,
    "45" : 3,
    "46" : 1,
    "47" : 2,
    "48" : 3,
    "49" : 2,
    "51" : 1,
    "55" : 1,
    "60" : 1,
    "76" : 1
  },
  "mean" : 11.778464661376638,
  "stdDev" : 6.255864416001727
}