{
  "distribution" : {
    "2" : 2,
    "3" : 22,
    "4" : 56,
    "5" : 145,
    "6" : 258,
    "7" : 398,
    "8" : 463,
    "9" : 542,
    "10" : 559,
    "11" : 614,
    "12" : 580,
    "13" : 611,
    "14" : 603,
    "15" : 537,
    "16" : 527,
    "17" : 450,
    "18" : 423,
    "19" : 405,
    "20" : 320,
    "21" : 300,
    "22" : 287,
    "23" : 231,
    "24" : 223,
    "25" : 179,
    "26" : 141,
    "27" : 154,
    "28" : 125,
    "29" : 99,
    "30" : 102,
    "31" : 84,
    "32" : 67,
    "33" : 73,
    "34" : 44,
    "35" : 54,
    "36" : 50,
    "37" : 42,
    "38" : 38,
    "39" : 26,
    "40" : 26,
    "41" : 28,
    "42" : 19,
    "43" : 15,
    "44" : 9,
    "45" : 14,
    "46" : 12,
    "47" : 9,
    "48" : 6,
    "49" : 6,
    "50" : 9,
    "51" : 8,
    "52" : 4,
    "53" : 4,
    "54" : 8,
    "55" : 4,
    "56" : 2,
    "57" : 1,
    "58" : 2,
    "59" : 3,
    "60" : 4,
    "62" : 2,
    "63" : 2,
    "64" : 1,
    "66" : 4,
    "71" : 1,
    "76" : 1,
    "86" : 1
  },
  "mean" : 16.584420759039745,
  "stdDev" : 8.47781232358058
}