{
  "distribution" : {
    "3" : 10,
    "4" : 34,
    "5" : 83,
    "6" : 176,
    "7" : 244,
    "8" : 361,
    "9" : 404,
    "10" : 480,
    "11" : 491,
    "12" : 553,
    "13" : 590,
    "14" : 577,
    "15" : 496,
    "16" : 516,
    "17" : 508,
    "18" : 484,
    "19" : 433,
    "20" : 391,
    "21" : 358,
    "22" : 337,
    "23" : 332,
    "24" : 322,
    "25" : 257,
    "26" : 240,
    "27" : 208,
    "28" : 184,
    "29" : 165,
    "30" : 161,
    "31" : 130,
    "32" : 148,
    "33" : 110,
    "34" : 118,
    "35" : 83,
    "36" : 88,
    "37" : 80,
    "38" : 58,
    "39" : 54,
    "40" : 55,
    "41" : 43,
    "42" : 45,
    "43" : 40,
    "44" : 27,
    "45" : 33,
    "46" : 27,
    "47" : 35,
    "48" : 22,
    "49" : 15,
    "50" : 25,
    "51" : 20,
    "52" : 16,
    "53" : 12,
    "54" : 12,
    "55" : 9,
    "56" : 13,
    "57" : 15,
    "58" : 5,
    "59" : 6,
    "60" : 7,
    "61" : 5,
    "62" : 3,
    "63" : 8,
    "64" : 6,
    "65" : 5,
    "66" : 2,
    "67" : 2,
    "68" : 1,
    "69" : 3,
    "70" : 1,
    "71" : 3,
    "72" : 1,
    "73" : 2,
    "74" : 1,
    "75" : 2,
    "76" : 3,
    "77" : 1,
    "78" : 1,
    "79" : 2,
    "80" : 1,
    "84" : 1,
    "93" : 1,
    "116" : 1
  },
  "mean" : 19.531197926309943,
  "stdDev" : 10.356840297143991
}