{
  "distribution" : {
    "2" : 1,
    "3" : 7,
    "4" : 32,
    "5" : 70,
    "6" : 127,
    "7" : 212,
    "8" : 320,
    "9" : 352,
    "10" : 455,
    "11" : 468,
    "12" : 482,
    "13" : 543,
    "14" : 520,
    "15" : 494,
    "16" : 526,
    "17" : 514,
    "18" : 442,
    "19" : 426,
    "20" : 441,
    "21" : 349,
    "22" : 354,
    "23" : 342,
    "24" : 292,
    "25" : 254,
    "26" : 248,
    "27" : 214,
    "28" : 191,
    "29" : 171,
    "30" : 172,
    "31" : 139,
    "32" : 150,
    "33" : 111,
    "34" : 120,
    "35" : 101,
    "36" : 96,
    "37" : 87,
    "38" : 70,
    "39" : 60,
    "40" : 59,
    "41" : 38,
    "42" : 50,
    "43" : 39,
    "44" : 36,
    "45" : 32,
    "46" : 31,
    "47" : 30,
    "48" : 27,
    "49" : 22,
    "50" : 16,
    "51" : 23,
    "52" : 19,
    "53" : 16,
    "54" : 10,
    "55" : 6,
    "56" : 11,
    "57" : 12,
    "58" : 5,
    "59" : 8,
    "60" : 10,
    "61" : 3,
    "62" : 2,
    "63" : 6,
    "64" : 3,
    "65" : 4,
    "66" : 2,
    "67" : 5,
    "68" : 2,
    "69" : 3,
    "70" : 3,
    "71" : 2,
    "72" : 3,
    "73" : 4,
    "74" : 4,
    "75" : 1,
    "76" : 1,
    "77" : 2,
    "78" : 1,
    "81" : 1,
    "82" : 1,
    "85" : 2,
    "87" : 1,
    "90" : 2,
    "94" : 1
  },
  "mean" : 20.09855403348554,
  "stdDev" : 10.513175871418149
}