{
  "distribution" : {
    "3" : 3,
    "4" : 26,
    "5" : 82,
    "6" : 152,
    "7" : 239,
    "8" : 327,
    "9" : 419,
    "10" : 476,
    "11" : 536,
    "12" : 528,
    "13" : 550,
    "14" : 586,
    "15" : 555,
    "16" : 538,
    "17" : 505,
    "18" : 466,
    "19" : 427,
    "20" : 419,
    "21" : 380,
    "22" : 358,
    "23" : 288,
    "24" : 287,
    "25" : 272,
    "26" : 246,
    "27" : 226,
    "28" : 193,
    "29" : 173,
    "30" : 144,
    "31" : 121,
    "32" : 132,
    "33" : 113,
    "34" : 104,
    "35" : 82,
    "36" : 78,
    "37" : 83,
    "38" : 65,
    "39" : 67,
    "40" : 52,
    "41" : 47,
    "42" : 38,
    "43" : 34,
    "44" : 45,
    "45" : 31,
    "46" : 38,
    "47" : 28,
    "48" : 23,
    "49" : 20,
    "50" : 18,
    "51" : 19,
    "52" : 10,
    "53" : 15,
    "54" : 9,
    "55" : 8,
    "56" : 12,
    "57" : 9,
    "58" : 8,
    "59" : 8,
    "60" : 9,
    "61" : 6,
    "62" : 7,
    "63" : 9,
    "64" : 4,
    "65" : 3,
    "66" : 6,
    "67" : 1,
    "68" : 3,
    "69" : 2,
    "70" : 2,
    "71" : 2,
    "72" : 3,
    "73" : 2,
    "74" : 1,
    "76" : 2,
    "77" : 1,
    "78" : 2,
    "81" : 1,
    "82" : 1,
    "84" : 4,
    "89" : 1,
    "92" : 1,
    "94" : 1
  },
  "mean" : 19.605077835433654,
  "stdDev" : 10.390703386639176
}