{
  "distribution" : {
    "2" : 1,
    "3" : 12,
    "4" : 32,
    "5" : 104,
    "6" : 178,
    "7" : 279,
    "8" : 374,
    "9" : 491,
    "10" : 581,
    "11" : 539,
    "12" : 543,
    "13" : 572,
    "14" : 509,
    "15" : 546,
    "16" : 543,
    "17" : 484,
    "18" : 450,
    "19" : 441,
    "20" : 365,
    "21" : 347,
    "22" : 309,
    "23" : 312,
    "24" : 255,
    "25" : 220,
    "26" : 209,
    "27" : 177,
    "28" : 136,
    "29" : 163,
    "30" : 133,
    "31" : 110,
    "32" : 94,
    "33" : 73,
    "34" : 76,
    "35" : 71,
    "36" : 56,
    "37" : 40,
    "38" : 53,
    "39" : 43,
    "40" : 32,
    "41" : 34,
    "42" : 37,
    "43" : 22,
    "44" : 32,
    "45" : 22,
    "46" : 15,
    "47" : 14,
    "48" : 14,
    "49" : 17,
    "50" : 10,
    "51" : 8,
    "52" : 10,
    "53" : 7,
    "54" : 6,
    "55" : 4,
    "56" : 5,
    "57" : 4,
    "58" : 6,
    "59" : 2,
    "60" : 4,
    "61" : 1,
    "62" : 2,
    "63" : 1,
    "64" : 3,
    "65" : 2,
    "66" : 2,
    "68" : 3,
    "69" : 2,
    "70" : 2,
    "71" : 6,
    "73" : 1,
    "74" : 1,
    "75" : 1,
    "78" : 1,
    "79" : 1,
    "84" : 1,
    "86" : 1,
    "88" : 1,
    "91" : 1
  },
  "mean" : 18.115020957208305,
  "stdDev" : 9.360661324495522
}