{
  "distribution" : {
    "2" : 4,
    "3" : 17,
    "4" : 55,
    "5" : 138,
    "6" : 229,
    "7" : 346,
    "8" : 419,
    "9" : 520,
    "10" : 592,
    "11" : 606,
    "12" : 607,
    "13" : 568,
    "14" : 576,
    "15" : 548,
    "16" : 556,
    "17" : 476,
    "18" : 447,
    "19" : 402,
    "20" : 337,
    "21" : 320,
    "22" : 283,
    "23" : 246,
    "24" : 229,
    "25" : 199,
    "26" : 191,
    "27" : 171,
    "28" : 144,
    "29" : 133,
    "30" : 114,
    "31" : 97,
    "32" : 92,
    "33" : 86,
    "34" : 61,
    "35" : 70,
    "36" : 51,
    "37" : 52,
    "38" : 54,
    "39" : 39,
    "40" : 34,
    "41" : 25,
    "42" : 24,
    "43" : 29,
    "44" : 21,
    "45" : 21,
    "46" : 12,
    "47" : 15,
    "48" : 8,
    "49" : 4,
    "50" : 9,
    "51" : 4,
    "52" : 4,
    "53" : 9,
    "54" : 6,
    "55" : 5,
    "56" : 3,
    "57" : 2,
    "58" : 7,
    "59" : 5,
    "60" : 2,
    "61" : 3,
    "62" : 3,
    "63" : 2,
    "64" : 1,
    "65" : 1,
    "67" : 1,
    "69" : 1,
    "70" : 1,
    "72" : 1,
    "73" : 1,
    "74" : 1,
    "79" : 2,
    "85" : 1,
    "86" : 1
  },
  "mean" : 17.316802010827534,
  "stdDev" : 8.985517152430228
}