{
  "distribution" : {
    "2" : 5,
    "3" : 31,
    "4" : 82,
    "5" : 167,
    "6" : 253,
    "7" : 373,
    "8" : 494,
    "9" : 558,
    "10" : 605,
    "11" : 610,
    "12" : 620,
    "13" : 652,
    "14" : 573,
    "15" : 578,
    "16" : 545,
    "17" : 466,
    "18" : 454,
    "19" : 428,
    "20" : 324,
    "21" : 318,
    "22" : 293,
    "23" : 270,
    "24" : 246,
    "25" : 215,
    "26" : 175,
    "27" : 152,
    "28" : 152,
    "29" : 131,
    "30" : 127,
    "31" : 117,
    "32" : 75,
    "33" : 94,
    "34" : 79,
    "35" : 57,
    "36" : 51,
    "37" : 61,
    "38" : 41,
    "39" : 50,
    "40" : 46,
    "41" : 33,
    "42" : 25,
    "43" : 25,
    "44" : 15,
    "45" : 23,
    "46" : 19,
    "47" : 6,
    "48" : 15,
    "49" : 13,
    "50" : 8,
    "51" : 4,
    "52" : 6,
    "53" : 5,
    "54" : 5,
    "55" : 5,
    "56" : 7,
    "57" : 7,
    "58" : 4,
    "59" : 5,
    "60" : 1,
    "61" : 4,
    "62" : 6,
    "63" : 2,
    "64" : 1,
    "65" : 2,
    "66" : 2,
    "67" : 1,
    "68" : 2,
    "69" : 2,
    "70" : 1,
    "71" : 2,
    "77" : 1
  },
  "mean" : 17.185588914549655,
  "stdDev" : 9.122716745347388
}