{
  "distribution" : {
    "2" : 78,
    "3" : 343,
    "4" : 683,
    "5" : 949,
    "6" : 1072,
    "7" : 1132,
    "8" : 1047,
    "9" : 992,
    "10" : 807,
    "11" : 663,
    "12" : 543,
    "13" : 457,
    "14" : 401,
    "15" : 288,
    "16" : 262,
    "17" : 193,
    "18" : 178,
    "19" : 150,
    "20" : 109,
    "21" : 107,
    "22" : 55,
    "23" : 59,
    "24" : 55,
    "25" : 40,
    "26" : 34,
    "27" : 26,
    "28" : 16,
    "29" : 19,
    "30" : 9,
    "31" : 11,
    "32" : 7,
    "33" : 6,
    "34" : 3,
    "35" : 4,
    "36" : 1,
    "37" : 1,
    "38" : 4,
    "39" : 1,
    "40" : 3,
    "41" : 1,
    "43" : 2,
    "46" : 1,
    "47" : 1,
    "48" : 1
  },
  "mean" : 9.749306454595894,
  "stdDev" : 5.172483823280668
}