{
  "distribution" : {
    "2" : 1,
    "3" : 3,
    "4" : 13,
    "5" : 33,
    "6" : 87,
    "7" : 131,
    "8" : 219,
    "9" : 284,
    "10" : 375,
    "11" : 439,
    "12" : 426,
    "13" : 468,
    "14" : 528,
    "15" : 490,
    "16" : 458,
    "17" : 478,
    "18" : 464,
    "19" : 411,
    "20" : 451,
    "21" : 368,
    "22" : 364,
    "23" : 312,
    "24" : 311,
    "25" : 273,
    "26" : 246,
    "27" : 216,
    "28" : 227,
    "29" : 205,
    "30" : 171,
    "31" : 177,
    "32" : 144,
    "33" : 132,
    "34" : 124,
    "35" : 126,
    "36" : 77,
    "37" : 92,
    "38" : 99,
    "39" : 80,
    "40" : 60,
    "41" : 67,
    "42" : 56,
    "43" : 49,
    "44" : 39,
    "45" : 42,
    "46" : 41,
    "47" : 29,
    "48" : 28,
    "49" : 32,
    "50" : 21,
    "51" : 25,
    "52" : 31,
    "53" : 23,
    "54" : 20,
    "55" : 16,
    "56" : 14,
    "57" : 12,
    "58" : 18,
    "59" : 12,
    "60" : 8,
    "61" : 7,
    "62" : 5,
    "63" : 8,
    "64" : 6,
    "65" : 8,
    "66" : 5,
    "67" : 2,
    "68" : 6,
    "69" : 3,
    "70" : 3,
    "71" : 2,
    "72" : 5,
    "73" : 1,
    "74" : 1,
    "75" : 3,
    "76" : 1,
    "78" : 1,
    "79" : 1,
    "80" : 2,
    "81" : 2,
    "83" : 2,
    "85" : 1,
    "89" : 1,
    "94" : 2,
    "102" : 1
  },
  "mean" : 21.496723716381418,
  "stdDev" : 11.090484209819909
}