{
  "distribution" : {
    "2" : 2,
    "3" : 28,
    "4" : 79,
    "5" : 192,
    "6" : 310,
    "7" : 443,
    "8" : 537,
    "9" : 648,
    "10" : 636,
    "11" : 690,
    "12" : 672,
    "13" : 607,
    "14" : 578,
    "15" : 583,
    "16" : 506,
    "17" : 466,
    "18" : 411,
    "19" : 378,
    "20" : 322,
    "21" : 317,
    "22" : 236,
    "23" : 216,
    "24" : 183,
    "25" : 158,
    "26" : 149,
    "27" : 133,
    "28" : 125,
    "29" : 99,
    "30" : 96,
    "31" : 98,
    "32" : 76,
    "33" : 78,
    "34" : 55,
    "35" : 42,
    "36" : 41,
    "37" : 40,
    "38" : 28,
    "39" : 27,
    "40" : 16,
    "41" : 28,
    "42" : 23,
    "43" : 19,
    "44" : 11,
    "45" : 9,
    "46" : 15,
    "47" : 13,
    "48" : 12,
    "49" : 7,
    "50" : 6,
    "51" : 8,
    "52" : 4,
    "53" : 5,
    "54" : 5,
    "55" : 2,
    "56" : 5,
    "59" : 1,
    "60" : 2,
    "61" : 1,
    "63" : 3,
    "64" : 1,
    "65" : 2,
    "69" : 1,
    "73" : 1,
    "76" : 1
  },
  "mean" : 16.014400152584397,
  "stdDev" : 8.366821556836543
}