{
  "distribution" : {
    "1" : 3,
    "2" : 67,
    "3" : 258,
    "4" : 592,
    "5" : 873,
    "6" : 999,
    "7" : 1082,
    "8" : 1068,
    "9" : 921,
    "10" : 813,
    "11" : 724,
    "12" : 589,
    "13" : 523,
    "14" : 420,
    "15" : 320,
    "16" : 272,
    "17" : 240,
    "18" : 204,
    "19" : 158,
    "20" : 138,
    "21" : 110,
    "22" : 93,
    "23" : 78,
    "24" : 55,
    "25" : 48,
    "26" : 39,
    "27" : 38,
    "28" : 32,
    "29" : 21,
    "30" : 9,
    "31" : 13,
    "32" : 15,
    "33" : 10,
    "34" : 9,
    "35" : 3,
    "36" : 4,
    "37" : 5,
    "38" : 4,
    "39" : 4,
    "40" : 2,
    "41" : 3,
    "42" : 1,
    "44" : 1,
    "45" : 1
  },
  "mean" : 10.277296998711103,
  "stdDev" : 5.46486278839665
}