{
  "distribution" : {
    "2" : 19,
    "3" : 78,
    "4" : 196,
    "5" : 376,
    "6" : 544,
    "7" : 682,
    "8" : 690,
    "9" : 815,
    "10" : 717,
    "11" : 740,
    "12" : 659,
    "13" : 608,
    "14" : 586,
    "15" : 522,
    "16" : 446,
    "17" : 407,
    "18" : 331,
    "19" : 299,
    "20" : 277,
    "21" : 225,
    "22" : 183,
    "23" : 156,
    "24" : 134,
    "25" : 110,
    "26" : 88,
    "27" : 86,
    "28" : 75,
    "29" : 60,
    "30" : 64,
    "31" : 56,
    "32" : 36,
    "33" : 34,
    "34" : 29,
    "35" : 28,
    "36" : 18,
    "37" : 21,
    "38" : 16,
    "39" : 15,
    "40" : 14,
    "41" : 5,
    "42" : 6,
    "43" : 3,
    "44" : 3,
    "45" : 3,
    "46" : 2,
    "47" : 2,
    "48" : 1,
    "49" : 1,
    "50" : 6,
    "51" : 3,
    "52" : 5,
    "53" : 1,
    "55" : 1,
    "56" : 1,
    "57" : 1,
    "58" : 2,
    "61" : 1,
    "66" : 1
  },
  "mean" : 13.573703279938979,
  "stdDev" : 7.0919059433872205
}