{
  "distribution" : {
    "2" : 7,
    "3" : 73,
    "4" : 213,
    "5" : 472,
    "6" : 641,
    "7" : 746,
    "8" : 817,
    "9" : 806,
    "10" : 789,
    "11" : 763,
    "12" : 687,
    "13" : 607,
    "14" : 556,
    "15" : 475,
    "16" : 397,
    "17" : 350,
    "18" : 324,
    "19" : 251,
    "20" : 216,
    "21" : 185,
    "22" : 156,
    "23" : 149,
    "24" : 136,
    "25" : 100,
    "26" : 81,
    "27" : 84,
    "28" : 61,
    "29" : 49,
    "30" : 35,
    "31" : 36,
    "32" : 28,
    "33" : 20,
    "34" : 27,
    "35" : 20,
    "36" : 21,
    "37" : 19,
    "38" : 13,
    "39" : 11,
    "40" : 9,
    "41" : 4,
    "42" : 8,
    "43" : 2,
    "44" : 5,
    "45" : 3,
    "46" : 1,
    "47" : 1,
    "48" : 2,
    "49" : 1,
    "50" : 2,
    "52" : 2,
    "53" : 2,
    "54" : 1,
    "55" : 1,
    "59" : 1,
    "62" : 1
  },
  "mean" : 12.865673067736696,
  "stdDev" : 6.715329929414225
}