{
  "distribution" : {
    "2" : 1,
    "3" : 17,
    "4" : 60,
    "5" : 185,
    "6" : 314,
    "7" : 434,
    "8" : 510,
    "9" : 594,
    "10" : 645,
    "11" : 598,
    "12" : 677,
    "13" : 627,
    "14" : 617,
    "15" : 543,
    "16" : 494,
    "17" : 466,
    "18" : 431,
    "19" : 354,
    "20" : 354,
    "21" : 251,
    "22" : 229,
    "23" : 229,
    "24" : 221,
    "25" : 175,
    "26" : 161,
    "27" : 154,
    "28" : 128,
    "29" : 101,
    "30" : 102,
    "31" : 69,
    "32" : 58,
    "33" : 57,
    "34" : 65,
    "35" : 47,
    "36" : 48,
    "37" : 41,
    "38" : 26,
    "39" : 27,
    "40" : 28,
    "41" : 14,
    "42" : 16,
    "43" : 15,
    "44" : 16,
    "45" : 11,
    "46" : 13,
    "47" : 7,
    "48" : 11,
    "49" : 6,
    "50" : 6,
    "51" : 8,
    "52" : 6,
    "53" : 4,
    "54" : 5,
    "55" : 2,
    "56" : 3,
    "57" : 2,
    "58" : 1,
    "59" : 2,
    "60" : 2,
    "61" : 3,
    "62" : 2,
    "63" : 1,
    "64" : 2,
    "65" : 1,
    "67" : 1,
    "68" : 1,
    "74" : 1,
    "83" : 1
  },
  "mean" : 16.13775361615377,
  "stdDev" : 8.356611983721248
}