{
  "distribution" : {
    "2" : 1,
    "3" : 18,
    "4" : 49,
    "5" : 119,
    "6" : 198,
    "7" : 290,
    "8" : 379,
    "9" : 518,
    "10" : 545,
    "11" : 595,
    "12" : 600,
    "13" : 630,
    "14" : 560,
    "15" : 593,
    "16" : 519,
    "17" : 495,
    "18" : 460,
    "19" : 426,
    "20" : 326,
    "21" : 359,
    "22" : 311,
    "23" : 277,
    "24" : 253,
    "25" : 243,
    "26" : 198,
    "27" : 194,
    "28" : 159,
    "29" : 136,
    "30" : 139,
    "31" : 133,
    "32" : 131,
    "33" : 87,
    "34" : 82,
    "35" : 80,
    "36" : 76,
    "37" : 54,
    "38" : 53,
    "39" : 43,
    "40" : 42,
    "41" : 42,
    "42" : 31,
    "43" : 31,
    "44" : 33,
    "45" : 20,
    "46" : 15,
    "47" : 19,
    "48" : 14,
    "49" : 12,
    "50" : 13,
    "51" : 15,
    "52" : 12,
    "53" : 11,
    "54" : 7,
    "55" : 7,
    "56" : 4,
    "57" : 14,
    "58" : 2,
    "59" : 3,
    "60" : 5,
    "61" : 6,
    "62" : 2,
    "63" : 4,
    "64" : 3,
    "65" : 2,
    "66" : 1,
    "67" : 2,
    "69" : 1,
    "70" : 4,
    "71" : 1,
    "73" : 2,
    "74" : 1,
    "75" : 1,
    "77" : 2,
    "79" : 1,
    "90" : 1,
    "106" : 1
  },
  "mean" : 18.214072415080253,
  "stdDev" : 9.61958124067253
}