{
  "distribution" : {
    "3" : 13,
    "4" : 35,
    "5" : 107,
    "6" : 221,
    "7" : 316,
    "8" : 422,
    "9" : 484,
    "10" : 593,
    "11" : 585,
    "12" : 598,
    "13" : 585,
    "14" : 573,
    "15" : 588,
    "16" : 524,
    "17" : 461,
    "18" : 513,
    "19" : 434,
    "20" : 358,
    "21" : 385,
    "22" : 279,
    "23" : 284,
    "24" : 226,
    "25" : 211,
    "26" : 176,
    "27" : 178,
    "28" : 168,
    "29" : 141,
    "30" : 98,
    "31" : 113,
    "32" : 100,
    "33" : 85,
    "34" : 71,
    "35" : 61,
    "36" : 65,
    "37" : 48,
    "38" : 44,
    "39" : 33,
    "40" : 31,
    "41" : 37,
    "42" : 33,
    "43" : 24,
    "44" : 18,
    "45" : 28,
    "46" : 16,
    "47" : 32,
    "48" : 13,
    "49" : 8,
    "50" : 9,
    "51" : 8,
    "52" : 5,
    "53" : 9,
    "54" : 7,
    "55" : 12,
    "56" : 7,
    "57" : 4,
    "58" : 4,
    "59" : 3,
    "60" : 6,
    "61" : 2,
    "62" : 3,
    "63" : 4,
    "65" : 2,
    "66" : 1,
    "67" : 2,
    "68" : 2,
    "72" : 2,
    "73" : 1,
    "74" : 1,
    "75" : 1,
    "77" : 1,
    "82" : 1,
    "85" : 1,
    "93" : 1,
    "94" : 1,
    "100" : 1
  },
  "mean" : 17.77712275363697,
  "stdDev" : 9.30145560811215
}