{
  "distribution" : {
    "2" : 6,
    "3" : 37,
    "4" : 89,
    "5" : 193,
    "6" : 324,
    "7" : 449,
    "8" : 550,
    "9" : 629,
    "10" : 691,
    "11" : 651,
    "12" : 641,
    "13" : 605,
    "14" : 598,
    "15" : 545,
    "16" : 490,
    "17" : 480,
    "18" : 390,
    "19" : 395,
    "20" : 319,
    "21" : 280,
    "22" : 255,
    "23" : 234,
    "24" : 195,
    "25" : 163,
    "26" : 178,
    "27" : 132,
    "28" : 108,
    "29" : 117,
    "30" : 91,
    "31" : 83,
    "32" : 80,
    "33" : 64,
    "34" : 51,
    "35" : 41,
    "36" : 38,
    "37" : 32,
    "38" : 26,
    "39" : 26,
    "40" : 15,
    "41" : 15,
    "42" : 20,
    "43" : 12,
    "44" : 12,
    "45" : 8,
    "46" : 8,
    "47" : 3,
    "48" : 6,
    "49" : 5,
    "50" : 5,
    "51" : 5,
    "52" : 9,
    "53" : 6,
    "54" : 2,
    "55" : 2,
    "56" : 6,
    "57" : 4,
    "58" : 1,
    "59" : 3,
    "60" : 3,
    "61" : 1,
    "63" : 1,
    "64" : 1,
    "65" : 1,
    "67" : 2,
    "69" : 1,
    "71" : 1,
    "72" : 1,
    "74" : 2,
    "76" : 1
  },
  "mean" : 15.847671967809925,
  "stdDev" : 8.260674707054655
}