{
  "distribution" : {
    "2" : 1,
    "3" : 16,
    "4" : 82,
    "5" : 158,
    "6" : 300,
    "7" : 386,
    "8" : 517,
    "9" : 605,
    "10" : 633,
    "11" : 612,
    "12" : 635,
    "13" : 635,
    "14" : 578,
    "15" : 556,
    "16" : 469,
    "17" : 411,
    "18" : 411,
    "19" : 355,
    "20" : 313,
    "21" : 304,
    "22" : 294,
    "23" : 217,
    "24" : 208,
    "25" : 188,
    "26" : 127,
    "27" : 160,
    "28" : 122,
    "29" : 108,
    "30" : 85,
    "31" : 85,
    "32" : 71,
    "33" : 87,
    "34" : 60,
    "35" : 44,
    "36" : 41,
    "37" : 26,
    "38" : 46,
    "39" : 39,
    "40" : 22,
    "41" : 24,
    "42" : 22,
    "43" : 19,
    "44" : 9,
    "45" : 12,
    "46" : 10,
    "47" : 7,
    "48" : 11,
    "49" : 8,
    "50" : 9,
    "51" : 4,
    "52" : 3,
    "53" : 7,
    "54" : 1,
    "56" : 1,
    "57" : 3,
    "59" : 2,
    "60" : 1,
    "61" : 1,
    "64" : 2,
    "65" : 1,
    "72" : 1,
    "75" : 1,
    "82" : 1,
    "84" : 1
  },
  "mean" : 16.25599921321794,
  "stdDev" : 8.362817717601503
}