{
  "distribution" : {
    "3" : 9,
    "4" : 26,
    "5" : 81,
    "6" : 130,
    "7" : 221,
    "8" : 306,
    "9" : 376,
    "10" : 441,
    "11" : 522,
    "12" : 519,
    "13" : 483,
    "14" : 531,
    "15" : 571,
    "16" : 506,
    "17" : 507,
    "18" : 471,
    "19" : 425,
    "20" : 417,
    "21" : 399,
    "22" : 351,
    "23" : 329,
    "24" : 277,
    "25" : 284,
    "26" : 218,
    "27" : 227,
    "28" : 201,
    "29" : 189,
    "30" : 173,
    "31" : 158,
    "32" : 124,
    "33" : 108,
    "34" : 123,
    "35" : 99,
    "36" : 93,
    "37" : 85,
    "38" : 70,
    "39" : 66,
    "40" : 56,
    "41" : 53,
    "42" : 29,
    "43" : 45,
    "44" : 40,
    "45" : 30,
    "46" : 29,
    "47" : 40,
    "48" : 26,
    "49" : 30,
    "50" : 21,
    "51" : 15,
    "52" : 21,
    "53" : 22,
    "54" : 15,
    "55" : 12,
    "56" : 9,
    "57" : 13,
    "58" : 10,
    "59" : 6,
    "60" : 8,
    "61" : 6,
    "62" : 7,
    "63" : 2,
    "64" : 4,
    "65" : 4,
    "66" : 6,
    "67" : 2,
    "68" : 5,
    "69" : 3,
    "70" : 3,
    "72" : 1,
    "73" : 1,
    "74" : 2,
    "75" : 2,
    "76" : 1,
    "77" : 2,
    "79" : 1,
    "80" : 1,
    "81" : 2,
    "84" : 1,
    "86" : 1,
    "90" : 1,
    "96" : 1,
    "97" : 1,
    "122" : 1
  },
  "mean" : 20.11627906976744,
  "stdDev" : 10.619386276724184
}