{
  "distribution" : {
    "2" : 2,
    "3" : 21,
    "4" : 90,
    "5" : 198,
    "6" : 330,
    "7" : 434,
    "8" : 602,
    "9" : 612,
    "10" : 686,
    "11" : 642,
    "12" : 701,
    "13" : 606,
    "14" : 619,
    "15" : 530,
    "16" : 521,
    "17" : 453,
    "18" : 393,
    "19" : 385,
    "20" : 313,
    "21" : 269,
    "22" : 286,
    "23" : 239,
    "24" : 179,
    "25" : 163,
    "26" : 163,
    "27" : 110,
    "28" : 128,
    "29" : 115,
    "30" : 76,
    "31" : 80,
    "32" : 47,
    "33" : 53,
    "34" : 57,
    "35" : 44,
    "36" : 38,
    "37" : 42,
    "38" : 25,
    "39" : 24,
    "40" : 29,
    "41" : 20,
    "42" : 26,
    "43" : 15,
    "44" : 23,
    "45" : 13,
    "46" : 7,
    "47" : 8,
    "48" : 5,
    "49" : 7,
    "50" : 3,
    "51" : 7,
    "52" : 7,
    "53" : 4,
    "54" : 1,
    "55" : 3,
    "56" : 2,
    "57" : 2,
    "58" : 3,
    "59" : 2,
    "61" : 1,
    "63" : 1,
    "64" : 1,
    "65" : 1,
    "68" : 1,
    "69" : 1,
    "70" : 1,
    "71" : 1,
    "73" : 1,
    "75" : 1,
    "77" : 1
  },
  "mean" : 15.818121061676532,
  "stdDev" : 8.259669764684636
}