{
  "distribution" : {
    "2" : 2,
    "3" : 15,
    "4" : 70,
    "5" : 128,
    "6" : 242,
    "7" : 339,
    "8" : 440,
    "9" : 518,
    "10" : 563,
    "11" : 594,
    "12" : 542,
    "13" : 582,
    "14" : 544,
    "15" : 545,
    "16" : 484,
    "17" : 473,
    "18" : 439,
    "19" : 391,
    "20" : 361,
    "21" : 343,
    "22" : 271,
    "23" : 274,
    "24" : 220,
    "25" : 195,
    "26" : 193,
    "27" : 168,
    "28" : 152,
    "29" : 153,
    "30" : 119,
    "31" : 106,
    "32" : 84,
    "33" : 78,
    "34" : 70,
    "35" : 56,
    "36" : 66,
    "37" : 56,
    "38" : 39,
    "39" : 34,
    "40" : 16,
    "41" : 25,
    "42" : 30,
    "43" : 15,
    "44" : 14,
    "45" : 17,
    "46" : 18,
    "47" : 21,
    "48" : 14,
    "49" : 8,
    "50" : 6,
    "51" : 7,
    "52" : 8,
    "53" : 7,
    "54" : 7,
    "55" : 3,
    "56" : 5,
    "57" : 2,
    "58" : 4,
    "59" : 4,
    "60" : 1,
    "61" : 4,
    "62" : 1,
    "63" : 1,
    "64" : 2,
    "67" : 1,
    "69" : 2,
    "72" : 1,
    "73" : 1,
    "76" : 1,
    "82" : 1,
    "86" : 1
  },
  "mean" : 17.3335294694518,
  "stdDev" : 8.929833419465952
}