{
  "distribution" : {
    "2" : 1,
    "3" : 6,
    "4" : 19,
    "5" : 49,
    "6" : 114,
    "7" : 196,
    "8" : 224,
    "9" : 329,
    "10" : 402,
    "11" : 474,
    "12" : 525,
    "13" : 549,
    "14" : 510,
    "15" : 519,
    "16" : 524,
    "17" : 475,
    "18" : 482,
    "19" : 478,
    "20" : 384,
    "21" : 381,
    "22" : 323,
    "23" : 321,
    "24" : 298,
    "25" : 271,
    "26" : 250,
    "27" : 226,
    "28" : 182,
    "29" : 191,
    "30" : 172,
    "31" : 149,
    "32" : 133,
    "33" : 127,
    "34" : 129,
    "35" : 97,
    "36" : 99,
    "37" : 76,
    "38" : 83,
    "39" : 63,
    "40" : 56,
    "41" : 56,
    "42" : 68,
    "43" : 58,
    "44" : 52,
    "45" : 36,
    "46" : 32,
    "47" : 32,
    "48" : 29,
    "49" : 29,
    "50" : 23,
    "51" : 21,
    "52" : 16,
    "53" : 15,
    "54" : 11,
    "55" : 12,
    "56" : 5,
    "57" : 11,
    "58" : 10,
    "59" : 14,
    "60" : 9,
    "61" : 7,
    "62" : 9,
    "63" : 3,
    "64" : 5,
    "65" : 6,
    "66" : 2,
    "67" : 7,
    "68" : 3,
    "69" : 3,
    "70" : 6,
    "71" : 2,
    "72" : 1,
    "73" : 2,
    "74" : 2,
    "75" : 1,
    "76" : 1,
    "77" : 2,
    "78" : 2,
    "80" : 1,
    "83" : 1,
    "84" : 3,
    "85" : 2,
    "86" : 2,
    "112" : 1
  },
  "mean" : 20.66504761904762,
  "stdDev" : 10.803939746972581
}