{
  "distribution" : {
    "2" : 1,
    "3" : 23,
    "4" : 92,
    "5" : 214,
    "6" : 351,
    "7" : 430,
    "8" : 581,
    "9" : 648,
    "10" : 728,
    "11" : 686,
    "12" : 683,
    "13" : 680,
    "14" : 617,
    "15" : 560,
    "16" : 489,
    "17" : 483,
    "18" : 413,
    "19" : 375,
    "20" : 335,
    "21" : 270,
    "22" : 240,
    "23" : 196,
    "24" : 200,
    "25" : 194,
    "26" : 163,
    "27" : 131,
    "28" : 128,
    "29" : 101,
    "30" : 115,
    "31" : 76,
    "32" : 64,
    "33" : 50,
    "34" : 50,
    "35" : 41,
    "36" : 55,
    "37" : 30,
    "38" : 34,
    "39" : 35,
    "40" : 25,
    "41" : 32,
    "42" : 14,
    "43" : 20,
    "44" : 15,
    "45" : 20,
    "46" : 12,
    "47" : 7,
    "48" : 9,
    "49" : 6,
    "50" : 4,
    "51" : 6,
    "52" : 3,
    "53" : 2,
    "54" : 1,
    "55" : 1,
    "56" : 5,
    "57" : 4,
    "58" : 6,
    "59" : 2,
    "61" : 2,
    "62" : 1,
    "63" : 1,
    "64" : 2,
    "65" : 1,
    "66" : 1,
    "67" : 1,
    "68" : 2,
    "69" : 1,
    "73" : 1,
    "79" : 1,
    "80" : 1
  },
  "mean" : 15.863800946987281,
  "stdDev" : 8.399933655777875
}