{
  "distribution" : {
    "3" : 11,
    "4" : 42,
    "5" : 117,
    "6" : 180,
    "7" : 258,
    "8" : 360,
    "9" : 422,
    "10" : 480,
    "11" : 513,
    "12" : 586,
    "13" : 596,
    "14" : 558,
    "15" : 592,
    "16" : 569,
    "17" : 496,
    "18" : 494,
    "19" : 408,
    "20" : 386,
    "21" : 393,
    "22" : 316,
    "23" : 285,
    "24" : 296,
    "25" : 269,
    "26" : 219,
    "27" : 200,
    "28" : 180,
    "29" : 167,
    "30" : 156,
    "31" : 143,
    "32" : 117,
    "33" : 97,
    "34" : 91,
    "35" : 96,
    "36" : 76,
    "37" : 88,
    "38" : 75,
    "39" : 50,
    "40" : 60,
    "41" : 55,
    "42" : 30,
    "43" : 37,
    "44" : 31,
    "45" : 33,
    "46" : 27,
    "47" : 23,
    "48" : 18,
    "49" : 17,
    "50" : 14,
    "51" : 19,
    "52" : 11,
    "53" : 9,
    "54" : 8,
    "55" : 10,
    "56" : 14,
    "57" : 9,
    "58" : 10,
    "59" : 7,
    "60" : 5,
    "61" : 8,
    "62" : 8,
    "63" : 5,
    "64" : 3,
    "65" : 7,
    "66" : 4,
    "67" : 2,
    "68" : 1,
    "69" : 4,
    "70" : 1,
    "71" : 1,
    "73" : 1,
    "75" : 2,
    "76" : 2,
    "79" : 1,
    "81" : 1,
    "82" : 1,
    "86" : 1,
    "88" : 1,
    "89" : 1,
    "97" : 1,
    "98" : 1
  },
  "mean" : 19.16259415763366,
  "stdDev" : 10.200471983914499
}