{
  "distribution" : {
    "2" : 1,
    "3" : 5,
    "4" : 25,
    "5" : 89,
    "6" : 147,
    "7" : 270,
    "8" : 317,
    "9" : 461,
    "10" : 508,
    "11" : 482,
    "12" : 554,
    "13" : 593,
    "14" : 530,
    "15" : 565,
    "16" : 511,
    "17" : 480,
    "18" : 427,
    "19" : 424,
    "20" : 392,
    "21" : 298,
    "22" : 313,
    "23" : 306,
    "24" : 249,
    "25" : 269,
    "26" : 181,
    "27" : 174,
    "28" : 163,
    "29" : 166,
    "30" : 134,
    "31" : 143,
    "32" : 108,
    "33" : 114,
    "34" : 98,
    "35" : 83,
    "36" : 90,
    "37" : 62,
    "38" : 57,
    "39" : 55,
    "40" : 34,
    "41" : 52,
    "42" : 43,
    "43" : 37,
    "44" : 20,
    "45" : 27,
    "46" : 20,
    "47" : 21,
    "48" : 15,
    "49" : 16,
    "50" : 18,
    "51" : 13,
    "52" : 11,
    "53" : 12,
    "54" : 10,
    "55" : 4,
    "56" : 6,
    "57" : 5,
    "58" : 9,
    "59" : 8,
    "60" : 3,
    "61" : 4,
    "62" : 1,
    "63" : 1,
    "64" : 2,
    "65" : 1,
    "66" : 4,
    "67" : 5,
    "68" : 5,
    "69" : 1,
    "70" : 2,
    "71" : 1,
    "73" : 1,
    "74" : 3,
    "76" : 2
  },
  "mean" : 18.90049702758016,
  "stdDev" : 9.768207408284443
}