{
  "distribution" : {
    "2" : 5,
    "3" : 38,
    "4" : 108,
    "5" : 230,
    "6" : 371,
    "7" : 529,
    "8" : 606,
    "9" : 683,
    "10" : 670,
    "11" : 718,
    "12" : 736,
    "13" : 631,
    "14" : 641,
    "15" : 549,
    "16" : 465,
    "17" : 423,
    "18" : 368,
    "19" : 366,
    "20" : 286,
    "21" : 235,
    "22" : 216,
    "23" : 176,
    "24" : 204,
    "25" : 141,
    "26" : 146,
    "27" : 107,
    "28" : 104,
    "29" : 84,
    "30" : 72,
    "31" : 76,
    "32" : 63,
    "33" : 56,
    "34" : 44,
    "35" : 25,
    "36" : 28,
    "37" : 28,
    "38" : 24,
    "39" : 27,
    "40" : 17,
    "41" : 20,
    "42" : 12,
    "43" : 8,
    "44" : 10,
    "45" : 13,
    "46" : 7,
    "47" : 9,
    "48" : 7,
    "49" : 5,
    "50" : 7,
    "51" : 3,
    "52" : 7,
    "53" : 5,
    "54" : 2,
    "56" : 1,
    "57" : 4,
    "58" : 2,
    "59" : 1,
    "60" : 1,
    "62" : 1,
    "63" : 1,
    "66" : 1
  },
  "mean" : 15.062745850522882,
  "stdDev" : 7.845899744159972
}