{
  "distribution" : {
    "2" : 5,
    "3" : 61,
    "4" : 237,
    "5" : 449,
    "6" : 583,
    "7" : 740,
    "8" : 751,
    "9" : 834,
    "10" : 829,
    "11" : 759,
    "12" : 718,
    "13" : 657,
    "14" : 606,
    "15" : 508,
    "16" : 460,
    "17" : 384,
    "18" : 377,
    "19" : 271,
    "20" : 237,
    "21" : 223,
    "22" : 187,
    "23" : 143,
    "24" : 118,
    "25" : 114,
    "26" : 95,
    "27" : 75,
    "28" : 78,
    "29" : 71,
    "30" : 63,
    "31" : 48,
    "32" : 45,
    "33" : 43,
    "34" : 35,
    "35" : 27,
    "36" : 19,
    "37" : 10,
    "38" : 12,
    "39" : 10,
    "40" : 8,
    "41" : 9,
    "42" : 10,
    "43" : 11,
    "44" : 7,
    "45" : 6,
    "46" : 3,
    "47" : 4,
    "48" : 6,
    "49" : 4,
    "50" : 2,
    "51" : 4,
    "52" : 3,
    "53" : 2,
    "55" : 2,
    "56" : 1,
    "57" : 1,
    "58" : 2,
    "59" : 1,
    "64" : 1,
    "66" : 1
  },
  "mean" : 13.389516864175024,
  "stdDev" : 7.155097690401739
}