{
  "distribution" : {
    "2" : 7,
    "3" : 102,
    "4" : 326,
    "5" : 557,
    "6" : 742,
    "7" : 854,
    "8" : 896,
    "9" : 928,
    "10" : 846,
    "11" : 802,
    "12" : 677,
    "13" : 640,
    "14" : 530,
    "15" : 436,
    "16" : 415,
    "17" : 335,
    "18" : 267,
    "19" : 249,
    "20" : 202,
    "21" : 181,
    "22" : 139,
    "23" : 120,
    "24" : 116,
    "25" : 96,
    "26" : 77,
    "27" : 55,
    "28" : 46,
    "29" : 51,
    "30" : 35,
    "31" : 38,
    "32" : 29,
    "33" : 19,
    "34" : 21,
    "35" : 18,
    "36" : 14,
    "37" : 14,
    "38" : 9,
    "39" : 8,
    "40" : 8,
    "41" : 7,
    "42" : 7,
    "43" : 7,
    "44" : 3,
    "45" : 3,
    "46" : 1,
    "47" : 3,
    "48" : 2,
    "50" : 2,
    "51" : 3,
    "53" : 1,
    "61" : 1,
    "67" : 2
  },
  "mean" : 12.247191011235955,
  "stdDev" : 6.537367474704443
}