{
  "distribution" : {
    "2" : 3,
    "3" : 21,
    "4" : 76,
    "5" : 187,
    "6" : 229,
    "7" : 371,
    "8" : 540,
    "9" : 572,
    "10" : 573,
    "11" : 615,
    "12" : 645,
    "13" : 578,
    "14" : 563,
    "15" : 560,
    "16" : 493,
    "17" : 458,
    "18" : 421,
    "19" : 360,
    "20" : 329,
    "21" : 315,
    "22" : 284,
    "23" : 247,
    "24" : 233,
    "25" : 193,
    "26" : 163,
    "27" : 135,
    "28" : 123,
    "29" : 109,
    "30" : 101,
    "31" : 79,
    "32" : 71,
    "33" : 74,
    "34" : 62,
    "35" : 41,
    "36" : 41,
    "37" : 36,
    "38" : 47,
    "39" : 30,
    "40" : 33,
    "41" : 24,
    "42" : 23,
    "43" : 17,
    "44" : 16,
    "45" : 13,
    "46" : 13,
    "47" : 8,
    "48" : 4,
    "49" : 12,
    "50" : 15,
    "51" : 4,
    "52" : 2,
    "53" : 6,
    "54" : 2,
    "55" : 2,
    "56" : 3,
    "57" : 2,
    "58" : 3,
    "59" : 1,
    "60" : 1,
    "61" : 3,
    "62" : 1,
    "63" : 1,
    "65" : 1,
    "67" : 2,
    "69" : 1,
    "74" : 1,
    "78" : 1,
    "81" : 1
  },
  "mean" : 16.521581322346478,
  "stdDev" : 8.51085117182169
}