{
  "distribution" : {
    "2" : 6,
    "3" : 42,
    "4" : 130,
    "5" : 216,
    "6" : 354,
    "7" : 457,
    "8" : 592,
    "9" : 673,
    "10" : 617,
    "11" : 654,
    "12" : 673,
    "13" : 647,
    "14" : 599,
    "15" : 541,
    "16" : 525,
    "17" : 409,
    "18" : 394,
    "19" : 417,
    "20" : 300,
    "21" : 278,
    "22" : 254,
    "23" : 222,
    "24" : 167,
    "25" : 166,
    "26" : 132,
    "27" : 120,
    "28" : 126,
    "29" : 94,
    "30" : 83,
    "31" : 67,
    "32" : 68,
    "33" : 50,
    "34" : 61,
    "35" : 50,
    "36" : 49,
    "37" : 33,
    "38" : 32,
    "39" : 23,
    "40" : 12,
    "41" : 15,
    "42" : 10,
    "43" : 20,
    "44" : 13,
    "45" : 9,
    "46" : 11,
    "47" : 5,
    "48" : 11,
    "49" : 7,
    "50" : 3,
    "51" : 5,
    "52" : 4,
    "54" : 3,
    "55" : 2,
    "56" : 3,
    "57" : 1,
    "58" : 3,
    "59" : 3,
    "60" : 1,
    "61" : 1,
    "68" : 1,
    "71" : 1,
    "85" : 1,
    "87" : 1
  },
  "mean" : 15.511798987293398,
  "stdDev" : 8.097009359040698
}