{
  "distribution" : {
    "2" : 1,
    "3" : 7,
    "4" : 32,
    "5" : 80,
    "6" : 148,
    "7" : 260,
    "8" : 315,
    "9" : 433,
    "10" : 483,
    "11" : 499,
    "12" : 536,
    "13" : 530,
    "14" : 571,
    "15" : 548,
    "16" : 505,
    "17" : 472,
    "18" : 426,
    "19" : 394,
    "20" : 406,
    "21" : 361,
    "22" : 316,
    "23" : 297,
    "24" : 263,
    "25" : 244,
    "26" : 232,
    "27" : 215,
    "28" : 160,
    "29" : 155,
    "30" : 142,
    "31" : 127,
    "32" : 125,
    "33" : 98,
    "34" : 101,
    "35" : 92,
    "36" : 76,
    "37" : 63,
    "38" : 67,
    "39" : 49,
    "40" : 53,
    "41" : 38,
    "42" : 31,
    "43" : 36,
    "44" : 32,
    "45" : 22,
    "46" : 20,
    "47" : 28,
    "48" : 25,
    "49" : 14,
    "50" : 13,
    "51" : 17,
    "52" : 16,
    "53" : 8,
    "54" : 7,
    "55" : 9,
    "56" : 3,
    "57" : 2,
    "58" : 3,
    "59" : 5,
    "60" : 4,
    "61" : 5,
    "62" : 6,
    "63" : 5,
    "64" : 2,
    "65" : 1,
    "68" : 2,
    "69" : 2,
    "70" : 2,
    "71" : 1,
    "72" : 2,
    "73" : 2,
    "74" : 1,
    "76" : 2,
    "79" : 2,
    "88" : 1,
    "95" : 1,
    "103" : 2
  },
  "mean" : 19.06807099668422,
  "stdDev" : 9.851300976614992
}