{
  "distribution" : {
    "2" : 8,
    "3" : 42,
    "4" : 149,
    "5" : 301,
    "6" : 472,
    "7" : 575,
    "8" : 748,
    "9" : 751,
    "10" : 794,
    "11" : 700,
    "12" : 695,
    "13" : 648,
    "14" : 630,
    "15" : 483,
    "16" : 474,
    "17" : 406,
    "18" : 350,
    "19" : 316,
    "20" : 265,
    "21" : 227,
    "22" : 197,
    "23" : 191,
    "24" : 146,
    "25" : 145,
    "26" : 107,
    "27" : 95,
    "28" : 90,
    "29" : 78,
    "30" : 71,
    "31" : 59,
    "32" : 57,
    "33" : 33,
    "34" : 31,
    "35" : 31,
    "36" : 28,
    "37" : 25,
    "38" : 20,
    "39" : 13,
    "40" : 17,
    "41" : 9,
    "42" : 12,
    "43" : 8,
    "44" : 8,
    "45" : 10,
    "46" : 6,
    "47" : 4,
    "48" : 6,
    "49" : 3,
    "50" : 4,
    "51" : 1,
    "52" : 4,
    "54" : 3,
    "57" : 1,
    "58" : 1,
    "59" : 2,
    "64" : 1,
    "66" : 1,
    "70" : 1,
    "79" : 1
  },
  "mean" : 14.22171688459352,
  "stdDev" : 7.453873968307794
}