{
  "distribution" : {
    "3" : 3,
    "4" : 15,
    "5" : 32,
    "6" : 94,
    "7" : 150,
    "8" : 228,
    "9" : 283,
    "10" : 336,
    "11" : 391,
    "12" : 425,
    "13" : 483,
    "14" : 495,
    "15" : 468,
    "16" : 453,
    "17" : 470,
    "18" : 443,
    "19" : 423,
    "20" : 393,
    "21" : 414,
    "22" : 362,
    "23" : 337,
    "24" : 306,
    "25" : 282,
    "26" : 254,
    "27" : 256,
    "28" : 232,
    "29" : 184,
    "30" : 182,
    "31" : 151,
    "32" : 167,
    "33" : 147,
    "34" : 139,
    "35" : 96,
    "36" : 105,
    "37" : 114,
    "38" : 88,
    "39" : 78,
    "40" : 55,
    "41" : 55,
    "42" : 60,
    "43" : 64,
    "44" : 37,
    "45" : 35,
    "46" : 34,
    "47" : 28,
    "48" : 33,
    "49" : 34,
    "50" : 26,
    "51" : 22,
    "52" : 19,
    "53" : 14,
    "54" : 18,
    "55" : 10,
    "56" : 20,
    "57" : 13,
    "58" : 7,
    "59" : 14,
    "60" : 13,
    "61" : 10,
    "62" : 5,
    "63" : 11,
    "64" : 4,
    "65" : 4,
    "66" : 4,
    "67" : 6,
    "68" : 5,
    "69" : 5,
    "70" : 2,
    "71" : 3,
    "72" : 2,
    "73" : 3,
    "75" : 1,
    "77" : 3,
    "78" : 4,
    "79" : 5,
    "80" : 1,
    "86" : 2,
    "87" : 2,
    "88" : 1,
    "90" : 1,
    "91" : 1,
    "92" : 1,
    "111" : 1
  },
  "mean" : 21.615800334086664,
  "stdDev" : 11.125568758455602
}