{
  "distribution" : {
    "2" : 3,
    "3" : 27,
    "4" : 71,
    "5" : 207,
    "6" : 312,
    "7" : 428,
    "8" : 569,
    "9" : 600,
    "10" : 645,
    "11" : 621,
    "12" : 690,
    "13" : 631,
    "14" : 583,
    "15" : 538,
    "16" : 475,
    "17" : 468,
    "18" : 418,
    "19" : 364,
    "20" : 369,
    "21" : 267,
    "22" : 261,
    "23" : 250,
    "24" : 221,
    "25" : 186,
    "26" : 148,
    "27" : 128,
    "28" : 127,
    "29" : 111,
    "30" : 99,
    "31" : 93,
    "32" : 67,
    "33" : 58,
    "34" : 60,
    "35" : 48,
    "36" : 46,
    "37" : 51,
    "38" : 29,
    "39" : 25,
    "40" : 21,
    "41" : 29,
    "42" : 28,
    "43" : 17,
    "44" : 16,
    "45" : 12,
    "46" : 14,
    "47" : 11,
    "48" : 7,
    "49" : 5,
    "50" : 3,
    "51" : 7,
    "52" : 4,
    "53" : 3,
    "54" : 2,
    "55" : 4,
    "56" : 2,
    "58" : 2,
    "59" : 3,
    "60" : 1,
    "61" : 2,
    "63" : 1,
    "64" : 3,
    "65" : 2,
    "66" : 1,
    "68" : 1,
    "72" : 1,
    "76" : 1,
    "77" : 1,
    "81" : 1
  },
  "mean" : 16.146013906086292,
  "stdDev" : 8.440523824676825
}