{
  "distribution" : {
    "2" : 2,
    "3" : 14,
    "4" : 64,
    "5" : 126,
    "6" : 238,
    "7" : 342,
    "8" : 453,
    "9" : 563,
    "10" : 595,
    "11" : 590,
    "12" : 564,
    "13" : 573,
    "14" : 543,
    "15" : 567,
    "16" : 542,
    "17" : 458,
    "18" : 438,
    "19" : 379,
    "20" : 325,
    "21" : 310,
    "22" : 245,
    "23" : 278,
    "24" : 213,
    "25" : 199,
    "26" : 174,
    "27" : 136,
    "28" : 119,
    "29" : 115,
    "30" : 91,
    "31" : 85,
    "32" : 74,
    "33" : 68,
    "34" : 67,
    "35" : 79,
    "36" : 39,
    "37" : 33,
    "38" : 34,
    "39" : 33,
    "40" : 25,
    "41" : 26,
    "42" : 25,
    "43" : 19,
    "44" : 10,
    "45" : 13,
    "46" : 9,
    "47" : 14,
    "48" : 13,
    "49" : 7,
    "50" : 5,
    "51" : 12,
    "52" : 4,
    "53" : 5,
    "54" : 3,
    "55" : 2,
    "56" : 1,
    "58" : 4,
    "59" : 3,
    "60" : 1,
    "61" : 1,
    "62" : 1,
    "63" : 1,
    "64" : 1,
    "65" : 1,
    "66" : 1,
    "67" : 1,
    "70" : 2,
    "71" : 1,
    "73" : 2,
    "76" : 1,
    "96" : 1
  },
  "mean" : 16.811179004307323,
  "stdDev" : 8.569603013837837
}