{
  "distribution" : {
    "2" : 3,
    "3" : 42,
    "4" : 105,
    "5" : 243,
    "6" : 366,
    "7" : 517,
    "8" : 565,
    "9" : 695,
    "10" : 735,
    "11" : 721,
    "12" : 713,
    "13" : 623,
    "14" : 600,
    "15" : 528,
    "16" : 496,
    "17" : 432,
    "18" : 385,
    "19" : 373,
    "20" : 332,
    "21" : 272,
    "22" : 245,
    "23" : 207,
    "24" : 196,
    "25" : 135,
    "26" : 138,
    "27" : 101,
    "28" : 119,
    "29" : 89,
    "30" : 81,
    "31" : 64,
    "32" : 58,
    "33" : 62,
    "34" : 34,
    "35" : 41,
    "36" : 38,
    "37" : 32,
    "38" : 21,
    "39" : 33,
    "40" : 12,
    "41" : 17,
    "42" : 19,
    "43" : 13,
    "44" : 18,
    "45" : 5,
    "46" : 4,
    "47" : 14,
    "48" : 10,
    "49" : 7,
    "50" : 4,
    "51" : 4,
    "52" : 3,
    "53" : 4,
    "54" : 3,
    "55" : 1,
    "56" : 1,
    "57" : 2,
    "58" : 1,
    "59" : 1,
    "61" : 3,
    "62" : 1,
    "64" : 1,
    "65" : 1,
    "67" : 1,
    "68" : 1,
    "73" : 1,
    "78" : 1,
    "79" : 1
  },
  "mean" : 15.244006041155371,
  "stdDev" : 8.005109316601283
}