{
  "distribution" : {
    "2" : 1,
    "3" : 7,
    "4" : 40,
    "5" : 113,
    "6" : 177,
    "7" : 287,
    "8" : 422,
    "9" : 487,
    "10" : 580,
    "11" : 614,
    "12" : 585,
    "13" : 596,
    "14" : 613,
    "15" : 546,
    "16" : 562,
    "17" : 468,
    "18" : 435,
    "19" : 399,
    "20" : 353,
    "21" : 355,
    "22" : 313,
    "23" : 279,
    "24" : 239,
    "25" : 211,
    "26" : 201,
    "27" : 189,
    "28" : 169,
    "29" : 125,
    "30" : 139,
    "31" : 111,
    "32" : 95,
    "33" : 80,
    "34" : 80,
    "35" : 85,
    "36" : 67,
    "37" : 53,
    "38" : 56,
    "39" : 35,
    "40" : 38,
    "41" : 26,
    "42" : 30,
    "43" : 25,
    "44" : 20,
    "45" : 21,
    "46" : 19,
    "47" : 18,
    "48" : 19,
    "49" : 15,
    "50" : 8,
    "51" : 14,
    "52" : 14,
    "53" : 8,
    "54" : 9,
    "55" : 6,
    "56" : 6,
    "57" : 4,
    "58" : 3,
    "59" : 6,
    "60" : 2,
    "61" : 7,
    "62" : 2,
    "63" : 3,
    "64" : 3,
    "65" : 3,
    "66" : 3,
    "68" : 1,
    "70" : 3,
    "71" : 1,
    "74" : 1,
    "75" : 1,
    "77" : 1,
    "78" : 1,
    "79" : 1,
    "82" : 1,
    "85" : 2
  },
  "mean" : 17.990296803652967,
  "stdDev" : 9.410505156188009
}