{
  "distribution" : {
    "2" : 1,
    "3" : 19,
    "4" : 63,
    "5" : 136,
    "6" : 275,
    "7" : 349,
    "8" : 444,
    "9" : 538,
    "10" : 600,
    "11" : 611,
    "12" : 625,
    "13" : 647,
    "14" : 608,
    "15" : 557,
    "16" : 516,
    "17" : 492,
    "18" : 417,
    "19" : 371,
    "20" : 335,
    "21" : 296,
    "22" : 266,
    "23" : 245,
    "24" : 223,
    "25" : 188,
    "26" : 159,
    "27" : 151,
    "28" : 139,
    "29" : 120,
    "30" : 106,
    "31" : 107,
    "32" : 82,
    "33" : 79,
    "34" : 69,
    "35" : 53,
    "36" : 46,
    "37" : 36,
    "38" : 31,
    "39" : 32,
    "40" : 34,
    "41" : 20,
    "42" : 21,
    "43" : 16,
    "44" : 19,
    "45" : 13,
    "46" : 12,
    "47" : 7,
    "48" : 8,
    "49" : 11,
    "50" : 10,
    "51" : 7,
    "52" : 12,
    "53" : 5,
    "54" : 7,
    "55" : 7,
    "56" : 4,
    "57" : 5,
    "58" : 2,
    "59" : 4,
    "60" : 4,
    "61" : 2,
    "62" : 1,
    "63" : 2,
    "64" : 2,
    "66" : 2,
    "67" : 1,
    "68" : 1,
    "69" : 1,
    "80" : 1
  },
  "mean" : 16.837535286673806,
  "stdDev" : 8.707193055330173
}