{
  "distribution" : {
    "3" : 1,
    "4" : 16,
    "5" : 33,
    "6" : 73,
    "7" : 164,
    "8" : 212,
    "9" : 280,
    "10" : 343,
    "11" : 421,
    "12" : 466,
    "13" : 477,
    "14" : 488,
    "15" : 465,
    "16" : 527,
    "17" : 493,
    "18" : 497,
    "19" : 449,
    "20" : 406,
    "21" : 396,
    "22" : 355,
    "23" : 382,
    "24" : 310,
    "25" : 297,
    "26" : 286,
    "27" : 288,
    "28" : 228,
    "29" : 232,
    "30" : 208,
    "31" : 180,
    "32" : 161,
    "33" : 173,
    "34" : 118,
    "35" : 113,
    "36" : 126,
    "37" : 99,
    "38" : 104,
    "39" : 79,
    "40" : 79,
    "41" : 90,
    "42" : 68,
    "43" : 56,
    "44" : 47,
    "45" : 46,
    "46" : 53,
    "47" : 35,
    "48" : 50,
    "49" : 28,
    "50" : 31,
    "51" : 38,
    "52" : 33,
    "53" : 34,
    "54" : 35,
    "55" : 26,
    "56" : 17,
    "57" : 15,
    "58" : 16,
    "59" : 18,
    "60" : 11,
    "61" : 11,
    "62" : 12,
    "63" : 5,
    "64" : 8,
    "65" : 10,
    "66" : 9,
    "67" : 9,
    "68" : 5,
    "69" : 5,
    "71" : 6,
    "73" : 7,
    "74" : 7,
    "75" : 3,
    "77" : 3,
    "78" : 1,
    "79" : 3,
    "80" : 4,
    "81" : 6,
    "82" : 5,
    "83" : 1,
    "84" : 1,
    "86" : 1,
    "87" : 1,
    "88" : 2,
    "90" : 1,
    "93" : 1,
    "94" : 2,
    "96" : 1,
    "103" : 1,
    "111" : 1
  },
  "mean" : 22.41278429933969,
  "stdDev" : 11.940476735502214
}