{
  "distribution" : {
    "3" : 1,
    "4" : 8,
    "5" : 26,
    "6" : 51,
    "7" : 140,
    "8" : 193,
    "9" : 228,
    "10" : 314,
    "11" : 387,
    "12" : 410,
    "13" : 473,
    "14" : 481,
    "15" : 491,
    "16" : 498,
    "17" : 407,
    "18" : 436,
    "19" : 424,
    "20" : 406,
    "21" : 405,
    "22" : 349,
    "23" : 352,
    "24" : 310,
    "25" : 293,
    "26" : 258,
    "27" : 240,
    "28" : 199,
    "29" : 189,
    "30" : 203,
    "31" : 161,
    "32" : 149,
    "33" : 138,
    "34" : 124,
    "35" : 115,
    "36" : 118,
    "37" : 78,
    "38" : 82,
    "39" : 77,
    "40" : 65,
    "41" : 80,
    "42" : 75,
    "43" : 64,
    "44" : 54,
    "45" : 47,
    "46" : 47,
    "47" : 45,
    "48" : 40,
    "49" : 28,
    "50" : 23,
    "51" : 30,
    "52" : 27,
    "53" : 20,
    "54" : 21,
    "55" : 22,
    "56" : 17,
    "57" : 15,
    "58" : 12,
    "59" : 9,
    "60" : 17,
    "61" : 11,
    "62" : 5,
    "63" : 7,
    "64" : 8,
    "65" : 6,
    "66" : 5,
    "67" : 5,
    "68" : 2,
    "70" : 3,
    "71" : 5,
    "72" : 3,
    "73" : 3,
    "74" : 2,
    "75" : 5,
    "76" : 4,
    "77" : 1,
    "78" : 1,
    "80" : 1,
    "81" : 1,
    "82" : 1,
    "83" : 1,
    "84" : 1,
    "85" : 1,
    "87" : 1,
    "88" : 1,
    "92" : 1,
    "95" : 1,
    "98" : 1
  },
  "mean" : 22.184213142459487,
  "stdDev" : 11.351764728117631
}