{
  "distribution" : {
    "3" : 4,
    "4" : 33,
    "5" : 81,
    "6" : 144,
    "7" : 228,
    "8" : 322,
    "9" : 422,
    "10" : 474,
    "11" : 526,
    "12" : 551,
    "13" : 531,
    "14" : 564,
    "15" : 540,
    "16" : 515,
    "17" : 465,
    "18" : 449,
    "19" : 409,
    "20" : 387,
    "21" : 370,
    "22" : 321,
    "23" : 294,
    "24" : 254,
    "25" : 264,
    "26" : 230,
    "27" : 186,
    "28" : 186,
    "29" : 165,
    "30" : 167,
    "31" : 138,
    "32" : 127,
    "33" : 107,
    "34" : 95,
    "35" : 97,
    "36" : 74,
    "37" : 82,
    "38" : 71,
    "39" : 63,
    "40" : 43,
    "41" : 47,
    "42" : 39,
    "43" : 36,
    "44" : 33,
    "45" : 35,
    "46" : 17,
    "47" : 26,
    "48" : 27,
    "49" : 18,
    "50" : 12,
    "51" : 17,
    "52" : 15,
    "53" : 9,
    "54" : 11,
    "55" : 9,
    "56" : 6,
    "57" : 7,
    "58" : 5,
    "59" : 10,
    "60" : 6,
    "61" : 4,
    "62" : 3,
    "63" : 3,
    "64" : 5,
    "65" : 2,
    "66" : 1,
    "67" : 2,
    "68" : 5,
    "70" : 4,
    "71" : 2,
    "72" : 4,
    "73" : 2,
    "74" : 1,
    "75" : 2,
    "76" : 1,
    "79" : 1,
    "83" : 1,
    "91" : 1
  },
  "mean" : 19.374711760184475,
  "stdDev" : 10.084607125128505
}