{
  "distribution" : {
    "2" : 2,
    "3" : 24,
    "4" : 111,
    "5" : 206,
    "6" : 330,
    "7" : 502,
    "8" : 556,
    "9" : 647,
    "10" : 664,
    "11" : 686,
    "12" : 657,
    "13" : 655,
    "14" : 565,
    "15" : 537,
    "16" : 444,
    "17" : 435,
    "18" : 419,
    "19" : 345,
    "20" : 292,
    "21" : 263,
    "22" : 258,
    "23" : 182,
    "24" : 208,
    "25" : 143,
    "26" : 137,
    "27" : 110,
    "28" : 117,
    "29" : 78,
    "30" : 93,
    "31" : 57,
    "32" : 44,
    "33" : 44,
    "34" : 38,
    "35" : 40,
    "36" : 30,
    "37" : 31,
    "38" : 31,
    "39" : 22,
    "40" : 21,
    "41" : 16,
    "42" : 13,
    "43" : 14,
    "44" : 8,
    "45" : 12,
    "46" : 9,
    "47" : 7,
    "48" : 7,
    "49" : 6,
    "50" : 5,
    "51" : 3,
    "52" : 4,
    "53" : 5,
    "54" : 3,
    "55" : 4,
    "56" : 1,
    "57" : 1,
    "58" : 1,
    "61" : 3,
    "63" : 1,
    "65" : 1,
    "66" : 1
  },
  "mean" : 15.312838703320525,
  "stdDev" : 7.870326018874555
}