{
  "distribution" : {
    "2" : 11,
    "3" : 76,
    "4" : 203,
    "5" : 411,
    "6" : 565,
    "7" : 716,
    "8" : 844,
    "9" : 803,
    "10" : 748,
    "11" : 746,
    "12" : 707,
    "13" : 629,
    "14" : 549,
    "15" : 484,
    "16" : 427,
    "17" : 358,
    "18" : 333,
    "19" : 264,
    "20" : 217,
    "21" : 183,
    "22" : 165,
    "23" : 128,
    "24" : 117,
    "25" : 95,
    "26" : 89,
    "27" : 79,
    "28" : 57,
    "29" : 54,
    "30" : 47,
    "31" : 34,
    "32" : 24,
    "33" : 24,
    "34" : 28,
    "35" : 18,
    "36" : 17,
    "37" : 11,
    "38" : 10,
    "39" : 12,
    "40" : 11,
    "41" : 8,
    "42" : 10,
    "43" : 4,
    "44" : 3,
    "45" : 3,
    "46" : 3,
    "47" : 2,
    "48" : 1,
    "49" : 4,
    "50" : 1,
    "51" : 1,
    "54" : 1,
    "55" : 2,
    "56" : 1,
    "58" : 1,
    "59" : 1,
    "60" : 1,
    "70" : 1
  },
  "mean" : 12.99671243473216,
  "stdDev" : 6.743421570436269
}