{
  "distribution" : {
    "1" : 1,
    "2" : 14,
    "3" : 96,
    "4" : 281,
    "5" : 525,
    "6" : 730,
    "7" : 854,
    "8" : 849,
    "9" : 863,
    "10" : 867,
    "11" : 746,
    "12" : 656,
    "13" : 617,
    "14" : 508,
    "15" : 435,
    "16" : 390,
    "17" : 354,
    "18" : 283,
    "19" : 256,
    "20" : 201,
    "21" : 183,
    "22" : 163,
    "23" : 130,
    "24" : 109,
    "25" : 89,
    "26" : 77,
    "27" : 63,
    "28" : 59,
    "29" : 41,
    "30" : 35,
    "31" : 31,
    "32" : 32,
    "33" : 28,
    "34" : 18,
    "35" : 15,
    "36" : 20,
    "37" : 13,
    "38" : 9,
    "39" : 7,
    "40" : 5,
    "41" : 3,
    "42" : 6,
    "43" : 4,
    "44" : 3,
    "46" : 3,
    "47" : 1,
    "48" : 3,
    "49" : 1,
    "50" : 1,
    "51" : 1,
    "52" : 1,
    "54" : 1,
    "56" : 1,
    "83" : 1
  },
  "mean" : 12.350837779649911,
  "stdDev" : 6.512982009541147
}