{
  "distribution" : {
    "2" : 1,
    "3" : 5,
    "4" : 21,
    "5" : 52,
    "6" : 131,
    "7" : 209,
    "8" : 259,
    "9" : 366,
    "10" : 391,
    "11" : 451,
    "12" : 476,
    "13" : 516,
    "14" : 509,
    "15" : 527,
    "16" : 495,
    "17" : 476,
    "18" : 431,
    "19" : 385,
    "20" : 425,
    "21" : 399,
    "22" : 379,
    "23" : 318,
    "24" : 279,
    "25" : 250,
    "26" : 245,
    "27" : 220,
    "28" : 187,
    "29" : 202,
    "30" : 161,
    "31" : 145,
    "32" : 136,
    "33" : 141,
    "34" : 108,
    "35" : 94,
    "36" : 105,
    "37" : 83,
    "38" : 74,
    "39" : 67,
    "40" : 49,
    "41" : 67,
    "42" : 47,
    "43" : 40,
    "44" : 33,
    "45" : 27,
    "46" : 23,
    "47" : 30,
    "48" : 39,
    "49" : 21,
    "50" : 22,
    "51" : 10,
    "52" : 15,
    "53" : 24,
    "54" : 14,
    "55" : 15,
    "56" : 11,
    "57" : 11,
    "58" : 5,
    "59" : 11,
    "60" : 5,
    "61" : 9,
    "62" : 7,
    "63" : 4,
    "64" : 4,
    "65" : 5,
    "66" : 2,
    "67" : 7,
    "68" : 4,
    "69" : 3,
    "70" : 1,
    "71" : 6,
    "72" : 2,
    "74" : 1,
    "75" : 2,
    "76" : 1,
    "80" : 1,
    "81" : 1,
    "87" : 1,
    "88" : 1,
    "90" : 1,
    "97" : 1
  },
  "mean" : 20.418656571539508,
  "stdDev" : 10.573751756671903
}