{
  "distribution" : {
    "2" : 7,
    "3" : 76,
    "4" : 173,
    "5" : 347,
    "6" : 442,
    "7" : 623,
    "8" : 709,
    "9" : 754,
    "10" : 758,
    "11" : 747,
    "12" : 659,
    "13" : 631,
    "14" : 588,
    "15" : 492,
    "16" : 443,
    "17" : 413,
    "18" : 332,
    "19" : 269,
    "20" : 265,
    "21" : 204,
    "22" : 188,
    "23" : 152,
    "24" : 116,
    "25" : 107,
    "26" : 82,
    "27" : 100,
    "28" : 62,
    "29" : 64,
    "30" : 51,
    "31" : 45,
    "32" : 42,
    "33" : 27,
    "34" : 20,
    "35" : 24,
    "36" : 19,
    "37" : 24,
    "38" : 21,
    "39" : 16,
    "40" : 5,
    "41" : 9,
    "42" : 8,
    "43" : 6,
    "44" : 7,
    "45" : 2,
    "46" : 3,
    "47" : 5,
    "48" : 3,
    "49" : 2,
    "50" : 3,
    "51" : 3,
    "52" : 1,
    "54" : 1,
    "55" : 1,
    "56" : 1,
    "57" : 2,
    "59" : 1,
    "61" : 1
  },
  "mean" : 13.643068137061835,
  "stdDev" : 7.014433470182524
}