{
  "distribution" : {
    "2" : 6,
    "3" : 53,
    "4" : 161,
    "5" : 336,
    "6" : 499,
    "7" : 630,
    "8" : 726,
    "9" : 761,
    "10" : 758,
    "11" : 764,
    "12" : 669,
    "13" : 671,
    "14" : 540,
    "15" : 548,
    "16" : 466,
    "17" : 401,
    "18" : 354,
    "19" : 280,
    "20" : 264,
    "21" : 214,
    "22" : 178,
    "23" : 176,
    "24" : 146,
    "25" : 138,
    "26" : 91,
    "27" : 90,
    "28" : 72,
    "29" : 62,
    "30" : 47,
    "31" : 68,
    "32" : 51,
    "33" : 42,
    "34" : 27,
    "35" : 25,
    "36" : 32,
    "37" : 18,
    "38" : 23,
    "39" : 16,
    "40" : 19,
    "41" : 9,
    "42" : 5,
    "43" : 6,
    "44" : 8,
    "45" : 6,
    "46" : 6,
    "47" : 4,
    "48" : 4,
    "49" : 2,
    "50" : 2,
    "51" : 1,
    "52" : 2,
    "53" : 2,
    "54" : 2,
    "56" : 1,
    "57" : 3,
    "58" : 2,
    "61" : 1,
    "62" : 1
  },
  "mean" : 13.90895223567547,
  "stdDev" : 7.267709960155126
}