{
  "distribution" : {
    "3" : 6,
    "4" : 30,
    "5" : 89,
    "6" : 160,
    "7" : 287,
    "8" : 380,
    "9" : 443,
    "10" : 541,
    "11" : 543,
    "12" : 570,
    "13" : 536,
    "14" : 547,
    "15" : 552,
    "16" : 516,
    "17" : 481,
    "18" : 516,
    "19" : 408,
    "20" : 367,
    "21" : 363,
    "22" : 329,
    "23" : 272,
    "24" : 289,
    "25" : 244,
    "26" : 203,
    "27" : 169,
    "28" : 170,
    "29" : 157,
    "30" : 131,
    "31" : 130,
    "32" : 119,
    "33" : 94,
    "34" : 71,
    "35" : 79,
    "36" : 75,
    "37" : 70,
    "38" : 57,
    "39" : 58,
    "40" : 47,
    "41" : 39,
    "42" : 41,
    "43" : 31,
    "44" : 21,
    "45" : 21,
    "46" : 33,
    "47" : 23,
    "48" : 18,
    "49" : 20,
    "50" : 6,
    "51" : 16,
    "52" : 12,
    "53" : 10,
    "54" : 11,
    "55" : 11,
    "56" : 8,
    "57" : 3,
    "58" : 4,
    "59" : 7,
    "60" : 8,
    "61" : 3,
    "62" : 2,
    "63" : 7,
    "64" : 3,
    "65" : 2,
    "66" : 1,
    "67" : 2,
    "68" : 1,
    "69" : 1,
    "71" : 4,
    "73" : 2,
    "74" : 1,
    "75" : 1,
    "77" : 1,
    "83" : 1,
    "85" : 1,
    "100" : 1
  },
  "mean" : 18.707999236349753,
  "stdDev" : 9.768977099560715
}