{
  "distribution" : {
    "2" : 17,
    "3" : 155,
    "4" : 339,
    "5" : 599,
    "6" : 781,
    "7" : 916,
    "8" : 881,
    "9" : 873,
    "10" : 846,
    "11" : 724,
    "12" : 675,
    "13" : 564,
    "14" : 549,
    "15" : 428,
    "16" : 360,
    "17" : 281,
    "18" : 248,
    "19" : 202,
    "20" : 148,
    "21" : 143,
    "22" : 104,
    "23" : 99,
    "24" : 68,
    "25" : 77,
    "26" : 48,
    "27" : 51,
    "28" : 46,
    "29" : 33,
    "30" : 29,
    "31" : 19,
    "32" : 17,
    "33" : 18,
    "34" : 7,
    "35" : 13,
    "36" : 3,
    "37" : 4,
    "38" : 8,
    "39" : 6,
    "40" : 10,
    "41" : 5,
    "42" : 2,
    "43" : 1,
    "44" : 2,
    "45" : 1,
    "46" : 1,
    "47" : 5,
    "48" : 2,
    "52" : 1,
    "55" : 1,
    "58" : 1
  },
  "mean" : 11.535875516280857,
  "stdDev" : 6.005467813537116
}