{
  "distribution" : {
    "1" : 1,
    "2" : 122,
    "3" : 488,
    "4" : 945,
    "5" : 1182,
    "6" : 1269,
    "7" : 1236,
    "8" : 1054,
    "9" : 866,
    "10" : 694,
    "11" : 589,
    "12" : 448,
    "13" : 386,
    "14" : 298,
    "15" : 257,
    "16" : 181,
    "17" : 151,
    "18" : 129,
    "19" : 89,
    "20" : 78,
    "21" : 53,
    "22" : 47,
    "23" : 28,
    "24" : 33,
    "25" : 24,
    "26" : 13,
    "27" : 14,
    "28" : 9,
    "29" : 13,
    "30" : 3,
    "31" : 6,
    "32" : 8,
    "33" : 2,
    "34" : 2,
    "35" : 2,
    "36" : 1,
    "37" : 1,
    "39" : 1
  },
  "mean" : 8.686281824116385,
  "stdDev" : 4.588968509033434
}