{
  "distribution" : {
    "2" : 47,
    "3" : 230,
    "4" : 588,
    "5" : 886,
    "6" : 996,
    "7" : 1058,
    "8" : 1071,
    "9" : 974,
    "10" : 791,
    "11" : 717,
    "12" : 588,
    "13" : 502,
    "14" : 435,
    "15" : 353,
    "16" : 288,
    "17" : 261,
    "18" : 181,
    "19" : 152,
    "20" : 148,
    "21" : 114,
    "22" : 94,
    "23" : 75,
    "24" : 60,
    "25" : 46,
    "26" : 45,
    "27" : 24,
    "28" : 25,
    "29" : 25,
    "30" : 14,
    "31" : 13,
    "32" : 11,
    "33" : 10,
    "34" : 6,
    "35" : 5,
    "36" : 7,
    "37" : 2,
    "38" : 7,
    "39" : 3,
    "40" : 4,
    "41" : 1,
    "42" : 1,
    "43" : 2,
    "44" : 2,
    "47" : 1,
    "56" : 1,
    "60" : 1
  },
  "mean" : 10.344224574321215,
  "stdDev" : 5.500825015877661
}