{
  "distribution" : {
    "2" : 7,
    "3" : 21,
    "4" : 76,
    "5" : 170,
    "6" : 260,
    "7" : 352,
    "8" : 469,
    "9" : 521,
    "10" : 605,
    "11" : 594,
    "12" : 639,
    "13" : 567,
    "14" : 584,
    "15" : 572,
    "16" : 528,
    "17" : 448,
    "18" : 435,
    "19" : 405,
    "20" : 351,
    "21" : 315,
    "22" : 287,
    "23" : 263,
    "24" : 237,
    "25" : 214,
    "26" : 201,
    "27" : 143,
    "28" : 148,
    "29" : 112,
    "30" : 134,
    "31" : 95,
    "32" : 71,
    "33" : 83,
    "34" : 72,
    "35" : 50,
    "36" : 60,
    "37" : 49,
    "38" : 44,
    "39" : 38,
    "40" : 38,
    "41" : 28,
    "42" : 21,
    "43" : 24,
    "44" : 14,
    "45" : 16,
    "46" : 11,
    "47" : 19,
    "48" : 16,
    "49" : 11,
    "50" : 6,
    "51" : 5,
    "52" : 5,
    "53" : 6,
    "54" : 2,
    "55" : 2,
    "56" : 7,
    "57" : 5,
    "58" : 3,
    "59" : 3,
    "61" : 3,
    "62" : 3,
    "63" : 1,
    "64" : 1,
    "65" : 3,
    "66" : 3,
    "70" : 1,
    "73" : 2,
    "76" : 1,
    "78" : 1,
    "79" : 1,
    "80" : 1
  },
  "mean" : 17.06582085280931,
  "stdDev" : 8.91483044330146
}