{
  "distribution" : {
    "2" : 1,
    "3" : 25,
    "4" : 114,
    "5" : 241,
    "6" : 398,
    "7" : 545,
    "8" : 599,
    "9" : 711,
    "10" : 709,
    "11" : 727,
    "12" : 715,
    "13" : 620,
    "14" : 606,
    "15" : 579,
    "16" : 487,
    "17" : 447,
    "18" : 404,
    "19" : 327,
    "20" : 302,
    "21" : 277,
    "22" : 262,
    "23" : 200,
    "24" : 194,
    "25" : 124,
    "26" : 169,
    "27" : 135,
    "28" : 103,
    "29" : 111,
    "30" : 81,
    "31" : 94,
    "32" : 71,
    "33" : 54,
    "34" : 55,
    "35" : 38,
    "36" : 41,
    "37" : 31,
    "38" : 27,
    "39" : 23,
    "40" : 18,
    "41" : 17,
    "42" : 19,
    "43" : 16,
    "44" : 12,
    "45" : 12,
    "46" : 10,
    "47" : 10,
    "48" : 5,
    "49" : 6,
    "50" : 5,
    "51" : 5,
    "52" : 3,
    "53" : 3,
    "54" : 1,
    "55" : 3,
    "56" : 2,
    "57" : 2,
    "58" : 5,
    "59" : 2,
    "60" : 1,
    "61" : 1,
    "62" : 1,
    "66" : 1,
    "67" : 2,
    "72" : 2,
    "74" : 1,
    "79" : 1
  },
  "mean" : 15.347729584759087,
  "stdDev" : 8.14232748824063
}