{
  "distribution" : {
    "3" : 7,
    "4" : 25,
    "5" : 57,
    "6" : 141,
    "7" : 208,
    "8" : 319,
    "9" : 393,
    "10" : 489,
    "11" : 485,
    "12" : 516,
    "13" : 551,
    "14" : 581,
    "15" : 558,
    "16" : 461,
    "17" : 480,
    "18" : 472,
    "19" : 460,
    "20" : 368,
    "21" : 365,
    "22" : 363,
    "23" : 276,
    "24" : 256,
    "25" : 239,
    "26" : 206,
    "27" : 213,
    "28" : 181,
    "29" : 177,
    "30" : 149,
    "31" : 124,
    "32" : 125,
    "33" : 121,
    "34" : 106,
    "35" : 74,
    "36" : 91,
    "37" : 53,
    "38" : 69,
    "39" : 46,
    "40" : 52,
    "41" : 39,
    "42" : 51,
    "43" : 22,
    "44" : 38,
    "45" : 27,
    "46" : 19,
    "47" : 24,
    "48" : 13,
    "49" : 23,
    "50" : 13,
    "51" : 15,
    "52" : 11,
    "53" : 12,
    "54" : 10,
    "55" : 8,
    "56" : 10,
    "57" : 3,
    "58" : 9,
    "59" : 5,
    "60" : 3,
    "61" : 8,
    "62" : 8,
    "63" : 5,
    "64" : 5,
    "65" : 6,
    "66" : 3,
    "67" : 2,
    "69" : 1,
    "70" : 1,
    "72" : 2,
    "75" : 4,
    "78" : 1,
    "79" : 1,
    "80" : 1,
    "85" : 1,
    "86" : 1,
    "87" : 1,
    "100" : 1,
    "115" : 1
  },
  "mean" : 19.382854359473942,
  "stdDev" : 10.018578719575643
}