{
  "distribution" : {
    "2" : 1,
    "3" : 19,
    "4" : 65,
    "5" : 138,
    "6" : 266,
    "7" : 356,
    "8" : 471,
    "9" : 547,
    "10" : 637,
    "11" : 610,
    "12" : 636,
    "13" : 610,
    "14" : 636,
    "15" : 580,
    "16" : 543,
    "17" : 490,
    "18" : 408,
    "19" : 390,
    "20" : 335,
    "21" : 329,
    "22" : 306,
    "23" : 257,
    "24" : 219,
    "25" : 178,
    "26" : 188,
    "27" : 148,
    "28" : 139,
    "29" : 106,
    "30" : 120,
    "31" : 94,
    "32" : 68,
    "33" : 72,
    "34" : 74,
    "35" : 50,
    "36" : 43,
    "37" : 52,
    "38" : 53,
    "39" : 34,
    "40" : 30,
    "41" : 22,
    "42" : 16,
    "43" : 23,
    "44" : 15,
    "45" : 14,
    "46" : 13,
    "47" : 19,
    "48" : 14,
    "49" : 12,
    "50" : 7,
    "51" : 10,
    "52" : 11,
    "53" : 3,
    "54" : 5,
    "55" : 5,
    "56" : 6,
    "57" : 5,
    "58" : 3,
    "60" : 5,
    "62" : 3,
    "63" : 1,
    "64" : 1,
    "65" : 3,
    "66" : 1,
    "67" : 4,
    "68" : 1,
    "69" : 1,
    "71" : 1,
    "72" : 1,
    "89" : 1,
    "101" : 1
  },
  "mean" : 16.922090261282662,
  "stdDev" : 8.857502526591556
}