{
  "distribution" : {
    "2" : 12,
    "3" : 59,
    "4" : 177,
    "5" : 399,
    "6" : 558,
    "7" : 672,
    "8" : 753,
    "9" : 817,
    "10" : 847,
    "11" : 761,
    "12" : 722,
    "13" : 707,
    "14" : 624,
    "15" : 533,
    "16" : 452,
    "17" : 429,
    "18" : 322,
    "19" : 346,
    "20" : 312,
    "21" : 224,
    "22" : 215,
    "23" : 170,
    "24" : 182,
    "25" : 137,
    "26" : 113,
    "27" : 101,
    "28" : 80,
    "29" : 77,
    "30" : 65,
    "31" : 63,
    "32" : 63,
    "33" : 42,
    "34" : 44,
    "35" : 37,
    "36" : 30,
    "37" : 20,
    "38" : 20,
    "39" : 25,
    "40" : 17,
    "41" : 15,
    "42" : 13,
    "43" : 6,
    "44" : 9,
    "45" : 6,
    "46" : 7,
    "47" : 3,
    "48" : 9,
    "49" : 5,
    "50" : 5,
    "51" : 7,
    "52" : 2,
    "53" : 5,
    "55" : 2,
    "56" : 2,
    "57" : 2,
    "60" : 1,
    "64" : 1,
    "71" : 1,
    "76" : 1,
    "77" : 1,
    "78" : 1
  },
  "mean" : 14.073250375077222,
  "stdDev" : 7.643047144613365
}