{
  "distribution" : {
    "2" : 13,
    "3" : 95,
    "4" : 264,
    "5" : 465,
    "6" : 666,
    "7" : 833,
    "8" : 925,
    "9" : 870,
    "10" : 795,
    "11" : 743,
    "12" : 677,
    "13" : 646,
    "14" : 541,
    "15" : 461,
    "16" : 375,
    "17" : 321,
    "18" : 335,
    "19" : 245,
    "20" : 197,
    "21" : 193,
    "22" : 176,
    "23" : 121,
    "24" : 98,
    "25" : 89,
    "26" : 90,
    "27" : 81,
    "28" : 61,
    "29" : 39,
    "30" : 48,
    "31" : 35,
    "32" : 27,
    "33" : 23,
    "34" : 19,
    "35" : 20,
    "36" : 19,
    "37" : 14,
    "38" : 10,
    "39" : 7,
    "40" : 7,
    "41" : 5,
    "42" : 5,
    "43" : 4,
    "44" : 1,
    "45" : 1,
    "46" : 1,
    "47" : 5,
    "48" : 3,
    "49" : 2,
    "50" : 1,
    "52" : 2,
    "53" : 2,
    "57" : 1,
    "63" : 1,
    "64" : 1,
    "65" : 1
  },
  "mean" : 12.542415730337078,
  "stdDev" : 6.612838744822137
}