{
  "distribution" : {
    "2" : 8,
    "3" : 45,
    "4" : 141,
    "5" : 302,
    "6" : 461,
    "7" : 582,
    "8" : 683,
    "9" : 744,
    "10" : 700,
    "11" : 748,
    "12" : 720,
    "13" : 672,
    "14" : 666,
    "15" : 631,
    "16" : 555,
    "17" : 497,
    "18" : 447,
    "19" : 398,
    "20" : 368,
    "21" : 311,
    "22" : 313,
    "23" : 284,
    "24" : 199,
    "25" : 222,
    "26" : 202,
    "27" : 184,
    "28" : 162,
    "29" : 137,
    "30" : 114,
    "31" : 111,
    "32" : 102,
    "33" : 77,
    "34" : 85,
    "35" : 58,
    "36" : 53,
    "37" : 46,
    "38" : 49,
    "39" : 43,
    "40" : 39,
    "41" : 27,
    "42" : 36,
    "43" : 26,
    "44" : 22,
    "45" : 20,
    "46" : 21,
    "47" : 12,
    "48" : 11,
    "49" : 16,
    "50" : 8,
    "51" : 12,
    "52" : 11,
    "53" : 2,
    "54" : 9,
    "55" : 11,
    "56" : 8,
    "57" : 8,
    "58" : 8,
    "59" : 8,
    "60" : 4,
    "61" : 3,
    "62" : 3,
    "63" : 3,
    "65" : 3,
    "66" : 1,
    "70" : 1,
    "74" : 2,
    "79" : 1,
    "80" : 1,
    "85" : 1,
    "88" : 1,
    "100" : 1
  },
  "mean" : 16.291412520064206,
  "stdDev" : 9.27791419881322
}