{
  "distribution" : {
    "2" : 9,
    "3" : 62,
    "4" : 171,
    "5" : 313,
    "6" : 451,
    "7" : 578,
    "8" : 701,
    "9" : 752,
    "10" : 771,
    "11" : 688,
    "12" : 685,
    "13" : 674,
    "14" : 593,
    "15" : 515,
    "16" : 438,
    "17" : 396,
    "18" : 368,
    "19" : 305,
    "20" : 303,
    "21" : 237,
    "22" : 207,
    "23" : 177,
    "24" : 140,
    "25" : 109,
    "26" : 126,
    "27" : 80,
    "28" : 85,
    "29" : 68,
    "30" : 68,
    "31" : 39,
    "32" : 51,
    "33" : 43,
    "34" : 34,
    "35" : 26,
    "36" : 29,
    "37" : 21,
    "38" : 18,
    "39" : 14,
    "40" : 14,
    "41" : 14,
    "42" : 11,
    "43" : 9,
    "44" : 6,
    "45" : 7,
    "46" : 5,
    "47" : 4,
    "48" : 5,
    "49" : 1,
    "50" : 2,
    "51" : 1,
    "52" : 2,
    "54" : 2,
    "55" : 1,
    "57" : 2,
    "59" : 2,
    "61" : 1,
    "62" : 1,
    "63" : 1,
    "66" : 1,
    "69" : 1,
    "73" : 1
  },
  "mean" : 14.109780630328576,
  "stdDev" : 7.355168566163378
}