{
  "distribution" : {
    "2" : 15,
    "3" : 128,
    "4" : 299,
    "5" : 535,
    "6" : 673,
    "7" : 828,
    "8" : 841,
    "9" : 855,
    "10" : 788,
    "11" : 790,
    "12" : 672,
    "13" : 576,
    "14" : 510,
    "15" : 442,
    "16" : 390,
    "17" : 320,
    "18" : 275,
    "19" : 233,
    "20" : 212,
    "21" : 162,
    "22" : 137,
    "23" : 121,
    "24" : 97,
    "25" : 88,
    "26" : 68,
    "27" : 73,
    "28" : 29,
    "29" : 38,
    "30" : 30,
    "31" : 29,
    "32" : 23,
    "33" : 19,
    "34" : 15,
    "35" : 12,
    "36" : 21,
    "37" : 12,
    "38" : 13,
    "39" : 7,
    "40" : 4,
    "41" : 3,
    "42" : 5,
    "43" : 5,
    "45" : 2,
    "47" : 1,
    "48" : 3,
    "49" : 2,
    "50" : 1,
    "52" : 1,
    "55" : 1
  },
  "mean" : 12.150519031141869,
  "stdDev" : 6.323143850119665
}