{
  "distribution" : {
    "2" : 13,
    "3" : 113,
    "4" : 331,
    "5" : 550,
    "6" : 767,
    "7" : 900,
    "8" : 885,
    "9" : 861,
    "10" : 860,
    "11" : 764,
    "12" : 623,
    "13" : 553,
    "14" : 501,
    "15" : 433,
    "16" : 339,
    "17" : 314,
    "18" : 263,
    "19" : 239,
    "20" : 201,
    "21" : 132,
    "22" : 128,
    "23" : 103,
    "24" : 91,
    "25" : 73,
    "26" : 70,
    "27" : 32,
    "28" : 43,
    "29" : 45,
    "30" : 31,
    "31" : 24,
    "32" : 25,
    "33" : 11,
    "34" : 10,
    "35" : 19,
    "36" : 14,
    "37" : 16,
    "38" : 4,
    "39" : 3,
    "40" : 6,
    "41" : 4,
    "42" : 2,
    "43" : 3,
    "44" : 1,
    "46" : 1,
    "47" : 3,
    "48" : 2,
    "50" : 1,
    "51" : 1,
    "66" : 1
  },
  "mean" : 11.805360745508695,
  "stdDev" : 6.144882050153593
}