{
  "distribution" : {
    "2" : 18,
    "3" : 94,
    "4" : 222,
    "5" : 450,
    "6" : 614,
    "7" : 698,
    "8" : 739,
    "9" : 824,
    "10" : 791,
    "11" : 796,
    "12" : 654,
    "13" : 689,
    "14" : 564,
    "15" : 520,
    "16" : 447,
    "17" : 383,
    "18" : 342,
    "19" : 313,
    "20" : 260,
    "21" : 225,
    "22" : 200,
    "23" : 158,
    "24" : 120,
    "25" : 113,
    "26" : 103,
    "27" : 83,
    "28" : 82,
    "29" : 61,
    "30" : 55,
    "31" : 53,
    "32" : 30,
    "33" : 23,
    "34" : 27,
    "35" : 30,
    "36" : 27,
    "37" : 13,
    "38" : 14,
    "39" : 18,
    "40" : 12,
    "41" : 9,
    "42" : 10,
    "43" : 11,
    "44" : 10,
    "45" : 6,
    "46" : 4,
    "47" : 7,
    "48" : 2,
    "49" : 2,
    "50" : 1,
    "52" : 1,
    "54" : 1,
    "55" : 2,
    "56" : 2,
    "65" : 2,
    "67" : 1,
    "71" : 1
  },
  "mean" : 13.386394806619732,
  "stdDev" : 7.142472515746077
}