{
  "distribution" : {
    "2" : 25,
    "3" : 137,
    "4" : 398,
    "5" : 637,
    "6" : 761,
    "7" : 886,
    "8" : 956,
    "9" : 932,
    "10" : 812,
    "11" : 762,
    "12" : 670,
    "13" : 566,
    "14" : 482,
    "15" : 405,
    "16" : 327,
    "17" : 320,
    "18" : 226,
    "19" : 183,
    "20" : 185,
    "21" : 154,
    "22" : 120,
    "23" : 83,
    "24" : 85,
    "25" : 54,
    "26" : 45,
    "27" : 54,
    "28" : 48,
    "29" : 28,
    "30" : 19,
    "31" : 23,
    "32" : 17,
    "33" : 15,
    "34" : 20,
    "35" : 11,
    "36" : 6,
    "37" : 4,
    "38" : 4,
    "39" : 7,
    "40" : 3,
    "41" : 7,
    "42" : 1,
    "43" : 5,
    "44" : 2,
    "45" : 1,
    "46" : 1,
    "58" : 2,
    "60" : 1,
    "63" : 1
  },
  "mean" : 11.42855781145744,
  "stdDev" : 5.9722364013748885
}