{
  "distribution" : {
    "3" : 10,
    "4" : 51,
    "5" : 148,
    "6" : 245,
    "7" : 311,
    "8" : 433,
    "9" : 456,
    "10" : 630,
    "11" : 588,
    "12" : 601,
    "13" : 633,
    "14" : 597,
    "15" : 538,
    "16" : 528,
    "17" : 493,
    "18" : 424,
    "19" : 389,
    "20" : 360,
    "21" : 358,
    "22" : 313,
    "23" : 247,
    "24" : 248,
    "25" : 199,
    "26" : 174,
    "27" : 181,
    "28" : 136,
    "29" : 150,
    "30" : 121,
    "31" : 99,
    "32" : 105,
    "33" : 82,
    "34" : 77,
    "35" : 72,
    "36" : 61,
    "37" : 63,
    "38" : 40,
    "39" : 41,
    "40" : 39,
    "41" : 32,
    "42" : 33,
    "43" : 31,
    "44" : 22,
    "45" : 12,
    "46" : 12,
    "47" : 21,
    "48" : 10,
    "49" : 11,
    "50" : 17,
    "51" : 9,
    "52" : 8,
    "53" : 7,
    "54" : 4,
    "55" : 7,
    "57" : 4,
    "58" : 2,
    "59" : 7,
    "60" : 3,
    "61" : 2,
    "62" : 2,
    "63" : 2,
    "64" : 5,
    "65" : 2,
    "66" : 1,
    "67" : 1,
    "68" : 1,
    "70" : 1,
    "73" : 1,
    "77" : 1,
    "78" : 1,
    "84" : 1,
    "94" : 1,
    "105" : 1
  },
  "mean" : 17.583016356028907,
  "stdDev" : 9.19925014373238
}