{
  "distribution" : {
    "3" : 6,
    "4" : 24,
    "5" : 70,
    "6" : 122,
    "7" : 193,
    "8" : 292,
    "9" : 373,
    "10" : 394,
    "11" : 446,
    "12" : 494,
    "13" : 498,
    "14" : 530,
    "15" : 529,
    "16" : 487,
    "17" : 537,
    "18" : 450,
    "19" : 444,
    "20" : 425,
    "21" : 380,
    "22" : 369,
    "23" : 317,
    "24" : 316,
    "25" : 301,
    "26" : 229,
    "27" : 232,
    "28" : 216,
    "29" : 187,
    "30" : 190,
    "31" : 170,
    "32" : 140,
    "33" : 129,
    "34" : 107,
    "35" : 109,
    "36" : 82,
    "37" : 88,
    "38" : 72,
    "39" : 93,
    "40" : 66,
    "41" : 65,
    "42" : 72,
    "43" : 41,
    "44" : 42,
    "45" : 45,
    "46" : 33,
    "47" : 31,
    "48" : 35,
    "49" : 25,
    "50" : 39,
    "51" : 18,
    "52" : 23,
    "53" : 18,
    "54" : 18,
    "55" : 12,
    "56" : 15,
    "57" : 17,
    "58" : 16,
    "59" : 11,
    "60" : 9,
    "61" : 7,
    "62" : 5,
    "63" : 3,
    "64" : 8,
    "65" : 2,
    "66" : 5,
    "68" : 4,
    "69" : 2,
    "70" : 5,
    "71" : 5,
    "72" : 1,
    "73" : 2,
    "75" : 3,
    "76" : 1,
    "79" : 3,
    "80" : 1,
    "86" : 1,
    "87" : 1,
    "88" : 1,
    "93" : 1,
    "94" : 2,
    "95" : 1,
    "96" : 1,
    "97" : 1,
    "105" : 1
  },
  "mean" : 20.812621990891348,
  "stdDev" : 11.014416375459518
}