{
  "distribution" : {
    "2" : 3,
    "3" : 21,
    "4" : 93,
    "5" : 205,
    "6" : 281,
    "7" : 442,
    "8" : 506,
    "9" : 569,
    "10" : 632,
    "11" : 635,
    "12" : 663,
    "13" : 636,
    "14" : 591,
    "15" : 567,
    "16" : 516,
    "17" : 448,
    "18" : 414,
    "19" : 391,
    "20" : 344,
    "21" : 341,
    "22" : 303,
    "23" : 266,
    "24" : 225,
    "25" : 175,
    "26" : 168,
    "27" : 166,
    "28" : 138,
    "29" : 131,
    "30" : 88,
    "31" : 101,
    "32" : 85,
    "33" : 69,
    "34" : 50,
    "35" : 60,
    "36" : 40,
    "37" : 42,
    "38" : 37,
    "39" : 18,
    "40" : 34,
    "41" : 23,
    "42" : 23,
    "43" : 13,
    "44" : 22,
    "45" : 15,
    "46" : 10,
    "47" : 16,
    "48" : 10,
    "49" : 6,
    "50" : 8,
    "51" : 4,
    "52" : 11,
    "53" : 3,
    "54" : 7,
    "55" : 7,
    "56" : 5,
    "57" : 3,
    "58" : 1,
    "59" : 1,
    "60" : 1,
    "62" : 1,
    "63" : 3,
    "64" : 1,
    "65" : 2,
    "66" : 1,
    "67" : 2,
    "69" : 2,
    "75" : 1,
    "81" : 1,
    "82" : 1,
    "83" : 1,
    "119" : 1
  },
  "mean" : 16.510747663551403,
  "stdDev" : 8.71357138035015
}