{
  "distribution" : {
    "2" : 8,
    "3" : 29,
    "4" : 119,
    "5" : 272,
    "6" : 362,
    "7" : 530,
    "8" : 609,
    "9" : 700,
    "10" : 753,
    "11" : 703,
    "12" : 638,
    "13" : 560,
    "14" : 584,
    "15" : 558,
    "16" : 456,
    "17" : 420,
    "18" : 375,
    "19" : 345,
    "20" : 307,
    "21" : 232,
    "22" : 208,
    "23" : 194,
    "24" : 144,
    "25" : 143,
    "26" : 130,
    "27" : 103,
    "28" : 95,
    "29" : 74,
    "30" : 71,
    "31" : 51,
    "32" : 38,
    "33" : 31,
    "34" : 40,
    "35" : 29,
    "36" : 26,
    "37" : 25,
    "38" : 23,
    "39" : 18,
    "40" : 13,
    "41" : 9,
    "42" : 14,
    "43" : 7,
    "44" : 9,
    "45" : 7,
    "46" : 7,
    "47" : 9,
    "48" : 5,
    "49" : 7,
    "50" : 7,
    "51" : 8,
    "52" : 2,
    "53" : 3,
    "56" : 2,
    "59" : 1,
    "62" : 1,
    "63" : 1,
    "68" : 1
  },
  "mean" : 14.6788256227758,
  "stdDev" : 7.532034105113508
}