{
  "distribution" : {
    "1" : 93,
    "2" : 599,
    "3" : 1149,
    "4" : 1509,
    "5" : 1515,
    "6" : 1444,
    "7" : 1328,
    "8" : 1163,
    "9" : 911,
    "10" : 791,
    "11" : 626,
    "12" : 481,
    "13" : 376,
    "14" : 282,
    "15" : 259,
    "16" : 184,
    "17" : 151,
    "18" : 116,
    "19" : 74,
    "20" : 84,
    "21" : 54,
    "22" : 41,
    "23" : 32,
    "24" : 41,
    "25" : 26,
    "26" : 24,
    "27" : 7,
    "28" : 11,
    "29" : 6,
    "30" : 5,
    "31" : 9,
    "32" : 3,
    "33" : 3,
    "34" : 1,
    "35" : 2,
    "37" : 2,
    "38" : 2,
    "41" : 1,
    "44" : 1
  },
  "mean" : 7.79128748321647,
  "stdDev" : 4.602482361990229
}