{
  "distribution" : {
    "1" : 31,
    "2" : 235,
    "3" : 406,
    "4" : 676,
    "5" : 878,
    "6" : 1049,
    "7" : 1081,
    "8" : 1064,
    "9" : 959,
    "10" : 954,
    "11" : 867,
    "12" : 703,
    "13" : 683,
    "14" : 553,
    "15" : 463,
    "16" : 423,
    "17" : 310,
    "18" : 280,
    "19" : 244,
    "20" : 230,
    "21" : 187,
    "22" : 174,
    "23" : 133,
    "24" : 105,
    "25" : 95,
    "26" : 75,
    "27" : 75,
    "28" : 45,
    "29" : 45,
    "30" : 34,
    "31" : 39,
    "32" : 31,
    "33" : 30,
    "34" : 21,
    "35" : 16,
    "36" : 7,
    "37" : 18,
    "38" : 12,
    "39" : 7,
    "40" : 4,
    "41" : 3,
    "42" : 5,
    "43" : 5,
    "44" : 3,
    "45" : 2,
    "46" : 2,
    "47" : 3,
    "48" : 2,
    "49" : 1,
    "50" : 1,
    "51" : 1,
    "53" : 1,
    "56" : 1,
    "57" : 1,
    "58" : 1,
    "73" : 2
  },
  "mean" : 11.175805965652305,
  "stdDev" : 6.569688248449886
}