{
  "distribution" : {
    "1" : 10,
    "2" : 88,
    "3" : 313,
    "4" : 574,
    "5" : 869,
    "6" : 970,
    "7" : 1076,
    "8" : 1053,
    "9" : 964,
    "10" : 920,
    "11" : 777,
    "12" : 732,
    "13" : 613,
    "14" : 587,
    "15" : 482,
    "16" : 385,
    "17" : 345,
    "18" : 275,
    "19" : 251,
    "20" : 218,
    "21" : 178,
    "22" : 140,
    "23" : 136,
    "24" : 101,
    "25" : 90,
    "26" : 76,
    "27" : 60,
    "28" : 59,
    "29" : 44,
    "30" : 39,
    "31" : 35,
    "32" : 24,
    "33" : 28,
    "34" : 14,
    "35" : 20,
    "36" : 16,
    "37" : 5,
    "38" : 9,
    "39" : 8,
    "40" : 5,
    "41" : 4,
    "42" : 3,
    "43" : 2,
    "44" : 1,
    "45" : 4,
    "46" : 7,
    "47" : 5,
    "48" : 1,
    "49" : 2,
    "50" : 1,
    "51" : 2,
    "53" : 1,
    "54" : 2,
    "56" : 1,
    "58" : 2,
    "59" : 2,
    "62" : 1,
    "64" : 1
  },
  "mean" : 11.415089858285171,
  "stdDev" : 6.54536930756151
}