{
  "distribution" : {
    "2" : 3,
    "3" : 26,
    "4" : 86,
    "5" : 153,
    "6" : 270,
    "7" : 413,
    "8" : 476,
    "9" : 543,
    "10" : 608,
    "11" : 636,
    "12" : 668,
    "13" : 631,
    "14" : 571,
    "15" : 586,
    "16" : 562,
    "17" : 557,
    "18" : 466,
    "19" : 436,
    "20" : 384,
    "21" : 390,
    "22" : 331,
    "23" : 299,
    "24" : 270,
    "25" : 246,
    "26" : 258,
    "27" : 207,
    "28" : 176,
    "29" : 189,
    "30" : 133,
    "31" : 165,
    "32" : 139,
    "33" : 115,
    "34" : 89,
    "35" : 83,
    "36" : 97,
    "37" : 82,
    "38" : 66,
    "39" : 56,
    "40" : 60,
    "41" : 49,
    "42" : 47,
    "43" : 31,
    "44" : 46,
    "45" : 34,
    "46" : 29,
    "47" : 27,
    "48" : 23,
    "49" : 23,
    "50" : 25,
    "51" : 13,
    "52" : 11,
    "53" : 23,
    "54" : 16,
    "55" : 8,
    "56" : 9,
    "57" : 3,
    "58" : 6,
    "59" : 5,
    "60" : 13,
    "61" : 4,
    "62" : 5,
    "63" : 12,
    "64" : 5,
    "65" : 3,
    "66" : 4,
    "67" : 2,
    "68" : 4,
    "69" : 1,
    "70" : 4,
    "71" : 1,
    "72" : 2,
    "74" : 2,
    "76" : 1,
    "79" : 3,
    "80" : 1,
    "81" : 1,
    "82" : 2,
    "93" : 1
  },
  "mean" : 18.513180873180872,
  "stdDev" : 10.357860598772293
}