{
  "distribution" : {
    "65" : 1,
    "1" : 42,
    "2" : 449,
    "3" : 1028,
    "4" : 1447,
    "5" : 1540,
    "6" : 1533,
    "7" : 1331,
    "8" : 1102,
    "9" : 923,
    "10" : 752,
    "11" : 632,
    "12" : 513,
    "13" : 408,
    "14" : 362,
    "15" : 282,
    "16" : 204,
    "17" : 153,
    "18" : 133,
    "19" : 108,
    "20" : 77,
    "21" : 71,
    "22" : 61,
    "23" : 33,
    "24" : 24,
    "25" : 25,
    "26" : 31,
    "27" : 16,
    "28" : 11,
    "29" : 10,
    "30" : 6,
    "31" : 3,
    "32" : 6,
    "33" : 1,
    "34" : 3,
    "35" : 1,
    "36" : 2,
    "37" : 5,
    "38" : 1,
    "39" : 2,
    "40" : 1,
    "46" : 1,
    "47" : 1,
    "49" : 1
  },
  "mean" : 8.107003599280144,
  "stdDev" : 4.776585701985885
}