{
  "distribution" : {
    "2" : 5,
    "3" : 22,
    "4" : 90,
    "5" : 157,
    "6" : 283,
    "7" : 407,
    "8" : 498,
    "9" : 548,
    "10" : 646,
    "11" : 662,
    "12" : 687,
    "13" : 665,
    "14" : 658,
    "15" : 600,
    "16" : 593,
    "17" : 517,
    "18" : 496,
    "19" : 464,
    "20" : 404,
    "21" : 372,
    "22" : 356,
    "23" : 339,
    "24" : 290,
    "25" : 236,
    "26" : 216,
    "27" : 202,
    "28" : 195,
    "29" : 210,
    "30" : 168,
    "31" : 158,
    "32" : 111,
    "33" : 135,
    "34" : 101,
    "35" : 86,
    "36" : 87,
    "37" : 85,
    "38" : 72,
    "39" : 71,
    "40" : 43,
    "41" : 52,
    "42" : 45,
    "43" : 40,
    "44" : 42,
    "45" : 39,
    "46" : 30,
    "47" : 34,
    "48" : 23,
    "49" : 17,
    "50" : 20,
    "51" : 14,
    "52" : 13,
    "53" : 11,
    "54" : 11,
    "55" : 9,
    "56" : 11,
    "57" : 7,
    "58" : 10,
    "59" : 11,
    "60" : 8,
    "61" : 5,
    "62" : 3,
    "63" : 2,
    "64" : 7,
    "65" : 7,
    "66" : 3,
    "67" : 4,
    "68" : 7,
    "69" : 5,
    "70" : 2,
    "71" : 4,
    "72" : 6,
    "73" : 3,
    "74" : 3,
    "75" : 3,
    "78" : 4,
    "79" : 1,
    "82" : 1,
    "87" : 1,
    "88" : 1,
    "90" : 1,
    "96" : 2,
    "103" : 1,
    "105" : 1
  },
  "mean" : 18.537041496107232,
  "stdDev" : 10.556507487093253
}