{
  "distribution" : {
    "2" : 15,
    "3" : 56,
    "4" : 124,
    "5" : 245,
    "6" : 322,
    "7" : 457,
    "8" : 544,
    "9" : 636,
    "10" : 694,
    "11" : 639,
    "12" : 669,
    "13" : 693,
    "14" : 684,
    "15" : 585,
    "16" : 574,
    "17" : 501,
    "18" : 467,
    "19" : 437,
    "20" : 428,
    "21" : 364,
    "22" : 338,
    "23" : 291,
    "24" : 315,
    "25" : 231,
    "26" : 232,
    "27" : 203,
    "28" : 186,
    "29" : 166,
    "30" : 151,
    "31" : 115,
    "32" : 115,
    "33" : 99,
    "34" : 109,
    "35" : 87,
    "36" : 68,
    "37" : 62,
    "38" : 61,
    "39" : 50,
    "40" : 47,
    "41" : 38,
    "42" : 38,
    "43" : 36,
    "44" : 34,
    "45" : 29,
    "46" : 30,
    "47" : 22,
    "48" : 20,
    "49" : 27,
    "50" : 10,
    "51" : 14,
    "52" : 11,
    "53" : 13,
    "54" : 8,
    "55" : 6,
    "56" : 10,
    "57" : 10,
    "58" : 9,
    "59" : 7,
    "60" : 6,
    "61" : 3,
    "62" : 5,
    "63" : 5,
    "64" : 3,
    "65" : 4,
    "66" : 4,
    "67" : 3,
    "68" : 3,
    "69" : 2,
    "70" : 2,
    "71" : 3,
    "72" : 2,
    "73" : 2,
    "74" : 3,
    "76" : 1,
    "77" : 1,
    "78" : 1,
    "86" : 1,
    "87" : 1,
    "92" : 1,
    "93" : 2
  },
  "mean" : 17.634507606084867,
  "stdDev" : 10.054828183473125
}