{
  "distribution" : {
    "1" : 20,
    "2" : 146,
    "3" : 458,
    "4" : 742,
    "5" : 946,
    "6" : 1147,
    "7" : 1258,
    "8" : 1153,
    "9" : 1078,
    "10" : 932,
    "11" : 807,
    "12" : 737,
    "13" : 600,
    "14" : 551,
    "15" : 447,
    "16" : 384,
    "17" : 329,
    "18" : 287,
    "19" : 236,
    "20" : 212,
    "21" : 145,
    "22" : 141,
    "23" : 115,
    "24" : 109,
    "25" : 77,
    "26" : 65,
    "27" : 64,
    "28" : 51,
    "29" : 43,
    "30" : 31,
    "31" : 33,
    "32" : 34,
    "33" : 23,
    "34" : 20,
    "35" : 11,
    "36" : 15,
    "37" : 11,
    "38" : 9,
    "39" : 9,
    "40" : 11,
    "41" : 5,
    "42" : 5,
    "43" : 5,
    "44" : 1,
    "45" : 4,
    "46" : 2,
    "47" : 3,
    "48" : 3,
    "49" : 1,
    "51" : 1,
    "52" : 1,
    "53" : 2,
    "54" : 2,
    "56" : 1,
    "59" : 1,
    "60" : 1,
    "80" : 1
  },
  "mean" : 10.875942629010794,
  "stdDev" : 6.453300645583668
}