{
  "distribution" : {
    "2" : 17,
    "3" : 91,
    "4" : 228,
    "5" : 380,
    "6" : 569,
    "7" : 670,
    "8" : 758,
    "9" : 840,
    "10" : 839,
    "11" : 849,
    "12" : 760,
    "13" : 762,
    "14" : 607,
    "15" : 608,
    "16" : 515,
    "17" : 473,
    "18" : 399,
    "19" : 375,
    "20" : 357,
    "21" : 312,
    "22" : 263,
    "23" : 241,
    "24" : 210,
    "25" : 183,
    "26" : 191,
    "27" : 142,
    "28" : 120,
    "29" : 121,
    "30" : 91,
    "31" : 84,
    "32" : 66,
    "33" : 57,
    "34" : 59,
    "35" : 36,
    "36" : 55,
    "37" : 34,
    "38" : 38,
    "39" : 32,
    "40" : 26,
    "41" : 19,
    "42" : 26,
    "43" : 14,
    "44" : 18,
    "45" : 13,
    "46" : 12,
    "47" : 17,
    "48" : 12,
    "49" : 11,
    "50" : 8,
    "51" : 8,
    "52" : 7,
    "53" : 5,
    "54" : 7,
    "55" : 2,
    "56" : 5,
    "57" : 1,
    "58" : 3,
    "59" : 1,
    "61" : 3,
    "62" : 2,
    "64" : 2,
    "65" : 2,
    "67" : 2,
    "68" : 1,
    "70" : 2,
    "72" : 2,
    "73" : 1,
    "79" : 1,
    "86" : 1,
    "98" : 1,
    "109" : 1
  },
  "mean" : 14.997079254815283,
  "stdDev" : 8.611602510107623
}