{
  "distribution" : {
    "2" : 4,
    "3" : 18,
    "4" : 65,
    "5" : 171,
    "6" : 267,
    "7" : 362,
    "8" : 419,
    "9" : 526,
    "10" : 569,
    "11" : 590,
    "12" : 607,
    "13" : 602,
    "14" : 594,
    "15" : 568,
    "16" : 527,
    "17" : 483,
    "18" : 501,
    "19" : 464,
    "20" : 466,
    "21" : 384,
    "22" : 341,
    "23" : 305,
    "24" : 266,
    "25" : 260,
    "26" : 225,
    "27" : 193,
    "28" : 177,
    "29" : 162,
    "30" : 168,
    "31" : 112,
    "32" : 117,
    "33" : 95,
    "34" : 69,
    "35" : 100,
    "36" : 80,
    "37" : 72,
    "38" : 69,
    "39" : 67,
    "40" : 47,
    "41" : 51,
    "42" : 43,
    "43" : 33,
    "44" : 38,
    "45" : 27,
    "46" : 36,
    "47" : 22,
    "48" : 23,
    "49" : 15,
    "50" : 23,
    "51" : 15,
    "52" : 15,
    "53" : 13,
    "54" : 13,
    "55" : 7,
    "56" : 10,
    "57" : 4,
    "58" : 6,
    "59" : 7,
    "60" : 5,
    "61" : 7,
    "62" : 3,
    "63" : 3,
    "64" : 5,
    "65" : 5,
    "66" : 3,
    "67" : 1,
    "68" : 4,
    "69" : 2,
    "70" : 1,
    "71" : 2,
    "72" : 2,
    "73" : 1,
    "74" : 2,
    "75" : 1,
    "76" : 1,
    "77" : 2,
    "78" : 1,
    "81" : 1,
    "82" : 1,
    "84" : 1,
    "85" : 1,
    "86" : 1,
    "88" : 1
  },
  "mean" : 18.499394987035437,
  "stdDev" : 10.151571912193472
}