{
  "distribution" : {
    "2" : 65,
    "3" : 219,
    "4" : 461,
    "5" : 633,
    "6" : 818,
    "7" : 908,
    "8" : 970,
    "9" : 943,
    "10" : 913,
    "11" : 830,
    "12" : 766,
    "13" : 658,
    "14" : 619,
    "15" : 531,
    "16" : 474,
    "17" : 394,
    "18" : 378,
    "19" : 290,
    "20" : 264,
    "21" : 251,
    "22" : 178,
    "23" : 179,
    "24" : 156,
    "25" : 117,
    "26" : 108,
    "27" : 81,
    "28" : 81,
    "29" : 67,
    "30" : 59,
    "31" : 46,
    "32" : 50,
    "33" : 45,
    "34" : 37,
    "35" : 29,
    "36" : 24,
    "37" : 20,
    "38" : 17,
    "39" : 16,
    "40" : 16,
    "41" : 14,
    "42" : 11,
    "43" : 6,
    "44" : 6,
    "45" : 4,
    "46" : 6,
    "47" : 4,
    "48" : 5,
    "49" : 6,
    "50" : 1,
    "51" : 6,
    "52" : 1,
    "53" : 1,
    "54" : 1,
    "56" : 2,
    "57" : 2,
    "59" : 3,
    "61" : 1,
    "62" : 1,
    "66" : 1,
    "79" : 2
  },
  "mean" : 12.744665885111372,
  "stdDev" : 7.355245902693753
}