{
  "distribution" : {
    "1" : 8,
    "2" : 144,
    "3" : 494,
    "4" : 815,
    "5" : 1041,
    "6" : 1202,
    "7" : 1154,
    "8" : 1189,
    "9" : 1022,
    "10" : 867,
    "11" : 705,
    "12" : 664,
    "13" : 535,
    "14" : 429,
    "15" : 374,
    "16" : 294,
    "17" : 271,
    "18" : 244,
    "19" : 174,
    "20" : 152,
    "21" : 121,
    "22" : 95,
    "23" : 87,
    "24" : 74,
    "25" : 62,
    "26" : 40,
    "27" : 36,
    "28" : 32,
    "29" : 32,
    "30" : 26,
    "31" : 10,
    "32" : 10,
    "33" : 14,
    "34" : 10,
    "35" : 9,
    "36" : 9,
    "37" : 8,
    "38" : 3,
    "39" : 3,
    "40" : 2,
    "41" : 2,
    "42" : 5,
    "43" : 2,
    "44" : 1,
    "45" : 1,
    "47" : 1,
    "50" : 1,
    "55" : 1,
    "57" : 1
  },
  "mean" : 10.033985251683232,
  "stdDev" : 5.7178663162655585
}