{
  "distribution" : {
    "2" : 1,
    "3" : 12,
    "4" : 58,
    "5" : 125,
    "6" : 226,
    "7" : 304,
    "8" : 426,
    "9" : 507,
    "10" : 545,
    "11" : 570,
    "12" : 566,
    "13" : 614,
    "14" : 602,
    "15" : 552,
    "16" : 565,
    "17" : 519,
    "18" : 488,
    "19" : 454,
    "20" : 430,
    "21" : 398,
    "22" : 395,
    "23" : 338,
    "24" : 286,
    "25" : 281,
    "26" : 253,
    "27" : 229,
    "28" : 188,
    "29" : 218,
    "30" : 168,
    "31" : 133,
    "32" : 118,
    "33" : 119,
    "34" : 125,
    "35" : 113,
    "36" : 91,
    "37" : 86,
    "38" : 65,
    "39" : 72,
    "40" : 56,
    "41" : 53,
    "42" : 47,
    "43" : 38,
    "44" : 43,
    "45" : 32,
    "46" : 24,
    "47" : 23,
    "48" : 29,
    "49" : 32,
    "50" : 20,
    "51" : 20,
    "52" : 17,
    "53" : 23,
    "54" : 14,
    "55" : 12,
    "56" : 11,
    "57" : 16,
    "58" : 10,
    "59" : 6,
    "60" : 7,
    "61" : 5,
    "62" : 7,
    "63" : 12,
    "64" : 8,
    "65" : 8,
    "66" : 6,
    "67" : 3,
    "68" : 2,
    "69" : 5,
    "71" : 2,
    "72" : 1,
    "73" : 3,
    "74" : 3,
    "75" : 2,
    "76" : 3,
    "78" : 4,
    "82" : 1,
    "83" : 3,
    "88" : 1,
    "91" : 1,
    "94" : 1,
    "96" : 2,
    "99" : 1,
    "102" : 1
  },
  "mean" : 19.409343902850395,
  "stdDev" : 10.783614075090949
}