{
  "distribution" : {
    "2" : 10,
    "3" : 40,
    "4" : 136,
    "5" : 234,
    "6" : 415,
    "7" : 536,
    "8" : 674,
    "9" : 655,
    "10" : 692,
    "11" : 695,
    "12" : 670,
    "13" : 684,
    "14" : 604,
    "15" : 602,
    "16" : 564,
    "17" : 512,
    "18" : 448,
    "19" : 415,
    "20" : 358,
    "21" : 351,
    "22" : 311,
    "23" : 283,
    "24" : 256,
    "25" : 190,
    "26" : 215,
    "27" : 167,
    "28" : 141,
    "29" : 144,
    "30" : 118,
    "31" : 114,
    "32" : 96,
    "33" : 83,
    "34" : 86,
    "35" : 59,
    "36" : 66,
    "37" : 56,
    "38" : 48,
    "39" : 45,
    "40" : 29,
    "41" : 34,
    "42" : 31,
    "43" : 22,
    "44" : 37,
    "45" : 17,
    "46" : 19,
    "47" : 17,
    "48" : 19,
    "49" : 14,
    "50" : 10,
    "51" : 9,
    "52" : 15,
    "53" : 8,
    "54" : 9,
    "55" : 8,
    "56" : 7,
    "57" : 4,
    "58" : 6,
    "59" : 7,
    "60" : 3,
    "61" : 3,
    "62" : 2,
    "63" : 2,
    "65" : 3,
    "66" : 1,
    "68" : 1,
    "69" : 2,
    "70" : 1,
    "73" : 1,
    "74" : 1,
    "78" : 2,
    "81" : 1,
    "83" : 1,
    "85" : 1
  },
  "mean" : 16.632095709570958,
  "stdDev" : 9.34217428539308
}