{
  "distribution" : {
    "2" : 19,
    "3" : 47,
    "4" : 133,
    "5" : 270,
    "6" : 443,
    "7" : 523,
    "8" : 586,
    "9" : 624,
    "10" : 691,
    "11" : 679,
    "12" : 678,
    "13" : 655,
    "14" : 601,
    "15" : 599,
    "16" : 543,
    "17" : 519,
    "18" : 445,
    "19" : 411,
    "20" : 366,
    "21" : 310,
    "22" : 310,
    "23" : 285,
    "24" : 218,
    "25" : 212,
    "26" : 196,
    "27" : 176,
    "28" : 161,
    "29" : 129,
    "30" : 130,
    "31" : 114,
    "32" : 102,
    "33" : 100,
    "34" : 69,
    "35" : 66,
    "36" : 63,
    "37" : 51,
    "38" : 34,
    "39" : 36,
    "40" : 37,
    "41" : 27,
    "42" : 20,
    "43" : 34,
    "44" : 23,
    "45" : 22,
    "46" : 13,
    "47" : 17,
    "48" : 16,
    "49" : 18,
    "50" : 10,
    "51" : 7,
    "52" : 6,
    "53" : 10,
    "54" : 5,
    "55" : 5,
    "56" : 7,
    "57" : 8,
    "58" : 2,
    "59" : 1,
    "60" : 3,
    "61" : 4,
    "62" : 1,
    "63" : 2,
    "64" : 2,
    "66" : 1,
    "67" : 4,
    "69" : 1,
    "70" : 2,
    "73" : 1,
    "74" : 2,
    "76" : 1,
    "78" : 1,
    "94" : 1
  },
  "mean" : 16.521582129660732,
  "stdDev" : 9.198315475757378
}