{
  "distribution" : {
    "2" : 7,
    "3" : 63,
    "4" : 214,
    "5" : 364,
    "6" : 525,
    "7" : 686,
    "8" : 752,
    "9" : 798,
    "10" : 816,
    "11" : 788,
    "12" : 732,
    "13" : 705,
    "14" : 627,
    "15" : 605,
    "16" : 528,
    "17" : 467,
    "18" : 401,
    "19" : 364,
    "20" : 279,
    "21" : 300,
    "22" : 278,
    "23" : 247,
    "24" : 208,
    "25" : 177,
    "26" : 150,
    "27" : 152,
    "28" : 132,
    "29" : 103,
    "30" : 93,
    "31" : 81,
    "32" : 81,
    "33" : 58,
    "34" : 45,
    "35" : 47,
    "36" : 37,
    "37" : 39,
    "38" : 31,
    "39" : 30,
    "40" : 22,
    "41" : 27,
    "42" : 26,
    "43" : 19,
    "44" : 11,
    "45" : 16,
    "46" : 18,
    "47" : 14,
    "48" : 7,
    "49" : 7,
    "50" : 5,
    "51" : 4,
    "52" : 7,
    "53" : 4,
    "54" : 3,
    "55" : 3,
    "56" : 8,
    "57" : 3,
    "58" : 3,
    "59" : 4,
    "60" : 2,
    "61" : 2,
    "62" : 2,
    "63" : 2,
    "64" : 2,
    "66" : 1,
    "68" : 1,
    "69" : 1,
    "73" : 1,
    "76" : 1,
    "87" : 1
  },
  "mean" : 15.018059982021738,
  "stdDev" : 8.476198859295293
}