{
  "distribution" : {
    "2" : 80,
    "3" : 440,
    "4" : 806,
    "5" : 1085,
    "6" : 1210,
    "7" : 1168,
    "8" : 1141,
    "9" : 1050,
    "10" : 880,
    "11" : 735,
    "12" : 672,
    "13" : 586,
    "14" : 476,
    "15" : 420,
    "16" : 329,
    "17" : 279,
    "18" : 236,
    "19" : 212,
    "20" : 174,
    "21" : 150,
    "22" : 110,
    "23" : 84,
    "24" : 113,
    "25" : 80,
    "26" : 63,
    "27" : 49,
    "28" : 42,
    "29" : 33,
    "30" : 27,
    "31" : 18,
    "32" : 15,
    "33" : 25,
    "34" : 12,
    "35" : 7,
    "36" : 9,
    "37" : 16,
    "38" : 5,
    "39" : 2,
    "40" : 7,
    "41" : 4,
    "42" : 1,
    "43" : 2,
    "44" : 3,
    "45" : 1,
    "46" : 1,
    "47" : 1,
    "49" : 2,
    "51" : 1,
    "52" : 1,
    "53" : 2,
    "56" : 1,
    "58" : 1
  },
  "mean" : 10.454495997513018,
  "stdDev" : 6.0502462870691724
}