{
  "distribution" : {
    "2" : 135,
    "3" : 482,
    "4" : 899,
    "5" : 1075,
    "6" : 1229,
    "7" : 1235,
    "8" : 1163,
    "9" : 1047,
    "10" : 920,
    "11" : 822,
    "12" : 697,
    "13" : 576,
    "14" : 452,
    "15" : 400,
    "16" : 363,
    "17" : 270,
    "18" : 243,
    "19" : 175,
    "20" : 177,
    "21" : 109,
    "22" : 143,
    "23" : 99,
    "24" : 96,
    "25" : 80,
    "26" : 72,
    "27" : 46,
    "28" : 43,
    "29" : 40,
    "30" : 37,
    "31" : 26,
    "32" : 13,
    "33" : 19,
    "34" : 15,
    "35" : 10,
    "36" : 10,
    "37" : 10,
    "38" : 12,
    "39" : 11,
    "40" : 4,
    "41" : 4,
    "42" : 5,
    "43" : 3,
    "44" : 2,
    "45" : 2,
    "46" : 2,
    "47" : 1,
    "52" : 1,
    "57" : 1
  },
  "mean" : 10.35771316661645,
  "stdDev" : 6.089033210343477
}