{
  "distribution" : {
    "1" : 10,
    "2" : 176,
    "3" : 514,
    "4" : 941,
    "5" : 1139,
    "6" : 1298,
    "7" : 1123,
    "8" : 1122,
    "9" : 983,
    "10" : 880,
    "11" : 737,
    "12" : 631,
    "13" : 542,
    "14" : 440,
    "15" : 405,
    "16" : 309,
    "17" : 292,
    "18" : 231,
    "19" : 169,
    "20" : 150,
    "21" : 132,
    "22" : 114,
    "23" : 97,
    "24" : 63,
    "25" : 49,
    "26" : 37,
    "27" : 31,
    "28" : 34,
    "29" : 30,
    "30" : 22,
    "31" : 17,
    "32" : 16,
    "33" : 12,
    "34" : 7,
    "35" : 9,
    "36" : 11,
    "37" : 6,
    "38" : 3,
    "39" : 3,
    "40" : 5,
    "41" : 3,
    "42" : 2,
    "43" : 4,
    "44" : 1,
    "45" : 4,
    "46" : 1
  },
  "mean" : 9.924795001952363,
  "stdDev" : 5.730014488710935
}