{
  "distribution" : {
    "1" : 90,
    "2" : 560,
    "3" : 1293,
    "4" : 1598,
    "5" : 1729,
    "6" : 1545,
    "7" : 1296,
    "8" : 1087,
    "9" : 822,
    "10" : 716,
    "11" : 532,
    "12" : 433,
    "13" : 337,
    "14" : 234,
    "15" : 182,
    "16" : 139,
    "17" : 116,
    "18" : 85,
    "19" : 77,
    "20" : 60,
    "21" : 35,
    "22" : 37,
    "23" : 24,
    "24" : 26,
    "25" : 11,
    "26" : 11,
    "27" : 10,
    "28" : 11,
    "29" : 3,
    "30" : 5,
    "31" : 5,
    "32" : 1,
    "33" : 1,
    "34" : 2,
    "35" : 2,
    "37" : 2,
    "38" : 1,
    "39" : 1,
    "45" : 1
  },
  "mean" : 7.3323932926829265,
  "stdDev" : 4.284791172000363
}