{
  "distribution" : {
    "1" : 1,
    "2" : 27,
    "3" : 73,
    "4" : 183,
    "5" : 336,
    "6" : 510,
    "7" : 627,
    "8" : 690,
    "9" : 749,
    "10" : 805,
    "11" : 762,
    "12" : 736,
    "13" : 676,
    "14" : 670,
    "15" : 607,
    "16" : 518,
    "17" : 507,
    "18" : 457,
    "19" : 404,
    "20" : 364,
    "21" : 302,
    "22" : 261,
    "23" : 265,
    "24" : 218,
    "25" : 205,
    "26" : 181,
    "27" : 172,
    "28" : 151,
    "29" : 119,
    "30" : 99,
    "31" : 82,
    "32" : 73,
    "33" : 91,
    "34" : 76,
    "35" : 56,
    "36" : 39,
    "37" : 39,
    "38" : 40,
    "39" : 41,
    "40" : 28,
    "41" : 32,
    "42" : 26,
    "43" : 38,
    "44" : 25,
    "45" : 19,
    "46" : 16,
    "47" : 11,
    "48" : 13,
    "49" : 7,
    "50" : 15,
    "51" : 5,
    "52" : 6,
    "53" : 9,
    "54" : 5,
    "55" : 7,
    "56" : 4,
    "57" : 2,
    "58" : 4,
    "59" : 2,
    "60" : 1,
    "61" : 1,
    "62" : 2,
    "63" : 1,
    "65" : 1,
    "67" : 1,
    "72" : 2,
    "74" : 2,
    "76" : 2,
    "78" : 2,
    "80" : 1,
    "87" : 1,
    "88" : 1,
    "91" : 1
  },
  "mean" : 15.658056777289085,
  "stdDev" : 8.933347108525192
}