{
  "distribution" : {
    "2" : 10,
    "3" : 85,
    "4" : 244,
    "5" : 440,
    "6" : 648,
    "7" : 748,
    "8" : 854,
    "9" : 850,
    "10" : 790,
    "11" : 798,
    "12" : 750,
    "13" : 707,
    "14" : 630,
    "15" : 557,
    "16" : 514,
    "17" : 454,
    "18" : 384,
    "19" : 321,
    "20" : 335,
    "21" : 307,
    "22" : 247,
    "23" : 236,
    "24" : 186,
    "25" : 169,
    "26" : 144,
    "27" : 115,
    "28" : 120,
    "29" : 95,
    "30" : 104,
    "31" : 77,
    "32" : 62,
    "33" : 54,
    "34" : 47,
    "35" : 54,
    "36" : 23,
    "37" : 41,
    "38" : 24,
    "39" : 28,
    "40" : 18,
    "41" : 24,
    "42" : 10,
    "43" : 13,
    "44" : 12,
    "45" : 16,
    "46" : 11,
    "47" : 14,
    "48" : 7,
    "49" : 7,
    "50" : 9,
    "51" : 3,
    "52" : 7,
    "53" : 1,
    "54" : 5,
    "55" : 5,
    "56" : 6,
    "59" : 2,
    "60" : 2,
    "61" : 2,
    "62" : 2,
    "64" : 1,
    "65" : 1,
    "73" : 2,
    "75" : 1,
    "76" : 1,
    "78" : 1
  },
  "mean" : 14.43417772416566,
  "stdDev" : 8.211979985733581
}