{
  "distribution" : {
    "2" : 46,
    "3" : 208,
    "4" : 458,
    "5" : 641,
    "6" : 758,
    "7" : 922,
    "8" : 949,
    "9" : 961,
    "10" : 855,
    "11" : 867,
    "12" : 795,
    "13" : 689,
    "14" : 623,
    "15" : 562,
    "16" : 472,
    "17" : 430,
    "18" : 350,
    "19" : 288,
    "20" : 285,
    "21" : 221,
    "22" : 217,
    "23" : 178,
    "24" : 171,
    "25" : 142,
    "26" : 125,
    "27" : 110,
    "28" : 97,
    "29" : 77,
    "30" : 79,
    "31" : 55,
    "32" : 68,
    "33" : 55,
    "34" : 33,
    "35" : 33,
    "36" : 24,
    "37" : 33,
    "38" : 24,
    "39" : 16,
    "40" : 14,
    "41" : 25,
    "42" : 7,
    "43" : 10,
    "44" : 6,
    "45" : 5,
    "46" : 1,
    "47" : 7,
    "48" : 4,
    "49" : 7,
    "50" : 2,
    "51" : 4,
    "52" : 2,
    "53" : 4,
    "54" : 1,
    "55" : 4,
    "56" : 1,
    "58" : 1,
    "60" : 2,
    "61" : 3,
    "63" : 1,
    "64" : 1,
    "67" : 1,
    "69" : 1,
    "75" : 1
  },
  "mean" : 13.09998465316145,
  "stdDev" : 7.62980033285595
}