{
  "distribution" : {
    "2" : 13,
    "3" : 96,
    "4" : 245,
    "5" : 421,
    "6" : 605,
    "7" : 752,
    "8" : 789,
    "9" : 880,
    "10" : 800,
    "11" : 808,
    "12" : 727,
    "13" : 743,
    "14" : 645,
    "15" : 566,
    "16" : 495,
    "17" : 443,
    "18" : 395,
    "19" : 370,
    "20" : 320,
    "21" : 291,
    "22" : 254,
    "23" : 232,
    "24" : 203,
    "25" : 161,
    "26" : 161,
    "27" : 133,
    "28" : 124,
    "29" : 104,
    "30" : 89,
    "31" : 75,
    "32" : 73,
    "33" : 54,
    "34" : 61,
    "35" : 35,
    "36" : 34,
    "37" : 45,
    "38" : 30,
    "39" : 40,
    "40" : 23,
    "41" : 16,
    "42" : 17,
    "43" : 13,
    "44" : 9,
    "45" : 17,
    "46" : 10,
    "47" : 6,
    "48" : 8,
    "49" : 7,
    "50" : 6,
    "51" : 7,
    "52" : 3,
    "53" : 6,
    "54" : 3,
    "55" : 6,
    "56" : 5,
    "57" : 1,
    "58" : 2,
    "59" : 1,
    "60" : 2,
    "61" : 1,
    "62" : 3,
    "63" : 1,
    "64" : 2,
    "65" : 2,
    "66" : 2,
    "71" : 1,
    "72" : 1,
    "79" : 1,
    "91" : 1
  },
  "mean" : 14.585994397759103,
  "stdDev" : 8.31804057606722
}