{
  "distribution" : {
    "2" : 40,
    "3" : 176,
    "4" : 384,
    "5" : 601,
    "6" : 806,
    "7" : 854,
    "8" : 858,
    "9" : 899,
    "10" : 888,
    "11" : 839,
    "12" : 721,
    "13" : 697,
    "14" : 625,
    "15" : 569,
    "16" : 512,
    "17" : 440,
    "18" : 380,
    "19" : 328,
    "20" : 275,
    "21" : 248,
    "22" : 226,
    "23" : 210,
    "24" : 178,
    "25" : 147,
    "26" : 131,
    "27" : 119,
    "28" : 107,
    "29" : 94,
    "30" : 80,
    "31" : 67,
    "32" : 53,
    "33" : 45,
    "34" : 39,
    "35" : 37,
    "36" : 32,
    "37" : 29,
    "38" : 36,
    "39" : 25,
    "40" : 16,
    "41" : 16,
    "42" : 11,
    "43" : 10,
    "44" : 10,
    "45" : 7,
    "46" : 14,
    "47" : 4,
    "48" : 8,
    "49" : 2,
    "50" : 1,
    "51" : 4,
    "52" : 4,
    "53" : 3,
    "54" : 3,
    "55" : 2,
    "56" : 4,
    "57" : 2,
    "58" : 2,
    "59" : 1,
    "61" : 1,
    "62" : 2,
    "65" : 1,
    "66" : 1,
    "70" : 1,
    "74" : 1
  },
  "mean" : 13.502785084326165,
  "stdDev" : 7.832488999385219
}