{
  "distribution" : {
    "1" : 2,
    "2" : 17,
    "3" : 144,
    "4" : 310,
    "5" : 517,
    "6" : 664,
    "7" : 769,
    "8" : 905,
    "9" : 828,
    "10" : 879,
    "11" : 805,
    "12" : 706,
    "13" : 667,
    "14" : 666,
    "15" : 591,
    "16" : 506,
    "17" : 445,
    "18" : 348,
    "19" : 323,
    "20" : 302,
    "21" : 241,
    "22" : 249,
    "23" : 187,
    "24" : 174,
    "25" : 147,
    "26" : 126,
    "27" : 99,
    "28" : 93,
    "29" : 82,
    "30" : 73,
    "31" : 55,
    "32" : 55,
    "33" : 62,
    "34" : 34,
    "35" : 38,
    "36" : 33,
    "37" : 31,
    "38" : 19,
    "39" : 20,
    "40" : 21,
    "41" : 9,
    "42" : 14,
    "43" : 9,
    "44" : 10,
    "45" : 6,
    "46" : 10,
    "47" : 3,
    "48" : 7,
    "49" : 4,
    "50" : 2,
    "51" : 3,
    "52" : 5,
    "53" : 5,
    "54" : 3,
    "55" : 2,
    "56" : 1,
    "57" : 2,
    "58" : 3,
    "60" : 3,
    "61" : 2,
    "63" : 1,
    "64" : 1,
    "65" : 1,
    "66" : 2,
    "68" : 1,
    "69" : 2
  },
  "mean" : 13.717595593000649,
  "stdDev" : 7.775559933041241
}