{
  "distribution" : {
    "2" : 46,
    "3" : 155,
    "4" : 354,
    "5" : 612,
    "6" : 741,
    "7" : 826,
    "8" : 909,
    "9" : 951,
    "10" : 854,
    "11" : 832,
    "12" : 753,
    "13" : 701,
    "14" : 577,
    "15" : 510,
    "16" : 427,
    "17" : 428,
    "18" : 342,
    "19" : 287,
    "20" : 288,
    "21" : 250,
    "22" : 174,
    "23" : 157,
    "24" : 161,
    "25" : 111,
    "26" : 118,
    "27" : 108,
    "28" : 78,
    "29" : 60,
    "30" : 46,
    "31" : 43,
    "32" : 48,
    "33" : 33,
    "34" : 27,
    "35" : 28,
    "36" : 23,
    "37" : 22,
    "38" : 19,
    "39" : 18,
    "40" : 18,
    "41" : 11,
    "42" : 12,
    "43" : 9,
    "44" : 5,
    "45" : 5,
    "46" : 1,
    "47" : 4,
    "48" : 3,
    "49" : 3,
    "50" : 6,
    "51" : 4,
    "52" : 3,
    "53" : 1,
    "54" : 1,
    "55" : 2,
    "56" : 1,
    "57" : 3,
    "58" : 1,
    "59" : 1,
    "60" : 1,
    "61" : 1,
    "64" : 1,
    "65" : 1,
    "71" : 1
  },
  "mean" : 12.954322200392927,
  "stdDev" : 7.304793573516225
}