{
  "distribution" : {
    "1" : 3,
    "2" : 37,
    "3" : 117,
    "4" : 232,
    "5" : 408,
    "6" : 539,
    "7" : 655,
    "8" : 729,
    "9" : 808,
    "10" : 762,
    "11" : 806,
    "12" : 731,
    "13" : 728,
    "14" : 638,
    "15" : 608,
    "16" : 557,
    "17" : 449,
    "18" : 425,
    "19" : 396,
    "20" : 375,
    "21" : 300,
    "22" : 245,
    "23" : 250,
    "24" : 219,
    "25" : 176,
    "26" : 171,
    "27" : 140,
    "28" : 131,
    "29" : 119,
    "30" : 102,
    "31" : 103,
    "32" : 77,
    "33" : 61,
    "34" : 71,
    "35" : 72,
    "36" : 46,
    "37" : 43,
    "38" : 35,
    "39" : 31,
    "40" : 30,
    "41" : 22,
    "42" : 22,
    "43" : 22,
    "44" : 15,
    "45" : 19,
    "46" : 10,
    "47" : 16,
    "48" : 4,
    "49" : 10,
    "50" : 3,
    "51" : 6,
    "52" : 9,
    "53" : 5,
    "54" : 3,
    "55" : 2,
    "56" : 9,
    "57" : 5,
    "58" : 7,
    "59" : 3,
    "60" : 2,
    "61" : 4,
    "62" : 2,
    "63" : 3,
    "65" : 1,
    "69" : 1,
    "72" : 1,
    "73" : 1,
    "77" : 1,
    "85" : 1
  },
  "mean" : 15.16028177932563,
  "stdDev" : 8.694059590316092
}