{
  "distribution" : {
    "1" : 1,
    "2" : 116,
    "3" : 349,
    "4" : 811,
    "5" : 966,
    "6" : 1128,
    "7" : 1067,
    "8" : 1099,
    "9" : 981,
    "10" : 898,
    "11" : 761,
    "12" : 614,
    "13" : 598,
    "14" : 509,
    "15" : 443,
    "16" : 343,
    "17" : 309,
    "18" : 241,
    "19" : 224,
    "20" : 189,
    "21" : 127,
    "22" : 134,
    "23" : 112,
    "24" : 83,
    "25" : 73,
    "26" : 76,
    "27" : 68,
    "28" : 43,
    "29" : 37,
    "30" : 26,
    "31" : 24,
    "32" : 23,
    "33" : 14,
    "34" : 15,
    "35" : 10,
    "36" : 5,
    "37" : 8,
    "38" : 5,
    "39" : 7,
    "40" : 7,
    "41" : 2,
    "42" : 2,
    "43" : 1,
    "44" : 2,
    "45" : 1,
    "46" : 2,
    "48" : 2,
    "49" : 2,
    "52" : 2,
    "53" : 1,
    "55" : 1
  },
  "mean" : 10.693281324629837,
  "stdDev" : 6.114693482973386
}