{
  "distribution" : {
    "2" : 40,
    "3" : 254,
    "4" : 525,
    "5" : 853,
    "6" : 933,
    "7" : 1053,
    "8" : 1045,
    "9" : 1017,
    "10" : 935,
    "11" : 793,
    "12" : 747,
    "13" : 621,
    "14" : 571,
    "15" : 486,
    "16" : 419,
    "17" : 359,
    "18" : 316,
    "19" : 256,
    "20" : 229,
    "21" : 192,
    "22" : 178,
    "23" : 146,
    "24" : 126,
    "25" : 88,
    "26" : 79,
    "27" : 73,
    "28" : 72,
    "29" : 50,
    "30" : 38,
    "31" : 38,
    "32" : 48,
    "33" : 28,
    "34" : 22,
    "35" : 31,
    "36" : 17,
    "37" : 16,
    "38" : 12,
    "39" : 13,
    "40" : 11,
    "41" : 6,
    "42" : 11,
    "43" : 3,
    "44" : 6,
    "45" : 7,
    "46" : 2,
    "47" : 2,
    "48" : 2,
    "49" : 1,
    "50" : 4,
    "52" : 1,
    "54" : 1,
    "55" : 1,
    "56" : 1,
    "58" : 1,
    "62" : 1,
    "66" : 1,
    "69" : 1,
    "78" : 1
  },
  "mean" : 11.871861065477587,
  "stdDev" : 6.848210716616955
}