{
  "distribution" : {
    "2" : 25,
    "3" : 121,
    "4" : 336,
    "5" : 522,
    "6" : 708,
    "7" : 832,
    "8" : 889,
    "9" : 920,
    "10" : 839,
    "11" : 816,
    "12" : 756,
    "13" : 684,
    "14" : 623,
    "15" : 510,
    "16" : 471,
    "17" : 454,
    "18" : 403,
    "19" : 380,
    "20" : 298,
    "21" : 258,
    "22" : 242,
    "23" : 201,
    "24" : 178,
    "25" : 150,
    "26" : 147,
    "27" : 115,
    "28" : 84,
    "29" : 81,
    "30" : 72,
    "31" : 51,
    "32" : 63,
    "33" : 50,
    "34" : 40,
    "35" : 29,
    "36" : 34,
    "37" : 32,
    "38" : 23,
    "39" : 21,
    "40" : 10,
    "41" : 11,
    "42" : 21,
    "43" : 16,
    "44" : 14,
    "45" : 6,
    "46" : 8,
    "47" : 5,
    "48" : 3,
    "49" : 7,
    "50" : 5,
    "51" : 5,
    "52" : 5,
    "53" : 1,
    "54" : 1,
    "57" : 2,
    "58" : 2,
    "59" : 1,
    "60" : 4,
    "61" : 3,
    "62" : 1,
    "63" : 1,
    "64" : 2,
    "65" : 1,
    "66" : 1,
    "71" : 1,
    "73" : 1,
    "82" : 1,
    "92" : 1
  },
  "mean" : 13.716621685981902,
  "stdDev" : 7.854780326618689
}