{
  "distribution" : {
    "2" : 3,
    "3" : 63,
    "4" : 166,
    "5" : 351,
    "6" : 517,
    "7" : 630,
    "8" : 773,
    "9" : 791,
    "10" : 798,
    "11" : 797,
    "12" : 725,
    "13" : 653,
    "14" : 649,
    "15" : 580,
    "16" : 499,
    "17" : 431,
    "18" : 414,
    "19" : 356,
    "20" : 281,
    "21" : 279,
    "22" : 251,
    "23" : 200,
    "24" : 201,
    "25" : 166,
    "26" : 132,
    "27" : 132,
    "28" : 114,
    "29" : 114,
    "30" : 89,
    "31" : 76,
    "32" : 68,
    "33" : 61,
    "34" : 34,
    "35" : 47,
    "36" : 37,
    "37" : 37,
    "38" : 25,
    "39" : 22,
    "40" : 24,
    "41" : 20,
    "42" : 19,
    "43" : 15,
    "44" : 5,
    "45" : 12,
    "46" : 9,
    "47" : 11,
    "48" : 16,
    "49" : 3,
    "50" : 6,
    "51" : 1,
    "52" : 5,
    "53" : 3,
    "54" : 4,
    "55" : 5,
    "56" : 4,
    "57" : 1,
    "58" : 1,
    "59" : 1,
    "60" : 4,
    "61" : 1,
    "63" : 2,
    "64" : 2,
    "65" : 1,
    "67" : 2,
    "74" : 1,
    "83" : 1,
    "88" : 1
  },
  "mean" : 14.79807528530063,
  "stdDev" : 8.180894087089282
}