{
  "distribution" : {
    "2" : 26,
    "3" : 151,
    "4" : 375,
    "5" : 549,
    "6" : 738,
    "7" : 818,
    "8" : 901,
    "9" : 823,
    "10" : 858,
    "11" : 823,
    "12" : 812,
    "13" : 689,
    "14" : 586,
    "15" : 520,
    "16" : 483,
    "17" : 459,
    "18" : 387,
    "19" : 314,
    "20" : 304,
    "21" : 212,
    "22" : 242,
    "23" : 195,
    "24" : 179,
    "25" : 139,
    "26" : 152,
    "27" : 108,
    "28" : 101,
    "29" : 81,
    "30" : 79,
    "31" : 48,
    "32" : 48,
    "33" : 47,
    "34" : 34,
    "35" : 37,
    "36" : 33,
    "37" : 28,
    "38" : 14,
    "39" : 19,
    "40" : 21,
    "41" : 14,
    "42" : 17,
    "43" : 12,
    "44" : 12,
    "45" : 5,
    "46" : 11,
    "47" : 8,
    "48" : 3,
    "49" : 2,
    "50" : 8,
    "51" : 5,
    "53" : 3,
    "54" : 3,
    "55" : 1,
    "56" : 2,
    "57" : 2,
    "58" : 3,
    "61" : 2,
    "62" : 1,
    "63" : 2,
    "67" : 1,
    "68" : 2
  },
  "mean" : 13.53051306564691,
  "stdDev" : 7.734161279468222
}