{
  "distribution" : {
    "2" : 93,
    "3" : 295,
    "4" : 514,
    "5" : 717,
    "6" : 867,
    "7" : 987,
    "8" : 939,
    "9" : 940,
    "10" : 840,
    "11" : 846,
    "12" : 774,
    "13" : 652,
    "14" : 554,
    "15" : 492,
    "16" : 448,
    "17" : 370,
    "18" : 305,
    "19" : 271,
    "20" : 240,
    "21" : 204,
    "22" : 172,
    "23" : 152,
    "24" : 123,
    "25" : 131,
    "26" : 86,
    "27" : 65,
    "28" : 52,
    "29" : 55,
    "30" : 46,
    "31" : 36,
    "32" : 34,
    "33" : 36,
    "34" : 20,
    "35" : 27,
    "36" : 15,
    "37" : 14,
    "38" : 18,
    "39" : 7,
    "40" : 5,
    "41" : 3,
    "42" : 6,
    "43" : 4,
    "44" : 7,
    "45" : 5,
    "46" : 3,
    "47" : 2,
    "48" : 3,
    "49" : 1,
    "50" : 2,
    "51" : 2,
    "52" : 2,
    "53" : 1,
    "54" : 2,
    "56" : 1,
    "58" : 2,
    "60" : 1,
    "62" : 1,
    "81" : 1
  },
  "mean" : 12.015851413017373,
  "stdDev" : 6.851582609954187
}