{
  "distribution" : {
    "2" : 10,
    "3" : 129,
    "4" : 343,
    "5" : 531,
    "6" : 729,
    "7" : 846,
    "8" : 919,
    "9" : 889,
    "10" : 851,
    "11" : 873,
    "12" : 762,
    "13" : 684,
    "14" : 611,
    "15" : 548,
    "16" : 480,
    "17" : 404,
    "18" : 419,
    "19" : 361,
    "20" : 311,
    "21" : 270,
    "22" : 225,
    "23" : 222,
    "24" : 192,
    "25" : 154,
    "26" : 127,
    "27" : 116,
    "28" : 99,
    "29" : 89,
    "30" : 80,
    "31" : 57,
    "32" : 59,
    "33" : 67,
    "34" : 49,
    "35" : 34,
    "36" : 30,
    "37" : 30,
    "38" : 24,
    "39" : 26,
    "40" : 26,
    "41" : 13,
    "42" : 14,
    "43" : 15,
    "44" : 11,
    "45" : 13,
    "46" : 10,
    "47" : 11,
    "48" : 10,
    "49" : 4,
    "50" : 6,
    "51" : 2,
    "52" : 4,
    "53" : 4,
    "54" : 4,
    "55" : 2,
    "56" : 1,
    "57" : 3,
    "58" : 2,
    "59" : 1,
    "60" : 1,
    "61" : 1,
    "64" : 3,
    "66" : 1,
    "69" : 2,
    "72" : 1,
    "77" : 1
  },
  "mean" : 13.820848938826467,
  "stdDev" : 7.982885855089247
}