{
  "distribution" : {
    "2" : 4,
    "3" : 10,
    "4" : 69,
    "5" : 114,
    "6" : 198,
    "7" : 289,
    "8" : 389,
    "9" : 436,
    "10" : 565,
    "11" : 571,
    "12" : 587,
    "13" : 573,
    "14" : 624,
    "15" : 635,
    "16" : 549,
    "17" : 509,
    "18" : 479,
    "19" : 487,
    "20" : 440,
    "21" : 419,
    "22" : 375,
    "23" : 333,
    "24" : 318,
    "25" : 261,
    "26" : 257,
    "27" : 249,
    "28" : 212,
    "29" : 174,
    "30" : 191,
    "31" : 183,
    "32" : 138,
    "33" : 140,
    "34" : 127,
    "35" : 115,
    "36" : 103,
    "37" : 92,
    "38" : 92,
    "39" : 79,
    "40" : 61,
    "41" : 63,
    "42" : 56,
    "43" : 56,
    "44" : 48,
    "45" : 37,
    "46" : 45,
    "47" : 37,
    "48" : 37,
    "49" : 30,
    "50" : 29,
    "51" : 33,
    "52" : 23,
    "53" : 26,
    "54" : 17,
    "55" : 18,
    "56" : 16,
    "57" : 12,
    "58" : 12,
    "59" : 13,
    "60" : 14,
    "61" : 10,
    "62" : 3,
    "63" : 7,
    "64" : 9,
    "65" : 8,
    "66" : 11,
    "67" : 3,
    "68" : 4,
    "69" : 4,
    "70" : 4,
    "71" : 3,
    "72" : 2,
    "73" : 2,
    "74" : 3,
    "75" : 2,
    "77" : 2,
    "78" : 3,
    "79" : 2,
    "81" : 1,
    "83" : 2,
    "84" : 2,
    "86" : 1,
    "87" : 2,
    "93" : 1,
    "96" : 1,
    "99" : 1,
    "104" : 1,
    "111" : 2
  },
  "mean" : 20.10374023838882,
  "stdDev" : 11.313167430114556
}