{
  "distribution" : {
    "2" : 4,
    "3" : 22,
    "4" : 86,
    "5" : 203,
    "6" : 312,
    "7" : 411,
    "8" : 558,
    "9" : 601,
    "10" : 646,
    "11" : 671,
    "12" : 702,
    "13" : 658,
    "14" : 606,
    "15" : 638,
    "16" : 582,
    "17" : 497,
    "18" : 481,
    "19" : 438,
    "20" : 462,
    "21" : 371,
    "22" : 337,
    "23" : 287,
    "24" : 272,
    "25" : 226,
    "26" : 225,
    "27" : 188,
    "28" : 169,
    "29" : 151,
    "30" : 140,
    "31" : 121,
    "32" : 122,
    "33" : 110,
    "34" : 95,
    "35" : 97,
    "36" : 67,
    "37" : 77,
    "38" : 56,
    "39" : 62,
    "40" : 51,
    "41" : 44,
    "42" : 53,
    "43" : 40,
    "44" : 29,
    "45" : 33,
    "46" : 30,
    "47" : 40,
    "48" : 31,
    "49" : 17,
    "50" : 14,
    "51" : 8,
    "52" : 11,
    "53" : 9,
    "54" : 10,
    "55" : 7,
    "56" : 12,
    "57" : 9,
    "58" : 6,
    "59" : 9,
    "60" : 5,
    "61" : 6,
    "62" : 6,
    "63" : 7,
    "64" : 4,
    "65" : 2,
    "66" : 2,
    "67" : 2,
    "68" : 2,
    "69" : 4,
    "72" : 1,
    "73" : 3,
    "74" : 2,
    "76" : 1,
    "77" : 1,
    "82" : 1,
    "86" : 1,
    "87" : 3,
    "88" : 1,
    "90" : 1,
    "113" : 1
  },
  "mean" : 17.928280358598208,
  "stdDev" : 10.13156137425587
}