{
  "distribution" : {
    "1" : 15,
    "2" : 219,
    "3" : 558,
    "4" : 902,
    "5" : 1132,
    "6" : 1250,
    "7" : 1229,
    "8" : 1170,
    "9" : 988,
    "10" : 821,
    "11" : 714,
    "12" : 633,
    "13" : 506,
    "14" : 443,
    "15" : 364,
    "16" : 301,
    "17" : 251,
    "18" : 193,
    "19" : 177,
    "20" : 137,
    "21" : 130,
    "22" : 110,
    "23" : 73,
    "24" : 71,
    "25" : 39,
    "26" : 40,
    "27" : 29,
    "28" : 41,
    "29" : 23,
    "30" : 25,
    "31" : 18,
    "32" : 14,
    "33" : 5,
    "34" : 8,
    "35" : 5,
    "36" : 5,
    "37" : 2,
    "38" : 2,
    "39" : 3,
    "40" : 1,
    "41" : 4,
    "42" : 1,
    "44" : 1,
    "45" : 2,
    "46" : 1,
    "49" : 2,
    "52" : 1
  },
  "mean" : 9.70432103641678,
  "stdDev" : 5.570489939309852
}