{
  "distribution" : {
    "1" : 23,
    "2" : 167,
    "3" : 551,
    "4" : 955,
    "5" : 1192,
    "6" : 1296,
    "7" : 1206,
    "8" : 1129,
    "9" : 1002,
    "10" : 880,
    "11" : 767,
    "12" : 677,
    "13" : 573,
    "14" : 499,
    "15" : 405,
    "16" : 325,
    "17" : 262,
    "18" : 237,
    "19" : 163,
    "20" : 164,
    "21" : 132,
    "22" : 107,
    "23" : 79,
    "24" : 69,
    "25" : 81,
    "26" : 50,
    "27" : 48,
    "28" : 36,
    "29" : 33,
    "30" : 19,
    "31" : 18,
    "32" : 16,
    "33" : 18,
    "34" : 13,
    "35" : 15,
    "36" : 8,
    "37" : 4,
    "38" : 3,
    "39" : 7,
    "40" : 5,
    "41" : 3,
    "42" : 3,
    "43" : 3,
    "44" : 1,
    "45" : 2,
    "46" : 4,
    "48" : 1,
    "62" : 1
  },
  "mean" : 9.994038635677633,
  "stdDev" : 5.869473817368922
}