{
  "distribution" : {
    "2" : 16,
    "3" : 115,
    "4" : 215,
    "5" : 395,
    "6" : 560,
    "7" : 647,
    "8" : 762,
    "9" : 785,
    "10" : 863,
    "11" : 756,
    "12" : 731,
    "13" : 685,
    "14" : 668,
    "15" : 572,
    "16" : 545,
    "17" : 465,
    "18" : 434,
    "19" : 383,
    "20" : 316,
    "21" : 351,
    "22" : 258,
    "23" : 245,
    "24" : 222,
    "25" : 176,
    "26" : 157,
    "27" : 140,
    "28" : 145,
    "29" : 105,
    "30" : 111,
    "31" : 96,
    "32" : 73,
    "33" : 77,
    "34" : 51,
    "35" : 68,
    "36" : 49,
    "37" : 44,
    "38" : 38,
    "39" : 36,
    "40" : 32,
    "41" : 26,
    "42" : 20,
    "43" : 22,
    "44" : 14,
    "45" : 19,
    "46" : 9,
    "47" : 11,
    "48" : 10,
    "49" : 12,
    "50" : 9,
    "51" : 4,
    "52" : 6,
    "53" : 9,
    "54" : 5,
    "55" : 2,
    "56" : 5,
    "57" : 4,
    "58" : 3,
    "59" : 1,
    "60" : 2,
    "61" : 3,
    "62" : 6,
    "63" : 1,
    "65" : 1,
    "66" : 2,
    "67" : 1,
    "68" : 1,
    "69" : 2,
    "71" : 1,
    "76" : 1
  },
  "mean" : 15.18263354234463,
  "stdDev" : 8.694944546225445
}