{
  "distribution" : {
    "1" : 37,
    "2" : 225,
    "3" : 499,
    "4" : 800,
    "5" : 1004,
    "6" : 1109,
    "7" : 1170,
    "8" : 1091,
    "9" : 1063,
    "10" : 874,
    "11" : 826,
    "12" : 703,
    "13" : 609,
    "14" : 565,
    "15" : 459,
    "16" : 411,
    "17" : 342,
    "18" : 276,
    "19" : 233,
    "20" : 198,
    "21" : 163,
    "22" : 125,
    "23" : 112,
    "24" : 100,
    "25" : 89,
    "26" : 77,
    "27" : 63,
    "28" : 47,
    "29" : 52,
    "30" : 27,
    "31" : 36,
    "32" : 27,
    "33" : 24,
    "34" : 18,
    "35" : 12,
    "36" : 12,
    "37" : 13,
    "38" : 8,
    "39" : 6,
    "40" : 9,
    "41" : 5,
    "42" : 3,
    "43" : 3,
    "44" : 1,
    "45" : 4,
    "46" : 1,
    "47" : 1,
    "49" : 2,
    "50" : 1,
    "51" : 1,
    "52" : 1,
    "55" : 2,
    "59" : 1,
    "65" : 1
  },
  "mean" : 10.756221844767742,
  "stdDev" : 6.385963005595278
}