{
  "distribution" : {
    "2" : 58,
    "3" : 193,
    "4" : 400,
    "5" : 634,
    "6" : 810,
    "7" : 864,
    "8" : 952,
    "9" : 889,
    "10" : 881,
    "11" : 801,
    "12" : 720,
    "13" : 717,
    "14" : 605,
    "15" : 556,
    "16" : 464,
    "17" : 458,
    "18" : 352,
    "19" : 291,
    "20" : 275,
    "21" : 255,
    "22" : 186,
    "23" : 190,
    "24" : 163,
    "25" : 148,
    "26" : 120,
    "27" : 94,
    "28" : 84,
    "29" : 67,
    "30" : 59,
    "31" : 66,
    "32" : 37,
    "33" : 52,
    "34" : 39,
    "35" : 28,
    "36" : 27,
    "37" : 27,
    "38" : 24,
    "39" : 16,
    "40" : 20,
    "41" : 18,
    "42" : 7,
    "43" : 14,
    "44" : 8,
    "45" : 7,
    "46" : 5,
    "47" : 5,
    "48" : 6,
    "49" : 8,
    "50" : 4,
    "51" : 3,
    "52" : 2,
    "53" : 1,
    "54" : 1,
    "57" : 3,
    "58" : 1,
    "60" : 2,
    "72" : 1,
    "74" : 1
  },
  "mean" : 13.064942212438085,
  "stdDev" : 7.517492091861302
}