{
  "distribution" : {
    "2" : 10,
    "3" : 91,
    "4" : 251,
    "5" : 458,
    "6" : 615,
    "7" : 773,
    "8" : 856,
    "9" : 817,
    "10" : 855,
    "11" : 795,
    "12" : 826,
    "13" : 704,
    "14" : 630,
    "15" : 629,
    "16" : 535,
    "17" : 465,
    "18" : 417,
    "19" : 362,
    "20" : 293,
    "21" : 252,
    "22" : 231,
    "23" : 229,
    "24" : 205,
    "25" : 164,
    "26" : 153,
    "27" : 123,
    "28" : 102,
    "29" : 102,
    "30" : 74,
    "31" : 69,
    "32" : 67,
    "33" : 74,
    "34" : 52,
    "35" : 42,
    "36" : 38,
    "37" : 39,
    "38" : 34,
    "39" : 24,
    "40" : 30,
    "41" : 23,
    "42" : 16,
    "43" : 22,
    "44" : 18,
    "45" : 15,
    "46" : 6,
    "47" : 9,
    "48" : 12,
    "49" : 13,
    "50" : 6,
    "51" : 9,
    "52" : 6,
    "53" : 2,
    "54" : 2,
    "55" : 4,
    "56" : 2,
    "57" : 3,
    "58" : 1,
    "59" : 1,
    "60" : 1,
    "61" : 1,
    "63" : 1,
    "65" : 1,
    "66" : 2,
    "67" : 3,
    "68" : 1,
    "70" : 1,
    "76" : 1,
    "77" : 1,
    "98" : 1
  },
  "mean" : 14.461247040252566,
  "stdDev" : 8.30498678228948
}