{
  "distribution" : {
    "2" : 9,
    "3" : 67,
    "4" : 220,
    "5" : 344,
    "6" : 476,
    "7" : 624,
    "8" : 665,
    "9" : 730,
    "10" : 742,
    "11" : 700,
    "12" : 709,
    "13" : 679,
    "14" : 607,
    "15" : 569,
    "16" : 480,
    "17" : 456,
    "18" : 405,
    "19" : 359,
    "20" : 352,
    "21" : 303,
    "22" : 295,
    "23" : 243,
    "24" : 189,
    "25" : 187,
    "26" : 166,
    "27" : 145,
    "28" : 147,
    "29" : 115,
    "30" : 95,
    "31" : 73,
    "32" : 79,
    "33" : 82,
    "34" : 67,
    "35" : 59,
    "36" : 48,
    "37" : 39,
    "38" : 36,
    "39" : 34,
    "40" : 20,
    "41" : 24,
    "42" : 21,
    "43" : 17,
    "44" : 12,
    "45" : 20,
    "46" : 13,
    "47" : 7,
    "48" : 9,
    "49" : 6,
    "50" : 3,
    "51" : 12,
    "52" : 2,
    "53" : 8,
    "54" : 3,
    "56" : 3,
    "58" : 1,
    "59" : 3,
    "60" : 2,
    "61" : 1,
    "62" : 1,
    "63" : 1,
    "64" : 1,
    "69" : 2,
    "70" : 2,
    "74" : 1,
    "84" : 1
  },
  "mean" : 15.353489949961835,
  "stdDev" : 8.506090488199126
}