{
  "distribution" : {
    "2" : 3,
    "3" : 19,
    "4" : 91,
    "5" : 195,
    "6" : 336,
    "7" : 452,
    "8" : 522,
    "9" : 599,
    "10" : 624,
    "11" : 693,
    "12" : 655,
    "13" : 684,
    "14" : 666,
    "15" : 566,
    "16" : 558,
    "17" : 520,
    "18" : 447,
    "19" : 414,
    "20" : 409,
    "21" : 379,
    "22" : 327,
    "23" : 283,
    "24" : 274,
    "25" : 221,
    "26" : 203,
    "27" : 202,
    "28" : 189,
    "29" : 173,
    "30" : 147,
    "31" : 128,
    "32" : 104,
    "33" : 103,
    "34" : 87,
    "35" : 95,
    "36" : 65,
    "37" : 70,
    "38" : 63,
    "39" : 54,
    "40" : 57,
    "41" : 36,
    "42" : 33,
    "43" : 33,
    "44" : 38,
    "45" : 19,
    "46" : 26,
    "47" : 17,
    "48" : 23,
    "49" : 21,
    "50" : 25,
    "51" : 14,
    "52" : 5,
    "53" : 8,
    "54" : 8,
    "55" : 10,
    "56" : 9,
    "57" : 6,
    "58" : 6,
    "59" : 6,
    "60" : 9,
    "61" : 3,
    "62" : 5,
    "63" : 1,
    "64" : 4,
    "65" : 8,
    "66" : 4,
    "67" : 1,
    "68" : 1,
    "69" : 2,
    "70" : 1,
    "71" : 2,
    "72" : 1,
    "73" : 1,
    "74" : 1,
    "75" : 1,
    "76" : 1,
    "78" : 1,
    "81" : 1,
    "82" : 1,
    "83" : 1,
    "86" : 1,
    "87" : 1,
    "88" : 1,
    "95" : 1
  },
  "mean" : 17.734387941030313,
  "stdDev" : 9.941796917278678
}