{
  "distribution" : {
    "1" : 256,
    "2" : 959,
    "3" : 1601,
    "4" : 1840,
    "5" : 1694,
    "6" : 1629,
    "7" : 1410,
    "8" : 1060,
    "9" : 919,
    "10" : 636,
    "11" : 506,
    "12" : 360,
    "13" : 323,
    "14" : 245,
    "15" : 194,
    "16" : 124,
    "17" : 109,
    "18" : 77,
    "19" : 51,
    "20" : 51,
    "21" : 44,
    "22" : 30,
    "23" : 25,
    "24" : 19,
    "25" : 20,
    "26" : 12,
    "27" : 6,
    "28" : 10,
    "29" : 5,
    "30" : 4,
    "31" : 2,
    "32" : 1,
    "37" : 1,
    "39" : 1,
    "42" : 1
  },
  "mean" : 6.857293497363796,
  "stdDev" : 4.172701621454028
}