{
  "distribution" : {
    "1" : 19,
    "2" : 36,
    "3" : 139,
    "4" : 330,
    "5" : 623,
    "6" : 789,
    "7" : 931,
    "8" : 944,
    "9" : 961,
    "10" : 884,
    "11" : 854,
    "12" : 775,
    "13" : 712,
    "14" : 612,
    "15" : 505,
    "16" : 459,
    "17" : 400,
    "18" : 366,
    "19" : 303,
    "20" : 283,
    "21" : 225,
    "22" : 232,
    "23" : 155,
    "24" : 168,
    "25" : 137,
    "26" : 124,
    "27" : 113,
    "28" : 90,
    "29" : 85,
    "30" : 64,
    "31" : 59,
    "32" : 62,
    "33" : 39,
    "34" : 36,
    "35" : 33,
    "36" : 32,
    "37" : 31,
    "38" : 16,
    "39" : 23,
    "40" : 14,
    "41" : 15,
    "42" : 6,
    "43" : 14,
    "44" : 9,
    "45" : 6,
    "46" : 6,
    "47" : 6,
    "48" : 7,
    "49" : 5,
    "50" : 6,
    "51" : 2,
    "52" : 2,
    "53" : 3,
    "54" : 2,
    "55" : 1,
    "56" : 1,
    "57" : 3,
    "60" : 1,
    "62" : 3,
    "64" : 1,
    "65" : 1,
    "72" : 1,
    "79" : 1
  },
  "mean" : 13.177124951037994,
  "stdDev" : 7.595771682499161
}