{
  "distribution" : {
    "1" : 3,
    "2" : 139,
    "3" : 440,
    "4" : 725,
    "5" : 968,
    "6" : 1068,
    "7" : 1206,
    "8" : 1134,
    "9" : 1038,
    "10" : 904,
    "11" : 821,
    "12" : 678,
    "13" : 627,
    "14" : 525,
    "15" : 444,
    "16" : 387,
    "17" : 277,
    "18" : 257,
    "19" : 227,
    "20" : 182,
    "21" : 160,
    "22" : 126,
    "23" : 103,
    "24" : 104,
    "25" : 77,
    "26" : 62,
    "27" : 64,
    "28" : 56,
    "29" : 44,
    "30" : 48,
    "31" : 29,
    "32" : 25,
    "33" : 16,
    "34" : 12,
    "35" : 16,
    "36" : 5,
    "37" : 8,
    "38" : 10,
    "39" : 2,
    "40" : 6,
    "41" : 7,
    "42" : 3,
    "43" : 5,
    "44" : 3,
    "45" : 5,
    "46" : 2,
    "47" : 3,
    "48" : 3,
    "51" : 1,
    "52" : 1,
    "53" : 2,
    "58" : 1,
    "61" : 1
  },
  "mean" : 10.800765696784074,
  "stdDev" : 6.297421929698107
}