{
  "distribution" : {
    "2" : 6,
    "3" : 75,
    "4" : 147,
    "5" : 311,
    "6" : 452,
    "7" : 533,
    "8" : 596,
    "9" : 761,
    "10" : 745,
    "11" : 726,
    "12" : 694,
    "13" : 691,
    "14" : 680,
    "15" : 586,
    "16" : 575,
    "17" : 482,
    "18" : 467,
    "19" : 384,
    "20" : 394,
    "21" : 345,
    "22" : 308,
    "23" : 302,
    "24" : 240,
    "25" : 214,
    "26" : 178,
    "27" : 152,
    "28" : 144,
    "29" : 142,
    "30" : 122,
    "31" : 110,
    "32" : 104,
    "33" : 87,
    "34" : 74,
    "35" : 58,
    "36" : 56,
    "37" : 49,
    "38" : 51,
    "39" : 39,
    "40" : 30,
    "41" : 24,
    "42" : 31,
    "43" : 23,
    "44" : 20,
    "45" : 14,
    "46" : 28,
    "47" : 20,
    "48" : 23,
    "49" : 22,
    "50" : 13,
    "51" : 11,
    "52" : 8,
    "53" : 4,
    "54" : 8,
    "55" : 3,
    "56" : 7,
    "57" : 3,
    "58" : 3,
    "59" : 8,
    "60" : 4,
    "61" : 3,
    "62" : 4,
    "63" : 1,
    "64" : 4,
    "65" : 1,
    "66" : 3,
    "67" : 2,
    "69" : 1,
    "70" : 1,
    "71" : 1,
    "76" : 2,
    "77" : 1,
    "78" : 1,
    "88" : 2,
    "90" : 1
  },
  "mean" : 16.33064840918244,
  "stdDev" : 9.283809357249584
}