{
  "distribution" : {
    "3" : 6,
    "4" : 23,
    "5" : 61,
    "6" : 139,
    "7" : 216,
    "8" : 291,
    "9" : 363,
    "10" : 442,
    "11" : 503,
    "12" : 505,
    "13" : 532,
    "14" : 560,
    "15" : 542,
    "16" : 495,
    "17" : 484,
    "18" : 478,
    "19" : 496,
    "20" : 438,
    "21" : 387,
    "22" : 377,
    "23" : 348,
    "24" : 336,
    "25" : 305,
    "26" : 304,
    "27" : 238,
    "28" : 265,
    "157" : 1,
    "29" : 241,
    "30" : 216,
    "31" : 179,
    "32" : 153,
    "33" : 162,
    "34" : 138,
    "35" : 111,
    "36" : 114,
    "37" : 119,
    "38" : 107,
    "39" : 86,
    "40" : 87,
    "41" : 81,
    "42" : 47,
    "43" : 58,
    "44" : 74,
    "45" : 50,
    "46" : 55,
    "47" : 43,
    "48" : 34,
    "49" : 37,
    "50" : 27,
    "51" : 31,
    "52" : 26,
    "53" : 17,
    "54" : 31,
    "55" : 17,
    "56" : 22,
    "57" : 20,
    "58" : 13,
    "59" : 13,
    "60" : 20,
    "61" : 15,
    "62" : 16,
    "63" : 9,
    "64" : 6,
    "65" : 6,
    "66" : 8,
    "67" : 5,
    "68" : 6,
    "69" : 9,
    "70" : 2,
    "71" : 6,
    "72" : 7,
    "73" : 10,
    "74" : 4,
    "75" : 5,
    "76" : 8,
    "77" : 3,
    "78" : 2,
    "79" : 1,
    "80" : 1,
    "82" : 1,
    "84" : 2,
    "85" : 3,
    "86" : 1,
    "87" : 1,
    "91" : 1,
    "94" : 2,
    "95" : 1,
    "98" : 1,
    "101" : 1
  },
  "mean" : 21.666438882719742,
  "stdDev" : 11.960483813780892
}