{
  "distribution" : {
    "1" : 7,
    "2" : 188,
    "3" : 594,
    "4" : 915,
    "5" : 1143,
    "6" : 1191,
    "7" : 1213,
    "8" : 1158,
    "9" : 1004,
    "10" : 892,
    "11" : 752,
    "12" : 718,
    "13" : 558,
    "14" : 452,
    "15" : 414,
    "16" : 315,
    "17" : 318,
    "18" : 235,
    "19" : 202,
    "20" : 186,
    "21" : 150,
    "22" : 104,
    "23" : 91,
    "24" : 77,
    "25" : 59,
    "26" : 37,
    "27" : 47,
    "28" : 36,
    "29" : 31,
    "30" : 30,
    "31" : 21,
    "32" : 19,
    "33" : 17,
    "34" : 11,
    "35" : 15,
    "36" : 9,
    "37" : 7,
    "38" : 8,
    "39" : 5,
    "40" : 4,
    "41" : 5,
    "42" : 5,
    "43" : 2,
    "44" : 1,
    "45" : 2,
    "46" : 3,
    "48" : 1,
    "49" : 1
  },
  "mean" : 10.113483739530672,
  "stdDev" : 5.940006690147988
}