{
  "distribution" : {
    "1" : 1,
    "2" : 99,
    "3" : 339,
    "4" : 673,
    "5" : 971,
    "6" : 1073,
    "7" : 1122,
    "8" : 1073,
    "9" : 1043,
    "10" : 960,
    "11" : 796,
    "12" : 694,
    "13" : 638,
    "14" : 490,
    "15" : 428,
    "16" : 370,
    "17" : 334,
    "18" : 232,
    "19" : 208,
    "20" : 193,
    "21" : 142,
    "22" : 112,
    "23" : 120,
    "24" : 105,
    "25" : 89,
    "26" : 72,
    "27" : 54,
    "28" : 49,
    "29" : 36,
    "30" : 29,
    "31" : 28,
    "32" : 30,
    "33" : 25,
    "34" : 12,
    "35" : 13,
    "36" : 16,
    "37" : 3,
    "38" : 10,
    "39" : 9,
    "40" : 7,
    "41" : 4,
    "42" : 4,
    "43" : 5,
    "44" : 4,
    "45" : 2,
    "46" : 3,
    "47" : 2,
    "48" : 1,
    "50" : 1,
    "51" : 1,
    "55" : 2,
    "57" : 1,
    "63" : 2
  },
  "mean" : 10.929929300864101,
  "stdDev" : 6.291761238414393
}