{
  "distribution" : {
    "3" : 10,
    "4" : 63,
    "5" : 174,
    "6" : 252,
    "7" : 392,
    "8" : 538,
    "9" : 544,
    "10" : 639,
    "11" : 630,
    "12" : 672,
    "13" : 604,
    "14" : 638,
    "15" : 605,
    "16" : 574,
    "17" : 545,
    "18" : 476,
    "19" : 428,
    "20" : 402,
    "21" : 402,
    "22" : 369,
    "23" : 320,
    "24" : 306,
    "25" : 284,
    "26" : 257,
    "27" : 218,
    "28" : 191,
    "29" : 185,
    "30" : 159,
    "31" : 187,
    "32" : 123,
    "33" : 122,
    "34" : 97,
    "35" : 80,
    "36" : 101,
    "37" : 72,
    "38" : 72,
    "39" : 61,
    "40" : 55,
    "41" : 56,
    "42" : 48,
    "43" : 46,
    "44" : 36,
    "45" : 27,
    "46" : 30,
    "47" : 32,
    "48" : 29,
    "49" : 27,
    "50" : 19,
    "51" : 28,
    "52" : 17,
    "53" : 15,
    "54" : 24,
    "55" : 9,
    "56" : 15,
    "57" : 11,
    "58" : 9,
    "59" : 8,
    "60" : 5,
    "61" : 8,
    "62" : 5,
    "63" : 2,
    "64" : 4,
    "65" : 3,
    "66" : 1,
    "67" : 1,
    "68" : 6,
    "69" : 3,
    "70" : 3,
    "71" : 4,
    "72" : 1,
    "74" : 3,
    "75" : 2,
    "76" : 1,
    "77" : 2,
    "78" : 2,
    "80" : 1,
    "81" : 2,
    "82" : 3,
    "84" : 1,
    "87" : 2,
    "88" : 1,
    "89" : 2,
    "91" : 1,
    "92" : 1,
    "93" : 1,
    "94" : 1,
    "97" : 1,
    "99" : 1
  },
  "mean" : 18.799790440880148,
  "stdDev" : 10.683797720383037
}