{
  "distribution" : {
    "1" : 84,
    "2" : 895,
    "3" : 1595,
    "4" : 1846,
    "5" : 1741,
    "6" : 1533,
    "7" : 1308,
    "8" : 1003,
    "9" : 797,
    "10" : 638,
    "11" : 496,
    "12" : 382,
    "13" : 301,
    "14" : 228,
    "15" : 174,
    "16" : 115,
    "17" : 89,
    "18" : 76,
    "19" : 68,
    "20" : 41,
    "21" : 35,
    "22" : 26,
    "23" : 14,
    "24" : 16,
    "25" : 6,
    "26" : 13,
    "27" : 4,
    "28" : 3,
    "29" : 5,
    "30" : 3,
    "31" : 2,
    "32" : 3,
    "33" : 3,
    "34" : 1,
    "38" : 1,
    "45" : 1
  },
  "mean" : 6.833677838476303,
  "stdDev" : 4.05776194226237
}