{
  "distribution" : {
    "1" : 217,
    "2" : 1034,
    "3" : 1715,
    "4" : 1922,
    "5" : 1807,
    "6" : 1506,
    "7" : 1229,
    "8" : 980,
    "9" : 700,
    "10" : 539,
    "11" : 405,
    "12" : 337,
    "13" : 219,
    "14" : 164,
    "15" : 125,
    "16" : 91,
    "17" : 60,
    "18" : 46,
    "19" : 30,
    "20" : 39,
    "21" : 17,
    "22" : 16,
    "23" : 9,
    "24" : 16,
    "25" : 10,
    "26" : 3,
    "27" : 3,
    "28" : 1,
    "29" : 1,
    "30" : 2,
    "33" : 1,
    "40" : 1
  },
  "mean" : 6.2961117402793505,
  "stdDev" : 3.696899794122771
}