{
  "distribution" : {
    "2" : 1,
    "3" : 18,
    "4" : 57,
    "5" : 125,
    "6" : 234,
    "7" : 333,
    "8" : 461,
    "9" : 504,
    "10" : 580,
    "11" : 619,
    "12" : 623,
    "13" : 651,
    "14" : 636,
    "15" : 594,
    "16" : 607,
    "17" : 525,
    "18" : 499,
    "19" : 478,
    "20" : 423,
    "21" : 416,
    "22" : 366,
    "23" : 358,
    "24" : 290,
    "25" : 278,
    "26" : 255,
    "27" : 227,
    "28" : 211,
    "29" : 188,
    "30" : 132,
    "31" : 147,
    "32" : 148,
    "33" : 132,
    "34" : 137,
    "35" : 102,
    "36" : 106,
    "37" : 68,
    "38" : 76,
    "39" : 77,
    "40" : 75,
    "41" : 39,
    "42" : 63,
    "43" : 56,
    "44" : 64,
    "45" : 39,
    "46" : 32,
    "47" : 38,
    "48" : 31,
    "49" : 37,
    "50" : 19,
    "51" : 25,
    "52" : 12,
    "53" : 21,
    "54" : 14,
    "55" : 16,
    "56" : 10,
    "57" : 13,
    "58" : 10,
    "59" : 10,
    "60" : 16,
    "61" : 6,
    "62" : 13,
    "63" : 7,
    "64" : 10,
    "65" : 5,
    "66" : 6,
    "67" : 4,
    "68" : 8,
    "69" : 2,
    "70" : 4,
    "71" : 5,
    "72" : 1,
    "73" : 3,
    "74" : 4,
    "75" : 3,
    "76" : 3,
    "77" : 2,
    "79" : 3,
    "81" : 1,
    "84" : 2,
    "85" : 1,
    "91" : 1,
    "93" : 2,
    "94" : 1,
    "99" : 1,
    "100" : 1,
    "103" : 1
  },
  "mean" : 19.50660119143455,
  "stdDev" : 11.092416339180197
}