{
  "distribution" : {
    "2" : 2,
    "3" : 11,
    "4" : 61,
    "5" : 88,
    "6" : 201,
    "7" : 272,
    "8" : 382,
    "9" : 413,
    "10" : 495,
    "11" : 532,
    "12" : 533,
    "13" : 584,
    "14" : 587,
    "15" : 560,
    "16" : 558,
    "17" : 537,
    "18" : 456,
    "19" : 471,
    "20" : 426,
    "21" : 411,
    "22" : 386,
    "23" : 359,
    "24" : 326,
    "25" : 285,
    "26" : 288,
    "27" : 229,
    "28" : 234,
    "29" : 214,
    "30" : 205,
    "31" : 168,
    "32" : 179,
    "33" : 160,
    "34" : 134,
    "35" : 133,
    "36" : 110,
    "37" : 106,
    "38" : 106,
    "39" : 77,
    "40" : 77,
    "41" : 80,
    "42" : 78,
    "43" : 66,
    "44" : 44,
    "45" : 46,
    "46" : 31,
    "47" : 50,
    "48" : 23,
    "49" : 41,
    "50" : 36,
    "51" : 35,
    "52" : 23,
    "53" : 25,
    "54" : 17,
    "55" : 21,
    "56" : 21,
    "57" : 17,
    "58" : 14,
    "59" : 14,
    "60" : 13,
    "61" : 10,
    "62" : 15,
    "63" : 14,
    "64" : 11,
    "65" : 15,
    "66" : 8,
    "67" : 7,
    "68" : 5,
    "69" : 8,
    "70" : 3,
    "71" : 7,
    "72" : 5,
    "73" : 5,
    "74" : 1,
    "75" : 1,
    "76" : 2,
    "77" : 4,
    "78" : 3,
    "79" : 5,
    "80" : 2,
    "81" : 1,
    "85" : 1,
    "87" : 2,
    "89" : 2,
    "91" : 2,
    "115" : 1
  },
  "mean" : 20.895742761053235,
  "stdDev" : 11.770754239950003
}