{
  "distribution" : {
    "1" : 158,
    "2" : 819,
    "3" : 1514,
    "4" : 1739,
    "5" : 1856,
    "6" : 1559,
    "7" : 1307,
    "8" : 1097,
    "9" : 794,
    "10" : 704,
    "11" : 494,
    "12" : 415,
    "13" : 293,
    "14" : 255,
    "15" : 192,
    "16" : 163,
    "17" : 105,
    "18" : 93,
    "19" : 58,
    "20" : 56,
    "21" : 34,
    "22" : 34,
    "23" : 16,
    "24" : 15,
    "25" : 17,
    "26" : 7,
    "27" : 9,
    "28" : 7,
    "29" : 8,
    "30" : 6,
    "31" : 3,
    "32" : 3,
    "33" : 1,
    "35" : 1,
    "36" : 1,
    "37" : 2,
    "38" : 1
  },
  "mean" : 7.014599595258745,
  "stdDev" : 4.209777893851281
}