{
  "distribution" : {
    "1" : 4,
    "2" : 123,
    "3" : 430,
    "4" : 730,
    "5" : 1023,
    "6" : 1125,
    "7" : 1153,
    "8" : 1130,
    "9" : 1012,
    "10" : 960,
    "11" : 777,
    "12" : 666,
    "13" : 566,
    "14" : 486,
    "15" : 419,
    "16" : 320,
    "17" : 313,
    "18" : 216,
    "19" : 204,
    "20" : 198,
    "21" : 128,
    "22" : 126,
    "23" : 107,
    "24" : 100,
    "25" : 80,
    "26" : 58,
    "27" : 65,
    "28" : 34,
    "29" : 40,
    "30" : 40,
    "31" : 26,
    "32" : 20,
    "33" : 17,
    "34" : 13,
    "35" : 15,
    "36" : 10,
    "37" : 13,
    "38" : 4,
    "39" : 8,
    "40" : 3,
    "41" : 2,
    "42" : 2,
    "43" : 2,
    "45" : 3,
    "46" : 1,
    "50" : 1,
    "52" : 2,
    "53" : 1,
    "55" : 1,
    "56" : 1
  },
  "mean" : 10.591720143997495,
  "stdDev" : 6.108710993591633
}