{
  "distribution" : {
    "2" : 16,
    "3" : 69,
    "4" : 203,
    "5" : 406,
    "6" : 546,
    "7" : 661,
    "8" : 746,
    "9" : 804,
    "10" : 817,
    "11" : 786,
    "12" : 768,
    "13" : 736,
    "14" : 643,
    "15" : 580,
    "16" : 510,
    "17" : 454,
    "18" : 440,
    "19" : 426,
    "20" : 324,
    "21" : 278,
    "22" : 265,
    "23" : 228,
    "24" : 194,
    "25" : 162,
    "26" : 161,
    "27" : 129,
    "28" : 110,
    "29" : 83,
    "30" : 95,
    "31" : 77,
    "32" : 67,
    "33" : 64,
    "34" : 67,
    "35" : 53,
    "36" : 39,
    "37" : 44,
    "38" : 36,
    "39" : 30,
    "40" : 23,
    "41" : 18,
    "42" : 12,
    "43" : 16,
    "44" : 24,
    "45" : 18,
    "46" : 8,
    "47" : 7,
    "48" : 8,
    "49" : 12,
    "50" : 3,
    "51" : 8,
    "52" : 5,
    "53" : 6,
    "54" : 6,
    "55" : 5,
    "56" : 2,
    "57" : 5,
    "58" : 2,
    "60" : 1,
    "61" : 2,
    "62" : 1,
    "63" : 2,
    "65" : 1,
    "66" : 1,
    "67" : 3,
    "68" : 2,
    "69" : 1,
    "70" : 1,
    "71" : 1,
    "72" : 1,
    "74" : 1,
    "77" : 1,
    "89" : 1
  },
  "mean" : 14.914807302231237,
  "stdDev" : 8.447762944833299
}