{
  "distribution" : {
    "2" : 186,
    "3" : 612,
    "4" : 989,
    "5" : 1292,
    "6" : 1323,
    "7" : 1195,
    "8" : 1113,
    "9" : 1031,
    "10" : 875,
    "11" : 783,
    "12" : 653,
    "13" : 535,
    "14" : 473,
    "15" : 386,
    "16" : 310,
    "17" : 286,
    "18" : 188,
    "19" : 185,
    "20" : 169,
    "21" : 115,
    "22" : 126,
    "23" : 87,
    "24" : 77,
    "25" : 66,
    "26" : 46,
    "27" : 41,
    "28" : 36,
    "29" : 33,
    "30" : 26,
    "31" : 23,
    "32" : 14,
    "33" : 7,
    "34" : 11,
    "35" : 14,
    "36" : 10,
    "37" : 4,
    "38" : 5,
    "39" : 4,
    "40" : 1,
    "41" : 3,
    "43" : 1,
    "44" : 1,
    "45" : 2,
    "46" : 1,
    "47" : 2,
    "48" : 1,
    "49" : 2,
    "50" : 1,
    "56" : 1
  },
  "mean" : 9.842862495316599,
  "stdDev" : 5.8012100434802445
}