{
  "distribution" : {
    "2" : 5,
    "3" : 49,
    "4" : 163,
    "5" : 339,
    "6" : 469,
    "7" : 562,
    "8" : 647,
    "9" : 708,
    "10" : 771,
    "11" : 784,
    "12" : 682,
    "13" : 641,
    "14" : 606,
    "15" : 605,
    "16" : 519,
    "17" : 482,
    "18" : 413,
    "19" : 406,
    "20" : 349,
    "21" : 297,
    "22" : 260,
    "23" : 258,
    "24" : 196,
    "25" : 180,
    "26" : 170,
    "27" : 148,
    "28" : 137,
    "29" : 116,
    "30" : 108,
    "31" : 82,
    "32" : 76,
    "33" : 70,
    "34" : 70,
    "35" : 58,
    "36" : 54,
    "37" : 47,
    "38" : 39,
    "39" : 38,
    "40" : 31,
    "41" : 24,
    "42" : 17,
    "43" : 16,
    "44" : 17,
    "45" : 21,
    "46" : 12,
    "47" : 8,
    "48" : 11,
    "49" : 16,
    "50" : 9,
    "51" : 5,
    "52" : 6,
    "53" : 5,
    "54" : 4,
    "55" : 6,
    "56" : 5,
    "57" : 3,
    "58" : 2,
    "59" : 2,
    "60" : 1,
    "61" : 1,
    "62" : 2,
    "63" : 1,
    "64" : 1,
    "66" : 2,
    "68" : 1,
    "70" : 1,
    "73" : 1,
    "74" : 1,
    "77" : 1,
    "78" : 1
  },
  "mean" : 15.639804020949486,
  "stdDev" : 8.68179131339481
}