{
  "distribution" : {
    "1" : 8,
    "2" : 21,
    "3" : 93,
    "4" : 223,
    "5" : 440,
    "6" : 551,
    "7" : 704,
    "8" : 773,
    "9" : 751,
    "10" : 820,
    "11" : 763,
    "12" : 726,
    "13" : 649,
    "14" : 613,
    "15" : 592,
    "16" : 548,
    "17" : 461,
    "18" : 446,
    "19" : 373,
    "20" : 356,
    "21" : 298,
    "22" : 269,
    "23" : 229,
    "24" : 208,
    "25" : 212,
    "26" : 171,
    "27" : 133,
    "28" : 142,
    "29" : 135,
    "30" : 107,
    "31" : 85,
    "32" : 66,
    "33" : 72,
    "34" : 71,
    "35" : 39,
    "36" : 50,
    "37" : 32,
    "38" : 33,
    "39" : 41,
    "40" : 29,
    "41" : 25,
    "42" : 17,
    "43" : 25,
    "44" : 22,
    "45" : 18,
    "46" : 9,
    "47" : 7,
    "48" : 14,
    "49" : 10,
    "50" : 8,
    "51" : 4,
    "52" : 9,
    "53" : 5,
    "54" : 4,
    "55" : 6,
    "56" : 2,
    "57" : 5,
    "58" : 4,
    "59" : 2,
    "60" : 2,
    "61" : 1,
    "62" : 1,
    "63" : 3,
    "67" : 1,
    "71" : 1,
    "73" : 1,
    "76" : 1,
    "80" : 1
  },
  "mean" : 15.097679610876325,
  "stdDev" : 8.626252272434279
}