{
  "distribution" : {
    "1" : 57,
    "2" : 442,
    "3" : 970,
    "4" : 1389,
    "5" : 1513,
    "6" : 1510,
    "7" : 1299,
    "8" : 1185,
    "9" : 980,
    "10" : 796,
    "11" : 661,
    "12" : 557,
    "13" : 463,
    "14" : 370,
    "15" : 319,
    "16" : 248,
    "17" : 188,
    "18" : 158,
    "19" : 132,
    "20" : 110,
    "21" : 90,
    "22" : 65,
    "23" : 43,
    "24" : 52,
    "25" : 40,
    "26" : 20,
    "27" : 22,
    "28" : 10,
    "29" : 12,
    "30" : 16,
    "31" : 12,
    "32" : 12,
    "33" : 2,
    "34" : 5,
    "35" : 3,
    "36" : 6,
    "37" : 1,
    "39" : 3,
    "40" : 1,
    "41" : 1,
    "42" : 1,
    "44" : 1,
    "45" : 3,
    "48" : 1
  },
  "mean" : 8.470912920328274,
  "stdDev" : 5.071228563071843
}