{
  "distribution" : {
    "1" : 270,
    "2" : 1120,
    "3" : 1725,
    "4" : 2007,
    "5" : 1826,
    "6" : 1520,
    "7" : 1222,
    "8" : 1031,
    "9" : 772,
    "10" : 601,
    "11" : 463,
    "12" : 320,
    "13" : 257,
    "14" : 184,
    "15" : 150,
    "16" : 109,
    "17" : 76,
    "18" : 64,
    "19" : 46,
    "20" : 30,
    "21" : 27,
    "22" : 20,
    "23" : 18,
    "24" : 11,
    "25" : 5,
    "26" : 6,
    "27" : 7,
    "28" : 2,
    "29" : 2,
    "32" : 1,
    "34" : 1,
    "35" : 1,
    "36" : 1,
    "38" : 1
  },
  "mean" : 6.399611398963731,
  "stdDev" : 3.848741006314285
}