{
  "distribution" : {
    "2" : 1,
    "3" : 45,
    "4" : 145,
    "5" : 283,
    "6" : 454,
    "7" : 516,
    "8" : 637,
    "9" : 775,
    "10" : 825,
    "11" : 740,
    "12" : 656,
    "13" : 611,
    "14" : 600,
    "15" : 619,
    "16" : 545,
    "17" : 443,
    "18" : 439,
    "19" : 394,
    "20" : 332,
    "21" : 314,
    "22" : 292,
    "23" : 252,
    "24" : 237,
    "25" : 202,
    "26" : 178,
    "27" : 160,
    "28" : 141,
    "29" : 134,
    "30" : 119,
    "31" : 93,
    "32" : 85,
    "33" : 68,
    "34" : 68,
    "35" : 52,
    "36" : 48,
    "37" : 52,
    "38" : 44,
    "39" : 26,
    "40" : 33,
    "41" : 27,
    "42" : 29,
    "43" : 31,
    "44" : 22,
    "45" : 18,
    "46" : 17,
    "47" : 13,
    "48" : 7,
    "49" : 14,
    "50" : 12,
    "51" : 5,
    "52" : 6,
    "53" : 11,
    "54" : 5,
    "55" : 7,
    "56" : 1,
    "57" : 4,
    "58" : 3,
    "59" : 3,
    "60" : 1,
    "61" : 2,
    "62" : 2,
    "63" : 2,
    "64" : 1,
    "65" : 2,
    "67" : 2,
    "68" : 1,
    "69" : 1,
    "71" : 2,
    "76" : 1,
    "102" : 1
  },
  "mean" : 15.981613634455545,
  "stdDev" : 8.898961596541525
}