{
  "distribution" : {
    "2" : 1,
    "3" : 17,
    "4" : 64,
    "5" : 124,
    "6" : 224,
    "7" : 343,
    "8" : 423,
    "9" : 506,
    "10" : 592,
    "11" : 610,
    "12" : 616,
    "13" : 562,
    "14" : 619,
    "15" : 541,
    "16" : 572,
    "17" : 510,
    "18" : 488,
    "19" : 462,
    "20" : 452,
    "21" : 393,
    "22" : 393,
    "23" : 318,
    "24" : 290,
    "25" : 282,
    "26" : 282,
    "27" : 234,
    "28" : 200,
    "29" : 207,
    "30" : 156,
    "31" : 150,
    "32" : 160,
    "33" : 151,
    "34" : 106,
    "35" : 107,
    "36" : 92,
    "37" : 93,
    "38" : 79,
    "39" : 88,
    "40" : 77,
    "41" : 61,
    "42" : 40,
    "43" : 33,
    "44" : 45,
    "45" : 49,
    "46" : 53,
    "47" : 32,
    "48" : 26,
    "49" : 27,
    "50" : 33,
    "51" : 15,
    "52" : 15,
    "53" : 9,
    "54" : 22,
    "55" : 9,
    "56" : 11,
    "57" : 10,
    "58" : 14,
    "59" : 11,
    "60" : 19,
    "61" : 17,
    "62" : 4,
    "63" : 12,
    "64" : 5,
    "65" : 10,
    "66" : 5,
    "67" : 2,
    "68" : 3,
    "69" : 2,
    "70" : 2,
    "71" : 4,
    "72" : 3,
    "74" : 1,
    "75" : 2,
    "76" : 6,
    "77" : 3,
    "79" : 2,
    "80" : 2,
    "84" : 1,
    "86" : 1,
    "89" : 3,
    "90" : 2,
    "102" : 1,
    "117" : 1
  },
  "mean" : 19.622666229937767,
  "stdDev" : 11.0635675115227
}