{
  "distribution" : {
    "1" : 38,
    "2" : 379,
    "3" : 876,
    "4" : 1256,
    "5" : 1413,
    "6" : 1449,
    "7" : 1304,
    "8" : 1157,
    "9" : 1054,
    "10" : 908,
    "11" : 762,
    "12" : 601,
    "13" : 506,
    "14" : 415,
    "15" : 318,
    "16" : 282,
    "17" : 227,
    "18" : 177,
    "19" : 163,
    "20" : 125,
    "21" : 108,
    "22" : 66,
    "23" : 66,
    "24" : 61,
    "25" : 39,
    "26" : 43,
    "27" : 33,
    "28" : 24,
    "29" : 14,
    "30" : 15,
    "31" : 15,
    "32" : 11,
    "33" : 6,
    "34" : 8,
    "35" : 5,
    "36" : 6,
    "37" : 2,
    "38" : 2,
    "39" : 3,
    "40" : 3,
    "41" : 3,
    "42" : 1,
    "43" : 1,
    "44" : 1,
    "47" : 1,
    "49" : 1,
    "50" : 1,
    "52" : 2,
    "53" : 2,
    "65" : 1
  },
  "mean" : 8.95907983373943,
  "stdDev" : 5.399363929036056
}