{
  "distribution" : {
    "1" : 4,
    "2" : 89,
    "3" : 291,
    "4" : 511,
    "5" : 680,
    "6" : 865,
    "7" : 967,
    "8" : 985,
    "9" : 982,
    "10" : 902,
    "11" : 834,
    "12" : 772,
    "13" : 653,
    "14" : 602,
    "15" : 533,
    "16" : 480,
    "17" : 401,
    "18" : 360,
    "19" : 311,
    "20" : 293,
    "21" : 238,
    "22" : 206,
    "23" : 190,
    "24" : 139,
    "25" : 120,
    "26" : 130,
    "27" : 107,
    "28" : 87,
    "29" : 83,
    "30" : 63,
    "31" : 47,
    "32" : 51,
    "33" : 44,
    "34" : 34,
    "35" : 46,
    "36" : 24,
    "37" : 20,
    "38" : 14,
    "39" : 22,
    "40" : 12,
    "41" : 15,
    "42" : 9,
    "43" : 8,
    "44" : 10,
    "45" : 12,
    "46" : 4,
    "47" : 5,
    "48" : 7,
    "49" : 3,
    "50" : 6,
    "51" : 2,
    "52" : 2,
    "53" : 2,
    "55" : 2,
    "56" : 2,
    "58" : 2,
    "60" : 2,
    "61" : 1
  },
  "mean" : 12.694640975462892,
  "stdDev" : 7.4650870160957465
}