{
  "distribution" : {
    "1" : 1,
    "2" : 18,
    "3" : 97,
    "4" : 225,
    "5" : 420,
    "6" : 501,
    "7" : 676,
    "8" : 766,
    "9" : 808,
    "10" : 806,
    "11" : 827,
    "12" : 747,
    "13" : 659,
    "14" : 609,
    "15" : 572,
    "16" : 515,
    "17" : 486,
    "18" : 397,
    "19" : 379,
    "20" : 319,
    "21" : 290,
    "22" : 259,
    "23" : 245,
    "24" : 203,
    "25" : 160,
    "26" : 156,
    "27" : 143,
    "28" : 108,
    "29" : 130,
    "30" : 110,
    "31" : 86,
    "32" : 65,
    "33" : 61,
    "34" : 55,
    "35" : 55,
    "36" : 34,
    "37" : 43,
    "38" : 27,
    "39" : 38,
    "40" : 27,
    "41" : 20,
    "42" : 17,
    "43" : 13,
    "44" : 13,
    "45" : 16,
    "46" : 7,
    "47" : 5,
    "48" : 12,
    "49" : 6,
    "50" : 6,
    "51" : 7,
    "52" : 9,
    "53" : 5,
    "54" : 9,
    "55" : 1,
    "56" : 1,
    "57" : 4,
    "58" : 4,
    "59" : 3,
    "60" : 1,
    "61" : 2,
    "63" : 3,
    "68" : 2,
    "70" : 1,
    "73" : 1,
    "80" : 1,
    "87" : 1
  },
  "mean" : 14.886927519726674,
  "stdDev" : 8.421189692225528
}