{
  "distribution" : {
    "1" : 20,
    "2" : 114,
    "3" : 352,
    "4" : 635,
    "5" : 862,
    "6" : 1045,
    "7" : 1092,
    "8" : 1116,
    "9" : 1037,
    "10" : 877,
    "11" : 783,
    "12" : 744,
    "13" : 608,
    "14" : 546,
    "15" : 465,
    "16" : 362,
    "17" : 341,
    "18" : 301,
    "19" : 256,
    "20" : 230,
    "21" : 177,
    "22" : 137,
    "23" : 108,
    "24" : 115,
    "25" : 92,
    "26" : 72,
    "27" : 61,
    "28" : 48,
    "29" : 41,
    "30" : 42,
    "31" : 33,
    "32" : 23,
    "33" : 27,
    "34" : 20,
    "35" : 19,
    "36" : 16,
    "37" : 12,
    "38" : 14,
    "39" : 7,
    "40" : 7,
    "41" : 13,
    "42" : 4,
    "43" : 5,
    "44" : 4,
    "45" : 4,
    "46" : 3,
    "47" : 1,
    "48" : 3,
    "49" : 1,
    "51" : 1,
    "52" : 1,
    "53" : 1,
    "55" : 1,
    "61" : 1
  },
  "mean" : 11.259147286821705,
  "stdDev" : 6.524106963698954
}