{
  "distribution" : {
    "2" : 23,
    "3" : 88,
    "4" : 237,
    "5" : 362,
    "6" : 519,
    "7" : 658,
    "8" : 758,
    "9" : 786,
    "10" : 730,
    "11" : 799,
    "12" : 670,
    "13" : 712,
    "14" : 615,
    "15" : 592,
    "16" : 468,
    "17" : 480,
    "18" : 394,
    "19" : 381,
    "20" : 343,
    "21" : 339,
    "22" : 258,
    "23" : 291,
    "24" : 222,
    "25" : 203,
    "26" : 161,
    "27" : 148,
    "28" : 121,
    "29" : 110,
    "30" : 101,
    "31" : 97,
    "32" : 68,
    "33" : 62,
    "34" : 57,
    "35" : 65,
    "36" : 41,
    "37" : 42,
    "38" : 26,
    "39" : 38,
    "40" : 29,
    "41" : 29,
    "42" : 21,
    "43" : 13,
    "44" : 7,
    "45" : 12,
    "46" : 19,
    "47" : 14,
    "48" : 11,
    "49" : 11,
    "50" : 9,
    "51" : 9,
    "52" : 4,
    "53" : 1,
    "54" : 5,
    "55" : 2,
    "56" : 3,
    "57" : 2,
    "58" : 4,
    "59" : 1,
    "60" : 1,
    "61" : 5,
    "62" : 3,
    "63" : 2,
    "64" : 5,
    "72" : 1,
    "74" : 1,
    "75" : 2
  },
  "mean" : 15.207550240013017,
  "stdDev" : 8.602067699175487
}