{
  "distribution" : {
    "2" : 1,
    "3" : 29,
    "4" : 106,
    "5" : 227,
    "6" : 329,
    "7" : 465,
    "8" : 609,
    "9" : 618,
    "10" : 685,
    "11" : 675,
    "12" : 674,
    "13" : 709,
    "14" : 616,
    "15" : 642,
    "16" : 589,
    "17" : 523,
    "18" : 469,
    "19" : 450,
    "20" : 409,
    "21" : 375,
    "22" : 339,
    "23" : 297,
    "24" : 259,
    "25" : 275,
    "26" : 221,
    "27" : 218,
    "28" : 168,
    "29" : 175,
    "30" : 151,
    "31" : 130,
    "32" : 120,
    "33" : 104,
    "34" : 114,
    "35" : 90,
    "36" : 73,
    "37" : 79,
    "38" : 76,
    "39" : 52,
    "40" : 59,
    "41" : 56,
    "42" : 32,
    "43" : 41,
    "44" : 30,
    "45" : 32,
    "46" : 25,
    "47" : 25,
    "48" : 22,
    "49" : 22,
    "50" : 21,
    "51" : 11,
    "52" : 15,
    "53" : 17,
    "54" : 7,
    "55" : 9,
    "56" : 12,
    "57" : 4,
    "58" : 13,
    "59" : 8,
    "60" : 9,
    "61" : 6,
    "62" : 4,
    "63" : 9,
    "64" : 4,
    "65" : 4,
    "66" : 5,
    "67" : 3,
    "68" : 3,
    "70" : 5,
    "71" : 1,
    "72" : 1,
    "73" : 1,
    "74" : 2,
    "76" : 3,
    "77" : 1,
    "78" : 1,
    "79" : 1,
    "80" : 1,
    "82" : 2,
    "84" : 1,
    "86" : 1,
    "88" : 1,
    "102" : 1
  },
  "mean" : 17.88573232323232,
  "stdDev" : 10.272010945047922
}