{
  "distribution" : {
    "2" : 31,
    "3" : 166,
    "4" : 440,
    "5" : 643,
    "6" : 831,
    "7" : 928,
    "8" : 976,
    "9" : 934,
    "10" : 911,
    "11" : 839,
    "12" : 757,
    "13" : 708,
    "14" : 608,
    "15" : 517,
    "16" : 476,
    "17" : 389,
    "18" : 363,
    "19" : 316,
    "20" : 269,
    "21" : 264,
    "22" : 215,
    "23" : 194,
    "24" : 166,
    "25" : 125,
    "26" : 109,
    "27" : 109,
    "28" : 105,
    "29" : 89,
    "30" : 78,
    "31" : 56,
    "32" : 52,
    "33" : 44,
    "34" : 43,
    "35" : 29,
    "36" : 43,
    "37" : 35,
    "38" : 21,
    "39" : 19,
    "40" : 15,
    "41" : 21,
    "42" : 10,
    "43" : 6,
    "44" : 11,
    "45" : 13,
    "46" : 7,
    "47" : 4,
    "48" : 5,
    "49" : 2,
    "50" : 2,
    "51" : 3,
    "52" : 2,
    "53" : 5,
    "54" : 1,
    "55" : 3,
    "56" : 1,
    "58" : 2,
    "60" : 1,
    "62" : 3,
    "63" : 1,
    "64" : 1,
    "67" : 1
  },
  "mean" : 13.133737901367338,
  "stdDev" : 7.645553941281297
}