{
  "distribution" : {
    "1" : 1,
    "2" : 81,
    "3" : 323,
    "4" : 558,
    "5" : 831,
    "6" : 1032,
    "7" : 1050,
    "8" : 1031,
    "9" : 1009,
    "10" : 892,
    "11" : 791,
    "12" : 693,
    "13" : 618,
    "14" : 530,
    "15" : 481,
    "16" : 391,
    "17" : 361,
    "18" : 311,
    "19" : 256,
    "20" : 215,
    "21" : 178,
    "22" : 159,
    "23" : 113,
    "24" : 110,
    "25" : 100,
    "26" : 73,
    "27" : 70,
    "28" : 48,
    "29" : 59,
    "30" : 34,
    "31" : 40,
    "32" : 34,
    "33" : 25,
    "34" : 20,
    "35" : 16,
    "36" : 17,
    "37" : 10,
    "38" : 6,
    "39" : 9,
    "40" : 7,
    "41" : 6,
    "42" : 9,
    "43" : 5,
    "44" : 6,
    "45" : 6,
    "46" : 2,
    "48" : 2,
    "50" : 2,
    "53" : 1,
    "54" : 1,
    "55" : 1,
    "58" : 1,
    "86" : 1
  },
  "mean" : 11.499287185173452,
  "stdDev" : 6.592179546631227
}