{
  "distribution" : {
    "1" : 20,
    "2" : 372,
    "3" : 896,
    "4" : 1311,
    "5" : 1479,
    "6" : 1407,
    "7" : 1358,
    "8" : 1105,
    "9" : 928,
    "10" : 791,
    "11" : 656,
    "12" : 515,
    "13" : 399,
    "14" : 325,
    "15" : 246,
    "16" : 198,
    "17" : 148,
    "18" : 134,
    "19" : 101,
    "20" : 100,
    "21" : 67,
    "22" : 74,
    "23" : 37,
    "24" : 38,
    "25" : 23,
    "26" : 31,
    "27" : 17,
    "28" : 17,
    "29" : 10,
    "30" : 7,
    "31" : 7,
    "32" : 6,
    "33" : 4,
    "34" : 2,
    "35" : 5,
    "36" : 2,
    "39" : 1,
    "41" : 2,
    "49" : 1
  },
  "mean" : 8.303660436137072,
  "stdDev" : 4.800376993720047
}