{
  "distribution" : {
    "1" : 25,
    "2" : 316,
    "3" : 775,
    "4" : 1162,
    "5" : 1436,
    "6" : 1440,
    "7" : 1353,
    "8" : 1197,
    "9" : 967,
    "10" : 862,
    "11" : 731,
    "12" : 625,
    "13" : 478,
    "14" : 424,
    "15" : 339,
    "16" : 265,
    "17" : 221,
    "18" : 179,
    "19" : 143,
    "20" : 144,
    "21" : 88,
    "22" : 71,
    "23" : 58,
    "24" : 46,
    "25" : 48,
    "26" : 48,
    "27" : 21,
    "28" : 14,
    "29" : 19,
    "30" : 29,
    "31" : 13,
    "32" : 12,
    "33" : 8,
    "34" : 10,
    "35" : 7,
    "36" : 4,
    "37" : 5,
    "38" : 8,
    "39" : 4,
    "40" : 2,
    "41" : 2,
    "42" : 2,
    "43" : 1,
    "45" : 3,
    "46" : 1,
    "47" : 1
  },
  "mean" : 9.04166972881605,
  "stdDev" : 5.381009920907778
}