{
  "distribution" : {
    "2" : 19,
    "3" : 112,
    "4" : 315,
    "5" : 538,
    "6" : 694,
    "7" : 842,
    "8" : 868,
    "9" : 906,
    "10" : 838,
    "11" : 840,
    "12" : 776,
    "13" : 644,
    "14" : 615,
    "15" : 540,
    "16" : 464,
    "17" : 420,
    "18" : 330,
    "19" : 336,
    "20" : 282,
    "21" : 261,
    "22" : 222,
    "23" : 172,
    "24" : 175,
    "25" : 127,
    "26" : 120,
    "27" : 98,
    "28" : 101,
    "29" : 78,
    "30" : 70,
    "31" : 48,
    "32" : 52,
    "33" : 36,
    "34" : 32,
    "35" : 32,
    "36" : 29,
    "37" : 32,
    "38" : 22,
    "39" : 18,
    "40" : 15,
    "41" : 14,
    "42" : 14,
    "43" : 12,
    "44" : 4,
    "45" : 10,
    "46" : 2,
    "47" : 5,
    "48" : 6,
    "49" : 4,
    "50" : 3,
    "51" : 1,
    "52" : 3,
    "53" : 3,
    "54" : 4,
    "55" : 3,
    "56" : 1,
    "57" : 1,
    "58" : 1,
    "61" : 2,
    "62" : 1,
    "63" : 1,
    "64" : 1,
    "65" : 1,
    "67" : 1,
    "71" : 1,
    "76" : 1,
    "78" : 1
  },
  "mean" : 13.456546644844517,
  "stdDev" : 7.5893344290349685
}