{
  "distribution" : {
    "3" : 10,
    "4" : 52,
    "5" : 114,
    "6" : 220,
    "7" : 369,
    "8" : 408,
    "9" : 508,
    "10" : 593,
    "11" : 618,
    "12" : 635,
    "13" : 554,
    "14" : 562,
    "15" : 608,
    "16" : 527,
    "17" : 489,
    "18" : 481,
    "19" : 450,
    "20" : 411,
    "21" : 400,
    "22" : 359,
    "23" : 343,
    "24" : 301,
    "25" : 242,
    "26" : 231,
    "27" : 209,
    "28" : 177,
    "29" : 180,
    "30" : 160,
    "31" : 150,
    "32" : 143,
    "33" : 112,
    "34" : 93,
    "35" : 94,
    "36" : 85,
    "37" : 83,
    "38" : 67,
    "39" : 61,
    "40" : 46,
    "41" : 64,
    "42" : 47,
    "43" : 50,
    "44" : 31,
    "45" : 36,
    "46" : 26,
    "47" : 22,
    "48" : 17,
    "49" : 22,
    "50" : 20,
    "51" : 19,
    "52" : 29,
    "53" : 13,
    "54" : 15,
    "55" : 16,
    "56" : 9,
    "57" : 15,
    "58" : 10,
    "59" : 7,
    "60" : 7,
    "61" : 5,
    "62" : 6,
    "63" : 5,
    "64" : 11,
    "65" : 3,
    "66" : 2,
    "67" : 6,
    "68" : 2,
    "69" : 5,
    "70" : 2,
    "71" : 1,
    "72" : 2,
    "75" : 1,
    "76" : 3,
    "78" : 2,
    "79" : 1,
    "82" : 1,
    "85" : 1,
    "94" : 1,
    "96" : 1,
    "108" : 1
  },
  "mean" : 19.034583119328882,
  "stdDev" : 10.49582380298446
}