{
  "distribution" : {
    "1" : 161,
    "2" : 731,
    "3" : 1404,
    "4" : 1814,
    "5" : 1767,
    "6" : 1607,
    "7" : 1367,
    "8" : 1157,
    "9" : 927,
    "10" : 746,
    "11" : 599,
    "12" : 457,
    "13" : 323,
    "14" : 266,
    "15" : 241,
    "16" : 147,
    "17" : 130,
    "18" : 119,
    "19" : 76,
    "20" : 56,
    "21" : 51,
    "22" : 46,
    "23" : 25,
    "24" : 19,
    "25" : 21,
    "26" : 17,
    "27" : 10,
    "28" : 6,
    "29" : 4,
    "30" : 6,
    "31" : 8,
    "32" : 5,
    "33" : 3,
    "34" : 4,
    "35" : 3,
    "36" : 3,
    "38" : 1,
    "39" : 3,
    "41" : 1,
    "42" : 2,
    "44" : 1,
    "49" : 1
  },
  "mean" : 7.333031042901988,
  "stdDev" : 4.479244647021238
}