{
  "distribution" : {
    "2" : 38,
    "3" : 161,
    "4" : 325,
    "5" : 639,
    "6" : 751,
    "7" : 870,
    "8" : 894,
    "9" : 946,
    "10" : 860,
    "11" : 795,
    "12" : 733,
    "13" : 663,
    "14" : 566,
    "15" : 550,
    "16" : 421,
    "17" : 389,
    "18" : 371,
    "19" : 259,
    "20" : 249,
    "21" : 222,
    "22" : 206,
    "23" : 173,
    "24" : 128,
    "25" : 122,
    "26" : 109,
    "27" : 96,
    "28" : 68,
    "29" : 64,
    "30" : 58,
    "31" : 50,
    "32" : 36,
    "33" : 36,
    "34" : 32,
    "35" : 27,
    "36" : 19,
    "37" : 17,
    "38" : 29,
    "39" : 15,
    "40" : 12,
    "41" : 6,
    "42" : 11,
    "43" : 4,
    "44" : 6,
    "45" : 6,
    "46" : 1,
    "47" : 3,
    "48" : 4,
    "49" : 3,
    "50" : 5,
    "51" : 1,
    "52" : 1,
    "53" : 1,
    "54" : 2,
    "55" : 2,
    "56" : 1,
    "57" : 1,
    "58" : 1,
    "59" : 1,
    "60" : 2,
    "61" : 1,
    "65" : 1,
    "69" : 1
  },
  "mean" : 12.840765915119363,
  "stdDev" : 7.1957801202970435
}