{
  "distribution" : {
    "1" : 1,
    "2" : 75,
    "3" : 272,
    "4" : 588,
    "5" : 807,
    "6" : 1027,
    "7" : 994,
    "8" : 1035,
    "9" : 1029,
    "10" : 913,
    "11" : 851,
    "12" : 671,
    "13" : 688,
    "14" : 536,
    "15" : 468,
    "16" : 431,
    "17" : 375,
    "18" : 316,
    "19" : 299,
    "20" : 231,
    "21" : 216,
    "22" : 182,
    "23" : 153,
    "24" : 134,
    "25" : 99,
    "26" : 98,
    "27" : 85,
    "28" : 74,
    "29" : 66,
    "30" : 43,
    "31" : 47,
    "32" : 36,
    "33" : 31,
    "34" : 31,
    "35" : 24,
    "36" : 22,
    "37" : 15,
    "38" : 12,
    "39" : 13,
    "40" : 10,
    "41" : 9,
    "42" : 7,
    "43" : 6,
    "44" : 2,
    "45" : 4,
    "46" : 3,
    "47" : 6,
    "48" : 3,
    "49" : 1,
    "50" : 2,
    "51" : 2,
    "52" : 1,
    "53" : 1,
    "54" : 1,
    "55" : 1,
    "56" : 2,
    "57" : 2,
    "59" : 1,
    "60" : 1,
    "61" : 1
  },
  "mean" : 11.951509115979777,
  "stdDev" : 6.966975679337494
}