{
  "distribution" : {
    "2" : 1,
    "3" : 11,
    "4" : 50,
    "5" : 119,
    "6" : 203,
    "7" : 340,
    "8" : 430,
    "9" : 425,
    "10" : 518,
    "11" : 570,
    "12" : 596,
    "13" : 598,
    "14" : 596,
    "15" : 610,
    "16" : 560,
    "17" : 504,
    "18" : 481,
    "19" : 437,
    "20" : 425,
    "21" : 388,
    "22" : 370,
    "23" : 340,
    "24" : 262,
    "25" : 298,
    "26" : 264,
    "27" : 229,
    "28" : 241,
    "29" : 212,
    "30" : 197,
    "31" : 184,
    "32" : 151,
    "33" : 140,
    "34" : 139,
    "35" : 108,
    "36" : 111,
    "37" : 79,
    "38" : 74,
    "39" : 81,
    "40" : 59,
    "41" : 60,
    "42" : 62,
    "43" : 43,
    "44" : 53,
    "45" : 48,
    "46" : 43,
    "47" : 40,
    "48" : 31,
    "49" : 32,
    "50" : 22,
    "51" : 22,
    "52" : 19,
    "53" : 15,
    "54" : 16,
    "55" : 17,
    "56" : 21,
    "57" : 11,
    "58" : 14,
    "59" : 16,
    "60" : 7,
    "61" : 5,
    "62" : 7,
    "63" : 8,
    "64" : 4,
    "65" : 5,
    "66" : 5,
    "67" : 7,
    "68" : 3,
    "69" : 5,
    "70" : 2,
    "71" : 3,
    "72" : 1,
    "74" : 3,
    "75" : 3,
    "76" : 3,
    "77" : 3,
    "78" : 4,
    "79" : 2,
    "80" : 2,
    "81" : 4,
    "83" : 1,
    "84" : 1,
    "85" : 2,
    "86" : 1,
    "87" : 2,
    "88" : 3,
    "93" : 1,
    "105" : 1
  },
  "mean" : 20.008358159549818,
  "stdDev" : 11.22114553324212
}