{
  "distribution" : {
    "1" : 176,
    "2" : 543,
    "3" : 1007,
    "4" : 1404,
    "5" : 1570,
    "6" : 1442,
    "7" : 1354,
    "8" : 1147,
    "9" : 958,
    "10" : 836,
    "11" : 646,
    "12" : 563,
    "13" : 451,
    "14" : 370,
    "15" : 254,
    "16" : 222,
    "17" : 219,
    "18" : 157,
    "19" : 129,
    "20" : 99,
    "21" : 76,
    "22" : 57,
    "23" : 55,
    "24" : 31,
    "25" : 28,
    "26" : 28,
    "27" : 19,
    "28" : 11,
    "29" : 18,
    "30" : 5,
    "31" : 9,
    "32" : 6,
    "33" : 1,
    "34" : 2,
    "35" : 3,
    "36" : 2,
    "37" : 3,
    "38" : 2,
    "39" : 3,
    "40" : 1,
    "42" : 2,
    "43" : 1,
    "44" : 1
  },
  "mean" : 8.218532096901733,
  "stdDev" : 4.945393127607404
}