{
  "distribution" : {
    "2" : 132,
    "3" : 334,
    "4" : 709,
    "5" : 938,
    "6" : 1115,
    "7" : 1098,
    "8" : 1179,
    "9" : 1084,
    "10" : 933,
    "11" : 836,
    "12" : 736,
    "13" : 621,
    "14" : 544,
    "15" : 486,
    "16" : 356,
    "17" : 330,
    "18" : 264,
    "19" : 252,
    "20" : 223,
    "21" : 159,
    "22" : 135,
    "23" : 118,
    "24" : 91,
    "25" : 95,
    "26" : 81,
    "27" : 72,
    "28" : 55,
    "29" : 41,
    "30" : 40,
    "31" : 32,
    "32" : 29,
    "33" : 22,
    "34" : 16,
    "35" : 17,
    "36" : 15,
    "37" : 7,
    "38" : 12,
    "39" : 16,
    "40" : 10,
    "41" : 3,
    "42" : 3,
    "43" : 6,
    "44" : 6,
    "45" : 2,
    "46" : 6,
    "47" : 4,
    "48" : 4,
    "50" : 2,
    "51" : 1,
    "52" : 2,
    "53" : 1,
    "54" : 1,
    "58" : 1,
    "59" : 1,
    "60" : 1,
    "73" : 1
  },
  "mean" : 11.127654767284229,
  "stdDev" : 6.542107718106157
}