{
  "distribution" : {
    "2" : 45,
    "3" : 190,
    "4" : 406,
    "5" : 604,
    "6" : 794,
    "7" : 879,
    "8" : 874,
    "9" : 952,
    "10" : 834,
    "11" : 810,
    "12" : 773,
    "13" : 725,
    "14" : 631,
    "15" : 545,
    "16" : 518,
    "17" : 434,
    "18" : 376,
    "19" : 332,
    "20" : 305,
    "21" : 239,
    "22" : 219,
    "23" : 205,
    "24" : 183,
    "25" : 146,
    "26" : 130,
    "27" : 110,
    "28" : 88,
    "29" : 79,
    "30" : 78,
    "31" : 58,
    "32" : 57,
    "33" : 52,
    "34" : 32,
    "35" : 40,
    "36" : 30,
    "37" : 29,
    "38" : 15,
    "39" : 25,
    "40" : 16,
    "41" : 18,
    "42" : 9,
    "43" : 9,
    "44" : 10,
    "45" : 12,
    "46" : 13,
    "47" : 4,
    "48" : 9,
    "49" : 1,
    "50" : 5,
    "51" : 3,
    "52" : 6,
    "53" : 1,
    "54" : 3,
    "55" : 2,
    "56" : 4,
    "57" : 2,
    "58" : 2,
    "61" : 1,
    "64" : 1,
    "65" : 2,
    "66" : 1,
    "67" : 3,
    "69" : 1
  },
  "mean" : 13.376040061633281,
  "stdDev" : 7.774796287525336
}