{
  "distribution" : {
    "2" : 3,
    "3" : 30,
    "4" : 61,
    "5" : 139,
    "6" : 257,
    "7" : 397,
    "8" : 505,
    "9" : 562,
    "10" : 623,
    "11" : 601,
    "12" : 678,
    "13" : 663,
    "14" : 627,
    "15" : 578,
    "16" : 548,
    "17" : 525,
    "18" : 484,
    "19" : 460,
    "20" : 440,
    "21" : 390,
    "22" : 333,
    "23" : 313,
    "24" : 282,
    "25" : 238,
    "26" : 224,
    "27" : 194,
    "28" : 198,
    "29" : 170,
    "30" : 146,
    "31" : 122,
    "32" : 117,
    "33" : 121,
    "34" : 98,
    "35" : 81,
    "36" : 84,
    "37" : 76,
    "38" : 63,
    "39" : 59,
    "40" : 55,
    "41" : 53,
    "42" : 44,
    "43" : 33,
    "44" : 31,
    "45" : 25,
    "46" : 32,
    "47" : 23,
    "48" : 13,
    "49" : 21,
    "50" : 21,
    "51" : 17,
    "52" : 13,
    "53" : 10,
    "54" : 14,
    "55" : 10,
    "56" : 7,
    "57" : 12,
    "58" : 4,
    "59" : 6,
    "60" : 4,
    "61" : 7,
    "62" : 8,
    "63" : 7,
    "64" : 6,
    "65" : 4,
    "66" : 7,
    "67" : 4,
    "68" : 3,
    "69" : 7,
    "70" : 4,
    "71" : 5,
    "72" : 3,
    "73" : 1,
    "74" : 1,
    "75" : 3,
    "77" : 2,
    "82" : 2,
    "85" : 1,
    "87" : 1,
    "94" : 1
  },
  "mean" : 18.385934248855598,
  "stdDev" : 10.282368580233916
}