{
  "distribution" : {
    "3" : 10,
    "4" : 44,
    "5" : 127,
    "6" : 221,
    "7" : 350,
    "8" : 425,
    "9" : 480,
    "10" : 545,
    "11" : 556,
    "12" : 609,
    "13" : 614,
    "14" : 591,
    "15" : 532,
    "16" : 585,
    "17" : 528,
    "18" : 532,
    "19" : 485,
    "20" : 422,
    "21" : 414,
    "22" : 368,
    "23" : 304,
    "24" : 314,
    "25" : 279,
    "26" : 236,
    "27" : 222,
    "28" : 182,
    "29" : 196,
    "30" : 184,
    "31" : 134,
    "32" : 135,
    "33" : 129,
    "34" : 109,
    "35" : 102,
    "36" : 94,
    "37" : 94,
    "38" : 88,
    "39" : 71,
    "40" : 66,
    "41" : 56,
    "42" : 58,
    "43" : 43,
    "44" : 33,
    "45" : 39,
    "46" : 40,
    "47" : 24,
    "48" : 26,
    "49" : 20,
    "50" : 23,
    "51" : 19,
    "52" : 26,
    "53" : 13,
    "54" : 10,
    "55" : 10,
    "56" : 14,
    "57" : 13,
    "58" : 7,
    "59" : 7,
    "60" : 13,
    "61" : 10,
    "62" : 5,
    "63" : 6,
    "64" : 5,
    "65" : 4,
    "66" : 7,
    "67" : 4,
    "68" : 3,
    "69" : 4,
    "70" : 2,
    "71" : 1,
    "72" : 5,
    "73" : 1,
    "75" : 4,
    "76" : 1,
    "78" : 2,
    "80" : 1,
    "81" : 2,
    "82" : 3,
    "83" : 1,
    "85" : 1,
    "86" : 2,
    "89" : 1,
    "90" : 3,
    "91" : 1,
    "94" : 1,
    "97" : 1,
    "102" : 1,
    "110" : 1
  },
  "mean" : 19.46310858290112,
  "stdDev" : 10.85658751261477
}