{
  "distribution" : {
    "1" : 121,
    "2" : 608,
    "3" : 1305,
    "4" : 1575,
    "5" : 1707,
    "6" : 1486,
    "7" : 1267,
    "8" : 1014,
    "9" : 859,
    "10" : 656,
    "11" : 529,
    "12" : 409,
    "13" : 302,
    "14" : 254,
    "15" : 168,
    "16" : 146,
    "17" : 110,
    "18" : 78,
    "19" : 73,
    "20" : 59,
    "21" : 31,
    "22" : 20,
    "23" : 27,
    "24" : 18,
    "25" : 8,
    "26" : 15,
    "27" : 7,
    "28" : 4,
    "29" : 4,
    "31" : 1,
    "33" : 1,
    "35" : 1,
    "36" : 1,
    "37" : 1,
    "38" : 1,
    "39" : 1,
    "40" : 1,
    "41" : 1
  },
  "mean" : 7.200404071800451,
  "stdDev" : 4.167313617880847
}