{
  "distribution" : {
    "1" : 21,
    "2" : 237,
    "3" : 642,
    "4" : 1087,
    "5" : 1242,
    "6" : 1344,
    "7" : 1290,
    "8" : 1112,
    "9" : 1022,
    "10" : 912,
    "11" : 729,
    "12" : 606,
    "13" : 514,
    "14" : 461,
    "15" : 317,
    "16" : 276,
    "17" : 229,
    "18" : 196,
    "19" : 154,
    "20" : 123,
    "21" : 103,
    "22" : 76,
    "23" : 72,
    "24" : 57,
    "25" : 48,
    "26" : 40,
    "27" : 26,
    "28" : 22,
    "29" : 21,
    "30" : 19,
    "31" : 16,
    "32" : 13,
    "33" : 12,
    "34" : 8,
    "35" : 5,
    "36" : 7,
    "37" : 1,
    "38" : 4,
    "39" : 3,
    "40" : 2,
    "41" : 2,
    "42" : 4,
    "43" : 3,
    "44" : 3,
    "45" : 1,
    "47" : 1,
    "51" : 2
  },
  "mean" : 9.353152464654185,
  "stdDev" : 5.458502762161721
}