{
  "distribution" : {
    "1" : 25,
    "2" : 341,
    "3" : 925,
    "4" : 1324,
    "5" : 1317,
    "6" : 1418,
    "7" : 1282,
    "8" : 1142,
    "9" : 941,
    "10" : 831,
    "11" : 704,
    "12" : 530,
    "13" : 413,
    "14" : 353,
    "15" : 310,
    "16" : 226,
    "17" : 184,
    "18" : 154,
    "19" : 130,
    "20" : 97,
    "21" : 93,
    "22" : 65,
    "23" : 43,
    "24" : 38,
    "25" : 26,
    "26" : 26,
    "27" : 14,
    "28" : 12,
    "29" : 21,
    "30" : 10,
    "31" : 11,
    "32" : 9,
    "33" : 3,
    "34" : 2,
    "35" : 4,
    "36" : 3,
    "37" : 1,
    "38" : 3,
    "39" : 2,
    "40" : 1,
    "41" : 1,
    "42" : 2,
    "51" : 1
  },
  "mean" : 8.549854272127627,
  "stdDev" : 4.980849224319754
}