{
  "distribution" : {
    "2" : 3,
    "3" : 23,
    "4" : 95,
    "5" : 225,
    "6" : 357,
    "7" : 484,
    "8" : 578,
    "9" : 681,
    "10" : 683,
    "11" : 733,
    "12" : 726,
    "13" : 697,
    "14" : 632,
    "15" : 552,
    "16" : 545,
    "17" : 531,
    "18" : 449,
    "147" : 1,
    "19" : 436,
    "20" : 406,
    "21" : 341,
    "22" : 318,
    "23" : 262,
    "24" : 264,
    "25" : 242,
    "26" : 226,
    "27" : 166,
    "28" : 150,
    "29" : 154,
    "30" : 117,
    "31" : 103,
    "32" : 100,
    "33" : 118,
    "34" : 96,
    "35" : 72,
    "36" : 53,
    "37" : 59,
    "38" : 42,
    "39" : 62,
    "40" : 43,
    "41" : 38,
    "42" : 24,
    "43" : 32,
    "44" : 25,
    "45" : 27,
    "46" : 24,
    "47" : 15,
    "48" : 20,
    "49" : 17,
    "50" : 18,
    "51" : 17,
    "52" : 7,
    "53" : 14,
    "54" : 7,
    "55" : 10,
    "56" : 7,
    "57" : 6,
    "58" : 7,
    "59" : 4,
    "60" : 4,
    "61" : 7,
    "62" : 5,
    "63" : 1,
    "64" : 4,
    "65" : 1,
    "66" : 4,
    "67" : 2,
    "68" : 2,
    "73" : 1,
    "75" : 1,
    "77" : 1,
    "78" : 2,
    "80" : 1,
    "85" : 1,
    "88" : 1
  },
  "mean" : 17.12370710884912,
  "stdDev" : 9.642840189208686
}