{
  "distribution" : {
    "3" : 14,
    "4" : 53,
    "5" : 142,
    "6" : 252,
    "7" : 326,
    "8" : 472,
    "9" : 527,
    "10" : 528,
    "11" : 601,
    "12" : 622,
    "13" : 613,
    "14" : 615,
    "15" : 566,
    "16" : 550,
    "17" : 539,
    "18" : 496,
    "19" : 416,
    "20" : 386,
    "21" : 404,
    "22" : 352,
    "23" : 347,
    "24" : 302,
    "25" : 273,
    "26" : 225,
    "27" : 243,
    "28" : 187,
    "29" : 176,
    "30" : 166,
    "31" : 156,
    "32" : 151,
    "33" : 113,
    "34" : 101,
    "35" : 100,
    "36" : 94,
    "37" : 83,
    "38" : 78,
    "39" : 62,
    "40" : 63,
    "41" : 42,
    "42" : 53,
    "43" : 47,
    "44" : 48,
    "45" : 35,
    "46" : 31,
    "47" : 27,
    "48" : 31,
    "49" : 30,
    "50" : 20,
    "51" : 26,
    "52" : 30,
    "53" : 11,
    "54" : 10,
    "55" : 10,
    "56" : 20,
    "57" : 8,
    "58" : 5,
    "59" : 8,
    "60" : 10,
    "61" : 8,
    "62" : 6,
    "63" : 6,
    "64" : 10,
    "65" : 3,
    "66" : 4,
    "67" : 6,
    "68" : 2,
    "69" : 3,
    "70" : 1,
    "71" : 3,
    "72" : 4,
    "73" : 2,
    "74" : 1,
    "75" : 2,
    "77" : 2,
    "78" : 1,
    "79" : 2,
    "81" : 3,
    "82" : 1,
    "83" : 1,
    "86" : 1,
    "90" : 1,
    "92" : 1
  },
  "mean" : 19.198997493734336,
  "stdDev" : 10.716787155770806
}