{
  "distribution" : {
    "1" : 98,
    "2" : 690,
    "3" : 1356,
    "4" : 1619,
    "5" : 1721,
    "6" : 1528,
    "7" : 1404,
    "8" : 1134,
    "9" : 980,
    "10" : 775,
    "11" : 605,
    "12" : 489,
    "13" : 350,
    "14" : 306,
    "15" : 262,
    "16" : 167,
    "17" : 123,
    "18" : 119,
    "19" : 85,
    "20" : 72,
    "21" : 55,
    "22" : 55,
    "23" : 36,
    "24" : 31,
    "25" : 19,
    "26" : 17,
    "27" : 16,
    "28" : 8,
    "29" : 12,
    "30" : 9,
    "31" : 6,
    "32" : 6,
    "33" : 4,
    "34" : 1,
    "35" : 2,
    "36" : 1,
    "37" : 4,
    "38" : 2,
    "40" : 3,
    "44" : 1,
    "45" : 1
  },
  "mean" : 7.601114874400226,
  "stdDev" : 4.616673692726111
}