{
  "distribution" : {
    "3" : 3,
    "4" : 33,
    "5" : 78,
    "6" : 153,
    "7" : 241,
    "8" : 319,
    "9" : 384,
    "10" : 502,
    "11" : 520,
    "12" : 544,
    "13" : 611,
    "14" : 594,
    "15" : 552,
    "16" : 515,
    "17" : 530,
    "18" : 438,
    "19" : 496,
    "20" : 424,
    "21" : 365,
    "22" : 348,
    "23" : 339,
    "24" : 345,
    "25" : 302,
    "26" : 275,
    "27" : 260,
    "28" : 221,
    "29" : 222,
    "30" : 172,
    "31" : 180,
    "32" : 143,
    "33" : 130,
    "34" : 137,
    "35" : 106,
    "36" : 109,
    "37" : 92,
    "38" : 94,
    "39" : 78,
    "40" : 76,
    "41" : 57,
    "42" : 60,
    "43" : 55,
    "44" : 56,
    "45" : 49,
    "46" : 40,
    "47" : 42,
    "48" : 32,
    "49" : 27,
    "50" : 28,
    "51" : 33,
    "52" : 20,
    "53" : 20,
    "54" : 27,
    "55" : 30,
    "56" : 19,
    "57" : 17,
    "58" : 17,
    "59" : 12,
    "60" : 12,
    "61" : 11,
    "62" : 8,
    "63" : 8,
    "64" : 7,
    "65" : 6,
    "66" : 4,
    "67" : 9,
    "68" : 5,
    "69" : 6,
    "70" : 4,
    "71" : 3,
    "72" : 5,
    "73" : 5,
    "74" : 2,
    "77" : 1,
    "78" : 1,
    "79" : 1,
    "80" : 1,
    "81" : 4,
    "82" : 1,
    "83" : 3,
    "84" : 1,
    "85" : 1,
    "86" : 1,
    "87" : 1,
    "88" : 2,
    "89" : 1,
    "113" : 1,
    "126" : 1
  },
  "mean" : 20.816392881587955,
  "stdDev" : 11.48172747500161
}