{
  "distribution" : {
    "3" : 3,
    "4" : 26,
    "5" : 106,
    "6" : 183,
    "135" : 1,
    "7" : 323,
    "8" : 428,
    "9" : 501,
    "10" : 550,
    "11" : 560,
    "12" : 602,
    "13" : 652,
    "14" : 625,
    "15" : 603,
    "16" : 556,
    "17" : 480,
    "18" : 472,
    "19" : 471,
    "20" : 437,
    "21" : 387,
    "22" : 348,
    "23" : 335,
    "24" : 301,
    "25" : 239,
    "26" : 262,
    "27" : 218,
    "28" : 205,
    "29" : 206,
    "30" : 189,
    "31" : 158,
    "32" : 130,
    "33" : 135,
    "34" : 105,
    "35" : 103,
    "36" : 99,
    "37" : 101,
    "38" : 92,
    "39" : 72,
    "40" : 51,
    "41" : 59,
    "42" : 49,
    "43" : 47,
    "44" : 46,
    "45" : 55,
    "46" : 31,
    "47" : 33,
    "48" : 29,
    "49" : 29,
    "50" : 34,
    "51" : 33,
    "52" : 19,
    "53" : 22,
    "54" : 10,
    "55" : 14,
    "56" : 13,
    "57" : 14,
    "58" : 8,
    "59" : 13,
    "60" : 8,
    "61" : 6,
    "62" : 6,
    "63" : 7,
    "64" : 9,
    "65" : 5,
    "66" : 5,
    "67" : 5,
    "68" : 4,
    "69" : 3,
    "70" : 3,
    "71" : 2,
    "72" : 3,
    "73" : 4,
    "74" : 2,
    "75" : 5,
    "76" : 3,
    "77" : 1,
    "78" : 1,
    "79" : 1,
    "80" : 2,
    "82" : 1,
    "83" : 1,
    "84" : 1,
    "86" : 2,
    "91" : 1,
    "99" : 1
  },
  "mean" : 19.747513581278728,
  "stdDev" : 11.020619251664463
}