{
  "distribution" : {
    "2" : 4,
    "3" : 75,
    "4" : 136,
    "5" : 335,
    "6" : 447,
    "7" : 583,
    "8" : 768,
    "9" : 725,
    "10" : 793,
    "11" : 772,
    "12" : 729,
    "13" : 700,
    "14" : 668,
    "15" : 595,
    "16" : 505,
    "17" : 464,
    "18" : 416,
    "19" : 339,
    "20" : 396,
    "21" : 334,
    "22" : 275,
    "23" : 252,
    "24" : 220,
    "25" : 197,
    "26" : 174,
    "27" : 136,
    "28" : 150,
    "29" : 132,
    "30" : 94,
    "31" : 94,
    "32" : 85,
    "33" : 68,
    "34" : 61,
    "35" : 59,
    "36" : 52,
    "37" : 58,
    "38" : 34,
    "39" : 33,
    "40" : 26,
    "41" : 23,
    "42" : 29,
    "43" : 27,
    "44" : 24,
    "45" : 21,
    "46" : 17,
    "47" : 12,
    "48" : 13,
    "49" : 10,
    "50" : 12,
    "51" : 9,
    "52" : 9,
    "53" : 9,
    "54" : 3,
    "55" : 6,
    "56" : 2,
    "57" : 5,
    "58" : 3,
    "61" : 4,
    "62" : 2,
    "63" : 1,
    "64" : 1,
    "65" : 4,
    "66" : 2,
    "67" : 1,
    "68" : 1,
    "69" : 1,
    "76" : 1,
    "79" : 1,
    "83" : 1,
    "85" : 1
  },
  "mean" : 15.710025328866738,
  "stdDev" : 8.867245005280363
}