{
  "distribution" : {
    "1" : 5,
    "2" : 25,
    "3" : 175,
    "4" : 428,
    "5" : 686,
    "6" : 802,
    "7" : 947,
    "8" : 923,
    "9" : 890,
    "10" : 878,
    "11" : 874,
    "12" : 741,
    "13" : 657,
    "14" : 625,
    "15" : 534,
    "16" : 427,
    "17" : 406,
    "18" : 348,
    "19" : 328,
    "20" : 291,
    "21" : 230,
    "22" : 188,
    "23" : 195,
    "24" : 162,
    "25" : 125,
    "26" : 110,
    "27" : 82,
    "28" : 91,
    "29" : 73,
    "30" : 54,
    "31" : 45,
    "32" : 50,
    "33" : 44,
    "34" : 34,
    "35" : 33,
    "36" : 32,
    "37" : 28,
    "38" : 27,
    "39" : 21,
    "40" : 10,
    "41" : 10,
    "42" : 10,
    "43" : 14,
    "44" : 12,
    "45" : 8,
    "46" : 6,
    "47" : 8,
    "48" : 2,
    "49" : 5,
    "50" : 3,
    "51" : 1,
    "52" : 2,
    "53" : 1,
    "54" : 1,
    "55" : 1,
    "56" : 1,
    "57" : 2,
    "58" : 2,
    "60" : 1,
    "63" : 1,
    "68" : 1
  },
  "mean" : 12.933705567788612,
  "stdDev" : 7.440920083328683
}