{
  "distribution" : {
    "1" : 40,
    "2" : 519,
    "3" : 1070,
    "4" : 1442,
    "5" : 1530,
    "6" : 1476,
    "7" : 1334,
    "8" : 1119,
    "9" : 870,
    "10" : 811,
    "11" : 624,
    "12" : 485,
    "13" : 420,
    "14" : 302,
    "15" : 275,
    "16" : 194,
    "17" : 165,
    "18" : 126,
    "19" : 87,
    "20" : 73,
    "21" : 69,
    "22" : 58,
    "23" : 41,
    "24" : 28,
    "25" : 20,
    "26" : 16,
    "27" : 16,
    "28" : 14,
    "29" : 9,
    "30" : 7,
    "31" : 9,
    "32" : 5,
    "33" : 4,
    "34" : 1,
    "35" : 1,
    "37" : 1,
    "39" : 1,
    "41" : 2,
    "43" : 2,
    "44" : 1,
    "45" : 1
  },
  "mean" : 7.996909858305698,
  "stdDev" : 4.699381269356671
}