{
  "distribution" : {
    "2" : 27,
    "3" : 111,
    "4" : 273,
    "5" : 486,
    "6" : 601,
    "7" : 715,
    "8" : 796,
    "9" : 853,
    "10" : 803,
    "11" : 811,
    "12" : 733,
    "13" : 705,
    "14" : 596,
    "15" : 561,
    "16" : 500,
    "17" : 449,
    "18" : 403,
    "19" : 327,
    "20" : 304,
    "21" : 247,
    "22" : 211,
    "23" : 186,
    "24" : 185,
    "25" : 149,
    "26" : 112,
    "27" : 110,
    "28" : 87,
    "29" : 86,
    "30" : 65,
    "31" : 60,
    "32" : 59,
    "33" : 58,
    "34" : 39,
    "35" : 35,
    "36" : 37,
    "37" : 27,
    "38" : 17,
    "39" : 22,
    "40" : 20,
    "41" : 11,
    "42" : 7,
    "43" : 13,
    "44" : 9,
    "45" : 13,
    "46" : 3,
    "47" : 7,
    "48" : 9,
    "49" : 10,
    "50" : 4,
    "51" : 4,
    "52" : 5,
    "53" : 2,
    "54" : 2,
    "56" : 2,
    "58" : 1,
    "59" : 2,
    "60" : 1,
    "62" : 1,
    "64" : 2,
    "65" : 2,
    "66" : 1,
    "67" : 1,
    "68" : 2
  },
  "mean" : 13.92212020033389,
  "stdDev" : 7.774121141630368
}