{
  "distribution" : {
    "2" : 4,
    "3" : 11,
    "4" : 49,
    "5" : 93,
    "6" : 186,
    "7" : 240,
    "8" : 392,
    "9" : 449,
    "10" : 489,
    "11" : 526,
    "12" : 614,
    "13" : 606,
    "14" : 564,
    "15" : 582,
    "16" : 572,
    "17" : 515,
    "18" : 471,
    "19" : 460,
    "20" : 446,
    "21" : 397,
    "22" : 348,
    "23" : 349,
    "24" : 346,
    "25" : 290,
    "26" : 249,
    "27" : 268,
    "28" : 228,
    "29" : 199,
    "30" : 205,
    "31" : 166,
    "32" : 148,
    "33" : 172,
    "34" : 136,
    "35" : 123,
    "36" : 112,
    "37" : 91,
    "38" : 76,
    "39" : 82,
    "40" : 86,
    "41" : 72,
    "42" : 68,
    "43" : 49,
    "44" : 51,
    "45" : 52,
    "46" : 47,
    "47" : 38,
    "48" : 41,
    "49" : 26,
    "50" : 30,
    "51" : 32,
    "52" : 15,
    "53" : 16,
    "54" : 17,
    "55" : 22,
    "56" : 19,
    "57" : 17,
    "58" : 19,
    "59" : 13,
    "60" : 13,
    "61" : 12,
    "62" : 13,
    "63" : 9,
    "64" : 5,
    "65" : 4,
    "66" : 10,
    "67" : 4,
    "68" : 3,
    "69" : 4,
    "70" : 6,
    "71" : 7,
    "72" : 3,
    "73" : 1,
    "74" : 3,
    "75" : 4,
    "76" : 2,
    "77" : 2,
    "78" : 2,
    "79" : 1,
    "81" : 3,
    "82" : 2,
    "84" : 1,
    "85" : 1,
    "86" : 3,
    "88" : 1,
    "91" : 1,
    "93" : 1,
    "94" : 2,
    "96" : 1,
    "97" : 1,
    "98" : 1,
    "107" : 1,
    "110" : 1
  },
  "mean" : 20.61525759577279,
  "stdDev" : 11.575127513175484
}