{
  "distribution" : {
    "1" : 2,
    "2" : 109,
    "3" : 347,
    "4" : 623,
    "5" : 810,
    "6" : 947,
    "7" : 996,
    "8" : 1071,
    "9" : 1009,
    "10" : 884,
    "11" : 812,
    "12" : 758,
    "13" : 667,
    "14" : 608,
    "15" : 506,
    "16" : 461,
    "17" : 384,
    "18" : 309,
    "19" : 282,
    "20" : 245,
    "21" : 188,
    "22" : 170,
    "23" : 152,
    "24" : 129,
    "25" : 114,
    "26" : 98,
    "27" : 72,
    "28" : 63,
    "29" : 74,
    "30" : 61,
    "31" : 43,
    "32" : 35,
    "33" : 32,
    "34" : 28,
    "35" : 23,
    "36" : 18,
    "37" : 21,
    "38" : 12,
    "39" : 8,
    "40" : 8,
    "41" : 7,
    "42" : 5,
    "43" : 8,
    "44" : 3,
    "45" : 9,
    "46" : 6,
    "47" : 4,
    "48" : 5,
    "49" : 2,
    "50" : 6,
    "52" : 2,
    "53" : 1,
    "54" : 1,
    "56" : 2,
    "61" : 1,
    "62" : 1,
    "64" : 1
  },
  "mean" : 11.9007777693876,
  "stdDev" : 6.987202263290353
}