{
  "distribution" : {
    "1" : 64,
    "2" : 211,
    "3" : 520,
    "4" : 880,
    "5" : 1153,
    "6" : 1221,
    "7" : 1205,
    "8" : 1057,
    "9" : 1003,
    "10" : 900,
    "11" : 724,
    "12" : 615,
    "13" : 538,
    "14" : 416,
    "15" : 382,
    "16" : 281,
    "17" : 268,
    "18" : 209,
    "19" : 144,
    "20" : 140,
    "21" : 111,
    "22" : 84,
    "23" : 68,
    "24" : 61,
    "25" : 45,
    "26" : 41,
    "27" : 30,
    "28" : 23,
    "29" : 28,
    "30" : 16,
    "31" : 17,
    "32" : 12,
    "33" : 11,
    "34" : 15,
    "35" : 4,
    "36" : 8,
    "37" : 4,
    "38" : 5,
    "39" : 5,
    "40" : 1,
    "41" : 1,
    "43" : 1,
    "44" : 1,
    "45" : 2
  },
  "mean" : 9.657804391217566,
  "stdDev" : 5.514370686148811
}