{
  "distribution" : {
    "1" : 40,
    "2" : 306,
    "3" : 736,
    "4" : 1174,
    "5" : 1340,
    "6" : 1364,
    "7" : 1215,
    "8" : 1158,
    "9" : 1053,
    "10" : 844,
    "11" : 726,
    "12" : 598,
    "13" : 498,
    "14" : 379,
    "15" : 360,
    "16" : 265,
    "17" : 237,
    "18" : 184,
    "19" : 129,
    "20" : 124,
    "21" : 74,
    "22" : 83,
    "23" : 59,
    "24" : 53,
    "25" : 51,
    "26" : 37,
    "27" : 31,
    "28" : 19,
    "29" : 27,
    "30" : 21,
    "31" : 13,
    "32" : 13,
    "33" : 6,
    "34" : 10,
    "35" : 3,
    "36" : 5,
    "37" : 5,
    "38" : 4,
    "39" : 2,
    "40" : 1,
    "41" : 2,
    "42" : 1,
    "44" : 1,
    "47" : 1
  },
  "mean" : 9.079384243887715,
  "stdDev" : 5.332704719496829
}