{
  "distribution" : {
    "2" : 9,
    "3" : 26,
    "4" : 80,
    "5" : 169,
    "6" : 277,
    "7" : 383,
    "8" : 494,
    "9" : 569,
    "10" : 617,
    "11" : 548,
    "12" : 636,
    "13" : 620,
    "14" : 594,
    "15" : 568,
    "16" : 579,
    "17" : 503,
    "18" : 519,
    "19" : 426,
    "20" : 421,
    "21" : 389,
    "22" : 342,
    "23" : 315,
    "24" : 275,
    "25" : 287,
    "26" : 213,
    "27" : 206,
    "28" : 195,
    "29" : 184,
    "30" : 129,
    "31" : 142,
    "32" : 114,
    "33" : 94,
    "34" : 115,
    "35" : 93,
    "36" : 81,
    "37" : 71,
    "38" : 70,
    "39" : 66,
    "40" : 59,
    "41" : 53,
    "42" : 39,
    "43" : 40,
    "44" : 29,
    "45" : 47,
    "46" : 25,
    "47" : 19,
    "48" : 30,
    "49" : 15,
    "50" : 17,
    "51" : 12,
    "52" : 20,
    "53" : 12,
    "54" : 12,
    "55" : 8,
    "56" : 6,
    "57" : 9,
    "58" : 8,
    "59" : 4,
    "60" : 9,
    "61" : 3,
    "62" : 5,
    "63" : 3,
    "64" : 5,
    "65" : 5,
    "66" : 2,
    "67" : 2,
    "68" : 2,
    "69" : 4,
    "70" : 1,
    "71" : 2,
    "72" : 1,
    "73" : 4,
    "74" : 1,
    "76" : 1,
    "77" : 1,
    "78" : 1,
    "79" : 1,
    "80" : 1,
    "81" : 1,
    "83" : 1,
    "84" : 2,
    "85" : 2,
    "91" : 1,
    "94" : 1,
    "96" : 1
  },
  "mean" : 18.44048216976394,
  "stdDev" : 10.283166161537672
}