{
  "distribution" : {
    "1" : 47,
    "2" : 280,
    "3" : 702,
    "4" : 1065,
    "5" : 1304,
    "6" : 1292,
    "7" : 1259,
    "8" : 1122,
    "9" : 1002,
    "10" : 972,
    "11" : 749,
    "12" : 618,
    "13" : 536,
    "14" : 448,
    "15" : 406,
    "16" : 301,
    "17" : 252,
    "18" : 213,
    "19" : 179,
    "20" : 135,
    "21" : 126,
    "22" : 111,
    "23" : 81,
    "24" : 71,
    "25" : 54,
    "26" : 39,
    "27" : 32,
    "28" : 38,
    "29" : 24,
    "30" : 18,
    "31" : 16,
    "32" : 18,
    "33" : 9,
    "34" : 7,
    "35" : 5,
    "36" : 9,
    "37" : 7,
    "38" : 2,
    "39" : 5,
    "40" : 3,
    "41" : 1,
    "42" : 3,
    "43" : 1,
    "45" : 1,
    "46" : 1,
    "47" : 1,
    "49" : 2,
    "50" : 1,
    "52" : 1,
    "60" : 1
  },
  "mean" : 9.531245394252027,
  "stdDev" : 5.664686799695309
}