{
  "distribution" : {
    "2" : 17,
    "3" : 60,
    "4" : 158,
    "5" : 272,
    "6" : 418,
    "7" : 535,
    "8" : 620,
    "9" : 686,
    "10" : 737,
    "11" : 813,
    "12" : 718,
    "13" : 664,
    "14" : 647,
    "15" : 608,
    "16" : 549,
    "17" : 491,
    "18" : 483,
    "19" : 449,
    "20" : 340,
    "21" : 342,
    "22" : 285,
    "23" : 255,
    "24" : 226,
    "25" : 219,
    "26" : 184,
    "27" : 159,
    "28" : 149,
    "29" : 137,
    "30" : 121,
    "31" : 126,
    "32" : 91,
    "33" : 68,
    "34" : 72,
    "35" : 82,
    "36" : 49,
    "37" : 58,
    "38" : 47,
    "39" : 42,
    "40" : 52,
    "41" : 30,
    "42" : 31,
    "43" : 23,
    "44" : 31,
    "45" : 22,
    "46" : 29,
    "47" : 14,
    "48" : 14,
    "49" : 16,
    "50" : 13,
    "51" : 10,
    "52" : 10,
    "53" : 9,
    "54" : 11,
    "55" : 6,
    "56" : 5,
    "57" : 1,
    "58" : 4,
    "59" : 8,
    "60" : 2,
    "61" : 4,
    "62" : 2,
    "63" : 3,
    "64" : 2,
    "67" : 1,
    "69" : 1,
    "71" : 1,
    "72" : 1,
    "73" : 1,
    "75" : 1,
    "76" : 1,
    "78" : 1,
    "84" : 1,
    "87" : 1,
    "89" : 1
  },
  "mean" : 16.405267423014585,
  "stdDev" : 9.297490559765649
}