{
  "distribution" : {
    "1" : 14,
    "2" : 78,
    "3" : 308,
    "4" : 576,
    "5" : 838,
    "6" : 994,
    "7" : 1081,
    "8" : 1078,
    "9" : 1026,
    "10" : 948,
    "11" : 853,
    "12" : 741,
    "13" : 680,
    "14" : 535,
    "15" : 488,
    "16" : 426,
    "17" : 357,
    "18" : 318,
    "19" : 279,
    "20" : 216,
    "21" : 211,
    "22" : 153,
    "23" : 138,
    "24" : 127,
    "25" : 105,
    "26" : 114,
    "27" : 68,
    "28" : 56,
    "29" : 64,
    "30" : 50,
    "31" : 32,
    "32" : 46,
    "33" : 27,
    "34" : 33,
    "35" : 28,
    "36" : 24,
    "37" : 14,
    "38" : 22,
    "39" : 11,
    "40" : 7,
    "41" : 4,
    "42" : 10,
    "43" : 3,
    "44" : 5,
    "45" : 3,
    "46" : 1,
    "47" : 3,
    "49" : 3,
    "50" : 4,
    "51" : 2,
    "52" : 1,
    "53" : 2,
    "55" : 1,
    "56" : 2,
    "57" : 1,
    "60" : 1,
    "61" : 1,
    "62" : 1,
    "72" : 1,
    "73" : 1
  },
  "mean" : 11.788860299682156,
  "stdDev" : 6.914014497808312
}