{
  "distribution" : {
    "1" : 111,
    "2" : 398,
    "3" : 1002,
    "4" : 1323,
    "5" : 1460,
    "6" : 1374,
    "7" : 1363,
    "8" : 1205,
    "9" : 950,
    "10" : 809,
    "11" : 654,
    "12" : 547,
    "13" : 419,
    "14" : 342,
    "15" : 277,
    "16" : 229,
    "17" : 156,
    "18" : 138,
    "19" : 110,
    "20" : 89,
    "21" : 51,
    "22" : 45,
    "23" : 52,
    "24" : 39,
    "25" : 37,
    "26" : 26,
    "27" : 15,
    "28" : 13,
    "29" : 16,
    "30" : 4,
    "31" : 8,
    "32" : 2,
    "33" : 6,
    "34" : 1,
    "35" : 4,
    "36" : 2,
    "37" : 4,
    "38" : 4,
    "39" : 1,
    "40" : 2,
    "42" : 1,
    "43" : 1,
    "54" : 1
  },
  "mean" : 8.264916108644949,
  "stdDev" : 4.861236472724998
}