{
  "distribution" : {
    "3" : 12,
    "4" : 57,
    "5" : 90,
    "6" : 183,
    "7" : 229,
    "8" : 372,
    "9" : 427,
    "138" : 1,
    "10" : 479,
    "11" : 539,
    "12" : 571,
    "13" : 564,
    "14" : 564,
    "15" : 574,
    "16" : 570,
    "17" : 528,
    "18" : 559,
    "19" : 480,
    "20" : 469,
    "21" : 410,
    "22" : 348,
    "23" : 332,
    "24" : 318,
    "25" : 327,
    "26" : 270,
    "27" : 254,
    "28" : 235,
    "29" : 225,
    "30" : 203,
    "31" : 186,
    "32" : 167,
    "33" : 151,
    "34" : 152,
    "35" : 131,
    "36" : 107,
    "37" : 102,
    "38" : 100,
    "39" : 86,
    "40" : 75,
    "41" : 82,
    "42" : 73,
    "43" : 43,
    "44" : 53,
    "45" : 37,
    "46" : 46,
    "47" : 28,
    "48" : 37,
    "49" : 38,
    "50" : 24,
    "51" : 28,
    "52" : 32,
    "53" : 33,
    "54" : 28,
    "55" : 14,
    "56" : 20,
    "57" : 12,
    "58" : 8,
    "59" : 17,
    "60" : 15,
    "61" : 16,
    "62" : 10,
    "63" : 9,
    "64" : 6,
    "65" : 11,
    "66" : 9,
    "67" : 5,
    "68" : 5,
    "69" : 10,
    "70" : 10,
    "71" : 8,
    "72" : 4,
    "73" : 3,
    "74" : 5,
    "75" : 2,
    "76" : 1,
    "77" : 3,
    "78" : 3,
    "79" : 2,
    "80" : 5,
    "81" : 2,
    "82" : 2,
    "83" : 3,
    "84" : 4,
    "85" : 1,
    "88" : 3,
    "91" : 2,
    "94" : 1,
    "96" : 1,
    "113" : 1
  },
  "mean" : 20.962730386560104,
  "stdDev" : 11.843238258798387
}