{
  "distribution" : {
    "2" : 60,
    "3" : 317,
    "4" : 646,
    "5" : 947,
    "6" : 1037,
    "7" : 1119,
    "8" : 1030,
    "9" : 1023,
    "10" : 931,
    "11" : 845,
    "12" : 723,
    "13" : 600,
    "14" : 536,
    "15" : 476,
    "16" : 380,
    "17" : 390,
    "18" : 296,
    "19" : 258,
    "20" : 227,
    "21" : 203,
    "22" : 143,
    "23" : 144,
    "24" : 109,
    "25" : 94,
    "26" : 80,
    "27" : 68,
    "28" : 56,
    "29" : 47,
    "30" : 34,
    "31" : 33,
    "32" : 27,
    "33" : 27,
    "34" : 14,
    "35" : 8,
    "36" : 15,
    "37" : 12,
    "38" : 13,
    "39" : 8,
    "40" : 10,
    "41" : 10,
    "42" : 4,
    "43" : 2,
    "44" : 5,
    "45" : 3,
    "46" : 4,
    "47" : 2,
    "48" : 2,
    "49" : 2,
    "51" : 1,
    "52" : 2,
    "53" : 2,
    "54" : 2,
    "56" : 1,
    "59" : 1,
    "60" : 2,
    "61" : 1,
    "62" : 1,
    "63" : 1,
    "69" : 1,
    "86" : 1
  },
  "mean" : 11.415388155876036,
  "stdDev" : 6.6498926284967625
}