{
  "distribution" : {
    "2" : 20,
    "3" : 86,
    "4" : 268,
    "5" : 402,
    "6" : 578,
    "7" : 786,
    "8" : 797,
    "9" : 847,
    "10" : 852,
    "11" : 792,
    "12" : 724,
    "13" : 720,
    "14" : 631,
    "15" : 565,
    "16" : 517,
    "17" : 459,
    "18" : 423,
    "19" : 387,
    "20" : 358,
    "21" : 268,
    "22" : 246,
    "23" : 211,
    "24" : 174,
    "25" : 177,
    "26" : 149,
    "27" : 125,
    "28" : 121,
    "29" : 85,
    "30" : 76,
    "31" : 82,
    "32" : 75,
    "33" : 49,
    "34" : 54,
    "35" : 40,
    "36" : 39,
    "37" : 43,
    "38" : 30,
    "39" : 29,
    "40" : 29,
    "41" : 24,
    "42" : 20,
    "43" : 13,
    "44" : 25,
    "45" : 11,
    "46" : 6,
    "47" : 6,
    "48" : 6,
    "49" : 3,
    "50" : 7,
    "51" : 3,
    "52" : 8,
    "53" : 2,
    "54" : 5,
    "56" : 2,
    "57" : 1,
    "58" : 3,
    "60" : 1,
    "61" : 1,
    "62" : 1,
    "65" : 2,
    "66" : 2,
    "67" : 2,
    "69" : 1,
    "70" : 1,
    "72" : 1,
    "74" : 1,
    "76" : 1,
    "78" : 2,
    "84" : 1,
    "98" : 1
  },
  "mean" : 14.51663060030456,
  "stdDev" : 8.27249039884853
}