{
  "distribution" : {
    "1" : 1,
    "2" : 122,
    "3" : 370,
    "4" : 729,
    "5" : 966,
    "6" : 1035,
    "7" : 1094,
    "8" : 1066,
    "9" : 987,
    "10" : 843,
    "11" : 739,
    "12" : 665,
    "13" : 522,
    "14" : 510,
    "15" : 415,
    "16" : 333,
    "17" : 313,
    "18" : 255,
    "19" : 213,
    "20" : 179,
    "21" : 166,
    "22" : 115,
    "23" : 100,
    "24" : 78,
    "25" : 67,
    "26" : 53,
    "27" : 57,
    "28" : 42,
    "29" : 44,
    "30" : 24,
    "31" : 20,
    "32" : 18,
    "33" : 11,
    "34" : 12,
    "35" : 8,
    "36" : 5,
    "37" : 8,
    "38" : 6,
    "39" : 4,
    "40" : 4,
    "41" : 3,
    "42" : 7,
    "44" : 1,
    "45" : 2,
    "47" : 1,
    "49" : 1,
    "50" : 2,
    "56" : 1
  },
  "mean" : 10.637472374560039,
  "stdDev" : 5.998685767622851
}