{
  "distribution" : {
    "1" : 9,
    "2" : 241,
    "3" : 667,
    "4" : 1054,
    "5" : 1285,
    "6" : 1270,
    "7" : 1262,
    "8" : 1166,
    "9" : 1023,
    "10" : 862,
    "11" : 731,
    "12" : 574,
    "13" : 513,
    "14" : 438,
    "15" : 339,
    "16" : 248,
    "17" : 221,
    "18" : 187,
    "19" : 144,
    "20" : 131,
    "21" : 83,
    "22" : 80,
    "23" : 74,
    "24" : 68,
    "25" : 47,
    "26" : 47,
    "27" : 37,
    "28" : 19,
    "29" : 25,
    "30" : 20,
    "31" : 13,
    "32" : 17,
    "33" : 8,
    "34" : 6,
    "35" : 3,
    "36" : 5,
    "37" : 4,
    "38" : 1,
    "39" : 3,
    "40" : 1,
    "41" : 1,
    "42" : 2,
    "43" : 1,
    "44" : 2,
    "45" : 1,
    "46" : 1,
    "48" : 1
  },
  "mean" : 9.318283726323928,
  "stdDev" : 5.407148292728626
}