{
  "distribution" : {
    "1" : 33,
    "2" : 453,
    "3" : 994,
    "4" : 1362,
    "5" : 1450,
    "6" : 1532,
    "7" : 1287,
    "8" : 1086,
    "9" : 928,
    "10" : 795,
    "11" : 613,
    "12" : 522,
    "13" : 394,
    "14" : 328,
    "15" : 266,
    "16" : 222,
    "17" : 164,
    "18" : 153,
    "19" : 99,
    "20" : 70,
    "21" : 53,
    "22" : 62,
    "23" : 42,
    "24" : 30,
    "25" : 18,
    "26" : 24,
    "27" : 15,
    "28" : 10,
    "29" : 13,
    "30" : 10,
    "31" : 7,
    "32" : 3,
    "33" : 4,
    "34" : 2,
    "35" : 5,
    "36" : 1,
    "38" : 2,
    "39" : 2,
    "40" : 2,
    "41" : 1,
    "46" : 1
  },
  "mean" : 8.15898299892786,
  "stdDev" : 4.756794387642443
}