{
  "distribution" : {
    "2" : 83,
    "3" : 352,
    "4" : 549,
    "5" : 815,
    "6" : 988,
    "7" : 1056,
    "8" : 1084,
    "9" : 1017,
    "10" : 883,
    "11" : 821,
    "12" : 753,
    "13" : 658,
    "14" : 561,
    "15" : 478,
    "16" : 427,
    "17" : 358,
    "18" : 307,
    "19" : 259,
    "20" : 243,
    "21" : 175,
    "22" : 148,
    "23" : 153,
    "24" : 129,
    "25" : 92,
    "26" : 92,
    "27" : 78,
    "28" : 55,
    "29" : 39,
    "30" : 53,
    "31" : 50,
    "32" : 30,
    "33" : 30,
    "34" : 32,
    "35" : 16,
    "36" : 17,
    "37" : 10,
    "38" : 11,
    "39" : 5,
    "40" : 13,
    "41" : 4,
    "42" : 5,
    "43" : 4,
    "44" : 11,
    "45" : 5,
    "46" : 3,
    "47" : 2,
    "48" : 4,
    "49" : 2,
    "50" : 4,
    "51" : 1,
    "52" : 1,
    "53" : 1,
    "54" : 1,
    "55" : 1,
    "56" : 3,
    "57" : 1,
    "61" : 1,
    "67" : 1
  },
  "mean" : 11.699499036608863,
  "stdDev" : 6.7992268416256705
}