{
  "distribution" : {
    "1" : 8,
    "2" : 210,
    "3" : 535,
    "4" : 794,
    "5" : 1058,
    "6" : 1179,
    "7" : 1194,
    "8" : 1186,
    "9" : 1025,
    "10" : 929,
    "11" : 814,
    "12" : 687,
    "13" : 549,
    "14" : 512,
    "15" : 415,
    "16" : 353,
    "17" : 308,
    "18" : 239,
    "19" : 216,
    "20" : 148,
    "21" : 155,
    "22" : 114,
    "23" : 111,
    "24" : 88,
    "25" : 63,
    "26" : 66,
    "27" : 60,
    "28" : 25,
    "29" : 29,
    "30" : 32,
    "31" : 16,
    "32" : 20,
    "33" : 11,
    "34" : 14,
    "35" : 15,
    "36" : 8,
    "37" : 3,
    "38" : 9,
    "39" : 3,
    "40" : 4,
    "41" : 3,
    "42" : 3,
    "43" : 4,
    "44" : 6,
    "45" : 4,
    "46" : 3,
    "48" : 2,
    "50" : 2,
    "53" : 1,
    "54" : 1,
    "55" : 2,
    "68" : 1
  },
  "mean" : 10.33119286847473,
  "stdDev" : 6.064364962496361
}