{
  "distribution" : {
    "3" : 11,
    "4" : 40,
    "5" : 124,
    "6" : 197,
    "7" : 321,
    "8" : 411,
    "9" : 483,
    "10" : 556,
    "11" : 592,
    "12" : 598,
    "13" : 618,
    "14" : 571,
    "15" : 585,
    "16" : 566,
    "17" : 500,
    "18" : 468,
    "19" : 448,
    "20" : 409,
    "21" : 369,
    "22" : 358,
    "23" : 317,
    "24" : 330,
    "25" : 270,
    "26" : 225,
    "27" : 231,
    "28" : 221,
    "29" : 168,
    "30" : 151,
    "31" : 130,
    "32" : 139,
    "33" : 118,
    "34" : 103,
    "35" : 87,
    "36" : 74,
    "37" : 80,
    "38" : 67,
    "39" : 77,
    "40" : 60,
    "41" : 78,
    "42" : 51,
    "43" : 53,
    "44" : 33,
    "45" : 53,
    "46" : 38,
    "47" : 25,
    "48" : 20,
    "49" : 17,
    "50" : 26,
    "51" : 15,
    "52" : 18,
    "53" : 13,
    "54" : 9,
    "55" : 14,
    "56" : 13,
    "57" : 12,
    "58" : 6,
    "59" : 10,
    "60" : 10,
    "61" : 5,
    "62" : 9,
    "63" : 4,
    "64" : 9,
    "65" : 4,
    "66" : 6,
    "67" : 2,
    "68" : 1,
    "69" : 2,
    "70" : 3,
    "71" : 4,
    "74" : 3,
    "75" : 4,
    "77" : 2,
    "78" : 1,
    "79" : 1,
    "81" : 1,
    "83" : 1,
    "85" : 1,
    "86" : 1,
    "88" : 1,
    "89" : 2,
    "95" : 1,
    "104" : 1
  },
  "mean" : 19.323695950583392,
  "stdDev" : 10.644111026450751
}