{
  "distribution" : {
    "2" : 2,
    "3" : 56,
    "4" : 127,
    "5" : 306,
    "6" : 462,
    "7" : 617,
    "8" : 663,
    "9" : 677,
    "10" : 771,
    "11" : 775,
    "12" : 737,
    "13" : 655,
    "14" : 636,
    "15" : 568,
    "16" : 535,
    "17" : 532,
    "18" : 472,
    "19" : 401,
    "20" : 372,
    "21" : 356,
    "22" : 302,
    "23" : 302,
    "24" : 242,
    "25" : 211,
    "26" : 197,
    "27" : 174,
    "28" : 154,
    "29" : 121,
    "30" : 123,
    "31" : 108,
    "32" : 112,
    "33" : 68,
    "34" : 69,
    "35" : 68,
    "36" : 61,
    "37" : 56,
    "38" : 52,
    "39" : 42,
    "40" : 37,
    "41" : 26,
    "42" : 39,
    "43" : 29,
    "44" : 27,
    "45" : 13,
    "46" : 20,
    "47" : 17,
    "48" : 17,
    "49" : 12,
    "50" : 8,
    "51" : 14,
    "52" : 19,
    "53" : 7,
    "54" : 10,
    "55" : 10,
    "56" : 8,
    "58" : 4,
    "59" : 4,
    "60" : 3,
    "61" : 6,
    "62" : 2,
    "63" : 4,
    "64" : 1,
    "66" : 2,
    "67" : 1,
    "68" : 1,
    "69" : 2,
    "70" : 1,
    "71" : 2,
    "72" : 1,
    "74" : 1,
    "75" : 2,
    "77" : 1,
    "93" : 1,
    "108" : 1
  },
  "mean" : 16.363940965297168,
  "stdDev" : 9.34734624728473
}