{
  "distribution" : {
    "1" : 24,
    "2" : 89,
    "3" : 259,
    "4" : 513,
    "5" : 731,
    "6" : 901,
    "7" : 999,
    "8" : 1014,
    "9" : 996,
    "10" : 899,
    "11" : 840,
    "12" : 763,
    "13" : 660,
    "14" : 573,
    "15" : 521,
    "16" : 459,
    "17" : 397,
    "18" : 356,
    "19" : 276,
    "20" : 245,
    "21" : 195,
    "22" : 184,
    "23" : 170,
    "24" : 135,
    "25" : 124,
    "26" : 82,
    "27" : 84,
    "28" : 80,
    "29" : 58,
    "30" : 51,
    "31" : 42,
    "32" : 43,
    "33" : 37,
    "34" : 24,
    "35" : 29,
    "36" : 14,
    "37" : 27,
    "38" : 15,
    "39" : 10,
    "40" : 8,
    "41" : 10,
    "42" : 3,
    "43" : 8,
    "44" : 10,
    "45" : 4,
    "46" : 7,
    "47" : 4,
    "48" : 3,
    "49" : 3,
    "50" : 1,
    "51" : 3,
    "52" : 2,
    "53" : 1,
    "55" : 1,
    "57" : 1,
    "61" : 1,
    "62" : 1,
    "63" : 1,
    "64" : 1,
    "68" : 1,
    "69" : 1,
    "90" : 1
  },
  "mean" : 12.206002308580223,
  "stdDev" : 7.0989918348710725
}