{
  "distribution" : {
    "1" : 15,
    "2" : 214,
    "3" : 550,
    "4" : 838,
    "5" : 1029,
    "6" : 1288,
    "7" : 1229,
    "8" : 1135,
    "9" : 992,
    "10" : 888,
    "11" : 798,
    "12" : 637,
    "13" : 597,
    "14" : 477,
    "15" : 345,
    "16" : 329,
    "17" : 255,
    "18" : 212,
    "19" : 191,
    "20" : 160,
    "21" : 141,
    "22" : 107,
    "23" : 85,
    "24" : 73,
    "25" : 61,
    "26" : 66,
    "27" : 43,
    "28" : 37,
    "29" : 43,
    "30" : 30,
    "31" : 19,
    "32" : 13,
    "33" : 11,
    "34" : 9,
    "35" : 13,
    "36" : 6,
    "37" : 6,
    "38" : 2,
    "39" : 3,
    "40" : 6,
    "41" : 5,
    "42" : 1,
    "43" : 1,
    "44" : 1,
    "45" : 1,
    "46" : 1,
    "47" : 4,
    "49" : 1
  },
  "mean" : 10.052282541640963,
  "stdDev" : 5.840259063619482
}