{
  "distribution" : {
    "1" : 152,
    "2" : 602,
    "3" : 1123,
    "4" : 1404,
    "5" : 1461,
    "6" : 1490,
    "7" : 1383,
    "8" : 1101,
    "9" : 955,
    "10" : 793,
    "11" : 621,
    "12" : 523,
    "13" : 375,
    "14" : 330,
    "15" : 238,
    "16" : 200,
    "17" : 144,
    "18" : 129,
    "19" : 96,
    "20" : 71,
    "21" : 69,
    "22" : 42,
    "23" : 36,
    "24" : 23,
    "25" : 22,
    "26" : 28,
    "27" : 15,
    "28" : 12,
    "29" : 9,
    "30" : 4,
    "31" : 8,
    "32" : 5,
    "33" : 5,
    "34" : 3,
    "35" : 2,
    "36" : 2,
    "38" : 2
  },
  "mean" : 7.867042587921056,
  "stdDev" : 4.65982961534454
}