{
  "distribution" : {
    "1" : 745,
    "2" : 1726,
    "3" : 2345,
    "4" : 2249,
    "5" : 1930,
    "6" : 1500,
    "7" : 1143,
    "8" : 899,
    "9" : 658,
    "10" : 466,
    "11" : 360,
    "12" : 238,
    "13" : 175,
    "14" : 126,
    "15" : 70,
    "16" : 70,
    "17" : 50,
    "18" : 26,
    "19" : 29,
    "20" : 13,
    "21" : 9,
    "22" : 10,
    "23" : 3,
    "24" : 7,
    "25" : 4,
    "26" : 3,
    "27" : 2,
    "28" : 1,
    "29" : 1,
    "30" : 1,
    "31" : 1,
    "34" : 1
  },
  "mean" : 5.439539734876522,
  "stdDev" : 3.383167565467118
}