{
  "distribution" : {
    "1" : 1,
    "2" : 13,
    "3" : 44,
    "4" : 130,
    "5" : 276,
    "6" : 419,
    "7" : 565,
    "8" : 678,
    "9" : 689,
    "10" : 692,
    "11" : 684,
    "12" : 765,
    "13" : 650,
    "14" : 649,
    "15" : 638,
    "16" : 585,
    "17" : 503,
    "18" : 453,
    "19" : 403,
    "20" : 357,
    "21" : 304,
    "22" : 327,
    "23" : 264,
    "24" : 222,
    "25" : 213,
    "26" : 189,
    "27" : 185,
    "28" : 152,
    "29" : 135,
    "30" : 134,
    "31" : 124,
    "32" : 104,
    "33" : 86,
    "34" : 87,
    "35" : 92,
    "36" : 57,
    "37" : 52,
    "38" : 40,
    "39" : 48,
    "40" : 52,
    "41" : 25,
    "42" : 29,
    "43" : 19,
    "44" : 35,
    "45" : 15,
    "46" : 11,
    "47" : 14,
    "48" : 18,
    "49" : 7,
    "50" : 9,
    "51" : 15,
    "52" : 11,
    "53" : 8,
    "54" : 9,
    "55" : 7,
    "56" : 13,
    "57" : 4,
    "58" : 6,
    "59" : 5,
    "60" : 5,
    "61" : 1,
    "62" : 3,
    "63" : 4,
    "64" : 1,
    "66" : 3,
    "67" : 1,
    "68" : 1,
    "69" : 1,
    "70" : 2,
    "73" : 1,
    "74" : 1,
    "75" : 2,
    "76" : 1,
    "81" : 2,
    "82" : 1,
    "90" : 1
  },
  "mean" : 16.53359779792746,
  "stdDev" : 9.374727726762192
}