{
  "distribution" : {
    "2" : 4,
    "3" : 92,
    "4" : 214,
    "5" : 392,
    "6" : 614,
    "7" : 680,
    "8" : 768,
    "9" : 810,
    "10" : 815,
    "11" : 801,
    "12" : 748,
    "13" : 704,
    "14" : 662,
    "15" : 607,
    "16" : 489,
    "17" : 450,
    "18" : 431,
    "19" : 342,
    "20" : 335,
    "21" : 309,
    "22" : 256,
    "23" : 209,
    "24" : 221,
    "25" : 168,
    "26" : 153,
    "27" : 112,
    "28" : 116,
    "29" : 106,
    "30" : 91,
    "31" : 90,
    "32" : 59,
    "33" : 61,
    "34" : 72,
    "35" : 54,
    "36" : 41,
    "37" : 52,
    "38" : 46,
    "39" : 26,
    "40" : 25,
    "41" : 25,
    "42" : 22,
    "43" : 19,
    "44" : 11,
    "45" : 5,
    "46" : 12,
    "47" : 12,
    "48" : 15,
    "49" : 7,
    "50" : 4,
    "51" : 5,
    "52" : 5,
    "53" : 4,
    "54" : 5,
    "55" : 2,
    "56" : 4,
    "57" : 2,
    "58" : 4,
    "59" : 2,
    "60" : 3,
    "61" : 1,
    "62" : 2,
    "63" : 2,
    "64" : 2,
    "67" : 1,
    "70" : 1,
    "71" : 1,
    "72" : 1,
    "78" : 1,
    "80" : 1
  },
  "mean" : 14.85192648718362,
  "stdDev" : 8.439580598209632
}