{
  "distribution" : {
    "2" : 19,
    "3" : 140,
    "4" : 277,
    "5" : 487,
    "6" : 644,
    "7" : 768,
    "8" : 878,
    "9" : 908,
    "10" : 895,
    "11" : 799,
    "12" : 747,
    "13" : 712,
    "14" : 639,
    "15" : 593,
    "16" : 491,
    "17" : 458,
    "18" : 382,
    "19" : 364,
    "20" : 338,
    "21" : 269,
    "22" : 231,
    "23" : 211,
    "24" : 180,
    "25" : 176,
    "26" : 145,
    "27" : 117,
    "28" : 103,
    "29" : 100,
    "30" : 103,
    "31" : 70,
    "32" : 77,
    "33" : 56,
    "34" : 44,
    "35" : 46,
    "36" : 41,
    "37" : 32,
    "38" : 36,
    "39" : 23,
    "40" : 14,
    "41" : 15,
    "42" : 11,
    "43" : 16,
    "44" : 12,
    "45" : 11,
    "46" : 10,
    "47" : 10,
    "48" : 3,
    "49" : 5,
    "50" : 5,
    "51" : 6,
    "52" : 8,
    "53" : 2,
    "54" : 3,
    "55" : 4,
    "56" : 1,
    "57" : 4,
    "58" : 6,
    "59" : 2,
    "60" : 2,
    "61" : 3,
    "62" : 1,
    "64" : 1,
    "66" : 1,
    "67" : 1,
    "68" : 1,
    "72" : 1,
    "73" : 1,
    "78" : 1,
    "79" : 1,
    "82" : 1
  },
  "mean" : 14.178185237423602,
  "stdDev" : 8.171813070490007
}