{
  "distribution" : {
    "1" : 2,
    "2" : 169,
    "3" : 494,
    "4" : 853,
    "5" : 1060,
    "6" : 1217,
    "7" : 1130,
    "8" : 1064,
    "9" : 1051,
    "10" : 913,
    "11" : 732,
    "12" : 656,
    "13" : 567,
    "14" : 517,
    "15" : 413,
    "16" : 358,
    "17" : 298,
    "18" : 238,
    "19" : 220,
    "20" : 160,
    "21" : 156,
    "22" : 102,
    "23" : 96,
    "24" : 81,
    "25" : 65,
    "26" : 65,
    "27" : 43,
    "28" : 47,
    "29" : 38,
    "30" : 27,
    "31" : 24,
    "32" : 21,
    "33" : 17,
    "34" : 15,
    "35" : 12,
    "36" : 6,
    "37" : 3,
    "38" : 9,
    "39" : 4,
    "40" : 7,
    "41" : 2,
    "42" : 3,
    "43" : 1,
    "45" : 1,
    "47" : 1,
    "49" : 2,
    "50" : 1,
    "53" : 2,
    "70" : 1
  },
  "mean" : 10.343103980253009,
  "stdDev" : 6.0084018515729225
}