{
  "distribution" : {
    "1" : 47,
    "2" : 369,
    "3" : 847,
    "4" : 1158,
    "5" : 1357,
    "6" : 1411,
    "7" : 1355,
    "8" : 1142,
    "9" : 1046,
    "10" : 886,
    "11" : 689,
    "12" : 577,
    "13" : 477,
    "14" : 404,
    "15" : 324,
    "16" : 291,
    "17" : 215,
    "18" : 190,
    "19" : 152,
    "20" : 124,
    "21" : 122,
    "22" : 87,
    "23" : 65,
    "24" : 52,
    "25" : 46,
    "26" : 39,
    "27" : 24,
    "28" : 22,
    "29" : 18,
    "30" : 15,
    "31" : 14,
    "32" : 9,
    "33" : 9,
    "34" : 2,
    "35" : 10,
    "36" : 3,
    "37" : 3,
    "38" : 4,
    "39" : 3,
    "40" : 1,
    "41" : 2,
    "42" : 1,
    "44" : 1,
    "45" : 1,
    "46" : 1,
    "51" : 1,
    "54" : 1
  },
  "mean" : 8.986634354116179,
  "stdDev" : 5.350162035146638
}