{
  "distribution" : {
    "2" : 48,
    "3" : 177,
    "4" : 359,
    "5" : 612,
    "6" : 716,
    "7" : 857,
    "8" : 898,
    "9" : 863,
    "10" : 901,
    "11" : 813,
    "12" : 789,
    "13" : 712,
    "14" : 603,
    "15" : 553,
    "16" : 536,
    "17" : 424,
    "18" : 423,
    "19" : 335,
    "20" : 301,
    "21" : 251,
    "22" : 208,
    "23" : 192,
    "24" : 146,
    "25" : 133,
    "26" : 140,
    "27" : 111,
    "28" : 97,
    "29" : 85,
    "30" : 70,
    "31" : 74,
    "32" : 56,
    "33" : 56,
    "34" : 47,
    "35" : 40,
    "36" : 30,
    "37" : 26,
    "38" : 31,
    "39" : 28,
    "40" : 21,
    "41" : 12,
    "42" : 14,
    "43" : 11,
    "44" : 9,
    "45" : 10,
    "46" : 12,
    "47" : 9,
    "48" : 6,
    "49" : 6,
    "50" : 4,
    "51" : 2,
    "52" : 2,
    "53" : 5,
    "54" : 6,
    "56" : 4,
    "57" : 1,
    "59" : 1,
    "62" : 1,
    "66" : 1,
    "68" : 1,
    "73" : 1,
    "90" : 1
  },
  "mean" : 13.532334446083379,
  "stdDev" : 7.835789362302509
}