{
  "distribution" : {
    "2" : 6,
    "3" : 49,
    "4" : 155,
    "5" : 303,
    "6" : 415,
    "7" : 565,
    "8" : 647,
    "9" : 689,
    "10" : 752,
    "11" : 694,
    "12" : 744,
    "13" : 718,
    "14" : 600,
    "15" : 553,
    "16" : 503,
    "17" : 517,
    "18" : 437,
    "19" : 418,
    "20" : 337,
    "21" : 286,
    "22" : 289,
    "23" : 243,
    "24" : 233,
    "25" : 184,
    "26" : 176,
    "27" : 154,
    "28" : 134,
    "29" : 124,
    "30" : 113,
    "31" : 92,
    "32" : 88,
    "33" : 62,
    "34" : 68,
    "35" : 62,
    "36" : 52,
    "37" : 52,
    "38" : 46,
    "39" : 29,
    "40" : 31,
    "41" : 26,
    "42" : 27,
    "43" : 19,
    "44" : 14,
    "45" : 14,
    "46" : 25,
    "47" : 12,
    "48" : 12,
    "49" : 9,
    "50" : 9,
    "51" : 5,
    "52" : 5,
    "53" : 5,
    "54" : 7,
    "55" : 4,
    "56" : 4,
    "57" : 2,
    "58" : 3,
    "59" : 5,
    "60" : 2,
    "62" : 4,
    "63" : 2,
    "64" : 1,
    "65" : 2,
    "66" : 1,
    "69" : 1,
    "70" : 2,
    "73" : 2,
    "74" : 1,
    "79" : 1,
    "94" : 1
  },
  "mean" : 15.896429475816662,
  "stdDev" : 8.827305184086617
}