{
  "distribution" : {
    "1" : 31,
    "2" : 346,
    "3" : 730,
    "4" : 1081,
    "5" : 1324,
    "6" : 1340,
    "7" : 1249,
    "8" : 1142,
    "9" : 993,
    "10" : 843,
    "11" : 701,
    "12" : 558,
    "13" : 500,
    "14" : 377,
    "15" : 304,
    "16" : 260,
    "17" : 199,
    "18" : 188,
    "19" : 150,
    "20" : 110,
    "21" : 94,
    "22" : 75,
    "23" : 69,
    "24" : 46,
    "25" : 29,
    "26" : 27,
    "27" : 25,
    "28" : 20,
    "29" : 10,
    "30" : 15,
    "31" : 10,
    "32" : 9,
    "33" : 4,
    "34" : 9,
    "35" : 4,
    "36" : 4,
    "37" : 3,
    "38" : 2,
    "39" : 1,
    "40" : 3,
    "41" : 1,
    "42" : 1,
    "44" : 1,
    "45" : 1,
    "46" : 1,
    "47" : 1
  },
  "mean" : 8.9607478085486,
  "stdDev" : 5.190835589650667
}