{
  "distribution" : {
    "1" : 5,
    "2" : 35,
    "3" : 110,
    "4" : 243,
    "5" : 358,
    "6" : 511,
    "7" : 669,
    "8" : 727,
    "9" : 755,
    "10" : 820,
    "11" : 784,
    "12" : 704,
    "13" : 712,
    "14" : 623,
    "15" : 597,
    "16" : 534,
    "17" : 496,
    "18" : 466,
    "19" : 403,
    "20" : 370,
    "21" : 344,
    "22" : 282,
    "23" : 266,
    "24" : 218,
    "25" : 223,
    "26" : 183,
    "27" : 171,
    "28" : 127,
    "29" : 126,
    "30" : 94,
    "31" : 74,
    "32" : 73,
    "33" : 70,
    "34" : 75,
    "35" : 61,
    "36" : 61,
    "37" : 49,
    "38" : 33,
    "39" : 38,
    "40" : 23,
    "41" : 32,
    "42" : 18,
    "43" : 31,
    "44" : 16,
    "45" : 16,
    "46" : 12,
    "47" : 19,
    "48" : 9,
    "49" : 10,
    "50" : 9,
    "51" : 13,
    "52" : 2,
    "53" : 6,
    "54" : 6,
    "55" : 2,
    "56" : 2,
    "57" : 3,
    "58" : 3,
    "59" : 4,
    "60" : 4,
    "61" : 2,
    "62" : 3,
    "63" : 1,
    "65" : 3,
    "67" : 1,
    "68" : 1,
    "69" : 3,
    "70" : 1,
    "71" : 1,
    "73" : 1,
    "77" : 1,
    "78" : 1,
    "83" : 1,
    "90" : 1,
    "91" : 1,
    "97" : 1
  },
  "mean" : 15.442092056770957,
  "stdDev" : 8.897107562322004
}