{
  "distribution" : {
    "1" : 87,
    "2" : 612,
    "3" : 1264,
    "4" : 1631,
    "5" : 1651,
    "6" : 1566,
    "7" : 1331,
    "8" : 1166,
    "9" : 941,
    "10" : 771,
    "11" : 629,
    "12" : 461,
    "13" : 353,
    "14" : 326,
    "15" : 225,
    "16" : 191,
    "17" : 167,
    "18" : 132,
    "19" : 87,
    "20" : 74,
    "21" : 47,
    "22" : 42,
    "23" : 31,
    "24" : 30,
    "25" : 21,
    "26" : 16,
    "27" : 14,
    "28" : 12,
    "29" : 6,
    "30" : 7,
    "31" : 6,
    "32" : 4,
    "33" : 2,
    "34" : 5,
    "35" : 4,
    "36" : 3,
    "37" : 2,
    "38" : 1,
    "39" : 1,
    "41" : 1,
    "43" : 1,
    "48" : 1,
    "49" : 1,
    "52" : 1
  },
  "mean" : 7.688164320597529,
  "stdDev" : 4.6286661132331055
}