{
  "distribution" : {
    "1" : 3,
    "2" : 240,
    "3" : 666,
    "4" : 1005,
    "5" : 1192,
    "6" : 1249,
    "7" : 1218,
    "8" : 1131,
    "9" : 1016,
    "10" : 887,
    "11" : 724,
    "12" : 678,
    "13" : 579,
    "14" : 430,
    "15" : 395,
    "16" : 314,
    "17" : 249,
    "18" : 196,
    "19" : 188,
    "20" : 139,
    "21" : 120,
    "22" : 103,
    "23" : 86,
    "24" : 73,
    "25" : 62,
    "26" : 56,
    "27" : 35,
    "28" : 39,
    "29" : 19,
    "30" : 13,
    "31" : 17,
    "32" : 11,
    "33" : 15,
    "34" : 12,
    "35" : 9,
    "36" : 5,
    "37" : 4,
    "38" : 6,
    "39" : 2,
    "40" : 3,
    "41" : 2,
    "42" : 3,
    "43" : 3,
    "44" : 2,
    "46" : 2,
    "47" : 1,
    "52" : 2
  },
  "mean" : 9.714556195092396,
  "stdDev" : 5.6951325489074724
}