{
  "distribution" : {
    "1" : 21,
    "2" : 214,
    "3" : 616,
    "4" : 960,
    "5" : 1189,
    "6" : 1248,
    "7" : 1204,
    "8" : 1221,
    "9" : 990,
    "10" : 895,
    "11" : 775,
    "12" : 613,
    "13" : 549,
    "14" : 454,
    "15" : 365,
    "16" : 329,
    "17" : 297,
    "18" : 212,
    "19" : 152,
    "20" : 132,
    "21" : 113,
    "22" : 102,
    "23" : 89,
    "24" : 58,
    "25" : 50,
    "26" : 41,
    "27" : 39,
    "28" : 25,
    "29" : 39,
    "30" : 22,
    "31" : 10,
    "32" : 9,
    "33" : 13,
    "34" : 11,
    "35" : 8,
    "36" : 2,
    "37" : 4,
    "38" : 10,
    "39" : 2,
    "40" : 2,
    "41" : 6,
    "42" : 3,
    "44" : 1,
    "45" : 2,
    "46" : 2,
    "48" : 2,
    "49" : 1,
    "55" : 3
  },
  "mean" : 9.721098817245327,
  "stdDev" : 5.677629022750698
}