{
  "distribution" : {
    "1" : 12,
    "2" : 36,
    "3" : 79,
    "4" : 164,
    "5" : 277,
    "6" : 429,
    "7" : 531,
    "8" : 640,
    "9" : 723,
    "10" : 697,
    "11" : 738,
    "12" : 751,
    "13" : 708,
    "14" : 630,
    "15" : 602,
    "16" : 583,
    "17" : 561,
    "18" : 478,
    "19" : 468,
    "20" : 430,
    "21" : 372,
    "22" : 325,
    "23" : 294,
    "24" : 280,
    "25" : 242,
    "26" : 225,
    "27" : 210,
    "28" : 171,
    "29" : 142,
    "30" : 143,
    "31" : 118,
    "32" : 121,
    "33" : 87,
    "34" : 88,
    "35" : 76,
    "36" : 81,
    "37" : 77,
    "38" : 61,
    "39" : 62,
    "40" : 35,
    "41" : 51,
    "42" : 38,
    "43" : 30,
    "44" : 22,
    "45" : 26,
    "46" : 25,
    "47" : 24,
    "48" : 20,
    "49" : 16,
    "50" : 8,
    "51" : 12,
    "52" : 8,
    "53" : 10,
    "54" : 12,
    "55" : 10,
    "56" : 12,
    "57" : 5,
    "58" : 14,
    "59" : 6,
    "60" : 6,
    "61" : 5,
    "62" : 5,
    "63" : 5,
    "64" : 3,
    "65" : 1,
    "66" : 1,
    "67" : 5,
    "68" : 3,
    "69" : 2,
    "70" : 1,
    "71" : 3,
    "72" : 2,
    "73" : 1,
    "74" : 1,
    "75" : 1,
    "76" : 1,
    "79" : 2,
    "80" : 2,
    "83" : 1,
    "85" : 1,
    "86" : 1,
    "87" : 1,
    "106" : 1,
    "110" : 1
  },
  "mean" : 17.021365571776155,
  "stdDev" : 9.959468450024632
}