{
  "distribution" : {
    "2" : 22,
    "3" : 108,
    "4" : 241,
    "5" : 415,
    "6" : 560,
    "7" : 686,
    "8" : 757,
    "9" : 827,
    "10" : 759,
    "11" : 729,
    "12" : 734,
    "13" : 705,
    "14" : 671,
    "15" : 649,
    "16" : 592,
    "17" : 494,
    "18" : 446,
    "19" : 380,
    "20" : 374,
    "21" : 323,
    "22" : 285,
    "23" : 241,
    "24" : 236,
    "25" : 245,
    "26" : 210,
    "27" : 165,
    "28" : 144,
    "29" : 124,
    "30" : 115,
    "31" : 95,
    "32" : 84,
    "33" : 81,
    "34" : 66,
    "35" : 51,
    "36" : 58,
    "37" : 56,
    "38" : 41,
    "39" : 38,
    "40" : 33,
    "41" : 21,
    "42" : 19,
    "43" : 22,
    "44" : 28,
    "45" : 14,
    "46" : 10,
    "47" : 8,
    "48" : 12,
    "49" : 15,
    "50" : 3,
    "51" : 9,
    "52" : 7,
    "53" : 11,
    "54" : 12,
    "55" : 6,
    "56" : 6,
    "57" : 4,
    "58" : 6,
    "59" : 4,
    "60" : 2,
    "61" : 3,
    "62" : 3,
    "63" : 2,
    "64" : 3,
    "65" : 1,
    "67" : 2,
    "68" : 2,
    "70" : 1,
    "71" : 1,
    "75" : 1,
    "76" : 2,
    "77" : 2,
    "78" : 1,
    "79" : 1,
    "93" : 1,
    "94" : 1
  },
  "mean" : 15.506189821182943,
  "stdDev" : 9.04984287099193
}