{
  "distribution" : {
    "1" : 26,
    "2" : 456,
    "3" : 1073,
    "4" : 1383,
    "5" : 1588,
    "6" : 1473,
    "7" : 1299,
    "8" : 1089,
    "9" : 895,
    "10" : 733,
    "11" : 578,
    "12" : 473,
    "13" : 366,
    "14" : 277,
    "15" : 186,
    "16" : 185,
    "17" : 145,
    "18" : 100,
    "19" : 77,
    "20" : 61,
    "21" : 40,
    "22" : 38,
    "23" : 38,
    "24" : 24,
    "25" : 20,
    "26" : 22,
    "27" : 9,
    "28" : 8,
    "29" : 6,
    "30" : 9,
    "31" : 5,
    "32" : 2,
    "33" : 4,
    "34" : 1,
    "36" : 1,
    "38" : 1,
    "41" : 1,
    "42" : 2,
    "43" : 1,
    "47" : 1
  },
  "mean" : 7.782608695652174,
  "stdDev" : 4.473985018487198
}