{
  "distribution" : {
    "1" : 319,
    "2" : 1205,
    "3" : 1814,
    "4" : 1980,
    "5" : 1873,
    "6" : 1687,
    "7" : 1284,
    "8" : 1036,
    "9" : 750,
    "10" : 591,
    "11" : 479,
    "12" : 337,
    "13" : 242,
    "14" : 208,
    "15" : 165,
    "16" : 112,
    "17" : 85,
    "18" : 59,
    "19" : 66,
    "20" : 31,
    "21" : 25,
    "22" : 29,
    "23" : 17,
    "24" : 11,
    "25" : 9,
    "26" : 5,
    "27" : 4,
    "28" : 2,
    "29" : 3,
    "30" : 1,
    "31" : 2,
    "32" : 2,
    "33" : 1,
    "35" : 1,
    "36" : 1,
    "53" : 1
  },
  "mean" : 6.391217011844566,
  "stdDev" : 3.917994295044746
}