{
  "distribution" : {
    "1" : 15,
    "2" : 109,
    "3" : 274,
    "4" : 503,
    "5" : 808,
    "6" : 912,
    "7" : 1067,
    "8" : 994,
    "9" : 996,
    "10" : 927,
    "11" : 793,
    "12" : 700,
    "13" : 649,
    "14" : 570,
    "15" : 483,
    "16" : 423,
    "17" : 360,
    "18" : 306,
    "19" : 304,
    "20" : 220,
    "21" : 196,
    "22" : 165,
    "23" : 146,
    "24" : 131,
    "25" : 110,
    "26" : 103,
    "27" : 91,
    "28" : 73,
    "29" : 63,
    "30" : 45,
    "31" : 32,
    "32" : 37,
    "33" : 33,
    "34" : 24,
    "35" : 21,
    "36" : 11,
    "37" : 17,
    "38" : 11,
    "39" : 16,
    "40" : 7,
    "41" : 4,
    "42" : 8,
    "43" : 6,
    "44" : 5,
    "45" : 8,
    "46" : 3,
    "47" : 2,
    "48" : 2,
    "50" : 3,
    "51" : 2,
    "52" : 1,
    "53" : 1,
    "54" : 2,
    "56" : 1,
    "59" : 1,
    "79" : 1
  },
  "mean" : 11.91348182883939,
  "stdDev" : 6.875538970926716
}