{
  "distribution" : {
    "2" : 12,
    "3" : 81,
    "4" : 256,
    "5" : 453,
    "6" : 613,
    "7" : 729,
    "8" : 815,
    "9" : 863,
    "10" : 829,
    "11" : 798,
    "12" : 736,
    "13" : 716,
    "14" : 627,
    "15" : 613,
    "16" : 484,
    "17" : 481,
    "18" : 412,
    "19" : 368,
    "20" : 297,
    "21" : 254,
    "22" : 250,
    "23" : 211,
    "24" : 176,
    "25" : 164,
    "26" : 138,
    "27" : 120,
    "28" : 100,
    "29" : 104,
    "30" : 85,
    "31" : 92,
    "32" : 78,
    "33" : 70,
    "34" : 58,
    "35" : 48,
    "36" : 43,
    "37" : 40,
    "38" : 39,
    "39" : 16,
    "40" : 25,
    "41" : 23,
    "42" : 21,
    "43" : 5,
    "44" : 17,
    "45" : 10,
    "46" : 9,
    "47" : 8,
    "48" : 10,
    "49" : 4,
    "50" : 6,
    "51" : 9,
    "52" : 6,
    "53" : 6,
    "54" : 1,
    "55" : 3,
    "56" : 1,
    "57" : 4,
    "58" : 3,
    "59" : 1,
    "60" : 3,
    "61" : 2,
    "62" : 1,
    "65" : 2,
    "70" : 1,
    "78" : 1,
    "99" : 1
  },
  "mean" : 14.479039511725023,
  "stdDev" : 8.2430234923408
}