{
  "distribution" : {
    "1" : 4,
    "2" : 36,
    "3" : 136,
    "4" : 317,
    "5" : 486,
    "6" : 667,
    "7" : 823,
    "8" : 910,
    "9" : 890,
    "10" : 837,
    "11" : 822,
    "12" : 774,
    "13" : 713,
    "14" : 625,
    "15" : 591,
    "16" : 547,
    "17" : 412,
    "18" : 403,
    "19" : 354,
    "20" : 328,
    "21" : 274,
    "22" : 217,
    "23" : 221,
    "24" : 163,
    "25" : 166,
    "26" : 139,
    "27" : 136,
    "28" : 118,
    "29" : 92,
    "30" : 98,
    "31" : 77,
    "32" : 66,
    "33" : 54,
    "34" : 45,
    "35" : 43,
    "36" : 36,
    "37" : 30,
    "38" : 25,
    "39" : 23,
    "40" : 14,
    "41" : 14,
    "42" : 22,
    "43" : 18,
    "44" : 10,
    "45" : 6,
    "46" : 10,
    "47" : 6,
    "48" : 12,
    "49" : 10,
    "50" : 4,
    "51" : 3,
    "52" : 3,
    "53" : 8,
    "54" : 6,
    "55" : 1,
    "56" : 3,
    "57" : 2,
    "58" : 1,
    "59" : 2,
    "60" : 4,
    "61" : 2,
    "62" : 2,
    "63" : 1,
    "65" : 1,
    "66" : 1,
    "67" : 1,
    "69" : 2,
    "70" : 3
  },
  "mean" : 14.045843045843046,
  "stdDev" : 8.129426247226535
}