{
  "distribution" : {
    "2" : 15,
    "3" : 89,
    "4" : 194,
    "5" : 372,
    "6" : 518,
    "7" : 608,
    "8" : 700,
    "9" : 756,
    "10" : 779,
    "11" : 777,
    "12" : 711,
    "13" : 704,
    "14" : 632,
    "15" : 562,
    "16" : 513,
    "17" : 444,
    "18" : 434,
    "19" : 404,
    "20" : 339,
    "21" : 300,
    "22" : 276,
    "23" : 233,
    "24" : 207,
    "25" : 191,
    "26" : 146,
    "27" : 148,
    "28" : 147,
    "29" : 96,
    "30" : 84,
    "31" : 94,
    "32" : 94,
    "33" : 61,
    "34" : 55,
    "35" : 68,
    "36" : 55,
    "37" : 42,
    "38" : 30,
    "39" : 35,
    "40" : 33,
    "41" : 27,
    "42" : 23,
    "43" : 21,
    "44" : 16,
    "45" : 19,
    "46" : 14,
    "47" : 9,
    "48" : 14,
    "49" : 11,
    "50" : 11,
    "51" : 7,
    "52" : 5,
    "53" : 6,
    "54" : 6,
    "55" : 6,
    "56" : 1,
    "57" : 1,
    "58" : 2,
    "59" : 2,
    "60" : 4,
    "62" : 2,
    "64" : 1,
    "66" : 1,
    "67" : 1,
    "69" : 1,
    "73" : 1
  },
  "mean" : 15.319624938312222,
  "stdDev" : 8.61826950016101
}