{
  "distribution" : {
    "1" : 1,
    "2" : 69,
    "3" : 294,
    "4" : 571,
    "5" : 765,
    "6" : 964,
    "7" : 1034,
    "8" : 1046,
    "9" : 1022,
    "10" : 940,
    "11" : 862,
    "12" : 749,
    "13" : 682,
    "14" : 555,
    "15" : 513,
    "16" : 394,
    "17" : 389,
    "18" : 343,
    "19" : 261,
    "20" : 242,
    "21" : 198,
    "22" : 188,
    "23" : 142,
    "24" : 139,
    "25" : 110,
    "26" : 83,
    "27" : 87,
    "28" : 72,
    "29" : 58,
    "30" : 42,
    "31" : 46,
    "32" : 41,
    "33" : 30,
    "34" : 32,
    "35" : 27,
    "36" : 18,
    "37" : 14,
    "38" : 22,
    "39" : 12,
    "40" : 7,
    "41" : 10,
    "42" : 5,
    "43" : 8,
    "44" : 4,
    "45" : 4,
    "46" : 2,
    "47" : 7,
    "48" : 4,
    "49" : 4,
    "50" : 5,
    "51" : 2,
    "52" : 2,
    "54" : 1,
    "55" : 1,
    "56" : 1,
    "57" : 2,
    "60" : 1,
    "62" : 1,
    "64" : 1,
    "65" : 1,
    "66" : 1
  },
  "mean" : 12.003046226486939,
  "stdDev" : 7.017234133062206
}