{
  "distribution" : {
    "1" : 27,
    "2" : 286,
    "3" : 702,
    "4" : 1108,
    "5" : 1366,
    "6" : 1406,
    "7" : 1258,
    "8" : 1181,
    "9" : 1003,
    "10" : 854,
    "11" : 747,
    "12" : 580,
    "13" : 527,
    "14" : 392,
    "15" : 311,
    "16" : 277,
    "17" : 222,
    "18" : 191,
    "19" : 143,
    "20" : 126,
    "21" : 93,
    "22" : 94,
    "23" : 57,
    "24" : 66,
    "25" : 46,
    "26" : 34,
    "27" : 44,
    "28" : 25,
    "29" : 16,
    "30" : 15,
    "31" : 14,
    "32" : 11,
    "33" : 8,
    "34" : 4,
    "35" : 4,
    "36" : 5,
    "37" : 4,
    "38" : 1,
    "39" : 9,
    "40" : 2,
    "41" : 1,
    "43" : 2,
    "44" : 1,
    "45" : 1,
    "48" : 1,
    "49" : 1,
    "51" : 1
  },
  "mean" : 9.159945730006784,
  "stdDev" : 5.382802819754876
}