{
  "distribution" : {
    "1" : 545,
    "2" : 1601,
    "3" : 2205,
    "4" : 2237,
    "5" : 1923,
    "6" : 1521,
    "7" : 1170,
    "8" : 836,
    "9" : 606,
    "10" : 466,
    "11" : 331,
    "12" : 240,
    "13" : 180,
    "14" : 142,
    "15" : 79,
    "16" : 64,
    "17" : 42,
    "18" : 38,
    "19" : 20,
    "20" : 16,
    "21" : 14,
    "22" : 10,
    "23" : 5,
    "24" : 7,
    "25" : 3,
    "26" : 3,
    "28" : 2,
    "30" : 1,
    "31" : 1,
    "33" : 1
  },
  "mean" : 5.541896708365364,
  "stdDev" : 3.3822099178060494
}