{
  "distribution" : {
    "2" : 23,
    "3" : 131,
    "4" : 282,
    "5" : 471,
    "6" : 713,
    "7" : 827,
    "8" : 828,
    "9" : 876,
    "10" : 857,
    "11" : 770,
    "12" : 804,
    "13" : 725,
    "14" : 676,
    "15" : 579,
    "16" : 510,
    "17" : 464,
    "18" : 373,
    "19" : 346,
    "20" : 313,
    "21" : 288,
    "22" : 244,
    "23" : 203,
    "24" : 206,
    "25" : 165,
    "26" : 154,
    "27" : 129,
    "28" : 93,
    "29" : 103,
    "30" : 92,
    "31" : 77,
    "32" : 68,
    "33" : 65,
    "34" : 46,
    "35" : 35,
    "36" : 35,
    "37" : 25,
    "38" : 36,
    "39" : 26,
    "40" : 31,
    "41" : 27,
    "42" : 19,
    "43" : 20,
    "44" : 15,
    "45" : 10,
    "46" : 2,
    "47" : 8,
    "48" : 5,
    "49" : 7,
    "50" : 5,
    "51" : 3,
    "52" : 3,
    "53" : 2,
    "54" : 4,
    "55" : 3,
    "56" : 3,
    "57" : 3,
    "58" : 5,
    "59" : 2,
    "60" : 1,
    "62" : 1,
    "63" : 4,
    "64" : 1,
    "66" : 2,
    "68" : 1,
    "69" : 2,
    "72" : 1,
    "77" : 1,
    "78" : 1,
    "85" : 1
  },
  "mean" : 14.197961248151895,
  "stdDev" : 8.211515055137815
}