{
  "distribution" : {
    "2" : 28,
    "3" : 120,
    "4" : 284,
    "5" : 472,
    "6" : 646,
    "7" : 756,
    "8" : 868,
    "9" : 865,
    "10" : 824,
    "11" : 787,
    "12" : 774,
    "13" : 697,
    "14" : 626,
    "15" : 610,
    "16" : 544,
    "17" : 495,
    "18" : 379,
    "19" : 353,
    "20" : 318,
    "21" : 299,
    "22" : 240,
    "23" : 230,
    "24" : 170,
    "25" : 169,
    "26" : 140,
    "27" : 129,
    "28" : 113,
    "29" : 100,
    "30" : 98,
    "31" : 101,
    "32" : 66,
    "33" : 57,
    "34" : 46,
    "35" : 43,
    "36" : 45,
    "37" : 26,
    "38" : 25,
    "39" : 26,
    "40" : 24,
    "41" : 29,
    "42" : 18,
    "43" : 16,
    "44" : 16,
    "45" : 7,
    "46" : 16,
    "47" : 9,
    "48" : 3,
    "49" : 7,
    "50" : 9,
    "51" : 2,
    "52" : 8,
    "53" : 7,
    "54" : 3,
    "55" : 4,
    "56" : 2,
    "57" : 2,
    "58" : 3,
    "59" : 2,
    "60" : 1,
    "61" : 1,
    "62" : 2,
    "65" : 2,
    "66" : 1,
    "68" : 1,
    "69" : 2,
    "70" : 1,
    "75" : 1,
    "76" : 1,
    "85" : 1
  },
  "mean" : 14.365465935787,
  "stdDev" : 8.282284623453197
}