{
  "distribution" : {
    "1" : 3,
    "2" : 66,
    "3" : 244,
    "4" : 492,
    "5" : 729,
    "6" : 869,
    "7" : 989,
    "8" : 956,
    "9" : 977,
    "10" : 897,
    "11" : 809,
    "12" : 777,
    "13" : 628,
    "14" : 597,
    "15" : 503,
    "16" : 447,
    "17" : 372,
    "18" : 315,
    "19" : 312,
    "20" : 228,
    "21" : 232,
    "22" : 200,
    "23" : 150,
    "24" : 136,
    "25" : 121,
    "26" : 112,
    "27" : 98,
    "28" : 76,
    "29" : 67,
    "30" : 52,
    "31" : 51,
    "32" : 53,
    "33" : 32,
    "34" : 35,
    "35" : 24,
    "36" : 15,
    "37" : 18,
    "38" : 19,
    "39" : 13,
    "40" : 9,
    "41" : 10,
    "42" : 7,
    "43" : 4,
    "44" : 4,
    "45" : 3,
    "46" : 5,
    "47" : 5,
    "48" : 2,
    "49" : 2,
    "50" : 1,
    "51" : 5,
    "52" : 2,
    "53" : 3,
    "56" : 1,
    "58" : 1,
    "59" : 1,
    "60" : 2,
    "61" : 1,
    "63" : 1,
    "76" : 1
  },
  "mean" : 12.376173341677097,
  "stdDev" : 7.139154966142236
}