{
  "distribution" : {
    "1" : 54,
    "2" : 188,
    "3" : 391,
    "4" : 651,
    "5" : 798,
    "6" : 981,
    "7" : 1042,
    "8" : 1040,
    "9" : 1008,
    "10" : 963,
    "11" : 824,
    "12" : 776,
    "13" : 666,
    "14" : 565,
    "15" : 486,
    "16" : 404,
    "17" : 361,
    "18" : 312,
    "19" : 271,
    "20" : 232,
    "21" : 200,
    "22" : 173,
    "23" : 149,
    "24" : 127,
    "25" : 105,
    "26" : 88,
    "27" : 83,
    "28" : 75,
    "29" : 56,
    "30" : 46,
    "31" : 41,
    "32" : 33,
    "33" : 32,
    "34" : 29,
    "35" : 24,
    "36" : 13,
    "37" : 13,
    "38" : 8,
    "39" : 16,
    "40" : 6,
    "41" : 9,
    "42" : 5,
    "43" : 5,
    "44" : 4,
    "45" : 6,
    "46" : 4,
    "47" : 2,
    "49" : 1,
    "50" : 2,
    "51" : 1,
    "54" : 1,
    "55" : 1,
    "56" : 1,
    "57" : 1,
    "58" : 1,
    "59" : 1,
    "61" : 1
  },
  "mean" : 11.574611244019138,
  "stdDev" : 6.829926111604648
}