{
  "distribution" : {
    "3" : 11,
    "4" : 61,
    "5" : 155,
    "6" : 249,
    "7" : 376,
    "8" : 468,
    "9" : 550,
    "10" : 643,
    "11" : 637,
    "12" : 632,
    "13" : 620,
    "14" : 613,
    "15" : 647,
    "16" : 533,
    "17" : 492,
    "18" : 471,
    "19" : 459,
    "20" : 439,
    "21" : 386,
    "22" : 340,
    "23" : 304,
    "24" : 295,
    "25" : 256,
    "26" : 219,
    "27" : 227,
    "28" : 186,
    "29" : 164,
    "30" : 153,
    "31" : 149,
    "32" : 135,
    "33" : 113,
    "34" : 117,
    "35" : 102,
    "36" : 88,
    "37" : 72,
    "38" : 59,
    "39" : 67,
    "40" : 57,
    "41" : 52,
    "42" : 53,
    "43" : 37,
    "44" : 30,
    "45" : 29,
    "46" : 40,
    "47" : 35,
    "48" : 20,
    "49" : 22,
    "50" : 17,
    "51" : 23,
    "52" : 17,
    "53" : 13,
    "54" : 13,
    "55" : 6,
    "56" : 9,
    "57" : 7,
    "58" : 6,
    "59" : 6,
    "60" : 5,
    "61" : 10,
    "62" : 9,
    "63" : 4,
    "64" : 5,
    "65" : 6,
    "66" : 3,
    "67" : 3,
    "68" : 1,
    "69" : 6,
    "70" : 3,
    "71" : 1,
    "72" : 2,
    "73" : 1,
    "74" : 3,
    "75" : 1,
    "76" : 3,
    "77" : 1,
    "78" : 1,
    "80" : 1,
    "81" : 2,
    "82" : 1,
    "83" : 1,
    "85" : 1,
    "86" : 1,
    "88" : 1,
    "90" : 1,
    "92" : 1,
    "110" : 1
  },
  "mean" : 18.700223899162452,
  "stdDev" : 10.476590137154838
}