{
  "distribution" : {
    "1" : 11,
    "2" : 192,
    "3" : 548,
    "4" : 816,
    "5" : 1103,
    "6" : 1157,
    "7" : 1224,
    "8" : 1086,
    "9" : 995,
    "10" : 843,
    "11" : 797,
    "12" : 679,
    "13" : 576,
    "14" : 469,
    "15" : 394,
    "16" : 325,
    "17" : 292,
    "18" : 256,
    "19" : 200,
    "20" : 160,
    "21" : 136,
    "22" : 136,
    "23" : 94,
    "24" : 72,
    "25" : 61,
    "26" : 59,
    "27" : 40,
    "28" : 30,
    "29" : 26,
    "30" : 24,
    "31" : 23,
    "32" : 19,
    "33" : 14,
    "34" : 20,
    "35" : 16,
    "36" : 6,
    "37" : 4,
    "38" : 4,
    "39" : 5,
    "40" : 9,
    "41" : 8,
    "42" : 1,
    "43" : 2,
    "44" : 1,
    "49" : 1,
    "52" : 1
  },
  "mean" : 10.200077309625048,
  "stdDev" : 5.918864072076511
}