{
  "distribution" : {
    "1" : 175,
    "2" : 594,
    "3" : 1102,
    "4" : 1482,
    "5" : 1562,
    "6" : 1514,
    "7" : 1365,
    "8" : 1183,
    "9" : 995,
    "10" : 778,
    "11" : 640,
    "12" : 556,
    "13" : 466,
    "14" : 312,
    "15" : 270,
    "16" : 200,
    "17" : 217,
    "18" : 134,
    "19" : 105,
    "20" : 94,
    "21" : 77,
    "22" : 46,
    "23" : 52,
    "24" : 38,
    "25" : 27,
    "26" : 14,
    "27" : 19,
    "28" : 10,
    "29" : 14,
    "30" : 9,
    "31" : 5,
    "32" : 5,
    "33" : 7,
    "34" : 3,
    "35" : 2,
    "36" : 1,
    "38" : 1,
    "40" : 2,
    "41" : 1,
    "44" : 1,
    "45" : 1,
    "52" : 1,
    "54" : 1,
    "61" : 1
  },
  "mean" : 8.026061638971736,
  "stdDev" : 4.859370501290146
}