{
  "distribution" : {
    "2" : 20,
    "3" : 105,
    "4" : 268,
    "5" : 450,
    "6" : 607,
    "7" : 764,
    "8" : 780,
    "9" : 867,
    "10" : 873,
    "11" : 797,
    "12" : 795,
    "13" : 732,
    "14" : 658,
    "15" : 603,
    "16" : 493,
    "17" : 430,
    "18" : 397,
    "19" : 352,
    "20" : 287,
    "21" : 271,
    "22" : 235,
    "23" : 246,
    "24" : 192,
    "25" : 154,
    "26" : 128,
    "27" : 124,
    "28" : 131,
    "29" : 109,
    "30" : 87,
    "31" : 79,
    "32" : 65,
    "33" : 53,
    "34" : 56,
    "35" : 50,
    "36" : 30,
    "37" : 41,
    "38" : 36,
    "39" : 29,
    "40" : 22,
    "41" : 21,
    "42" : 12,
    "43" : 13,
    "44" : 8,
    "45" : 7,
    "46" : 10,
    "47" : 8,
    "48" : 6,
    "49" : 8,
    "50" : 7,
    "51" : 3,
    "52" : 2,
    "53" : 6,
    "54" : 2,
    "55" : 5,
    "56" : 2,
    "57" : 3,
    "58" : 5,
    "59" : 4,
    "61" : 2,
    "62" : 3,
    "63" : 1,
    "64" : 2,
    "65" : 2,
    "67" : 1,
    "68" : 1,
    "70" : 1,
    "72" : 1,
    "75" : 1,
    "81" : 1
  },
  "mean" : 14.372652021649156,
  "stdDev" : 8.21947433094445
}