{
  "distribution" : {
    "2" : 4,
    "3" : 27,
    "4" : 124,
    "5" : 215,
    "6" : 365,
    "7" : 489,
    "8" : 567,
    "9" : 617,
    "10" : 668,
    "11" : 700,
    "12" : 708,
    "13" : 674,
    "14" : 661,
    "15" : 634,
    "16" : 586,
    "17" : 492,
    "18" : 533,
    "19" : 477,
    "20" : 435,
    "21" : 370,
    "22" : 323,
    "23" : 305,
    "24" : 289,
    "25" : 242,
    "26" : 226,
    "27" : 195,
    "28" : 174,
    "29" : 176,
    "30" : 137,
    "31" : 136,
    "32" : 120,
    "33" : 123,
    "34" : 102,
    "35" : 91,
    "36" : 70,
    "37" : 77,
    "38" : 75,
    "39" : 56,
    "40" : 42,
    "41" : 51,
    "42" : 53,
    "43" : 47,
    "44" : 37,
    "45" : 39,
    "46" : 25,
    "47" : 23,
    "48" : 24,
    "49" : 18,
    "50" : 18,
    "51" : 23,
    "52" : 15,
    "53" : 13,
    "54" : 6,
    "55" : 12,
    "56" : 14,
    "57" : 4,
    "58" : 8,
    "59" : 10,
    "60" : 10,
    "61" : 5,
    "62" : 9,
    "63" : 4,
    "64" : 3,
    "65" : 1,
    "66" : 4,
    "67" : 1,
    "68" : 4,
    "69" : 2,
    "70" : 2,
    "71" : 2,
    "72" : 2,
    "73" : 1,
    "74" : 3,
    "75" : 1,
    "80" : 1,
    "84" : 1,
    "85" : 2,
    "87" : 2,
    "88" : 1,
    "94" : 1,
    "95" : 1,
    "98" : 2,
    "105" : 1
  },
  "mean" : 17.87440480836781,
  "stdDev" : 10.32209198419887
}