{
  "distribution" : {
    "1" : 4,
    "2" : 41,
    "3" : 258,
    "4" : 454,
    "5" : 688,
    "6" : 902,
    "7" : 991,
    "8" : 1006,
    "9" : 992,
    "10" : 892,
    "11" : 809,
    "12" : 792,
    "13" : 653,
    "14" : 616,
    "15" : 503,
    "16" : 458,
    "17" : 385,
    "18" : 376,
    "19" : 296,
    "20" : 253,
    "21" : 233,
    "22" : 218,
    "23" : 158,
    "24" : 125,
    "25" : 120,
    "26" : 106,
    "27" : 85,
    "28" : 81,
    "29" : 65,
    "30" : 52,
    "31" : 60,
    "32" : 51,
    "33" : 30,
    "34" : 31,
    "35" : 23,
    "36" : 26,
    "37" : 25,
    "38" : 20,
    "39" : 14,
    "40" : 18,
    "41" : 7,
    "42" : 18,
    "43" : 9,
    "44" : 7,
    "45" : 7,
    "46" : 1,
    "47" : 4,
    "48" : 5,
    "49" : 9,
    "50" : 4,
    "51" : 6,
    "52" : 2,
    "53" : 4,
    "54" : 2,
    "55" : 1,
    "56" : 1,
    "60" : 1,
    "71" : 1
  },
  "mean" : 12.55496576659743,
  "stdDev" : 7.303208729336054
}