{
  "distribution" : {
    "2" : 4,
    "3" : 44,
    "4" : 132,
    "5" : 287,
    "6" : 406,
    "7" : 502,
    "8" : 628,
    "9" : 651,
    "10" : 676,
    "11" : 675,
    "12" : 724,
    "13" : 669,
    "14" : 656,
    "15" : 598,
    "16" : 572,
    "17" : 506,
    "18" : 428,
    "19" : 460,
    "20" : 373,
    "21" : 329,
    "22" : 302,
    "23" : 282,
    "24" : 236,
    "25" : 240,
    "26" : 201,
    "27" : 161,
    "28" : 167,
    "29" : 159,
    "30" : 123,
    "31" : 111,
    "32" : 97,
    "33" : 93,
    "34" : 77,
    "35" : 72,
    "36" : 62,
    "37" : 52,
    "38" : 55,
    "39" : 54,
    "40" : 43,
    "41" : 44,
    "42" : 42,
    "43" : 35,
    "44" : 22,
    "45" : 24,
    "46" : 16,
    "47" : 14,
    "48" : 11,
    "49" : 16,
    "50" : 5,
    "51" : 15,
    "52" : 14,
    "53" : 14,
    "54" : 9,
    "55" : 8,
    "56" : 3,
    "57" : 8,
    "58" : 1,
    "59" : 9,
    "60" : 3,
    "61" : 3,
    "62" : 3,
    "63" : 3,
    "64" : 2,
    "65" : 4,
    "66" : 3,
    "67" : 2,
    "69" : 1,
    "74" : 1,
    "76" : 1,
    "79" : 1,
    "82" : 1,
    "84" : 1,
    "85" : 1,
    "101" : 1
  },
  "mean" : 16.815316786414108,
  "stdDev" : 9.49466313017416
}