{
  "distribution" : {
    "2" : 86,
    "3" : 325,
    "4" : 698,
    "5" : 914,
    "6" : 1067,
    "7" : 1087,
    "8" : 992,
    "9" : 1030,
    "10" : 884,
    "11" : 799,
    "12" : 698,
    "13" : 619,
    "14" : 518,
    "15" : 459,
    "16" : 393,
    "17" : 356,
    "18" : 295,
    "19" : 235,
    "20" : 201,
    "21" : 162,
    "22" : 159,
    "23" : 134,
    "24" : 90,
    "25" : 90,
    "26" : 82,
    "27" : 52,
    "28" : 69,
    "29" : 55,
    "30" : 36,
    "31" : 31,
    "32" : 29,
    "33" : 28,
    "34" : 27,
    "35" : 12,
    "36" : 12,
    "37" : 12,
    "38" : 13,
    "39" : 8,
    "40" : 10,
    "41" : 2,
    "42" : 3,
    "43" : 3,
    "44" : 2,
    "45" : 2,
    "46" : 3,
    "48" : 2,
    "49" : 1,
    "50" : 1,
    "51" : 1,
    "53" : 1,
    "56" : 1,
    "58" : 1,
    "60" : 1,
    "63" : 1
  },
  "mean" : 11.257582864290182,
  "stdDev" : 6.496008676130525
}