{
  "distribution" : {
    "2" : 6,
    "3" : 52,
    "4" : 146,
    "5" : 264,
    "6" : 408,
    "7" : 528,
    "8" : 587,
    "9" : 646,
    "10" : 704,
    "11" : 707,
    "12" : 708,
    "13" : 642,
    "14" : 583,
    "15" : 636,
    "16" : 576,
    "17" : 473,
    "18" : 466,
    "19" : 420,
    "20" : 366,
    "21" : 350,
    "22" : 310,
    "23" : 251,
    "24" : 257,
    "25" : 218,
    "26" : 207,
    "27" : 160,
    "28" : 156,
    "29" : 138,
    "30" : 137,
    "31" : 97,
    "32" : 77,
    "33" : 87,
    "34" : 74,
    "35" : 67,
    "36" : 52,
    "37" : 46,
    "38" : 49,
    "39" : 49,
    "40" : 41,
    "41" : 30,
    "42" : 32,
    "43" : 27,
    "44" : 14,
    "45" : 33,
    "46" : 23,
    "47" : 15,
    "48" : 21,
    "49" : 11,
    "50" : 7,
    "51" : 9,
    "52" : 9,
    "53" : 11,
    "54" : 10,
    "55" : 2,
    "56" : 8,
    "57" : 3,
    "58" : 4,
    "59" : 3,
    "60" : 1,
    "61" : 7,
    "62" : 3,
    "63" : 3,
    "64" : 6,
    "65" : 1,
    "66" : 1,
    "67" : 2,
    "68" : 1,
    "69" : 1,
    "70" : 1,
    "71" : 1,
    "72" : 2,
    "77" : 1,
    "78" : 1,
    "86" : 1
  },
  "mean" : 16.58832807570978,
  "stdDev" : 9.288411965408311
}