{
  "distribution" : {
    "2" : 14,
    "3" : 70,
    "4" : 203,
    "5" : 330,
    "6" : 494,
    "7" : 619,
    "8" : 714,
    "9" : 785,
    "10" : 777,
    "11" : 728,
    "12" : 707,
    "13" : 652,
    "14" : 609,
    "15" : 549,
    "16" : 596,
    "17" : 508,
    "18" : 406,
    "19" : 364,
    "20" : 327,
    "21" : 301,
    "22" : 258,
    "23" : 231,
    "24" : 216,
    "25" : 191,
    "26" : 171,
    "27" : 148,
    "28" : 139,
    "29" : 127,
    "30" : 116,
    "31" : 101,
    "32" : 81,
    "33" : 90,
    "34" : 62,
    "35" : 59,
    "36" : 46,
    "37" : 60,
    "38" : 48,
    "39" : 35,
    "40" : 27,
    "41" : 30,
    "42" : 19,
    "43" : 22,
    "44" : 14,
    "45" : 14,
    "46" : 13,
    "47" : 14,
    "48" : 4,
    "49" : 5,
    "50" : 4,
    "51" : 10,
    "52" : 7,
    "53" : 4,
    "54" : 5,
    "55" : 1,
    "56" : 3,
    "57" : 1,
    "58" : 1,
    "59" : 4,
    "60" : 1,
    "61" : 1,
    "62" : 1,
    "63" : 1,
    "64" : 1,
    "65" : 1,
    "66" : 1,
    "67" : 3,
    "70" : 3,
    "74" : 1,
    "76" : 1,
    "83" : 1,
    "98" : 1
  },
  "mean" : 15.489424738704633,
  "stdDev" : 8.71124523271146
}