{
  "distribution" : {
    "2" : 8,
    "3" : 49,
    "4" : 163,
    "5" : 266,
    "6" : 348,
    "7" : 517,
    "8" : 614,
    "9" : 643,
    "10" : 720,
    "11" : 718,
    "12" : 676,
    "13" : 677,
    "14" : 668,
    "15" : 599,
    "16" : 554,
    "17" : 520,
    "18" : 479,
    "19" : 430,
    "20" : 406,
    "21" : 338,
    "22" : 336,
    "23" : 282,
    "24" : 231,
    "25" : 244,
    "26" : 207,
    "27" : 183,
    "28" : 177,
    "29" : 140,
    "30" : 151,
    "31" : 126,
    "32" : 89,
    "33" : 98,
    "34" : 99,
    "35" : 74,
    "36" : 67,
    "37" : 50,
    "38" : 54,
    "39" : 52,
    "40" : 29,
    "41" : 32,
    "42" : 31,
    "43" : 24,
    "44" : 20,
    "45" : 31,
    "46" : 20,
    "47" : 22,
    "48" : 16,
    "49" : 10,
    "50" : 15,
    "51" : 8,
    "52" : 12,
    "53" : 13,
    "54" : 6,
    "55" : 10,
    "56" : 9,
    "57" : 5,
    "58" : 7,
    "59" : 4,
    "60" : 1,
    "61" : 6,
    "62" : 4,
    "63" : 4,
    "64" : 2,
    "65" : 2,
    "67" : 1,
    "68" : 2,
    "69" : 2,
    "70" : 2,
    "72" : 1,
    "73" : 1,
    "74" : 1,
    "76" : 1,
    "78" : 1,
    "79" : 2,
    "82" : 1,
    "83" : 2,
    "84" : 2,
    "87" : 1,
    "88" : 1,
    "94" : 1,
    "99" : 1
  },
  "mean" : 16.93687092358483,
  "stdDev" : 9.629881600997292
}