{
  "distribution" : {
    "1" : 5,
    "2" : 119,
    "3" : 382,
    "4" : 757,
    "5" : 998,
    "6" : 1104,
    "7" : 1193,
    "8" : 1100,
    "9" : 1040,
    "10" : 907,
    "11" : 795,
    "12" : 673,
    "13" : 599,
    "14" : 484,
    "15" : 452,
    "16" : 351,
    "17" : 312,
    "18" : 244,
    "19" : 227,
    "20" : 189,
    "21" : 152,
    "22" : 124,
    "23" : 91,
    "24" : 110,
    "25" : 69,
    "26" : 55,
    "27" : 48,
    "28" : 57,
    "29" : 36,
    "30" : 36,
    "31" : 22,
    "32" : 25,
    "33" : 20,
    "34" : 19,
    "35" : 12,
    "36" : 6,
    "37" : 8,
    "38" : 9,
    "39" : 3,
    "40" : 6,
    "41" : 4,
    "42" : 3,
    "43" : 2,
    "44" : 2,
    "45" : 3,
    "46" : 2,
    "47" : 1,
    "48" : 4,
    "49" : 2,
    "50" : 1,
    "52" : 3,
    "53" : 1,
    "54" : 1,
    "61" : 1
  },
  "mean" : 10.709923070945683,
  "stdDev" : 6.198484570829296
}