{
  "distribution" : {
    "2" : 12,
    "3" : 45,
    "4" : 150,
    "5" : 268,
    "6" : 367,
    "7" : 517,
    "8" : 583,
    "9" : 636,
    "10" : 679,
    "11" : 739,
    "12" : 693,
    "13" : 632,
    "14" : 651,
    "15" : 578,
    "16" : 559,
    "17" : 494,
    "18" : 455,
    "19" : 392,
    "20" : 367,
    "21" : 381,
    "22" : 319,
    "23" : 283,
    "24" : 234,
    "25" : 228,
    "26" : 199,
    "27" : 182,
    "28" : 174,
    "29" : 143,
    "30" : 111,
    "31" : 122,
    "32" : 101,
    "33" : 96,
    "34" : 76,
    "35" : 73,
    "36" : 68,
    "37" : 59,
    "38" : 52,
    "39" : 47,
    "40" : 46,
    "41" : 39,
    "42" : 27,
    "43" : 27,
    "44" : 25,
    "45" : 20,
    "46" : 25,
    "47" : 17,
    "48" : 12,
    "49" : 15,
    "50" : 17,
    "51" : 14,
    "52" : 13,
    "53" : 5,
    "54" : 13,
    "55" : 5,
    "56" : 6,
    "57" : 5,
    "58" : 4,
    "59" : 3,
    "60" : 8,
    "61" : 6,
    "62" : 4,
    "64" : 2,
    "65" : 4,
    "67" : 1,
    "68" : 1,
    "69" : 1,
    "70" : 1,
    "71" : 1,
    "72" : 1,
    "76" : 2,
    "77" : 1,
    "83" : 1,
    "84" : 1
  },
  "mean" : 16.86488713132312,
  "stdDev" : 9.479979880238831
}