{
  "distribution" : {
    "1" : 8,
    "2" : 26,
    "3" : 77,
    "4" : 213,
    "5" : 373,
    "6" : 541,
    "7" : 657,
    "8" : 734,
    "9" : 843,
    "10" : 784,
    "11" : 787,
    "12" : 750,
    "13" : 693,
    "14" : 689,
    "15" : 566,
    "16" : 511,
    "17" : 466,
    "18" : 384,
    "19" : 355,
    "20" : 337,
    "21" : 295,
    "22" : 225,
    "23" : 221,
    "24" : 201,
    "25" : 194,
    "26" : 142,
    "27" : 130,
    "28" : 133,
    "29" : 110,
    "30" : 92,
    "31" : 82,
    "32" : 91,
    "33" : 66,
    "34" : 64,
    "35" : 56,
    "36" : 40,
    "37" : 32,
    "38" : 30,
    "39" : 23,
    "40" : 25,
    "41" : 30,
    "42" : 17,
    "43" : 17,
    "44" : 16,
    "45" : 15,
    "46" : 10,
    "47" : 7,
    "48" : 9,
    "49" : 3,
    "50" : 5,
    "51" : 8,
    "52" : 5,
    "53" : 2,
    "54" : 7,
    "55" : 8,
    "56" : 2,
    "57" : 3,
    "58" : 3,
    "59" : 2,
    "60" : 2,
    "61" : 1,
    "62" : 1,
    "64" : 3,
    "66" : 1,
    "70" : 1,
    "73" : 1,
    "74" : 1,
    "79" : 2
  },
  "mean" : 14.914213280994439,
  "stdDev" : 8.414435955865743
}