{
  "distribution" : {
    "2" : 9,
    "3" : 67,
    "4" : 196,
    "5" : 390,
    "6" : 610,
    "7" : 660,
    "8" : 782,
    "9" : 763,
    "10" : 820,
    "11" : 836,
    "12" : 765,
    "13" : 667,
    "14" : 637,
    "15" : 606,
    "16" : 570,
    "17" : 517,
    "18" : 463,
    "19" : 378,
    "20" : 355,
    "21" : 302,
    "22" : 307,
    "23" : 234,
    "24" : 217,
    "25" : 202,
    "26" : 168,
    "27" : 134,
    "28" : 142,
    "29" : 96,
    "30" : 96,
    "31" : 97,
    "32" : 75,
    "33" : 74,
    "34" : 64,
    "35" : 57,
    "36" : 55,
    "37" : 45,
    "38" : 37,
    "39" : 31,
    "40" : 30,
    "41" : 28,
    "42" : 29,
    "43" : 20,
    "44" : 23,
    "45" : 15,
    "46" : 11,
    "47" : 8,
    "48" : 16,
    "49" : 6,
    "50" : 6,
    "51" : 6,
    "52" : 3,
    "53" : 4,
    "54" : 5,
    "55" : 10,
    "56" : 9,
    "57" : 6,
    "58" : 7,
    "59" : 8,
    "60" : 2,
    "61" : 6,
    "62" : 1,
    "64" : 1,
    "66" : 1,
    "67" : 1,
    "68" : 2,
    "71" : 1,
    "76" : 2,
    "81" : 1,
    "83" : 1,
    "98" : 1,
    "102" : 1
  },
  "mean" : 15.304493942946463,
  "stdDev" : 8.832078098203823
}