{
  "distribution" : {
    "2" : 5,
    "3" : 45,
    "4" : 177,
    "5" : 336,
    "6" : 490,
    "7" : 669,
    "8" : 711,
    "9" : 751,
    "10" : 789,
    "11" : 753,
    "12" : 764,
    "13" : 672,
    "14" : 670,
    "15" : 637,
    "16" : 570,
    "17" : 504,
    "18" : 470,
    "19" : 406,
    "20" : 343,
    "21" : 337,
    "22" : 263,
    "23" : 278,
    "24" : 238,
    "25" : 207,
    "26" : 213,
    "27" : 173,
    "28" : 152,
    "29" : 129,
    "30" : 127,
    "31" : 117,
    "32" : 91,
    "33" : 70,
    "34" : 72,
    "35" : 62,
    "36" : 62,
    "37" : 54,
    "38" : 45,
    "39" : 50,
    "40" : 30,
    "41" : 41,
    "42" : 36,
    "43" : 22,
    "44" : 19,
    "45" : 14,
    "46" : 25,
    "47" : 16,
    "48" : 10,
    "49" : 12,
    "50" : 13,
    "51" : 7,
    "52" : 11,
    "53" : 14,
    "54" : 6,
    "55" : 7,
    "56" : 10,
    "57" : 4,
    "58" : 2,
    "59" : 5,
    "60" : 4,
    "63" : 5,
    "64" : 2,
    "65" : 4,
    "66" : 3,
    "67" : 3,
    "70" : 1,
    "71" : 3,
    "74" : 2,
    "75" : 1,
    "77" : 2,
    "79" : 2,
    "85" : 1,
    "92" : 1
  },
  "mean" : 16.05880062305296,
  "stdDev" : 9.284054930394783
}