{
  "distribution" : {
    "2" : 61,
    "3" : 266,
    "4" : 509,
    "5" : 724,
    "6" : 930,
    "7" : 1003,
    "8" : 987,
    "9" : 886,
    "10" : 852,
    "11" : 804,
    "12" : 678,
    "13" : 617,
    "14" : 554,
    "15" : 509,
    "16" : 428,
    "17" : 348,
    "18" : 381,
    "19" : 281,
    "20" : 219,
    "21" : 195,
    "22" : 172,
    "23" : 115,
    "24" : 122,
    "25" : 106,
    "26" : 94,
    "27" : 76,
    "28" : 62,
    "29" : 50,
    "30" : 43,
    "31" : 34,
    "32" : 33,
    "33" : 28,
    "34" : 22,
    "35" : 25,
    "36" : 19,
    "37" : 12,
    "38" : 14,
    "39" : 10,
    "40" : 7,
    "41" : 11,
    "42" : 7,
    "43" : 4,
    "44" : 1,
    "45" : 5,
    "46" : 6,
    "47" : 4,
    "49" : 2,
    "50" : 3,
    "51" : 1,
    "54" : 2,
    "55" : 1,
    "56" : 1,
    "58" : 1
  },
  "mean" : 11.974604462474645,
  "stdDev" : 6.782647322837954
}