{
  "distribution" : {
    "2" : 4,
    "3" : 35,
    "4" : 86,
    "5" : 188,
    "6" : 310,
    "7" : 427,
    "8" : 541,
    "9" : 599,
    "10" : 615,
    "11" : 672,
    "12" : 671,
    "13" : 656,
    "14" : 647,
    "15" : 570,
    "16" : 576,
    "17" : 448,
    "18" : 480,
    "19" : 412,
    "20" : 427,
    "21" : 371,
    "22" : 319,
    "23" : 280,
    "24" : 305,
    "25" : 233,
    "26" : 223,
    "27" : 223,
    "28" : 172,
    "29" : 168,
    "30" : 166,
    "31" : 125,
    "32" : 112,
    "33" : 103,
    "34" : 100,
    "35" : 94,
    "36" : 65,
    "37" : 72,
    "38" : 70,
    "39" : 51,
    "40" : 37,
    "41" : 52,
    "42" : 34,
    "43" : 35,
    "44" : 41,
    "45" : 17,
    "46" : 24,
    "47" : 17,
    "48" : 22,
    "49" : 18,
    "50" : 17,
    "51" : 16,
    "52" : 11,
    "53" : 18,
    "54" : 10,
    "55" : 8,
    "56" : 10,
    "57" : 7,
    "58" : 7,
    "59" : 4,
    "60" : 6,
    "61" : 4,
    "62" : 1,
    "63" : 6,
    "64" : 2,
    "65" : 6,
    "66" : 5,
    "67" : 2,
    "68" : 2,
    "70" : 1,
    "71" : 1,
    "72" : 1,
    "73" : 3,
    "75" : 1,
    "76" : 1,
    "79" : 1,
    "80" : 1,
    "81" : 2,
    "82" : 1,
    "86" : 1,
    "89" : 1,
    "93" : 1,
    "97" : 1,
    "98" : 1
  },
  "mean" : 17.887517601259006,
  "stdDev" : 10.027725187726563
}