{
  "distribution" : {
    "1" : 23,
    "2" : 126,
    "3" : 358,
    "4" : 647,
    "5" : 858,
    "6" : 1003,
    "7" : 1092,
    "8" : 1033,
    "9" : 1017,
    "10" : 961,
    "11" : 781,
    "12" : 745,
    "13" : 647,
    "14" : 569,
    "15" : 484,
    "16" : 432,
    "17" : 362,
    "18" : 304,
    "19" : 278,
    "20" : 222,
    "21" : 170,
    "22" : 158,
    "23" : 151,
    "24" : 102,
    "25" : 118,
    "26" : 74,
    "27" : 84,
    "28" : 79,
    "29" : 55,
    "30" : 42,
    "31" : 34,
    "32" : 25,
    "33" : 33,
    "34" : 28,
    "35" : 20,
    "36" : 16,
    "37" : 7,
    "38" : 8,
    "39" : 12,
    "40" : 10,
    "41" : 5,
    "42" : 4,
    "43" : 3,
    "44" : 6,
    "45" : 6,
    "46" : 3,
    "47" : 6,
    "48" : 3,
    "49" : 2,
    "50" : 3,
    "51" : 3,
    "53" : 2,
    "54" : 2,
    "55" : 1,
    "56" : 1,
    "58" : 1
  },
  "mean" : 11.536878735153945,
  "stdDev" : 6.767482371152907
}