{
  "distribution" : {
    "2" : 18,
    "3" : 149,
    "4" : 311,
    "5" : 516,
    "6" : 683,
    "7" : 787,
    "8" : 881,
    "9" : 863,
    "10" : 831,
    "11" : 795,
    "12" : 737,
    "13" : 670,
    "14" : 639,
    "15" : 542,
    "16" : 448,
    "17" : 432,
    "18" : 357,
    "19" : 341,
    "20" : 286,
    "21" : 223,
    "22" : 191,
    "23" : 193,
    "24" : 163,
    "25" : 146,
    "26" : 146,
    "27" : 99,
    "28" : 101,
    "29" : 71,
    "30" : 81,
    "31" : 52,
    "32" : 61,
    "33" : 45,
    "34" : 46,
    "35" : 29,
    "36" : 23,
    "37" : 16,
    "38" : 21,
    "39" : 14,
    "40" : 10,
    "41" : 15,
    "42" : 11,
    "43" : 11,
    "44" : 6,
    "45" : 10,
    "46" : 3,
    "47" : 7,
    "48" : 6,
    "49" : 8,
    "50" : 9,
    "51" : 3,
    "52" : 4,
    "53" : 5,
    "54" : 4,
    "55" : 2,
    "56" : 1,
    "58" : 3,
    "59" : 1,
    "61" : 1,
    "62" : 1
  },
  "mean" : 13.54221635883905,
  "stdDev" : 7.60880985450538
}