{
  "distribution" : {
    "1" : 1,
    "2" : 233,
    "3" : 748,
    "4" : 1147,
    "5" : 1395,
    "6" : 1302,
    "7" : 1229,
    "8" : 1207,
    "9" : 892,
    "10" : 830,
    "11" : 691,
    "12" : 563,
    "13" : 467,
    "14" : 376,
    "15" : 283,
    "16" : 262,
    "17" : 210,
    "18" : 150,
    "19" : 146,
    "20" : 96,
    "21" : 81,
    "22" : 62,
    "23" : 67,
    "24" : 37,
    "25" : 40,
    "26" : 31,
    "27" : 33,
    "28" : 14,
    "29" : 17,
    "30" : 8,
    "31" : 7,
    "32" : 3,
    "33" : 5,
    "34" : 5,
    "35" : 13,
    "36" : 4,
    "37" : 7,
    "38" : 2,
    "42" : 1,
    "43" : 1,
    "47" : 1,
    "48" : 1
  },
  "mean" : 8.907799179033786,
  "stdDev" : 5.115221770233725
}