{
  "distribution" : {
    "1" : 74,
    "2" : 449,
    "3" : 1049,
    "4" : 1329,
    "5" : 1502,
    "6" : 1445,
    "7" : 1257,
    "8" : 1225,
    "9" : 948,
    "10" : 817,
    "11" : 656,
    "12" : 563,
    "13" : 463,
    "14" : 359,
    "15" : 289,
    "16" : 227,
    "17" : 168,
    "18" : 146,
    "19" : 116,
    "20" : 88,
    "21" : 70,
    "22" : 61,
    "23" : 47,
    "24" : 50,
    "25" : 40,
    "26" : 31,
    "27" : 19,
    "28" : 20,
    "29" : 6,
    "30" : 9,
    "31" : 14,
    "32" : 3,
    "33" : 7,
    "34" : 1,
    "35" : 4,
    "36" : 2,
    "37" : 5,
    "39" : 1,
    "40" : 2,
    "41" : 1,
    "43" : 1,
    "44" : 1
  },
  "mean" : 8.345226686325102,
  "stdDev" : 4.9590501183567595
}