{
  "distribution" : {
    "3" : 6,
    "132" : 1,
    "4" : 37,
    "5" : 86,
    "6" : 160,
    "7" : 259,
    "136" : 1,
    "8" : 357,
    "9" : 413,
    "10" : 438,
    "11" : 517,
    "12" : 575,
    "13" : 538,
    "14" : 543,
    "15" : 559,
    "16" : 555,
    "17" : 525,
    "18" : 512,
    "19" : 515,
    "20" : 449,
    "21" : 423,
    "22" : 365,
    "23" : 370,
    "24" : 339,
    "25" : 297,
    "26" : 285,
    "27" : 240,
    "28" : 259,
    "29" : 233,
    "30" : 213,
    "31" : 195,
    "32" : 152,
    "33" : 159,
    "34" : 135,
    "35" : 119,
    "36" : 127,
    "37" : 108,
    "38" : 102,
    "39" : 87,
    "40" : 90,
    "41" : 81,
    "42" : 63,
    "43" : 47,
    "44" : 50,
    "45" : 72,
    "46" : 43,
    "47" : 56,
    "48" : 37,
    "49" : 40,
    "50" : 50,
    "51" : 24,
    "52" : 28,
    "53" : 32,
    "54" : 19,
    "55" : 20,
    "56" : 13,
    "57" : 21,
    "58" : 12,
    "59" : 20,
    "60" : 12,
    "61" : 15,
    "62" : 11,
    "63" : 8,
    "64" : 8,
    "65" : 8,
    "66" : 5,
    "67" : 6,
    "68" : 8,
    "69" : 4,
    "70" : 5,
    "71" : 5,
    "72" : 6,
    "73" : 6,
    "74" : 1,
    "75" : 2,
    "76" : 3,
    "77" : 9,
    "78" : 2,
    "79" : 3,
    "80" : 1,
    "81" : 5,
    "82" : 3,
    "83" : 1,
    "84" : 3,
    "85" : 1,
    "86" : 4,
    "88" : 3,
    "89" : 1,
    "90" : 1,
    "91" : 1,
    "94" : 1,
    "95" : 1,
    "99" : 2
  },
  "mean" : 21.352416782530465,
  "stdDev" : 12.045704839403822
}