{
  "distribution" : {
    "2" : 28,
    "3" : 133,
    "4" : 297,
    "5" : 500,
    "6" : 683,
    "7" : 866,
    "8" : 875,
    "9" : 860,
    "10" : 828,
    "11" : 849,
    "12" : 721,
    "13" : 685,
    "14" : 595,
    "15" : 562,
    "16" : 495,
    "17" : 448,
    "18" : 402,
    "19" : 342,
    "20" : 325,
    "21" : 267,
    "22" : 238,
    "23" : 199,
    "24" : 169,
    "25" : 161,
    "26" : 137,
    "27" : 106,
    "28" : 98,
    "29" : 80,
    "30" : 77,
    "31" : 77,
    "32" : 58,
    "33" : 60,
    "34" : 31,
    "35" : 49,
    "36" : 38,
    "37" : 24,
    "38" : 34,
    "39" : 20,
    "40" : 12,
    "41" : 18,
    "42" : 18,
    "43" : 15,
    "44" : 12,
    "45" : 7,
    "46" : 7,
    "47" : 6,
    "48" : 7,
    "49" : 12,
    "50" : 4,
    "51" : 7,
    "52" : 7,
    "53" : 2,
    "54" : 6,
    "55" : 1,
    "56" : 3,
    "57" : 1,
    "58" : 1,
    "62" : 2,
    "63" : 1,
    "66" : 1,
    "71" : 1,
    "73" : 1,
    "75" : 1
  },
  "mean" : 13.883770883054893,
  "stdDev" : 7.941523838656792
}