{
  "distribution" : {
    "2" : 12,
    "3" : 96,
    "4" : 217,
    "5" : 343,
    "6" : 501,
    "7" : 598,
    "8" : 730,
    "9" : 775,
    "10" : 792,
    "11" : 760,
    "12" : 773,
    "13" : 676,
    "14" : 660,
    "15" : 583,
    "16" : 536,
    "17" : 505,
    "18" : 442,
    "19" : 432,
    "20" : 337,
    "21" : 329,
    "22" : 284,
    "23" : 265,
    "24" : 234,
    "25" : 203,
    "26" : 181,
    "27" : 139,
    "28" : 151,
    "29" : 137,
    "30" : 114,
    "31" : 114,
    "32" : 80,
    "33" : 79,
    "34" : 70,
    "35" : 71,
    "36" : 52,
    "37" : 45,
    "38" : 46,
    "39" : 47,
    "40" : 35,
    "41" : 34,
    "42" : 32,
    "43" : 16,
    "44" : 20,
    "45" : 20,
    "46" : 28,
    "47" : 19,
    "48" : 8,
    "49" : 12,
    "50" : 10,
    "51" : 12,
    "52" : 9,
    "53" : 6,
    "54" : 8,
    "55" : 4,
    "56" : 4,
    "57" : 7,
    "58" : 2,
    "59" : 4,
    "60" : 4,
    "61" : 4,
    "63" : 1,
    "64" : 1,
    "65" : 2,
    "66" : 1,
    "67" : 2,
    "68" : 1,
    "69" : 1,
    "74" : 1,
    "76" : 1,
    "78" : 1,
    "84" : 1,
    "92" : 1
  },
  "mean" : 15.782485653643581,
  "stdDev" : 9.081770123135021
}