{
  "distribution" : {
    "1" : 15,
    "2" : 409,
    "3" : 887,
    "4" : 1266,
    "5" : 1451,
    "6" : 1382,
    "7" : 1320,
    "8" : 1164,
    "9" : 960,
    "10" : 802,
    "11" : 659,
    "12" : 544,
    "13" : 423,
    "14" : 354,
    "15" : 273,
    "16" : 238,
    "17" : 164,
    "18" : 146,
    "19" : 123,
    "20" : 91,
    "21" : 69,
    "22" : 69,
    "23" : 39,
    "24" : 37,
    "25" : 25,
    "26" : 26,
    "27" : 17,
    "28" : 20,
    "29" : 12,
    "30" : 10,
    "31" : 14,
    "32" : 6,
    "33" : 4,
    "34" : 4,
    "35" : 4,
    "36" : 3,
    "37" : 2,
    "40" : 1,
    "41" : 4,
    "42" : 1,
    "51" : 1
  },
  "mean" : 8.456016565687552,
  "stdDev" : 4.926507947508684
}