{
  "distribution" : {
    "2" : 2,
    "3" : 12,
    "4" : 60,
    "5" : 132,
    "6" : 214,
    "7" : 340,
    "8" : 398,
    "9" : 500,
    "10" : 533,
    "11" : 544,
    "12" : 545,
    "13" : 640,
    "14" : 569,
    "15" : 589,
    "16" : 530,
    "17" : 535,
    "18" : 489,
    "19" : 456,
    "20" : 448,
    "21" : 347,
    "22" : 341,
    "23" : 330,
    "24" : 333,
    "25" : 265,
    "26" : 227,
    "27" : 228,
    "28" : 216,
    "29" : 180,
    "30" : 191,
    "31" : 168,
    "32" : 157,
    "33" : 134,
    "34" : 96,
    "35" : 121,
    "36" : 90,
    "37" : 86,
    "38" : 89,
    "39" : 63,
    "40" : 57,
    "41" : 48,
    "42" : 50,
    "43" : 45,
    "44" : 40,
    "45" : 51,
    "46" : 31,
    "47" : 37,
    "48" : 24,
    "49" : 26,
    "50" : 25,
    "51" : 26,
    "52" : 19,
    "53" : 12,
    "54" : 20,
    "55" : 11,
    "56" : 15,
    "57" : 12,
    "58" : 11,
    "59" : 10,
    "60" : 11,
    "61" : 7,
    "62" : 6,
    "63" : 6,
    "64" : 5,
    "65" : 3,
    "66" : 3,
    "67" : 4,
    "68" : 3,
    "69" : 4,
    "71" : 3,
    "72" : 3,
    "73" : 1,
    "74" : 2,
    "75" : 3,
    "76" : 1,
    "77" : 1,
    "78" : 1,
    "79" : 4,
    "82" : 1,
    "83" : 1,
    "84" : 1,
    "87" : 1,
    "88" : 1,
    "89" : 1,
    "90" : 1,
    "92" : 1,
    "93" : 1,
    "94" : 1,
    "97" : 1
  },
  "mean" : 19.577637130801687,
  "stdDev" : 10.873128332109886
}