{
  "distribution" : {
    "1" : 84,
    "2" : 855,
    "3" : 1640,
    "4" : 1885,
    "5" : 1757,
    "6" : 1556,
    "7" : 1271,
    "8" : 1038,
    "9" : 838,
    "10" : 647,
    "11" : 489,
    "12" : 375,
    "13" : 260,
    "14" : 227,
    "15" : 151,
    "16" : 140,
    "17" : 98,
    "18" : 80,
    "19" : 59,
    "20" : 35,
    "21" : 41,
    "22" : 22,
    "23" : 21,
    "24" : 24,
    "25" : 14,
    "26" : 7,
    "27" : 1,
    "28" : 4,
    "29" : 1,
    "30" : 3,
    "31" : 3,
    "32" : 3,
    "33" : 2,
    "34" : 4,
    "37" : 1,
    "38" : 2
  },
  "mean" : 6.830547001026543,
  "stdDev" : 4.069818498291075
}