{
  "distribution" : {
    "1" : 4,
    "2" : 559,
    "3" : 1268,
    "4" : 1620,
    "5" : 1671,
    "6" : 1457,
    "7" : 1309,
    "8" : 1150,
    "9" : 931,
    "10" : 774,
    "11" : 609,
    "12" : 472,
    "13" : 337,
    "14" : 279,
    "15" : 224,
    "16" : 183,
    "17" : 157,
    "18" : 103,
    "19" : 89,
    "20" : 73,
    "21" : 49,
    "22" : 46,
    "23" : 30,
    "24" : 32,
    "25" : 24,
    "26" : 14,
    "27" : 11,
    "28" : 9,
    "29" : 7,
    "30" : 7,
    "31" : 6,
    "32" : 2,
    "33" : 7,
    "34" : 4,
    "35" : 4,
    "36" : 1,
    "37" : 1,
    "38" : 1,
    "39" : 2,
    "44" : 1,
    "46" : 2
  },
  "mean" : 7.694877670189962,
  "stdDev" : 4.5663553032651985
}