{
  "distribution" : {
    "1" : 14,
    "2" : 187,
    "3" : 517,
    "4" : 940,
    "5" : 1140,
    "6" : 1210,
    "7" : 1188,
    "8" : 1126,
    "9" : 1054,
    "10" : 870,
    "11" : 791,
    "12" : 598,
    "13" : 523,
    "14" : 482,
    "15" : 395,
    "16" : 280,
    "17" : 251,
    "18" : 187,
    "19" : 168,
    "20" : 150,
    "21" : 120,
    "22" : 90,
    "23" : 73,
    "24" : 61,
    "25" : 64,
    "26" : 44,
    "27" : 37,
    "28" : 30,
    "29" : 28,
    "30" : 31,
    "31" : 16,
    "32" : 15,
    "33" : 9,
    "34" : 3,
    "35" : 9,
    "36" : 6,
    "37" : 4,
    "38" : 4,
    "39" : 3,
    "40" : 2,
    "41" : 3,
    "42" : 5,
    "43" : 3,
    "44" : 3,
    "46" : 3,
    "59" : 1
  },
  "mean" : 9.811979902653478,
  "stdDev" : 5.650109841046901
}