{
  "distribution" : {
    "2" : 24,
    "3" : 148,
    "4" : 345,
    "5" : 547,
    "6" : 669,
    "7" : 821,
    "8" : 903,
    "9" : 864,
    "10" : 876,
    "11" : 827,
    "12" : 821,
    "13" : 682,
    "14" : 536,
    "15" : 546,
    "16" : 507,
    "17" : 454,
    "18" : 361,
    "19" : 349,
    "20" : 295,
    "21" : 267,
    "22" : 225,
    "23" : 208,
    "24" : 165,
    "25" : 161,
    "26" : 135,
    "27" : 112,
    "28" : 97,
    "29" : 86,
    "30" : 71,
    "31" : 56,
    "32" : 66,
    "33" : 49,
    "34" : 43,
    "35" : 39,
    "36" : 29,
    "37" : 28,
    "38" : 28,
    "39" : 14,
    "40" : 20,
    "41" : 21,
    "42" : 11,
    "43" : 8,
    "44" : 11,
    "45" : 12,
    "46" : 6,
    "47" : 5,
    "48" : 6,
    "49" : 2,
    "50" : 6,
    "51" : 3,
    "52" : 7,
    "53" : 3,
    "54" : 2,
    "55" : 4,
    "56" : 1,
    "57" : 3,
    "58" : 2,
    "59" : 2,
    "60" : 2,
    "62" : 2,
    "63" : 2,
    "64" : 3,
    "67" : 1
  },
  "mean" : 13.688387967298992,
  "stdDev" : 7.839053193707444
}