{
  "distribution" : {
    "2" : 11,
    "3" : 75,
    "4" : 159,
    "5" : 250,
    "6" : 430,
    "7" : 543,
    "8" : 631,
    "9" : 725,
    "10" : 825,
    "11" : 743,
    "12" : 712,
    "13" : 688,
    "14" : 649,
    "15" : 570,
    "16" : 553,
    "17" : 518,
    "18" : 474,
    "19" : 433,
    "20" : 357,
    "21" : 389,
    "22" : 317,
    "23" : 284,
    "24" : 223,
    "25" : 199,
    "26" : 164,
    "27" : 172,
    "28" : 157,
    "29" : 116,
    "30" : 134,
    "31" : 92,
    "32" : 100,
    "33" : 98,
    "34" : 72,
    "35" : 66,
    "36" : 62,
    "37" : 46,
    "38" : 52,
    "39" : 40,
    "40" : 49,
    "41" : 46,
    "42" : 29,
    "43" : 19,
    "44" : 17,
    "45" : 25,
    "46" : 16,
    "47" : 19,
    "48" : 12,
    "49" : 11,
    "50" : 14,
    "51" : 13,
    "52" : 10,
    "53" : 8,
    "54" : 8,
    "55" : 7,
    "56" : 7,
    "57" : 8,
    "58" : 7,
    "59" : 4,
    "60" : 2,
    "61" : 6,
    "62" : 2,
    "63" : 4,
    "64" : 4,
    "65" : 1,
    "66" : 1,
    "67" : 6,
    "68" : 1,
    "70" : 1,
    "71" : 2,
    "77" : 1,
    "80" : 2,
    "81" : 1,
    "100" : 1
  },
  "mean" : 16.397342511806613,
  "stdDev" : 9.35077788485132
}