{
  "distribution" : {
    "2" : 2,
    "3" : 24,
    "4" : 112,
    "5" : 237,
    "6" : 389,
    "7" : 471,
    "8" : 586,
    "9" : 660,
    "10" : 642,
    "11" : 726,
    "12" : 727,
    "13" : 706,
    "14" : 631,
    "15" : 601,
    "16" : 545,
    "17" : 468,
    "18" : 475,
    "19" : 455,
    "20" : 391,
    "21" : 334,
    "22" : 339,
    "23" : 273,
    "24" : 249,
    "25" : 239,
    "26" : 212,
    "27" : 204,
    "28" : 143,
    "29" : 132,
    "30" : 138,
    "31" : 112,
    "32" : 99,
    "33" : 98,
    "34" : 82,
    "35" : 64,
    "36" : 64,
    "37" : 64,
    "38" : 65,
    "39" : 54,
    "40" : 42,
    "41" : 36,
    "42" : 43,
    "43" : 25,
    "44" : 29,
    "45" : 18,
    "46" : 21,
    "47" : 19,
    "48" : 12,
    "49" : 20,
    "50" : 15,
    "51" : 10,
    "52" : 13,
    "53" : 12,
    "54" : 9,
    "55" : 10,
    "56" : 6,
    "57" : 9,
    "58" : 5,
    "59" : 4,
    "60" : 4,
    "61" : 3,
    "62" : 1,
    "63" : 4,
    "64" : 4,
    "65" : 2,
    "66" : 4,
    "67" : 3,
    "68" : 1,
    "69" : 2,
    "71" : 1,
    "72" : 2,
    "73" : 1,
    "74" : 2,
    "76" : 1,
    "80" : 1,
    "82" : 1,
    "85" : 2,
    "90" : 1,
    "100" : 1
  },
  "mean" : 17.115050769734687,
  "stdDev" : 9.649068603206574
}