{
  "distribution" : {
    "1" : 28,
    "2" : 367,
    "3" : 816,
    "4" : 1171,
    "5" : 1362,
    "6" : 1483,
    "7" : 1329,
    "8" : 1163,
    "9" : 1031,
    "10" : 859,
    "11" : 676,
    "12" : 560,
    "13" : 498,
    "14" : 399,
    "15" : 324,
    "16" : 255,
    "17" : 201,
    "18" : 160,
    "19" : 151,
    "20" : 122,
    "21" : 70,
    "22" : 93,
    "23" : 70,
    "24" : 43,
    "25" : 37,
    "26" : 45,
    "27" : 27,
    "28" : 25,
    "29" : 14,
    "30" : 9,
    "31" : 12,
    "32" : 12,
    "33" : 5,
    "34" : 8,
    "35" : 3,
    "36" : 3,
    "37" : 8,
    "38" : 3,
    "39" : 6,
    "40" : 2,
    "41" : 2,
    "42" : 1,
    "44" : 1,
    "54" : 1
  },
  "mean" : 8.885172798216276,
  "stdDev" : 5.258471556813187
}