{
  "distribution" : {
    "1" : 44,
    "2" : 195,
    "3" : 578,
    "4" : 921,
    "5" : 1169,
    "6" : 1211,
    "7" : 1244,
    "8" : 1149,
    "9" : 1054,
    "10" : 904,
    "11" : 791,
    "12" : 680,
    "13" : 547,
    "14" : 500,
    "15" : 400,
    "16" : 340,
    "17" : 288,
    "18" : 223,
    "19" : 196,
    "20" : 164,
    "21" : 135,
    "22" : 111,
    "23" : 76,
    "24" : 83,
    "25" : 73,
    "26" : 64,
    "27" : 42,
    "28" : 36,
    "29" : 24,
    "30" : 28,
    "31" : 32,
    "32" : 14,
    "33" : 10,
    "34" : 9,
    "35" : 8,
    "36" : 14,
    "37" : 9,
    "38" : 7,
    "39" : 3,
    "40" : 2,
    "41" : 5,
    "42" : 2,
    "43" : 2,
    "44" : 2,
    "45" : 2,
    "47" : 1,
    "48" : 1,
    "50" : 1,
    "54" : 2,
    "56" : 1,
    "57" : 1,
    "58" : 1
  },
  "mean" : 10.040450779908948,
  "stdDev" : 5.929702607776032
}