{
  "distribution" : {
    "2" : 47,
    "3" : 224,
    "4" : 473,
    "5" : 719,
    "6" : 864,
    "7" : 962,
    "8" : 1029,
    "9" : 936,
    "10" : 909,
    "11" : 840,
    "12" : 728,
    "13" : 654,
    "14" : 568,
    "15" : 466,
    "16" : 435,
    "17" : 413,
    "18" : 325,
    "19" : 302,
    "20" : 239,
    "21" : 226,
    "22" : 176,
    "23" : 133,
    "24" : 145,
    "25" : 94,
    "26" : 107,
    "27" : 92,
    "28" : 65,
    "29" : 58,
    "30" : 51,
    "31" : 41,
    "32" : 35,
    "33" : 45,
    "34" : 31,
    "35" : 31,
    "36" : 12,
    "37" : 15,
    "38" : 9,
    "39" : 17,
    "40" : 9,
    "41" : 5,
    "42" : 13,
    "43" : 7,
    "44" : 4,
    "45" : 4,
    "46" : 5,
    "47" : 5,
    "48" : 1,
    "49" : 2,
    "50" : 2,
    "51" : 1,
    "52" : 2,
    "53" : 1,
    "54" : 2,
    "55" : 5,
    "56" : 1,
    "57" : 2,
    "58" : 1,
    "61" : 1,
    "62" : 1,
    "67" : 1
  },
  "mean" : 12.309268525137002,
  "stdDev" : 7.04690800983354
}