{
  "distribution" : {
    "2" : 1,
    "3" : 7,
    "4" : 56,
    "5" : 117,
    "6" : 224,
    "7" : 247,
    "8" : 407,
    "9" : 447,
    "10" : 543,
    "11" : 563,
    "12" : 602,
    "13" : 618,
    "14" : 603,
    "15" : 602,
    "16" : 522,
    "17" : 523,
    "18" : 526,
    "19" : 424,
    "20" : 442,
    "21" : 378,
    "22" : 352,
    "23" : 331,
    "24" : 321,
    "25" : 295,
    "26" : 255,
    "27" : 268,
    "28" : 207,
    "29" : 211,
    "30" : 181,
    "31" : 154,
    "32" : 124,
    "33" : 146,
    "34" : 131,
    "35" : 98,
    "36" : 88,
    "37" : 85,
    "38" : 63,
    "39" : 86,
    "40" : 71,
    "41" : 66,
    "42" : 56,
    "43" : 57,
    "44" : 57,
    "45" : 47,
    "46" : 27,
    "47" : 34,
    "48" : 32,
    "49" : 31,
    "50" : 27,
    "51" : 23,
    "52" : 17,
    "53" : 23,
    "54" : 14,
    "55" : 7,
    "56" : 17,
    "57" : 8,
    "58" : 12,
    "59" : 9,
    "60" : 13,
    "61" : 8,
    "62" : 10,
    "63" : 11,
    "64" : 3,
    "65" : 5,
    "66" : 9,
    "67" : 2,
    "68" : 4,
    "69" : 3,
    "70" : 3,
    "71" : 5,
    "72" : 1,
    "73" : 3,
    "74" : 4,
    "75" : 2,
    "76" : 6,
    "77" : 2,
    "78" : 3,
    "79" : 1,
    "80" : 5,
    "81" : 2,
    "85" : 1,
    "86" : 3,
    "90" : 1,
    "92" : 2,
    "93" : 1,
    "94" : 1
  },
  "mean" : 19.954905393014922,
  "stdDev" : 11.151307884757225
}