{
  "distribution" : {
    "2" : 6,
    "3" : 34,
    "4" : 80,
    "5" : 166,
    "6" : 260,
    "7" : 378,
    "8" : 435,
    "9" : 551,
    "10" : 617,
    "11" : 668,
    "12" : 660,
    "13" : 662,
    "14" : 647,
    "15" : 643,
    "16" : 577,
    "17" : 572,
    "18" : 489,
    "19" : 478,
    "20" : 427,
    "21" : 375,
    "22" : 352,
    "23" : 304,
    "24" : 307,
    "25" : 273,
    "26" : 246,
    "27" : 215,
    "28" : 199,
    "29" : 208,
    "30" : 144,
    "31" : 137,
    "32" : 157,
    "33" : 123,
    "34" : 112,
    "35" : 100,
    "36" : 92,
    "37" : 94,
    "38" : 84,
    "39" : 81,
    "40" : 56,
    "41" : 51,
    "42" : 71,
    "43" : 59,
    "44" : 42,
    "45" : 37,
    "46" : 41,
    "47" : 37,
    "48" : 18,
    "49" : 30,
    "50" : 28,
    "51" : 18,
    "52" : 14,
    "53" : 15,
    "54" : 19,
    "55" : 10,
    "56" : 14,
    "57" : 17,
    "58" : 14,
    "59" : 13,
    "60" : 11,
    "61" : 10,
    "62" : 11,
    "63" : 3,
    "64" : 9,
    "65" : 6,
    "66" : 5,
    "67" : 3,
    "68" : 3,
    "69" : 6,
    "70" : 4,
    "71" : 1,
    "72" : 1,
    "74" : 4,
    "76" : 1,
    "77" : 1,
    "78" : 3,
    "80" : 3,
    "81" : 1,
    "82" : 2,
    "84" : 4,
    "86" : 2,
    "88" : 1,
    "96" : 1,
    "105" : 1
  },
  "mean" : 19.08163426584479,
  "stdDev" : 10.951047725299237
}