{
  "distribution" : {
    "1" : 5,
    "2" : 127,
    "3" : 396,
    "4" : 738,
    "5" : 984,
    "6" : 1116,
    "7" : 1098,
    "8" : 1116,
    "9" : 1050,
    "10" : 892,
    "11" : 802,
    "12" : 727,
    "13" : 623,
    "14" : 548,
    "15" : 458,
    "16" : 412,
    "17" : 349,
    "18" : 288,
    "19" : 260,
    "20" : 212,
    "21" : 172,
    "22" : 160,
    "23" : 139,
    "24" : 101,
    "25" : 84,
    "26" : 92,
    "27" : 68,
    "28" : 62,
    "29" : 50,
    "30" : 39,
    "31" : 26,
    "32" : 30,
    "33" : 23,
    "34" : 22,
    "35" : 12,
    "36" : 14,
    "37" : 13,
    "38" : 13,
    "39" : 10,
    "40" : 7,
    "41" : 8,
    "42" : 5,
    "43" : 4,
    "44" : 1,
    "45" : 1,
    "46" : 1,
    "47" : 2,
    "48" : 8,
    "50" : 1,
    "51" : 3,
    "52" : 1,
    "53" : 2,
    "58" : 1,
    "61" : 1,
    "64" : 1,
    "68" : 1
  },
  "mean" : 11.158457283802974,
  "stdDev" : 6.585182895618771
}