{
  "distribution" : {
    "2" : 1,
    "3" : 23,
    "4" : 74,
    "5" : 142,
    "6" : 249,
    "7" : 366,
    "8" : 463,
    "9" : 567,
    "10" : 573,
    "11" : 593,
    "12" : 639,
    "13" : 608,
    "14" : 631,
    "15" : 575,
    "16" : 578,
    "17" : 512,
    "18" : 499,
    "19" : 477,
    "20" : 430,
    "21" : 390,
    "22" : 377,
    "23" : 322,
    "24" : 304,
    "25" : 259,
    "26" : 285,
    "27" : 223,
    "28" : 205,
    "29" : 179,
    "30" : 169,
    "31" : 150,
    "32" : 147,
    "33" : 135,
    "34" : 131,
    "35" : 100,
    "36" : 86,
    "37" : 73,
    "38" : 89,
    "39" : 61,
    "40" : 74,
    "41" : 64,
    "42" : 56,
    "43" : 49,
    "44" : 48,
    "45" : 37,
    "46" : 37,
    "47" : 39,
    "48" : 28,
    "49" : 12,
    "50" : 35,
    "51" : 17,
    "52" : 18,
    "53" : 24,
    "54" : 16,
    "55" : 23,
    "56" : 14,
    "57" : 13,
    "58" : 13,
    "59" : 10,
    "60" : 12,
    "61" : 10,
    "62" : 9,
    "63" : 2,
    "64" : 6,
    "65" : 10,
    "66" : 6,
    "67" : 2,
    "68" : 7,
    "69" : 6,
    "70" : 2,
    "71" : 1,
    "72" : 4,
    "74" : 3,
    "75" : 1,
    "78" : 1,
    "79" : 2,
    "80" : 1,
    "84" : 1,
    "85" : 1,
    "86" : 1,
    "88" : 1,
    "90" : 1,
    "95" : 1,
    "110" : 1,
    "121" : 1
  },
  "mean" : 19.32156388553003,
  "stdDev" : 10.978792408657156
}