{
  "distribution" : {
    "2" : 17,
    "3" : 78,
    "4" : 265,
    "5" : 428,
    "6" : 590,
    "7" : 771,
    "8" : 809,
    "9" : 856,
    "10" : 848,
    "11" : 819,
    "12" : 814,
    "13" : 737,
    "14" : 668,
    "15" : 567,
    "16" : 530,
    "17" : 476,
    "18" : 418,
    "19" : 363,
    "20" : 337,
    "21" : 291,
    "22" : 216,
    "23" : 227,
    "24" : 189,
    "25" : 165,
    "26" : 147,
    "27" : 117,
    "28" : 129,
    "29" : 107,
    "30" : 86,
    "31" : 78,
    "32" : 76,
    "33" : 74,
    "34" : 42,
    "35" : 60,
    "36" : 49,
    "37" : 40,
    "38" : 31,
    "39" : 32,
    "40" : 23,
    "41" : 24,
    "42" : 27,
    "43" : 17,
    "44" : 20,
    "45" : 15,
    "46" : 20,
    "47" : 11,
    "48" : 7,
    "49" : 2,
    "50" : 11,
    "51" : 8,
    "52" : 8,
    "53" : 2,
    "54" : 3,
    "55" : 6,
    "56" : 4,
    "57" : 4,
    "58" : 3,
    "59" : 2,
    "60" : 4,
    "61" : 3,
    "62" : 1,
    "65" : 2,
    "66" : 1,
    "83" : 2,
    "86" : 1
  },
  "mean" : 14.663014556268587,
  "stdDev" : 8.456671702779309
}