{
  "distribution" : {
    "2" : 1,
    "3" : 15,
    "4" : 51,
    "5" : 129,
    "6" : 208,
    "7" : 296,
    "8" : 344,
    "9" : 479,
    "10" : 560,
    "11" : 567,
    "12" : 608,
    "13" : 590,
    "14" : 526,
    "15" : 563,
    "16" : 572,
    "17" : 518,
    "18" : 497,
    "19" : 468,
    "20" : 454,
    "21" : 416,
    "22" : 385,
    "23" : 363,
    "24" : 320,
    "25" : 281,
    "26" : 255,
    "27" : 247,
    "28" : 218,
    "29" : 198,
    "30" : 183,
    "31" : 190,
    "32" : 168,
    "33" : 152,
    "34" : 122,
    "35" : 110,
    "36" : 94,
    "37" : 90,
    "38" : 99,
    "39" : 76,
    "40" : 74,
    "41" : 48,
    "42" : 55,
    "43" : 61,
    "44" : 46,
    "45" : 40,
    "46" : 37,
    "47" : 39,
    "48" : 42,
    "49" : 38,
    "50" : 34,
    "51" : 29,
    "52" : 23,
    "53" : 20,
    "54" : 22,
    "55" : 14,
    "56" : 14,
    "57" : 17,
    "58" : 19,
    "59" : 13,
    "60" : 12,
    "61" : 10,
    "62" : 10,
    "63" : 4,
    "64" : 4,
    "65" : 11,
    "66" : 9,
    "67" : 3,
    "68" : 6,
    "69" : 5,
    "70" : 7,
    "71" : 3,
    "72" : 4,
    "73" : 4,
    "74" : 2,
    "77" : 1,
    "79" : 1,
    "80" : 1,
    "82" : 3,
    "83" : 1,
    "85" : 1,
    "88" : 2,
    "89" : 1,
    "90" : 1,
    "93" : 1,
    "96" : 2,
    "97" : 1,
    "98" : 2,
    "116" : 2
  },
  "mean" : 20.263838847035704,
  "stdDev" : 11.424908427285063
}