{
  "distribution" : {
    "1" : 2,
    "2" : 212,
    "3" : 522,
    "4" : 832,
    "5" : 1077,
    "6" : 1155,
    "7" : 1198,
    "8" : 1069,
    "9" : 1005,
    "10" : 923,
    "11" : 765,
    "12" : 663,
    "13" : 630,
    "14" : 511,
    "15" : 409,
    "16" : 353,
    "17" : 277,
    "18" : 262,
    "19" : 205,
    "20" : 168,
    "21" : 141,
    "22" : 113,
    "23" : 107,
    "24" : 78,
    "25" : 65,
    "26" : 41,
    "27" : 50,
    "28" : 39,
    "29" : 26,
    "30" : 27,
    "31" : 20,
    "32" : 21,
    "33" : 10,
    "34" : 15,
    "35" : 14,
    "36" : 6,
    "37" : 7,
    "38" : 3,
    "39" : 5,
    "40" : 4,
    "41" : 3,
    "42" : 4,
    "43" : 4,
    "44" : 2,
    "45" : 2,
    "46" : 2,
    "48" : 2,
    "49" : 3,
    "50" : 2,
    "52" : 1,
    "55" : 1,
    "62" : 1
  },
  "mean" : 10.286742743356054,
  "stdDev" : 5.996746687242122
}