{
  "distribution" : {
    "2" : 79,
    "3" : 286,
    "4" : 546,
    "5" : 822,
    "6" : 948,
    "7" : 1009,
    "8" : 1056,
    "9" : 927,
    "10" : 917,
    "11" : 846,
    "12" : 706,
    "13" : 669,
    "14" : 569,
    "15" : 503,
    "16" : 387,
    "17" : 364,
    "18" : 323,
    "19" : 254,
    "20" : 233,
    "21" : 194,
    "22" : 159,
    "23" : 130,
    "24" : 124,
    "25" : 109,
    "26" : 97,
    "27" : 75,
    "28" : 78,
    "29" : 50,
    "30" : 57,
    "31" : 39,
    "32" : 29,
    "33" : 34,
    "34" : 19,
    "35" : 20,
    "36" : 24,
    "37" : 15,
    "38" : 9,
    "39" : 11,
    "40" : 9,
    "41" : 10,
    "42" : 2,
    "43" : 8,
    "44" : 4,
    "45" : 4,
    "46" : 5,
    "47" : 3,
    "48" : 2,
    "49" : 1,
    "51" : 2,
    "52" : 3,
    "53" : 2,
    "54" : 1,
    "55" : 2,
    "56" : 2,
    "60" : 1
  },
  "mean" : 11.849037408045078,
  "stdDev" : 6.833601778191613
}