{
  "distribution" : {
    "3" : 12,
    "4" : 50,
    "5" : 151,
    "6" : 226,
    "7" : 331,
    "8" : 432,
    "9" : 508,
    "10" : 531,
    "11" : 624,
    "12" : 608,
    "13" : 602,
    "14" : 593,
    "15" : 615,
    "16" : 571,
    "17" : 505,
    "18" : 488,
    "19" : 463,
    "20" : 432,
    "21" : 385,
    "22" : 352,
    "23" : 349,
    "24" : 304,
    "25" : 281,
    "26" : 249,
    "27" : 234,
    "28" : 205,
    "29" : 196,
    "30" : 153,
    "31" : 130,
    "32" : 150,
    "33" : 134,
    "34" : 112,
    "35" : 121,
    "36" : 108,
    "37" : 81,
    "38" : 83,
    "39" : 82,
    "40" : 61,
    "41" : 64,
    "42" : 55,
    "43" : 51,
    "44" : 50,
    "45" : 30,
    "46" : 28,
    "47" : 31,
    "48" : 31,
    "49" : 21,
    "50" : 17,
    "51" : 20,
    "52" : 15,
    "53" : 19,
    "54" : 19,
    "55" : 21,
    "56" : 19,
    "57" : 12,
    "58" : 13,
    "59" : 13,
    "60" : 13,
    "61" : 13,
    "62" : 9,
    "63" : 7,
    "64" : 7,
    "65" : 3,
    "66" : 5,
    "68" : 1,
    "69" : 4,
    "70" : 2,
    "71" : 2,
    "72" : 2,
    "73" : 3,
    "74" : 4,
    "75" : 1,
    "76" : 2,
    "77" : 1,
    "78" : 2,
    "79" : 3,
    "81" : 1,
    "82" : 2,
    "83" : 1,
    "84" : 1,
    "85" : 1,
    "86" : 1,
    "87" : 1,
    "88" : 1,
    "90" : 1,
    "96" : 2
  },
  "mean" : 19.52912581362775,
  "stdDev" : 10.977053859715598
}