{
  "distribution" : {
    "2" : 3,
    "3" : 31,
    "4" : 111,
    "5" : 182,
    "6" : 270,
    "7" : 414,
    "8" : 522,
    "9" : 576,
    "10" : 590,
    "11" : 654,
    "12" : 674,
    "13" : 667,
    "14" : 621,
    "15" : 607,
    "16" : 538,
    "17" : 504,
    "18" : 469,
    "19" : 428,
    "20" : 445,
    "21" : 394,
    "22" : 336,
    "23" : 312,
    "24" : 284,
    "25" : 248,
    "26" : 225,
    "27" : 214,
    "28" : 161,
    "29" : 170,
    "30" : 163,
    "31" : 154,
    "32" : 122,
    "33" : 100,
    "34" : 107,
    "35" : 111,
    "36" : 86,
    "37" : 79,
    "38" : 60,
    "39" : 73,
    "40" : 67,
    "41" : 48,
    "42" : 43,
    "43" : 35,
    "44" : 35,
    "45" : 37,
    "46" : 25,
    "47" : 25,
    "48" : 24,
    "49" : 18,
    "50" : 14,
    "51" : 18,
    "52" : 24,
    "53" : 7,
    "54" : 11,
    "55" : 12,
    "56" : 10,
    "57" : 9,
    "58" : 7,
    "59" : 6,
    "60" : 4,
    "61" : 7,
    "62" : 6,
    "63" : 4,
    "64" : 6,
    "65" : 5,
    "66" : 2,
    "67" : 2,
    "68" : 5,
    "69" : 1,
    "70" : 4,
    "71" : 3,
    "72" : 2,
    "75" : 1,
    "76" : 1,
    "77" : 1,
    "78" : 1,
    "79" : 2,
    "80" : 1,
    "82" : 1,
    "83" : 1,
    "84" : 1,
    "86" : 1,
    "87" : 1,
    "94" : 1,
    "100" : 1
  },
  "mean" : 18.32690894242548,
  "stdDev" : 10.346829248147444
}