{
  "distribution" : {
    "3" : 9,
    "4" : 29,
    "5" : 92,
    "6" : 162,
    "7" : 276,
    "8" : 370,
    "9" : 427,
    "10" : 478,
    "11" : 564,
    "12" : 564,
    "13" : 539,
    "14" : 564,
    "15" : 558,
    "16" : 521,
    "17" : 484,
    "18" : 529,
    "19" : 484,
    "20" : 461,
    "21" : 385,
    "22" : 344,
    "23" : 337,
    "24" : 317,
    "25" : 297,
    "26" : 270,
    "27" : 253,
    "28" : 211,
    "29" : 198,
    "30" : 189,
    "31" : 175,
    "32" : 166,
    "33" : 145,
    "34" : 135,
    "35" : 117,
    "36" : 115,
    "37" : 76,
    "38" : 101,
    "39" : 74,
    "40" : 79,
    "41" : 71,
    "42" : 58,
    "43" : 52,
    "44" : 52,
    "45" : 42,
    "46" : 39,
    "47" : 36,
    "48" : 32,
    "49" : 32,
    "50" : 31,
    "51" : 23,
    "52" : 25,
    "53" : 19,
    "54" : 23,
    "55" : 21,
    "56" : 12,
    "57" : 13,
    "58" : 10,
    "59" : 5,
    "60" : 11,
    "61" : 12,
    "62" : 11,
    "63" : 9,
    "64" : 11,
    "65" : 8,
    "66" : 7,
    "67" : 8,
    "68" : 2,
    "69" : 6,
    "70" : 4,
    "71" : 5,
    "72" : 5,
    "73" : 8,
    "74" : 3,
    "75" : 1,
    "77" : 1,
    "78" : 2,
    "79" : 2,
    "81" : 2,
    "84" : 3,
    "85" : 1,
    "86" : 3,
    "87" : 2,
    "92" : 2,
    "93" : 1,
    "97" : 1,
    "106" : 1
  },
  "mean" : 20.607713778228877,
  "stdDev" : 11.43244401790742
}