{
  "distribution" : {
    "2" : 6,
    "3" : 44,
    "4" : 174,
    "5" : 285,
    "6" : 401,
    "7" : 553,
    "8" : 626,
    "9" : 714,
    "10" : 707,
    "11" : 742,
    "12" : 695,
    "13" : 654,
    "14" : 644,
    "15" : 639,
    "16" : 561,
    "17" : 516,
    "18" : 460,
    "19" : 427,
    "20" : 401,
    "21" : 334,
    "22" : 301,
    "23" : 276,
    "24" : 267,
    "25" : 205,
    "26" : 204,
    "27" : 183,
    "28" : 151,
    "29" : 143,
    "30" : 116,
    "31" : 126,
    "32" : 82,
    "33" : 75,
    "34" : 89,
    "35" : 59,
    "36" : 60,
    "37" : 47,
    "38" : 43,
    "39" : 40,
    "40" : 27,
    "41" : 34,
    "42" : 31,
    "43" : 24,
    "44" : 22,
    "45" : 22,
    "46" : 17,
    "47" : 11,
    "48" : 12,
    "49" : 11,
    "50" : 9,
    "51" : 12,
    "52" : 3,
    "53" : 10,
    "54" : 11,
    "55" : 10,
    "56" : 8,
    "57" : 2,
    "58" : 9,
    "59" : 2,
    "60" : 4,
    "61" : 5,
    "62" : 2,
    "63" : 3,
    "64" : 4,
    "65" : 4,
    "66" : 1,
    "67" : 1,
    "68" : 2,
    "69" : 1,
    "70" : 1,
    "71" : 1,
    "72" : 3,
    "73" : 1,
    "76" : 1,
    "80" : 2,
    "83" : 1,
    "84" : 1,
    "85" : 1,
    "86" : 1,
    "92" : 1,
    "99" : 1
  },
  "mean" : 16.463284594878424,
  "stdDev" : 9.34548148270117
}