{
  "distribution" : {
    "1" : 7,
    "2" : 120,
    "3" : 456,
    "4" : 747,
    "5" : 1074,
    "6" : 1182,
    "7" : 1155,
    "8" : 1084,
    "9" : 993,
    "10" : 965,
    "11" : 775,
    "12" : 684,
    "13" : 547,
    "14" : 476,
    "15" : 422,
    "16" : 334,
    "17" : 313,
    "18" : 270,
    "19" : 210,
    "20" : 175,
    "21" : 162,
    "22" : 126,
    "23" : 111,
    "24" : 97,
    "25" : 85,
    "26" : 64,
    "27" : 61,
    "28" : 49,
    "29" : 24,
    "30" : 22,
    "31" : 24,
    "32" : 24,
    "33" : 25,
    "34" : 7,
    "35" : 14,
    "36" : 4,
    "37" : 8,
    "38" : 9,
    "39" : 5,
    "40" : 5,
    "41" : 2,
    "42" : 8,
    "44" : 4,
    "45" : 4,
    "46" : 1,
    "47" : 1,
    "48" : 1,
    "49" : 1,
    "58" : 1,
    "79" : 1
  },
  "mean" : 10.574542082077441,
  "stdDev" : 6.136999677834766
}