{
  "distribution" : {
    "2" : 12,
    "3" : 24,
    "4" : 72,
    "5" : 99,
    "6" : 218,
    "7" : 286,
    "8" : 383,
    "9" : 478,
    "10" : 558,
    "11" : 563,
    "12" : 578,
    "13" : 624,
    "14" : 553,
    "15" : 577,
    "16" : 586,
    "17" : 484,
    "18" : 454,
    "19" : 447,
    "20" : 480,
    "21" : 398,
    "22" : 362,
    "23" : 336,
    "24" : 343,
    "25" : 300,
    "26" : 255,
    "27" : 247,
    "28" : 218,
    "29" : 193,
    "30" : 170,
    "31" : 174,
    "32" : 178,
    "33" : 168,
    "34" : 129,
    "35" : 126,
    "36" : 102,
    "37" : 89,
    "38" : 77,
    "39" : 81,
    "40" : 83,
    "41" : 86,
    "42" : 71,
    "43" : 47,
    "44" : 42,
    "45" : 57,
    "46" : 29,
    "47" : 39,
    "48" : 44,
    "49" : 27,
    "50" : 35,
    "51" : 24,
    "52" : 22,
    "53" : 23,
    "54" : 17,
    "55" : 16,
    "56" : 12,
    "57" : 17,
    "58" : 17,
    "59" : 9,
    "60" : 10,
    "61" : 10,
    "62" : 12,
    "63" : 7,
    "64" : 5,
    "65" : 8,
    "66" : 5,
    "67" : 6,
    "68" : 5,
    "69" : 7,
    "70" : 3,
    "71" : 3,
    "72" : 4,
    "73" : 6,
    "74" : 2,
    "76" : 2,
    "77" : 1,
    "78" : 3,
    "79" : 1,
    "82" : 2,
    "83" : 1,
    "84" : 1,
    "86" : 3,
    "87" : 1,
    "88" : 1,
    "89" : 2,
    "93" : 2,
    "97" : 1,
    "98" : 1,
    "111" : 1
  },
  "mean" : 20.254916360669114,
  "stdDev" : 11.439823614424265
}