{
  "distribution" : {
    "2" : 3,
    "3" : 26,
    "4" : 77,
    "5" : 166,
    "6" : 297,
    "7" : 403,
    "8" : 465,
    "9" : 588,
    "10" : 576,
    "11" : 623,
    "12" : 638,
    "13" : 618,
    "14" : 609,
    "15" : 612,
    "16" : 519,
    "17" : 540,
    "18" : 472,
    "19" : 415,
    "20" : 388,
    "21" : 413,
    "22" : 341,
    "23" : 294,
    "24" : 283,
    "25" : 229,
    "26" : 228,
    "27" : 209,
    "28" : 191,
    "29" : 171,
    "30" : 169,
    "31" : 153,
    "32" : 111,
    "33" : 111,
    "34" : 118,
    "35" : 87,
    "36" : 80,
    "37" : 93,
    "38" : 81,
    "39" : 52,
    "40" : 53,
    "41" : 49,
    "42" : 49,
    "43" : 44,
    "44" : 34,
    "45" : 34,
    "46" : 20,
    "47" : 30,
    "48" : 37,
    "49" : 19,
    "50" : 17,
    "51" : 23,
    "52" : 16,
    "53" : 11,
    "54" : 13,
    "55" : 10,
    "56" : 12,
    "57" : 6,
    "58" : 6,
    "59" : 6,
    "60" : 7,
    "61" : 4,
    "62" : 3,
    "63" : 3,
    "64" : 3,
    "65" : 4,
    "66" : 2,
    "67" : 3,
    "68" : 2,
    "69" : 1,
    "70" : 2,
    "71" : 1,
    "72" : 2,
    "73" : 2,
    "75" : 2,
    "76" : 2,
    "77" : 1,
    "80" : 1,
    "81" : 1,
    "84" : 1,
    "85" : 1,
    "97" : 1,
    "108" : 1,
    "111" : 1
  },
  "mean" : 18.46842939361081,
  "stdDev" : 10.317358654232045
}