{
  "distribution" : {
    "1" : 28,
    "2" : 443,
    "3" : 985,
    "4" : 1463,
    "5" : 1577,
    "6" : 1453,
    "7" : 1377,
    "8" : 1113,
    "9" : 891,
    "10" : 761,
    "11" : 616,
    "12" : 493,
    "13" : 404,
    "14" : 320,
    "15" : 249,
    "16" : 197,
    "17" : 160,
    "18" : 116,
    "19" : 96,
    "20" : 83,
    "21" : 61,
    "22" : 49,
    "23" : 43,
    "24" : 33,
    "25" : 34,
    "26" : 17,
    "27" : 20,
    "28" : 12,
    "29" : 8,
    "30" : 7,
    "31" : 6,
    "32" : 6,
    "33" : 5,
    "34" : 3,
    "35" : 4,
    "36" : 2,
    "37" : 2,
    "40" : 1,
    "51" : 1
  },
  "mean" : 8.057766953345004,
  "stdDev" : 4.7123301377044085
}