{
  "distribution" : {
    "2" : 6,
    "3" : 37,
    "4" : 125,
    "5" : 282,
    "6" : 445,
    "7" : 513,
    "8" : 653,
    "9" : 757,
    "10" : 764,
    "11" : 727,
    "12" : 702,
    "13" : 656,
    "14" : 643,
    "15" : 622,
    "16" : 544,
    "17" : 533,
    "18" : 456,
    "19" : 394,
    "20" : 343,
    "21" : 337,
    "22" : 279,
    "23" : 285,
    "24" : 235,
    "25" : 191,
    "26" : 167,
    "27" : 174,
    "28" : 157,
    "29" : 117,
    "30" : 126,
    "31" : 99,
    "32" : 92,
    "33" : 82,
    "34" : 74,
    "35" : 69,
    "36" : 69,
    "37" : 48,
    "38" : 44,
    "39" : 42,
    "40" : 35,
    "41" : 41,
    "42" : 30,
    "43" : 20,
    "44" : 15,
    "45" : 27,
    "46" : 23,
    "47" : 15,
    "48" : 13,
    "49" : 8,
    "50" : 8,
    "51" : 6,
    "52" : 13,
    "53" : 5,
    "54" : 10,
    "55" : 8,
    "56" : 7,
    "57" : 4,
    "58" : 4,
    "59" : 3,
    "60" : 3,
    "61" : 3,
    "62" : 4,
    "63" : 2,
    "64" : 5,
    "66" : 1,
    "68" : 2,
    "71" : 1,
    "72" : 2,
    "74" : 3,
    "75" : 1,
    "77" : 1,
    "79" : 1,
    "80" : 1,
    "86" : 1
  },
  "mean" : 16.306917724109702,
  "stdDev" : 9.194834329155603
}