{
  "distribution" : {
    "2" : 18,
    "3" : 90,
    "4" : 272,
    "5" : 514,
    "6" : 637,
    "7" : 777,
    "8" : 817,
    "9" : 865,
    "10" : 927,
    "11" : 844,
    "12" : 773,
    "13" : 676,
    "14" : 592,
    "15" : 578,
    "16" : 559,
    "17" : 404,
    "18" : 395,
    "19" : 335,
    "20" : 327,
    "21" : 285,
    "22" : 222,
    "23" : 201,
    "24" : 173,
    "25" : 179,
    "26" : 134,
    "27" : 131,
    "28" : 112,
    "29" : 103,
    "30" : 90,
    "31" : 69,
    "32" : 51,
    "33" : 55,
    "34" : 58,
    "35" : 42,
    "36" : 35,
    "37" : 37,
    "38" : 30,
    "39" : 21,
    "40" : 18,
    "41" : 18,
    "42" : 20,
    "43" : 21,
    "44" : 10,
    "45" : 10,
    "46" : 12,
    "47" : 6,
    "48" : 7,
    "49" : 4,
    "50" : 3,
    "51" : 4,
    "52" : 3,
    "53" : 3,
    "54" : 3,
    "56" : 7,
    "57" : 5,
    "58" : 1,
    "59" : 5,
    "60" : 3,
    "61" : 2,
    "62" : 3,
    "63" : 1,
    "66" : 1,
    "67" : 1,
    "68" : 2,
    "69" : 1,
    "70" : 1
  },
  "mean" : 14.187495040863286,
  "stdDev" : 8.126284397735176
}