{
  "distribution" : {
    "1" : 19,
    "2" : 133,
    "3" : 348,
    "4" : 520,
    "5" : 777,
    "6" : 1003,
    "7" : 1077,
    "8" : 997,
    "9" : 918,
    "10" : 924,
    "11" : 822,
    "12" : 731,
    "13" : 643,
    "14" : 552,
    "15" : 491,
    "16" : 411,
    "17" : 346,
    "18" : 315,
    "19" : 251,
    "20" : 227,
    "21" : 175,
    "22" : 157,
    "23" : 131,
    "24" : 118,
    "25" : 103,
    "26" : 100,
    "27" : 68,
    "28" : 76,
    "29" : 45,
    "30" : 53,
    "31" : 40,
    "32" : 29,
    "33" : 23,
    "34" : 21,
    "35" : 15,
    "36" : 15,
    "37" : 12,
    "38" : 13,
    "39" : 13,
    "40" : 6,
    "41" : 5,
    "42" : 5,
    "43" : 6,
    "44" : 3,
    "45" : 3,
    "46" : 3,
    "47" : 3,
    "48" : 3,
    "49" : 1,
    "50" : 1,
    "51" : 2,
    "52" : 2,
    "53" : 2,
    "57" : 1,
    "62" : 1
  },
  "mean" : 11.625048985030174,
  "stdDev" : 6.699412776677598
}