{
  "distribution" : {
    "2" : 2,
    "3" : 20,
    "4" : 77,
    "5" : 149,
    "6" : 261,
    "7" : 333,
    "8" : 433,
    "9" : 543,
    "10" : 597,
    "11" : 606,
    "12" : 606,
    "13" : 628,
    "14" : 591,
    "15" : 586,
    "16" : 552,
    "17" : 552,
    "18" : 476,
    "19" : 480,
    "20" : 421,
    "21" : 406,
    "22" : 343,
    "23" : 304,
    "24" : 303,
    "25" : 262,
    "26" : 250,
    "27" : 211,
    "28" : 200,
    "29" : 188,
    "30" : 149,
    "31" : 156,
    "32" : 120,
    "33" : 124,
    "34" : 119,
    "35" : 90,
    "36" : 90,
    "37" : 74,
    "38" : 76,
    "39" : 83,
    "40" : 48,
    "41" : 53,
    "42" : 47,
    "43" : 50,
    "44" : 39,
    "45" : 38,
    "46" : 28,
    "47" : 24,
    "48" : 34,
    "49" : 20,
    "50" : 16,
    "51" : 22,
    "52" : 15,
    "53" : 16,
    "54" : 13,
    "55" : 12,
    "56" : 5,
    "57" : 10,
    "58" : 7,
    "59" : 9,
    "60" : 7,
    "61" : 9,
    "62" : 5,
    "63" : 8,
    "64" : 7,
    "65" : 3,
    "66" : 4,
    "67" : 2,
    "68" : 2,
    "69" : 4,
    "70" : 5,
    "71" : 1,
    "72" : 1,
    "74" : 2,
    "75" : 3,
    "76" : 4,
    "78" : 4,
    "79" : 2,
    "80" : 1,
    "82" : 1,
    "83" : 1,
    "84" : 1,
    "85" : 3,
    "87" : 1,
    "88" : 1,
    "89" : 1,
    "97" : 1
  },
  "mean" : 18.976682432993112,
  "stdDev" : 10.62796923710588
}