{
  "distribution" : {
    "1" : 5,
    "2" : 127,
    "3" : 450,
    "4" : 751,
    "5" : 1003,
    "6" : 1082,
    "7" : 1153,
    "8" : 1098,
    "9" : 996,
    "10" : 889,
    "11" : 858,
    "12" : 656,
    "13" : 598,
    "14" : 508,
    "15" : 427,
    "16" : 327,
    "17" : 313,
    "18" : 290,
    "19" : 216,
    "20" : 186,
    "21" : 174,
    "22" : 127,
    "23" : 112,
    "24" : 85,
    "25" : 77,
    "26" : 54,
    "27" : 40,
    "28" : 53,
    "29" : 31,
    "30" : 25,
    "31" : 12,
    "32" : 30,
    "33" : 18,
    "34" : 12,
    "35" : 11,
    "36" : 8,
    "37" : 11,
    "38" : 12,
    "39" : 6,
    "40" : 7,
    "41" : 5,
    "42" : 4,
    "43" : 4,
    "44" : 4,
    "45" : 2,
    "46" : 3,
    "48" : 2,
    "50" : 2,
    "51" : 2,
    "53" : 1,
    "66" : 1
  },
  "mean" : 10.676328877836493,
  "stdDev" : 6.179077492748939
}