{
  "distribution" : {
    "1" : 9,
    "2" : 178,
    "3" : 513,
    "4" : 886,
    "5" : 1132,
    "6" : 1221,
    "7" : 1181,
    "8" : 1146,
    "9" : 964,
    "10" : 824,
    "11" : 755,
    "12" : 631,
    "13" : 509,
    "14" : 456,
    "15" : 341,
    "16" : 299,
    "17" : 245,
    "18" : 205,
    "19" : 174,
    "20" : 131,
    "21" : 99,
    "22" : 98,
    "23" : 86,
    "24" : 73,
    "25" : 47,
    "26" : 43,
    "27" : 49,
    "28" : 24,
    "29" : 28,
    "30" : 15,
    "31" : 10,
    "32" : 11,
    "33" : 5,
    "34" : 3,
    "35" : 13,
    "36" : 7,
    "37" : 5,
    "38" : 2,
    "39" : 2,
    "40" : 3,
    "41" : 3,
    "42" : 1,
    "45" : 2,
    "46" : 1,
    "47" : 3,
    "52" : 1
  },
  "mean" : 9.76733151037478,
  "stdDev" : 5.556766635185278
}