{
  "distribution" : {
    "2" : 41,
    "3" : 160,
    "4" : 386,
    "5" : 601,
    "6" : 819,
    "7" : 919,
    "8" : 949,
    "9" : 920,
    "10" : 906,
    "11" : 848,
    "12" : 759,
    "13" : 690,
    "14" : 642,
    "15" : 584,
    "16" : 484,
    "17" : 456,
    "18" : 386,
    "19" : 339,
    "20" : 305,
    "21" : 257,
    "22" : 198,
    "23" : 165,
    "24" : 153,
    "25" : 171,
    "26" : 125,
    "27" : 112,
    "28" : 127,
    "29" : 78,
    "30" : 74,
    "31" : 58,
    "32" : 65,
    "33" : 70,
    "34" : 43,
    "35" : 41,
    "36" : 37,
    "37" : 29,
    "38" : 24,
    "39" : 16,
    "40" : 16,
    "41" : 17,
    "42" : 16,
    "43" : 15,
    "44" : 10,
    "45" : 5,
    "46" : 9,
    "47" : 11,
    "48" : 6,
    "49" : 5,
    "50" : 3,
    "51" : 5,
    "52" : 5,
    "53" : 1,
    "54" : 3,
    "55" : 1,
    "56" : 2,
    "57" : 1,
    "58" : 1,
    "59" : 2,
    "61" : 2,
    "62" : 1,
    "64" : 2,
    "67" : 1,
    "69" : 1,
    "70" : 1,
    "72" : 2,
    "94" : 1
  },
  "mean" : 13.44113184645729,
  "stdDev" : 7.8733999645617665
}