{
  "distribution" : {
    "2" : 13,
    "3" : 67,
    "4" : 178,
    "5" : 334,
    "6" : 492,
    "7" : 640,
    "8" : 719,
    "9" : 740,
    "10" : 813,
    "11" : 730,
    "12" : 734,
    "13" : 672,
    "14" : 653,
    "15" : 548,
    "16" : 513,
    "17" : 441,
    "18" : 425,
    "19" : 364,
    "20" : 324,
    "21" : 330,
    "22" : 253,
    "23" : 231,
    "24" : 212,
    "25" : 173,
    "26" : 172,
    "27" : 127,
    "28" : 138,
    "29" : 123,
    "30" : 81,
    "31" : 67,
    "32" : 67,
    "33" : 62,
    "34" : 56,
    "35" : 47,
    "36" : 50,
    "37" : 26,
    "38" : 28,
    "39" : 28,
    "40" : 22,
    "41" : 31,
    "42" : 28,
    "43" : 22,
    "44" : 8,
    "45" : 11,
    "46" : 12,
    "47" : 8,
    "48" : 7,
    "49" : 5,
    "50" : 5,
    "51" : 5,
    "52" : 3,
    "53" : 6,
    "54" : 2,
    "55" : 3,
    "56" : 3,
    "57" : 3,
    "58" : 4,
    "59" : 3,
    "60" : 5,
    "61" : 1,
    "62" : 1,
    "63" : 3,
    "64" : 1,
    "66" : 2,
    "68" : 1,
    "70" : 3,
    "71" : 1,
    "77" : 1,
    "88" : 1
  },
  "mean" : 15.143831004881333,
  "stdDev" : 8.421974339857524
}