{
  "distribution" : {
    "3" : 7,
    "4" : 21,
    "5" : 86,
    "6" : 172,
    "7" : 292,
    "8" : 359,
    "9" : 445,
    "10" : 514,
    "11" : 527,
    "12" : 567,
    "13" : 556,
    "14" : 561,
    "15" : 527,
    "16" : 558,
    "17" : 500,
    "18" : 468,
    "19" : 455,
    "20" : 450,
    "21" : 413,
    "22" : 391,
    "23" : 375,
    "24" : 332,
    "25" : 306,
    "26" : 265,
    "27" : 241,
    "28" : 266,
    "29" : 208,
    "30" : 195,
    "31" : 169,
    "32" : 162,
    "33" : 133,
    "34" : 137,
    "35" : 117,
    "36" : 110,
    "37" : 102,
    "38" : 84,
    "39" : 92,
    "40" : 77,
    "41" : 62,
    "42" : 70,
    "43" : 60,
    "44" : 48,
    "45" : 47,
    "46" : 38,
    "47" : 36,
    "48" : 36,
    "49" : 40,
    "50" : 30,
    "51" : 28,
    "52" : 30,
    "53" : 26,
    "54" : 25,
    "55" : 22,
    "56" : 17,
    "57" : 21,
    "58" : 17,
    "59" : 21,
    "60" : 10,
    "61" : 12,
    "62" : 7,
    "63" : 11,
    "64" : 5,
    "65" : 9,
    "66" : 5,
    "67" : 5,
    "68" : 4,
    "69" : 6,
    "70" : 4,
    "71" : 2,
    "72" : 2,
    "73" : 2,
    "74" : 1,
    "75" : 6,
    "76" : 1,
    "78" : 5,
    "79" : 1,
    "80" : 3,
    "81" : 1,
    "85" : 3,
    "86" : 2,
    "87" : 1,
    "89" : 1,
    "92" : 2,
    "93" : 1,
    "94" : 1,
    "96" : 1,
    "97" : 2,
    "99" : 1,
    "107" : 1,
    "126" : 1
  },
  "mean" : 20.83827806864456,
  "stdDev" : 11.662670922449296
}