{
  "distribution" : {
    "3" : 6,
    "4" : 32,
    "5" : 69,
    "6" : 166,
    "7" : 237,
    "8" : 323,
    "9" : 394,
    "10" : 457,
    "11" : 540,
    "12" : 532,
    "13" : 537,
    "14" : 569,
    "15" : 614,
    "16" : 518,
    "17" : 512,
    "18" : 497,
    "19" : 449,
    "20" : 456,
    "21" : 423,
    "22" : 372,
    "23" : 329,
    "24" : 319,
    "25" : 294,
    "26" : 275,
    "27" : 243,
    "28" : 213,
    "29" : 217,
    "30" : 209,
    "31" : 155,
    "32" : 155,
    "33" : 158,
    "34" : 148,
    "35" : 138,
    "36" : 116,
    "37" : 125,
    "38" : 94,
    "39" : 98,
    "40" : 91,
    "41" : 85,
    "42" : 72,
    "43" : 67,
    "44" : 40,
    "45" : 37,
    "46" : 37,
    "47" : 45,
    "48" : 40,
    "49" : 27,
    "50" : 38,
    "51" : 33,
    "52" : 22,
    "53" : 25,
    "54" : 21,
    "55" : 32,
    "56" : 18,
    "57" : 15,
    "58" : 10,
    "59" : 19,
    "60" : 9,
    "61" : 10,
    "62" : 20,
    "63" : 9,
    "64" : 7,
    "65" : 16,
    "66" : 10,
    "67" : 4,
    "68" : 6,
    "69" : 7,
    "70" : 6,
    "71" : 6,
    "72" : 3,
    "73" : 5,
    "74" : 3,
    "75" : 1,
    "76" : 5,
    "77" : 5,
    "78" : 1,
    "79" : 3,
    "80" : 1,
    "83" : 1,
    "85" : 1,
    "87" : 1,
    "88" : 1,
    "91" : 2,
    "93" : 1,
    "95" : 2,
    "97" : 1,
    "98" : 1,
    "101" : 1,
    "116" : 1
  },
  "mean" : 21.256022832200117,
  "stdDev" : 11.836972994864194
}