{
  "distribution" : {
    "2" : 2,
    "3" : 24,
    "4" : 82,
    "5" : 171,
    "6" : 311,
    "7" : 440,
    "8" : 490,
    "9" : 579,
    "10" : 631,
    "11" : 649,
    "12" : 628,
    "13" : 641,
    "14" : 681,
    "15" : 589,
    "16" : 505,
    "17" : 521,
    "18" : 525,
    "19" : 444,
    "20" : 414,
    "21" : 349,
    "22" : 313,
    "23" : 339,
    "24" : 316,
    "25" : 254,
    "26" : 212,
    "27" : 181,
    "28" : 194,
    "29" : 166,
    "30" : 142,
    "31" : 154,
    "32" : 121,
    "33" : 118,
    "34" : 107,
    "35" : 86,
    "36" : 81,
    "37" : 78,
    "38" : 77,
    "39" : 59,
    "40" : 59,
    "41" : 40,
    "42" : 47,
    "43" : 42,
    "44" : 49,
    "45" : 29,
    "46" : 28,
    "47" : 27,
    "48" : 28,
    "49" : 34,
    "50" : 17,
    "51" : 10,
    "52" : 12,
    "53" : 17,
    "54" : 10,
    "55" : 12,
    "56" : 6,
    "57" : 5,
    "58" : 4,
    "59" : 6,
    "60" : 7,
    "61" : 6,
    "62" : 5,
    "63" : 3,
    "64" : 1,
    "65" : 3,
    "66" : 2,
    "67" : 3,
    "68" : 5,
    "69" : 6,
    "71" : 3,
    "72" : 1,
    "73" : 3,
    "74" : 1,
    "75" : 1,
    "76" : 2,
    "77" : 1,
    "80" : 2,
    "82" : 1,
    "84" : 1,
    "91" : 1,
    "92" : 1,
    "96" : 1,
    "100" : 1,
    "109" : 1
  },
  "mean" : 18.302586348011133,
  "stdDev" : 10.321778556542661
}