{
  "distribution" : {
    "1" : 113,
    "2" : 551,
    "3" : 1165,
    "4" : 1486,
    "5" : 1651,
    "6" : 1433,
    "7" : 1327,
    "8" : 1162,
    "9" : 966,
    "10" : 796,
    "11" : 697,
    "12" : 507,
    "13" : 410,
    "14" : 339,
    "15" : 269,
    "16" : 205,
    "17" : 162,
    "18" : 136,
    "19" : 103,
    "20" : 98,
    "21" : 70,
    "22" : 68,
    "23" : 43,
    "24" : 36,
    "25" : 28,
    "26" : 25,
    "27" : 16,
    "28" : 14,
    "29" : 3,
    "30" : 4,
    "31" : 6,
    "32" : 9,
    "33" : 5,
    "34" : 3,
    "35" : 2,
    "36" : 2,
    "37" : 1,
    "38" : 3,
    "39" : 1,
    "40" : 1,
    "41" : 3,
    "45" : 1,
    "46" : 1
  },
  "mean" : 8.011924430716185,
  "stdDev" : 4.822987494535912
}