{
  "distribution" : {
    "2" : 3,
    "3" : 11,
    "4" : 37,
    "5" : 103,
    "6" : 206,
    "7" : 311,
    "8" : 416,
    "9" : 508,
    "10" : 561,
    "11" : 594,
    "12" : 605,
    "13" : 605,
    "14" : 595,
    "15" : 586,
    "16" : 541,
    "17" : 515,
    "18" : 507,
    "19" : 462,
    "20" : 428,
    "21" : 352,
    "22" : 353,
    "23" : 321,
    "24" : 323,
    "25" : 273,
    "26" : 269,
    "27" : 216,
    "28" : 206,
    "29" : 184,
    "30" : 176,
    "31" : 127,
    "32" : 129,
    "33" : 133,
    "34" : 108,
    "35" : 96,
    "36" : 85,
    "37" : 87,
    "38" : 74,
    "39" : 65,
    "40" : 69,
    "41" : 55,
    "42" : 47,
    "43" : 60,
    "44" : 44,
    "45" : 28,
    "46" : 26,
    "47" : 34,
    "48" : 39,
    "49" : 26,
    "50" : 15,
    "51" : 23,
    "52" : 10,
    "53" : 11,
    "54" : 13,
    "55" : 13,
    "56" : 12,
    "57" : 8,
    "58" : 8,
    "59" : 12,
    "60" : 10,
    "61" : 7,
    "62" : 6,
    "63" : 3,
    "64" : 4,
    "65" : 7,
    "66" : 5,
    "67" : 4,
    "68" : 5,
    "69" : 2,
    "70" : 4,
    "71" : 1,
    "72" : 2,
    "73" : 2,
    "74" : 4,
    "75" : 2,
    "76" : 3,
    "77" : 2,
    "78" : 3,
    "79" : 2,
    "80" : 1,
    "81" : 1,
    "82" : 1,
    "83" : 1,
    "85" : 1,
    "86" : 2,
    "87" : 1,
    "88" : 1,
    "90" : 2,
    "124" : 1
  },
  "mean" : 19.42314203487388,
  "stdDev" : 10.770957250970405
}