{
  "distribution" : {
    "3" : 9,
    "4" : 31,
    "5" : 99,
    "6" : 217,
    "7" : 314,
    "8" : 409,
    "9" : 465,
    "10" : 608,
    "11" : 568,
    "12" : 557,
    "13" : 591,
    "14" : 596,
    "15" : 589,
    "16" : 540,
    "17" : 492,
    "18" : 501,
    "19" : 464,
    "20" : 400,
    "21" : 372,
    "22" : 373,
    "23" : 347,
    "24" : 289,
    "25" : 278,
    "26" : 264,
    "27" : 260,
    "28" : 203,
    "29" : 190,
    "30" : 155,
    "31" : 168,
    "32" : 127,
    "33" : 130,
    "34" : 115,
    "35" : 112,
    "36" : 93,
    "37" : 95,
    "38" : 75,
    "39" : 85,
    "40" : 74,
    "41" : 51,
    "42" : 62,
    "43" : 56,
    "44" : 48,
    "45" : 31,
    "46" : 37,
    "47" : 39,
    "48" : 30,
    "49" : 33,
    "50" : 15,
    "51" : 22,
    "52" : 12,
    "53" : 11,
    "54" : 15,
    "55" : 19,
    "56" : 19,
    "57" : 8,
    "58" : 12,
    "59" : 7,
    "60" : 7,
    "61" : 10,
    "62" : 12,
    "63" : 3,
    "64" : 7,
    "65" : 9,
    "66" : 2,
    "67" : 4,
    "68" : 2,
    "69" : 3,
    "70" : 7,
    "71" : 1,
    "72" : 1,
    "74" : 5,
    "75" : 2,
    "77" : 1,
    "78" : 3,
    "79" : 1,
    "80" : 4,
    "81" : 1,
    "83" : 2,
    "85" : 1,
    "87" : 1,
    "88" : 2,
    "89" : 1,
    "90" : 1,
    "92" : 1,
    "96" : 1,
    "110" : 1
  },
  "mean" : 19.763175618791042,
  "stdDev" : 10.98888740777983
}