{
  "distribution" : {
    "2" : 5,
    "3" : 14,
    "4" : 63,
    "5" : 155,
    "6" : 250,
    "7" : 341,
    "8" : 426,
    "9" : 524,
    "10" : 541,
    "11" : 606,
    "12" : 624,
    "13" : 647,
    "14" : 614,
    "15" : 591,
    "16" : 562,
    "17" : 541,
    "18" : 463,
    "19" : 445,
    "20" : 426,
    "21" : 411,
    "22" : 332,
    "23" : 340,
    "24" : 300,
    "25" : 277,
    "26" : 266,
    "27" : 213,
    "28" : 201,
    "29" : 190,
    "30" : 170,
    "31" : 164,
    "32" : 135,
    "33" : 125,
    "34" : 101,
    "35" : 112,
    "36" : 100,
    "37" : 104,
    "38" : 84,
    "39" : 67,
    "40" : 71,
    "41" : 48,
    "42" : 36,
    "43" : 41,
    "44" : 38,
    "45" : 42,
    "46" : 38,
    "47" : 25,
    "48" : 25,
    "49" : 31,
    "50" : 28,
    "51" : 19,
    "52" : 15,
    "53" : 14,
    "54" : 16,
    "55" : 11,
    "56" : 13,
    "57" : 8,
    "58" : 9,
    "59" : 6,
    "60" : 11,
    "61" : 11,
    "62" : 6,
    "63" : 6,
    "64" : 5,
    "65" : 3,
    "66" : 8,
    "67" : 6,
    "68" : 8,
    "69" : 2,
    "70" : 2,
    "71" : 4,
    "72" : 5,
    "73" : 2,
    "74" : 4,
    "75" : 2,
    "76" : 2,
    "77" : 1,
    "79" : 2,
    "80" : 1,
    "81" : 2,
    "82" : 1,
    "83" : 1,
    "84" : 1,
    "85" : 1,
    "86" : 1,
    "97" : 1,
    "98" : 1,
    "102" : 1
  },
  "mean" : 19.28335388409371,
  "stdDev" : 10.850938701202988
}