{
  "distribution" : {
    "1" : 1,
    "2" : 228,
    "3" : 658,
    "4" : 1160,
    "5" : 1344,
    "6" : 1360,
    "7" : 1311,
    "8" : 1118,
    "9" : 1003,
    "10" : 869,
    "11" : 778,
    "12" : 597,
    "13" : 494,
    "14" : 426,
    "15" : 325,
    "16" : 276,
    "17" : 265,
    "18" : 196,
    "19" : 167,
    "20" : 137,
    "21" : 109,
    "22" : 71,
    "23" : 66,
    "24" : 64,
    "25" : 55,
    "26" : 39,
    "27" : 31,
    "28" : 15,
    "29" : 17,
    "30" : 15,
    "31" : 19,
    "32" : 11,
    "33" : 10,
    "34" : 9,
    "35" : 6,
    "36" : 5,
    "37" : 3,
    "38" : 5,
    "39" : 6,
    "40" : 3,
    "41" : 4,
    "42" : 2,
    "43" : 5,
    "44" : 3,
    "45" : 1,
    "46" : 1,
    "50" : 1
  },
  "mean" : 9.329972157423432,
  "stdDev" : 5.487246941346036
}