{
  "distribution" : {
    "2" : 3,
    "3" : 28,
    "4" : 93,
    "5" : 194,
    "6" : 353,
    "7" : 478,
    "8" : 563,
    "9" : 628,
    "10" : 656,
    "11" : 649,
    "12" : 645,
    "13" : 630,
    "14" : 572,
    "15" : 570,
    "16" : 575,
    "17" : 550,
    "18" : 457,
    "19" : 421,
    "20" : 407,
    "21" : 319,
    "22" : 310,
    "23" : 285,
    "24" : 278,
    "25" : 249,
    "26" : 204,
    "27" : 190,
    "28" : 191,
    "29" : 150,
    "30" : 151,
    "31" : 127,
    "32" : 130,
    "33" : 87,
    "34" : 83,
    "35" : 80,
    "36" : 71,
    "37" : 86,
    "38" : 58,
    "39" : 44,
    "40" : 47,
    "41" : 46,
    "42" : 39,
    "43" : 28,
    "44" : 34,
    "45" : 30,
    "46" : 27,
    "47" : 21,
    "48" : 22,
    "49" : 13,
    "50" : 18,
    "51" : 11,
    "52" : 13,
    "53" : 13,
    "54" : 9,
    "55" : 7,
    "56" : 7,
    "57" : 5,
    "58" : 2,
    "59" : 3,
    "60" : 3,
    "61" : 4,
    "62" : 4,
    "63" : 4,
    "64" : 4,
    "65" : 2,
    "66" : 7,
    "67" : 2,
    "68" : 5,
    "70" : 2,
    "72" : 1,
    "73" : 1,
    "74" : 2,
    "77" : 2,
    "83" : 1,
    "112" : 1
  },
  "mean" : 17.584839650145774,
  "stdDev" : 9.83032001873813
}