{
  "distribution" : {
    "1" : 1,
    "2" : 11,
    "3" : 68,
    "4" : 184,
    "5" : 317,
    "6" : 453,
    "7" : 569,
    "8" : 652,
    "9" : 749,
    "10" : 715,
    "11" : 743,
    "12" : 716,
    "13" : 689,
    "14" : 632,
    "15" : 572,
    "16" : 515,
    "17" : 486,
    "18" : 447,
    "19" : 400,
    "20" : 323,
    "21" : 284,
    "22" : 275,
    "23" : 271,
    "24" : 197,
    "25" : 189,
    "26" : 184,
    "27" : 134,
    "28" : 133,
    "29" : 126,
    "30" : 102,
    "31" : 104,
    "32" : 82,
    "33" : 71,
    "34" : 65,
    "35" : 69,
    "36" : 36,
    "37" : 48,
    "38" : 33,
    "39" : 33,
    "40" : 20,
    "41" : 27,
    "42" : 14,
    "43" : 21,
    "44" : 15,
    "45" : 8,
    "46" : 14,
    "47" : 15,
    "48" : 9,
    "49" : 8,
    "50" : 12,
    "51" : 3,
    "52" : 4,
    "53" : 3,
    "54" : 8,
    "55" : 6,
    "57" : 3,
    "58" : 2,
    "59" : 3,
    "60" : 3,
    "61" : 1,
    "62" : 4,
    "63" : 4,
    "64" : 3,
    "65" : 2,
    "68" : 1,
    "70" : 2,
    "71" : 1,
    "72" : 1,
    "73" : 1,
    "78" : 1,
    "82" : 1
  },
  "mean" : 15.60489157841654,
  "stdDev" : 8.683887451002231
}