{
  "distribution" : {
    "1" : 9,
    "2" : 58,
    "3" : 254,
    "4" : 533,
    "5" : 762,
    "6" : 968,
    "7" : 980,
    "8" : 991,
    "9" : 991,
    "10" : 929,
    "11" : 824,
    "12" : 764,
    "13" : 665,
    "14" : 554,
    "15" : 463,
    "16" : 433,
    "17" : 346,
    "18" : 302,
    "19" : 263,
    "20" : 248,
    "21" : 199,
    "22" : 159,
    "23" : 121,
    "24" : 119,
    "25" : 94,
    "26" : 82,
    "27" : 67,
    "28" : 59,
    "29" : 47,
    "30" : 41,
    "31" : 40,
    "32" : 36,
    "33" : 43,
    "34" : 22,
    "35" : 24,
    "36" : 20,
    "37" : 12,
    "38" : 14,
    "39" : 13,
    "40" : 10,
    "41" : 10,
    "42" : 5,
    "43" : 3,
    "44" : 5,
    "45" : 5,
    "46" : 4,
    "47" : 2,
    "48" : 1,
    "51" : 4,
    "52" : 2,
    "53" : 2,
    "54" : 3,
    "57" : 1,
    "58" : 1,
    "59" : 1,
    "60" : 2
  },
  "mean" : 11.868279143536876,
  "stdDev" : 6.799685392841513
}