{
  "distribution" : {
    "1" : 25,
    "2" : 168,
    "3" : 407,
    "4" : 676,
    "5" : 922,
    "6" : 1050,
    "7" : 1031,
    "8" : 1088,
    "9" : 1030,
    "10" : 889,
    "11" : 804,
    "12" : 702,
    "13" : 599,
    "14" : 509,
    "15" : 472,
    "16" : 403,
    "17" : 351,
    "18" : 270,
    "19" : 224,
    "20" : 166,
    "21" : 154,
    "22" : 148,
    "23" : 121,
    "24" : 90,
    "25" : 87,
    "26" : 92,
    "27" : 55,
    "28" : 52,
    "29" : 42,
    "30" : 26,
    "31" : 16,
    "32" : 22,
    "33" : 18,
    "34" : 14,
    "35" : 16,
    "36" : 14,
    "37" : 6,
    "38" : 9,
    "39" : 5,
    "40" : 4,
    "41" : 5,
    "42" : 6,
    "43" : 3,
    "44" : 5,
    "45" : 3,
    "46" : 5,
    "47" : 1,
    "48" : 1,
    "57" : 2,
    "58" : 1,
    "59" : 1,
    "62" : 1
  },
  "mean" : 10.939036765279837,
  "stdDev" : 6.317116678630773
}