{
  "distribution" : {
    "2" : 5,
    "3" : 24,
    "4" : 77,
    "5" : 143,
    "6" : 255,
    "7" : 373,
    "8" : 495,
    "9" : 546,
    "10" : 588,
    "11" : 626,
    "12" : 627,
    "13" : 679,
    "14" : 608,
    "15" : 589,
    "16" : 538,
    "17" : 517,
    "18" : 521,
    "19" : 440,
    "20" : 438,
    "21" : 428,
    "22" : 353,
    "23" : 326,
    "24" : 289,
    "25" : 270,
    "26" : 245,
    "27" : 219,
    "28" : 217,
    "29" : 175,
    "30" : 184,
    "31" : 166,
    "32" : 143,
    "33" : 133,
    "34" : 100,
    "35" : 113,
    "36" : 109,
    "37" : 84,
    "38" : 87,
    "39" : 69,
    "40" : 84,
    "41" : 69,
    "42" : 47,
    "43" : 33,
    "44" : 46,
    "45" : 44,
    "46" : 36,
    "47" : 26,
    "48" : 27,
    "49" : 26,
    "50" : 28,
    "51" : 25,
    "52" : 25,
    "53" : 11,
    "54" : 17,
    "55" : 14,
    "56" : 7,
    "57" : 7,
    "58" : 13,
    "59" : 11,
    "60" : 9,
    "61" : 7,
    "62" : 7,
    "63" : 6,
    "64" : 7,
    "65" : 5,
    "66" : 7,
    "67" : 5,
    "68" : 5,
    "69" : 3,
    "70" : 4,
    "71" : 2,
    "72" : 4,
    "73" : 2,
    "74" : 1,
    "75" : 3,
    "76" : 3,
    "77" : 3,
    "79" : 1,
    "80" : 1,
    "81" : 1,
    "84" : 1,
    "85" : 1,
    "86" : 2,
    "88" : 2,
    "89" : 1,
    "90" : 1,
    "91" : 1,
    "93" : 1,
    "97" : 1
  },
  "mean" : 19.21765930195325,
  "stdDev" : 10.958729956407563
}