{
  "distribution" : {
    "1" : 163,
    "2" : 563,
    "3" : 1120,
    "4" : 1403,
    "5" : 1532,
    "6" : 1512,
    "7" : 1374,
    "8" : 1187,
    "9" : 993,
    "10" : 843,
    "11" : 735,
    "12" : 542,
    "13" : 440,
    "14" : 386,
    "15" : 303,
    "16" : 248,
    "17" : 176,
    "18" : 146,
    "19" : 134,
    "20" : 102,
    "21" : 84,
    "22" : 63,
    "23" : 52,
    "24" : 37,
    "25" : 34,
    "26" : 29,
    "27" : 20,
    "28" : 16,
    "29" : 21,
    "30" : 15,
    "31" : 9,
    "32" : 5,
    "33" : 10,
    "34" : 4,
    "35" : 4,
    "36" : 3,
    "38" : 2,
    "40" : 2,
    "42" : 2,
    "43" : 1,
    "44" : 2,
    "51" : 1
  },
  "mean" : 8.266936723006006,
  "stdDev" : 5.0470010489625174
}