{
  "distribution" : {
    "2" : 15,
    "3" : 89,
    "4" : 210,
    "5" : 397,
    "6" : 547,
    "7" : 680,
    "8" : 793,
    "9" : 786,
    "10" : 786,
    "11" : 790,
    "12" : 763,
    "13" : 761,
    "14" : 631,
    "15" : 626,
    "16" : 530,
    "17" : 472,
    "18" : 442,
    "19" : 395,
    "20" : 334,
    "21" : 322,
    "22" : 291,
    "23" : 262,
    "24" : 205,
    "25" : 207,
    "26" : 175,
    "27" : 138,
    "28" : 156,
    "29" : 130,
    "30" : 105,
    "31" : 86,
    "32" : 84,
    "33" : 86,
    "34" : 51,
    "35" : 57,
    "36" : 48,
    "37" : 50,
    "38" : 36,
    "39" : 26,
    "40" : 33,
    "41" : 23,
    "42" : 21,
    "43" : 24,
    "44" : 26,
    "45" : 13,
    "46" : 13,
    "47" : 11,
    "48" : 22,
    "49" : 10,
    "50" : 5,
    "51" : 4,
    "52" : 7,
    "53" : 4,
    "54" : 3,
    "55" : 7,
    "56" : 4,
    "57" : 5,
    "58" : 4,
    "59" : 4,
    "60" : 3,
    "61" : 3,
    "63" : 2,
    "64" : 3,
    "65" : 1,
    "66" : 1,
    "67" : 1,
    "69" : 1,
    "70" : 3,
    "71" : 1,
    "72" : 1,
    "74" : 1,
    "76" : 3,
    "78" : 1,
    "79" : 1,
    "82" : 1,
    "89" : 1
  },
  "mean" : 15.337956830047533,
  "stdDev" : 8.864855733625847
}