{
  "distribution" : {
    "3" : 5,
    "4" : 23,
    "5" : 56,
    "6" : 114,
    "7" : 183,
    "8" : 301,
    "9" : 334,
    "10" : 423,
    "11" : 439,
    "12" : 501,
    "13" : 505,
    "14" : 519,
    "15" : 536,
    "16" : 521,
    "17" : 486,
    "18" : 458,
    "19" : 458,
    "20" : 405,
    "21" : 417,
    "22" : 407,
    "23" : 356,
    "24" : 346,
    "25" : 343,
    "26" : 303,
    "27" : 264,
    "28" : 251,
    "29" : 237,
    "30" : 218,
    "31" : 206,
    "32" : 192,
    "33" : 161,
    "34" : 169,
    "35" : 146,
    "36" : 134,
    "37" : 111,
    "38" : 114,
    "39" : 96,
    "40" : 95,
    "41" : 85,
    "42" : 62,
    "43" : 75,
    "44" : 68,
    "45" : 80,
    "46" : 65,
    "47" : 62,
    "48" : 45,
    "49" : 42,
    "50" : 42,
    "51" : 48,
    "52" : 45,
    "53" : 32,
    "54" : 19,
    "55" : 24,
    "56" : 23,
    "57" : 27,
    "58" : 27,
    "59" : 19,
    "60" : 12,
    "61" : 10,
    "62" : 13,
    "63" : 17,
    "64" : 11,
    "65" : 6,
    "66" : 8,
    "67" : 11,
    "68" : 8,
    "69" : 5,
    "70" : 6,
    "71" : 11,
    "72" : 7,
    "73" : 8,
    "74" : 4,
    "75" : 8,
    "76" : 3,
    "77" : 6,
    "78" : 6,
    "79" : 2,
    "80" : 2,
    "81" : 4,
    "82" : 3,
    "83" : 3,
    "84" : 4,
    "85" : 4,
    "86" : 4,
    "87" : 3,
    "88" : 2,
    "90" : 1,
    "92" : 1,
    "93" : 3,
    "96" : 1
  },
  "mean" : 22.693288590604027,
  "stdDev" : 12.640354446807333
}