{
  "distribution" : {
    "2" : 15,
    "3" : 158,
    "4" : 333,
    "5" : 526,
    "6" : 786,
    "7" : 856,
    "8" : 905,
    "9" : 930,
    "10" : 834,
    "11" : 779,
    "12" : 693,
    "13" : 652,
    "14" : 576,
    "15" : 527,
    "16" : 459,
    "17" : 433,
    "18" : 306,
    "19" : 310,
    "20" : 258,
    "21" : 215,
    "22" : 189,
    "23" : 190,
    "24" : 138,
    "25" : 150,
    "26" : 136,
    "27" : 91,
    "28" : 70,
    "29" : 73,
    "30" : 58,
    "31" : 44,
    "32" : 47,
    "33" : 42,
    "34" : 18,
    "35" : 30,
    "36" : 30,
    "37" : 17,
    "38" : 22,
    "39" : 19,
    "40" : 16,
    "41" : 13,
    "42" : 7,
    "43" : 4,
    "44" : 9,
    "45" : 4,
    "46" : 7,
    "47" : 5,
    "48" : 5,
    "49" : 4,
    "50" : 1,
    "52" : 2,
    "54" : 3,
    "55" : 1,
    "56" : 2,
    "58" : 1,
    "59" : 2,
    "60" : 1,
    "65" : 1,
    "69" : 1
  },
  "mean" : 13.070226591136288,
  "stdDev" : 7.305954580948882
}