{
  "distribution" : {
    "1" : 48,
    "2" : 519,
    "3" : 1036,
    "4" : 1486,
    "5" : 1573,
    "6" : 1468,
    "7" : 1300,
    "8" : 1099,
    "9" : 883,
    "10" : 704,
    "11" : 624,
    "12" : 449,
    "13" : 364,
    "14" : 316,
    "15" : 250,
    "16" : 215,
    "17" : 151,
    "18" : 104,
    "19" : 75,
    "20" : 81,
    "21" : 54,
    "22" : 46,
    "23" : 31,
    "24" : 23,
    "25" : 19,
    "26" : 21,
    "27" : 10,
    "28" : 15,
    "29" : 3,
    "30" : 4,
    "31" : 3,
    "32" : 6,
    "34" : 3,
    "35" : 1,
    "36" : 1,
    "37" : 1,
    "39" : 3,
    "40" : 1,
    "42" : 1,
    "43" : 1
  },
  "mean" : 7.838516009852217,
  "stdDev" : 4.558392235516524
}