{
  "distribution" : {
    "1" : 3,
    "2" : 88,
    "3" : 388,
    "4" : 648,
    "5" : 994,
    "6" : 1065,
    "7" : 1121,
    "8" : 1077,
    "9" : 987,
    "10" : 925,
    "11" : 786,
    "12" : 679,
    "13" : 546,
    "14" : 542,
    "15" : 450,
    "16" : 327,
    "17" : 305,
    "18" : 269,
    "19" : 234,
    "20" : 176,
    "21" : 144,
    "22" : 127,
    "23" : 114,
    "24" : 86,
    "25" : 73,
    "26" : 69,
    "27" : 52,
    "28" : 41,
    "29" : 39,
    "30" : 33,
    "31" : 28,
    "32" : 23,
    "33" : 19,
    "34" : 16,
    "35" : 11,
    "36" : 10,
    "37" : 5,
    "38" : 3,
    "39" : 4,
    "40" : 7,
    "41" : 7,
    "42" : 2,
    "43" : 3,
    "44" : 1,
    "45" : 3,
    "47" : 1,
    "48" : 2,
    "49" : 3,
    "50" : 2,
    "52" : 1,
    "53" : 1,
    "54" : 3,
    "58" : 1
  },
  "mean" : 10.825175382653061,
  "stdDev" : 6.185804716442895
}