{
  "distribution" : {
    "1" : 29,
    "2" : 193,
    "3" : 526,
    "4" : 830,
    "5" : 1075,
    "6" : 1202,
    "7" : 1188,
    "8" : 1142,
    "9" : 1132,
    "10" : 905,
    "11" : 804,
    "12" : 683,
    "13" : 645,
    "14" : 512,
    "15" : 454,
    "16" : 410,
    "17" : 290,
    "18" : 270,
    "19" : 245,
    "20" : 154,
    "21" : 153,
    "22" : 136,
    "23" : 115,
    "24" : 102,
    "25" : 74,
    "26" : 76,
    "27" : 42,
    "28" : 52,
    "29" : 51,
    "30" : 26,
    "31" : 26,
    "32" : 22,
    "33" : 20,
    "34" : 14,
    "35" : 15,
    "36" : 14,
    "37" : 11,
    "38" : 19,
    "39" : 9,
    "40" : 3,
    "41" : 6,
    "42" : 5,
    "43" : 5,
    "44" : 2,
    "45" : 3,
    "46" : 4,
    "47" : 2,
    "50" : 2,
    "52" : 1,
    "53" : 1,
    "54" : 1,
    "55" : 1,
    "58" : 1
  },
  "mean" : 10.572137488141284,
  "stdDev" : 6.314117572941499
}