{
  "distribution" : {
    "2" : 3,
    "3" : 36,
    "4" : 156,
    "5" : 289,
    "6" : 459,
    "7" : 605,
    "8" : 746,
    "9" : 765,
    "10" : 714,
    "11" : 786,
    "12" : 751,
    "13" : 725,
    "14" : 627,
    "15" : 591,
    "16" : 581,
    "17" : 532,
    "18" : 406,
    "19" : 454,
    "20" : 359,
    "21" : 308,
    "22" : 302,
    "23" : 259,
    "24" : 237,
    "25" : 231,
    "26" : 193,
    "27" : 164,
    "28" : 133,
    "29" : 135,
    "30" : 102,
    "31" : 101,
    "32" : 99,
    "33" : 81,
    "34" : 76,
    "35" : 53,
    "36" : 60,
    "37" : 50,
    "38" : 43,
    "39" : 39,
    "40" : 35,
    "41" : 19,
    "42" : 34,
    "43" : 26,
    "44" : 17,
    "45" : 16,
    "46" : 15,
    "47" : 22,
    "48" : 8,
    "49" : 16,
    "50" : 12,
    "51" : 8,
    "52" : 7,
    "53" : 9,
    "54" : 8,
    "55" : 11,
    "56" : 7,
    "57" : 8,
    "58" : 3,
    "59" : 7,
    "61" : 3,
    "62" : 5,
    "63" : 5,
    "64" : 3,
    "65" : 3,
    "66" : 1,
    "67" : 2,
    "68" : 1,
    "69" : 2,
    "70" : 2,
    "72" : 1,
    "73" : 1,
    "74" : 2,
    "78" : 1,
    "79" : 1,
    "84" : 1,
    "103" : 1
  },
  "mean" : 16.095275966279626,
  "stdDev" : 9.208360999848946
}