{
  "distribution" : {
    "1" : 292,
    "2" : 1232,
    "3" : 1899,
    "4" : 2079,
    "5" : 1895,
    "6" : 1602,
    "7" : 1210,
    "8" : 989,
    "9" : 766,
    "10" : 546,
    "11" : 416,
    "12" : 284,
    "13" : 232,
    "14" : 185,
    "15" : 148,
    "16" : 120,
    "17" : 63,
    "18" : 54,
    "19" : 30,
    "20" : 34,
    "21" : 16,
    "22" : 20,
    "23" : 10,
    "24" : 13,
    "25" : 11,
    "26" : 9,
    "27" : 4,
    "29" : 5,
    "30" : 1,
    "31" : 1,
    "33" : 1,
    "34" : 1,
    "36" : 1
  },
  "mean" : 6.200790458042205,
  "stdDev" : 3.7656857258036807
}