{
  "distribution" : {
    "2" : 3,
    "3" : 32,
    "4" : 119,
    "5" : 220,
    "6" : 350,
    "7" : 444,
    "8" : 532,
    "9" : 656,
    "10" : 645,
    "11" : 733,
    "12" : 643,
    "13" : 662,
    "14" : 648,
    "15" : 559,
    "16" : 551,
    "17" : 535,
    "18" : 497,
    "19" : 427,
    "20" : 404,
    "21" : 364,
    "22" : 320,
    "23" : 283,
    "24" : 296,
    "25" : 230,
    "26" : 223,
    "27" : 193,
    "28" : 184,
    "29" : 164,
    "30" : 141,
    "31" : 135,
    "32" : 109,
    "33" : 94,
    "34" : 89,
    "35" : 79,
    "36" : 78,
    "37" : 45,
    "38" : 45,
    "39" : 56,
    "40" : 46,
    "41" : 32,
    "42" : 38,
    "43" : 38,
    "44" : 24,
    "45" : 18,
    "46" : 22,
    "47" : 18,
    "48" : 22,
    "49" : 22,
    "50" : 13,
    "51" : 15,
    "52" : 18,
    "53" : 12,
    "54" : 8,
    "55" : 8,
    "56" : 16,
    "57" : 7,
    "58" : 4,
    "59" : 7,
    "60" : 5,
    "61" : 5,
    "62" : 1,
    "63" : 3,
    "64" : 6,
    "65" : 3,
    "68" : 2,
    "69" : 7,
    "70" : 2,
    "71" : 2,
    "72" : 3,
    "73" : 1,
    "74" : 1,
    "75" : 1,
    "77" : 1,
    "80" : 3,
    "82" : 1,
    "85" : 1,
    "90" : 1,
    "91" : 1
  },
  "mean" : 17.503108130214297,
  "stdDev" : 9.873616004140684
}