{
  "distribution" : {
    "2" : 58,
    "3" : 218,
    "4" : 430,
    "5" : 677,
    "6" : 877,
    "7" : 901,
    "8" : 989,
    "9" : 938,
    "10" : 913,
    "11" : 857,
    "12" : 737,
    "13" : 693,
    "14" : 585,
    "15" : 549,
    "16" : 458,
    "17" : 389,
    "18" : 387,
    "19" : 307,
    "20" : 301,
    "21" : 223,
    "22" : 216,
    "23" : 182,
    "24" : 162,
    "25" : 121,
    "26" : 107,
    "27" : 116,
    "28" : 70,
    "29" : 69,
    "30" : 61,
    "31" : 48,
    "32" : 51,
    "33" : 32,
    "34" : 37,
    "35" : 29,
    "36" : 22,
    "37" : 28,
    "38" : 23,
    "39" : 16,
    "40" : 10,
    "41" : 11,
    "42" : 9,
    "43" : 9,
    "44" : 10,
    "45" : 4,
    "46" : 14,
    "47" : 5,
    "48" : 1,
    "49" : 6,
    "50" : 1,
    "51" : 2,
    "52" : 4,
    "53" : 2,
    "55" : 3,
    "56" : 2,
    "57" : 3,
    "59" : 1,
    "61" : 2,
    "62" : 2,
    "63" : 4,
    "76" : 1
  },
  "mean" : 12.817607640760995,
  "stdDev" : 7.451119896582198
}