{
  "distribution" : {
    "1" : 52,
    "2" : 457,
    "3" : 1116,
    "4" : 1456,
    "5" : 1573,
    "6" : 1492,
    "7" : 1264,
    "8" : 1159,
    "9" : 936,
    "10" : 783,
    "11" : 629,
    "12" : 568,
    "13" : 400,
    "14" : 329,
    "15" : 247,
    "16" : 198,
    "17" : 151,
    "18" : 132,
    "19" : 107,
    "20" : 89,
    "21" : 79,
    "22" : 59,
    "23" : 47,
    "24" : 35,
    "25" : 19,
    "26" : 23,
    "27" : 21,
    "28" : 13,
    "29" : 5,
    "30" : 8,
    "31" : 2,
    "32" : 4,
    "33" : 2,
    "34" : 5,
    "35" : 2,
    "36" : 2,
    "37" : 2,
    "38" : 2,
    "39" : 3,
    "41" : 1,
    "42" : 1,
    "47" : 1,
    "58" : 1
  },
  "mean" : 8.073395176252319,
  "stdDev" : 4.7814210179060765
}