{
  "distribution" : {
    "1" : 99,
    "2" : 298,
    "3" : 637,
    "4" : 853,
    "5" : 1039,
    "6" : 1220,
    "7" : 1173,
    "8" : 1137,
    "9" : 1070,
    "10" : 958,
    "11" : 809,
    "12" : 723,
    "13" : 604,
    "14" : 517,
    "15" : 446,
    "16" : 358,
    "17" : 312,
    "18" : 282,
    "19" : 244,
    "20" : 185,
    "21" : 133,
    "22" : 122,
    "23" : 114,
    "24" : 98,
    "25" : 83,
    "26" : 52,
    "27" : 38,
    "28" : 42,
    "29" : 40,
    "30" : 22,
    "31" : 27,
    "32" : 20,
    "33" : 12,
    "34" : 22,
    "35" : 18,
    "36" : 10,
    "37" : 10,
    "38" : 2,
    "39" : 8,
    "40" : 8,
    "41" : 2,
    "42" : 3,
    "43" : 2,
    "44" : 1,
    "45" : 4,
    "46" : 1,
    "47" : 1,
    "48" : 1,
    "49" : 2,
    "50" : 1,
    "54" : 1,
    "55" : 2,
    "58" : 1,
    "59" : 1
  },
  "mean" : 10.277329102970867,
  "stdDev" : 6.174591335028562
}