{
  "dtmc" : [ [ 0.0, 0.0, 0.0, 0.0, 0.0, 0.6766654995393394, 0.0, 0.0, 0.32333450046066053 ], [ 0.0, 0.0, 0.0, 0.0, 0.0, 0.0, 0.0, 0.0, 1.0 ], [ 0.0, 0.0, 0.0, 0.0, 0.0, 1.0, 0.0, 0.0, 0.0 ], [ 0.23177351214955857, 0.0, 0.0, 0.0, 0.0, 0.39166087501408764, 0.37656561283635387, 0.0, 0.0 ], [ 0.2108998061485798, 0.22838573253838554, 0.07293106292411602, 0.20162028418121947, 0.1437934486492943, 0.0, 0.0, 0.06413458046629172, 0.07823508509211319 ], [ 0.0, 0.0, 0.12426811396367261, 0.14674453497550471, 0.2758947462278643, 0.0, 0.0, 0.3046271926404778, 0.14846541219248055 ], [ 0.39192765931000567, 0.0, 0.0, 0.5166733317676826, 0.0, 0.0, 0.0913990089223117, 0.0, 0.0 ], [ 0.26905618899143036, 0.0, 0.18867218237327554, 0.0, 0.0, 0.1852036997388516, 0.1294699158581849, 0.0, 0.22759801303825752 ], [ 0.0, 0.0, 0.1268355978184373, 0.0, 0.0, 0.30199483938455385, 0.08140190400292695, 0.3970751578161507, 0.0926925009779311 ] ],
  "nextStepSeed" : -7804600732743457125
}