{
  "dtmc" : [ [ 0.0033778648994001077, 0.08225516744888872, 0.017438485438011086, 0.2315788758952067, 0.15934198859579987, 0.0, 0.03386347154081481, 0.10878694920153854, 0.04127930469752211, 0.24178321842960057, 0.0, 0.08029467385321756 ], [ 0.1663429486181412, 0.0, 0.02548354735404827, 0.1794412696771774, 0.036799666483139974, 0.05696613892534022, 0.13777440662247564, 0.07284345373400464, 0.04710699508010944, 0.164848583999696, 0.0844532476447415, 0.02793974186112563 ], [ 0.020036182972051744, 0.04122826461486007, 0.12032853546982673, 0.12384524112895552, 0.13898164780652633, 0.19908562908513192, 0.06237031076471391, 0.0, 0.1478412344830208, 0.012527415420137345, 0.10878636457544529, 0.024969173679330384 ], [ 0.0, 0.0, 0.0, 0.5062451703950743, 0.0, 0.0, 0.03783112407741392, 0.0, 0.0, 0.0, 0.0, 0.45592370552751166 ], [ 0.0, 0.0, 0.0, 0.0, 0.0, 0.0, 0.0, 0.0, 1.0, 0.0, 0.0, 0.0 ], [ 0.006253802240883054, 0.20681500583359294, 0.0, 0.0, 0.0038119010332334446, 0.21524049038731688, 0.11604326450114737, 0.0, 0.10434659146707906, 0.11497101274999393, 0.23251793178675326, 0.0 ], [ 0.08552948491076942, 0.0, 0.16353709495885052, 0.16249153432106403, 0.0, 0.06863594147795489, 0.0, 0.19896737592352068, 0.008929864837473269, 0.0, 0.21207322795905917, 0.09983547561130801 ], [ 0.0, 0.0, 0.0, 0.0, 0.23312979432106815, 0.17441349731079678, 0.16275184052191377, 0.0, 0.12641831245321006, 0.0, 0.1928478054411568, 0.11043874995185443 ], [ 0.0, 0.291189179914327, 0.0, 0.0, 0.16319347192435293, 0.0, 0.0, 0.20300796487139586, 0.3426093832899242, 0.0, 0.0, 0.0 ], [ 0.20089069281973287, 0.0, 0.1178098518542408, 0.060557792365391175, 0.0, 0.09094012324817258, 0.13008702261209731, 0.20109627447834796, 0.0, 0.0, 0.0831379186013183, 0.11548032402069895 ], [ 0.0, 0.0, 0.00303041698765764, 0.0, 0.0, 0.11857772476987047, 0.0, 0.0, 0.5607056330531351, 0.31768622518933676, 0.0, 0.0 ], [ 0.27777023918393173, 0.15897229702520657, 0.2390769575873611, 0.0, 0.0, 0.0, 0.0, 0.0, 0.3017867027512707, 0.02239380345223002, 0.0, 0.0 ] ],
  "nextStepSeed" : 3569383403608390587
}