{
  "dtmc" : [ [ 0.0, 0.2125246077084353, 0.3034137325455709, 0.1886255752196113, 0.0, 0.0, 0.2954360845263824 ], [ 0.25792921279122294, 0.06445763621345027, 0.12960559044308906, 0.1060249589996471, 0.0, 0.0, 0.44198260155259056 ], [ 0.06410116368359799, 0.07898711096179956, 0.2118931733589765, 0.07319262825932649, 0.2197756248861448, 0.11949701416441069, 0.2325532846857439 ], [ 0.0, 0.30269755587900854, 0.0, 0.3523469050612375, 0.24873243232797218, 0.09622310673178165, 0.0 ], [ 0.29937671503666036, 0.0585923166325004, 0.32181389587450465, 0.0, 0.0, 0.28007291072892004, 0.040144161727414536 ], [ 0.06068606422872578, 0.19527628258188023, 0.11816580059454806, 0.2535044478021615, 0.140180286815421, 0.11707018352599884, 0.11511693445126453 ], [ 0.0, 0.0, 0.0, 1.0, 0.0, 0.0, 0.0 ] ],
  "nextStepSeed" : -6118000136286986906
}