{
  "dtmc" : [ [ 0.0, 0.0, 0.0, 0.0, 0.0, 1.0, 0.0, 0.0 ], [ 0.0, 0.04368012029844903, 0.2604977427110383, 0.26496331508498105, 0.054827329680929765, 0.0977495093271355, 0.15660379127940902, 0.12167819161805746 ], [ 0.4381221870588193, 0.027490184676184356, 0.0, 0.0, 0.2880239795734373, 0.1801798510306709, 0.024833360329181504, 0.04135043733170663 ], [ 0.04150121304868916, 0.0, 0.34928481599558975, 0.22200471252229056, 0.0, 0.0, 0.0, 0.38720925843343046 ], [ 0.12395586530600124, 0.13729026916716283, 0.18547854771225375, 0.02530935807163095, 0.05478225106080135, 0.0, 0.2732782265195215, 0.19990548216262843 ], [ 0.0, 0.1854936025896937, 0.17691491750872038, 0.11603320112233033, 0.21295001736555652, 0.22655765980081286, 0.08205060161288619, 0.0 ], [ 0.16380279779177523, 0.0, 0.0, 0.0, 0.2893064555933632, 0.2079772699883975, 0.3389134766264641, 0.0 ], [ 0.38689769416007835, 0.0, 0.0, 0.0, 0.0, 0.2326789519450871, 0.3804233538948346, 0.0 ] ],
  "nextStepSeed" : 6802621843181325663
}