{
  "dtmc" : [ [ 0.09426393461252923, 0.09129161128960196, 0.16570395659629036, 0.1472072345614097, 0.12920441730278404, 0.0, 0.1642316941978335, 0.03401274741052358, 0.17408440402902764 ], [ 0.003677135438138879, 0.19345341194235388, 0.0, 0.08423580339484399, 0.1826557986617801, 0.20437149796377213, 0.056366811075174876, 0.12084014312658116, 0.15439939839735514 ], [ 0.4024936916301238, 0.0, 0.0, 0.0, 0.5015369207584117, 0.0, 0.0, 0.0, 0.09596938761146448 ], [ 0.0, 0.0, 0.0, 0.0, 0.0, 0.27687001521487814, 0.3141263315472668, 0.0, 0.409003653237855 ], [ 0.039162030092592885, 0.061263413125977634, 0.0, 0.1570218916995167, 0.03292471020286336, 0.29172899991140117, 0.23121640760671014, 0.0, 0.18668254736093795 ], [ 0.4212822656370721, 0.0, 0.280460506597319, 0.0, 0.29825722776560876, 0.0, 0.0, 0.0, 0.0 ], [ 0.0, 0.0, 0.0, 0.0, 0.05507247248197827, 0.2272491243526738, 0.5879200615129085, 0.0, 0.1297583416524394 ], [ 0.0985456927158729, 0.0, 0.26005869409039706, 0.0, 0.0, 0.11978971294675159, 0.5216059002469783, 0.0, 0.0 ], [ 0.39417308404342666, 0.0, 0.0, 0.0, 0.1718386013717252, 0.43398831458484816, 0.0, 0.0, 0.0 ] ],
  "nextStepSeed" : -6208486293424728155
}