{
  "dtmc" : [ [ 0.21078326779023113, 0.0, 0.7892167322097688, 0.0, 0.0 ], [ 0.0, 0.0, 0.0, 0.8701344000994085, 0.12986559990059154 ], [ 0.0, 0.24527467085209118, 0.16000043589562768, 0.3806675954600765, 0.21405729779220461 ], [ 0.7225956445372232, 0.0, 0.0, 0.27740435546277675, 0.0 ], [ 0.1374187505686217, 0.5015529635132138, 0.22932344632166196, 0.10116434499653978, 0.030540494599962647 ] ],
  "nextStepSeed" : -4369717896253196424
}