{
  "dtmc" : [ [ 0.004828188362502658, 0.38735511541956913, 0.20818102719502768, 0.39963566902290043, 0.0, 0.0, 0.0, 0.0, 0.0 ], [ 0.0, 0.0, 0.0, 0.0, 0.0, 0.0, 0.0, 0.0, 1.0 ], [ 0.0, 0.31078617543069015, 0.0, 0.0, 0.5976778302600715, 0.0, 0.09153599430923831, 0.0, 0.0 ], [ 0.7363086321234639, 0.0, 0.0, 0.2636913678765361, 0.0, 0.0, 0.0, 0.0, 0.0 ], [ 0.0, 0.0, 0.11272940195291996, 0.48271112738460775, 0.0, 0.0, 0.40455947066247233, 0.0, 0.0 ], [ 0.13322590944113802, 0.18915675353102646, 0.12308760935222124, 0.07086574192542262, 0.12221753103556034, 0.0704866159496136, 0.1721779612012127, 0.11878187756380501, 0.0 ], [ 0.10407960757483278, 0.2567488605804309, 0.041360772531961965, 0.08132790902060615, 0.15847983383687692, 0.1833415644562219, 0.11707620503641944, 0.01184757822026895, 0.04573766874238095 ], [ 0.20830603784880647, 0.0, 0.31537009056051934, 0.11667873572912282, 0.0, 0.07971475585556044, 0.0, 0.2799303800059909, 0.0 ], [ 0.6577059560564943, 0.0059485685908127256, 0.0, 0.0, 0.08478452106993908, 0.0, 0.0, 0.2515609542827539, 0.0 ] ],
  "nextStepSeed" : 2928597467223255357
}