{
  "dtmc" : [ [ 0.0, 0.0, 0.0, 1.0, 0.0 ], [ 0.13177871124857013, 0.0, 0.5515127813464787, 0.0, 0.31670850740495105 ], [ 0.0, 0.815469686362732, 0.0, 0.18453031363726796, 0.0 ], [ 0.0, 0.0, 0.7094553717404029, 0.0, 0.2905446282595971 ], [ 0.018770319183679593, 0.28150623717334083, 0.07594545045810151, 0.328871058484647, 0.29490693470023094 ] ],
  "nextStepSeed" : -8041373707817471972
}