{
  "dtmc" : [ [ 0.08099159633768939, 0.05215359223966539, 0.34477083371454004, 0.12264711645812827, 0.377591859118976, 0.021845002131001014 ], [ 0.0, 0.0, 0.3265947427984283, 0.08164246215112789, 0.31852401033685257, 0.27323878471359136 ], [ 0.0, 0.0, 0.0, 0.14815286264257851, 0.7709794469366179, 0.08086769042080358 ], [ 0.15976715507328046, 0.14317988224656256, 0.1488896045215068, 0.07586111624629348, 0.23636774272074532, 0.2359344991916115 ], [ 0.0, 0.0, 1.0, 0.0, 0.0, 0.0 ], [ 0.16276226979228736, 0.2562967463133115, 0.03175440070288636, 0.2637768709478072, 0.11329672070335303, 0.17211299154035462 ] ],
  "nextStepSeed" : 3385753181575795424
}