{
  "dtmc" : [ [ 0.09717711528346931, 0.036920017434384056, 0.08109542661735311, 0.031027540933455357, 0.03936214987034396, 0.1800764941556123, 0.0642371944079173, 0.12030970398355906, 0.1752350944278894, 0.17455926288601617 ], [ 0.0, 0.0, 0.0, 0.0, 0.0, 0.0, 0.0, 1.0, 0.0, 0.0 ], [ 0.07608682233249915, 0.04165688799981642, 0.09682420767768109, 0.1972971194007882, 0.2300153243211707, 0.16038946264944381, 0.1488781458042765, 0.0036887033972008874, 0.03155679862188392, 0.013606527795239257 ], [ 0.2079094399303623, 0.16774253577236237, 0.15344488692410385, 0.0479146225534155, 0.16188383645662655, 0.0, 0.20547197354722319, 0.0, 0.03389640588429263, 0.02173629893161367 ], [ 0.0, 0.32961272898377425, 0.0, 0.3300809567111418, 0.0, 0.0, 0.3101659254654787, 0.030140388839605278, 0.0, 0.0 ], [ 0.0, 0.07387126658967567, 0.04979159941921268, 0.15462393458997414, 0.12011715542573603, 0.17113861083217138, 0.1287700268198585, 0.14398544865142845, 0.0, 0.15770195767194314 ], [ 0.20077742909164484, 0.03004458078313233, 0.11949544017478336, 0.09937832477391903, 0.0483735823350585, 0.14723547301981874, 0.12618518265932752, 0.04853543125918534, 0.0, 0.1799745559031303 ], [ 0.032472485342669964, 0.14876638237851667, 0.18677500935847988, 0.24293291410485918, 0.19201524415991308, 0.011198044730048892, 5.492243289885491E-4, 0.039345224173498165, 0.08346042902175754, 0.06248504240126827 ], [ 0.0, 0.0, 0.0, 1.0, 0.0, 0.0, 0.0, 0.0, 0.0, 0.0 ], [ 0.1737113401723613, 0.10938498719001725, 0.1687782531264216, 0.0, 0.07106980474141077, 0.21182654407176074, 0.15808111069533945, 0.0, 0.10714796000268884, 0.0 ] ],
  "nextStepSeed" : 4406322708514019007
}