{
  "dtmc" : [ [ 0.16061510047916136, 0.14812056909348517, 0.0414323646672884, 0.14569609231668573, 0.1576054471164888, 0.03461304187669697, 0.16573976410705898, 0.14617762034313456 ], [ 0.0, 0.0, 0.0, 1.0, 0.0, 0.0, 0.0, 0.0 ], [ 0.07581859834509097, 0.0, 0.0, 0.924181401654909, 0.0, 0.0, 0.0, 0.0 ], [ 0.0, 0.0, 0.0, 0.0, 0.0, 0.0, 1.0, 0.0 ], [ 0.14155359761137612, 0.1447374147797822, 0.0, 0.2065512702096769, 0.21431662451324407, 0.155783158256017, 0.034389103856960306, 0.10266883077294334 ], [ 0.4930101415924025, 0.0, 0.0, 0.0, 0.0, 0.0, 0.34880971048092274, 0.15818014792667476 ], [ 0.12295125845748515, 0.0964309520620441, 0.0, 0.12824850350211617, 0.0, 0.0, 0.28808313544876435, 0.3642861505295903 ], [ 0.0, 0.0, 0.2623292148414806, 0.23347368090766651, 0.10897128660557241, 0.0, 0.2690884752300731, 0.12613734241520733 ] ],
  "nextStepSeed" : 2509070389639245925
}