{
  "dtmc" : [ [ 0.11652687868551415, 0.11279716040425249, 0.12487689432267442, 0.03879688825186931, 0.1341052527067933, 0.06995379024764824, 0.03461685722937589, 0.0, 0.07915438588380824, 0.15321826557174265, 0.13595362669632122 ], [ 0.8025163936014899, 0.030547876938844382, 0.0, 0.0, 0.0, 0.0, 0.0, 0.0, 0.16693572945966567, 0.0, 0.0 ], [ 0.0, 0.0, 0.3239330476073118, 0.31176605064218205, 0.0, 0.20345809227927142, 0.0, 0.0, 0.1608428094712347, 0.0, 0.0 ], [ 0.09822350989773818, 0.12861191909649078, 0.0, 0.0, 0.0890095189085204, 0.014102938699427877, 0.10464325998942631, 0.1886177670228732, 0.18483152209376397, 0.08207857381396463, 0.10988099047779469 ], [ 0.0, 0.0, 0.0, 0.5211067582968545, 0.1985856474912105, 0.20999657327037197, 0.0, 0.0, 0.070311020941563, 0.0, 0.0 ], [ 0.0, 0.17021999933789367, 0.0, 0.03485422764064078, 0.14312632429368352, 0.12122674018563578, 0.0, 0.056318159114411605, 0.23264088699332075, 0.2416136624344138, 0.0 ], [ 0.055201372655641366, 0.11470759543182672, 0.1477636973554476, 0.13096801101798536, 0.11874859475888193, 0.13081190596118777, 0.14216898564667518, 0.06748830126846499, 0.02800653106484445, 0.0, 0.06413500483904461 ], [ 0.14575682724965475, 0.0, 0.0, 0.15415947610417916, 0.0, 0.0, 0.12062539487292813, 0.07750421274436432, 0.12110015054234921, 0.18555109010502394, 0.19530284838150058 ], [ 0.0, 0.0, 0.0, 0.40998177754913256, 0.0, 0.0, 0.0, 0.39022753569634006, 0.0, 0.1997906867545274, 0.0 ], [ 0.12519169845847122, 0.006393620011386095, 0.13265269139170677, 0.0, 0.13225091671039974, 0.18506116598359412, 0.041476188268197905, 0.13589408735636874, 0.03009345141415864, 0.21098618040571676, 0.0 ], [ 0.032538056723759486, 0.09364854510268653, 0.0083238549840492, 0.05995390839410035, 0.10684024425552474, 0.068279556667591, 0.013753087419523455, 0.1857662376158249, 0.17132535962394174, 0.07660365533209816, 0.18296749388090044 ] ],
  "nextStepSeed" : -1155128969217375413
}