{
  "dtmc" : [ [ 0.0, 0.0, 1.0, 0.0, 0.0 ], [ 0.0, 0.0, 0.0, 1.0, 0.0 ], [ 0.4043229960183859, 0.4874939468132494, 0.04391426172603825, 0.0, 0.06426879544232648 ], [ 0.35943069925825805, 0.2127082584785353, 0.15085605580794825, 0.0, 0.27700498645525845 ], [ 0.2441344672171517, 0.33290130334093476, 0.0, 0.28304714060865155, 0.13991708883326176 ] ],
  "nextStepSeed" : -685418215602042354
}