{
  "dtmc" : [ [ 0.027388157902736576, 0.05311393433093329, 0.08914111000768127, 0.16824155226886278, 0.16869412271590942, 0.08214498331136831, 0.3596970173179723, 0.05157912214453609 ], [ 0.0, 0.023167330818771332, 0.03212599318269034, 0.24174079179657765, 0.20170576314397007, 0.25265231125633103, 0.24860780980165953, 0.0 ], [ 0.2012067195895083, 0.2223874454429414, 0.0, 0.0, 0.0, 0.294895248584755, 0.07976685406882085, 0.2017437323139744 ], [ 0.0, 0.06416068448501541, 0.0, 0.05684046446655868, 0.11348789489412361, 0.15866716536256567, 0.25560428032099525, 0.35123951047074137 ], [ 0.0, 0.30584563339236553, 0.20242822763588608, 0.0, 0.0, 0.0, 0.0, 0.4917261389717484 ], [ 0.547146323126277, 0.1112846335660854, 0.3415690433076377, 0.0, 0.0, 0.0, 0.0, 0.0 ], [ 0.025860844949146575, 0.07206538940681152, 0.0, 0.0, 0.39146331955417996, 0.0, 0.154296030429099, 0.35631441566076294 ], [ 0.0, 0.0, 0.26169945532748495, 0.0, 0.21828849115136462, 0.0, 0.1831348058835079, 0.33687724763764254 ] ],
  "nextStepSeed" : -1131664659091921414
}