{
  "dtmc" : [ [ 0.0, 0.0, 0.0, 0.0, 1.0 ], [ 0.35043993299561543, 0.016839419881539096, 0.0, 0.36320296142809505, 0.2695176856947505 ], [ 0.05067784059360328, 0.0, 0.3830453200473033, 0.5662768393590935, 0.0 ], [ 0.0021500356506446057, 0.4077298884795788, 0.37762623144967067, 0.0, 0.21249384442010588 ], [ 0.0, 0.28167236765699727, 0.44244869064057213, 0.0074753311928405985, 0.26840361050959016 ] ],
  "nextStepSeed" : -8606147969585747828
}