{
  "dtmc" : [ [ 0.09684405210657246, 0.06701815451132939, 0.03408751908189674, 0.04919808014995943, 0.12519468513690604, 0.13191649920904064, 0.027714518979166755, 0.0951879497580004, 0.06463120425176314, 0.085317942434793, 0.06229671449538606, 0.12911849841462777, 0.03147418147055822 ], [ 0.18976354795285275, 0.0024032590016136047, 0.14518493715995778, 0.0, 0.2777552212652179, 0.0828077241160843, 0.10969795887648316, 0.0, 0.0, 0.17755850280776805, 0.0, 0.014828848820022363, 0.0 ], [ 0.0, 0.0, 0.6775147175976155, 0.0, 0.0, 0.0, 0.0, 0.0, 0.0, 0.0, 0.32248528240238444, 0.0, 0.0 ], [ 0.0, 0.0, 0.45980395577138633, 0.0, 0.0, 0.0, 0.0, 0.0, 0.0, 0.0, 0.0, 0.0, 0.5401960442286137 ], [ 0.18547228235637617, 0.0822078750859669, 0.0, 0.13498008232543635, 0.0, 0.083466188325493, 0.010097093771084684, 0.10142047145509851, 0.12684870389979974, 0.0, 0.17982342437513613, 0.09568387840560863, 0.0 ], [ 0.012678276843427037, 0.0, 0.30502416192389575, 0.00561653539767567, 0.0, 0.26793635149206335, 0.0, 0.1819220380501741, 0.0, 0.0, 0.22682263629276417, 0.0, 0.0 ], [ 0.08799276844620924, 0.09715304819512466, 0.06976991038312721, 0.043524879728981586, 0.09756885727269947, 0.09740123486880518, 0.07232013467618871, 0.04021732043866611, 0.060617549925306505, 0.09379653612771832, 0.11019012191282866, 0.0602529026891392, 0.06919473533520516 ], [ 0.0, 0.0, 0.2655137493259389, 0.0, 0.0, 0.22335405541326472, 0.0, 0.5104735826445871, 0.0, 0.0, 0.0, 0.0, 6.586126162090944E-4 ], [ 0.0, 0.049736600715395124, 0.1352756702607059, 0.11189814421534582, 0.0, 0.14364095404110114, 0.11390586487246665, 0.1721191158009334, 0.10801970639261278, 0.16540394370143924, 0.0, 0.0, 0.0 ], [ 0.0, 0.10079313916852206, 0.0, 0.10421396256453012, 0.0569261842646906, 0.21466423047210623, 0.10591393441698108, 0.15264194684914045, 0.0, 0.11959157508088156, 0.0033904859068564688, 0.14186454127629147, 0.0 ], [ 0.09999145821592988, 0.14602302621159133, 0.03513870807031689, 0.0, 0.022133631797468856, 0.15567239097384208, 0.028379385185017963, 0.06040595937869375, 0.04785974634514407, 0.048312816420938744, 0.13163924232595364, 0.13966710696887152, 0.0847765281062312 ], [ 0.0, 0.0, 0.0, 0.0, 0.51632491512086, 0.0, 0.0, 0.48367508487913996, 0.0, 0.0, 0.0, 0.0, 0.0 ], [ 0.0, 0.1683683276987683, 0.2799557106448817, 0.0, 0.0, 0.0, 0.0, 0.0, 0.5516759616563501, 0.0, 0.0, 0.0, 0.0 ] ],
  "nextStepSeed" : -25369744424465506
}