{
  "dtmc" : [ [ 0.0, 0.0, 0.0, 0.0, 0.4819673481116916, 0.2730597225101302, 0.0, 0.0, 0.24497292937817822 ], [ 0.38634971488008396, 0.05575658579495511, 0.0, 0.07853619644867554, 0.0, 0.04761309398757204, 0.003601856891138887, 0.0, 0.4281425519975745 ], [ 0.11234197387161338, 0.1732943543387749, 0.18741850761061987, 0.041486395940739815, 0.13030648731700678, 0.10001753213348796, 0.006552989222647532, 0.18430411960129833, 0.06427763996381138 ], [ 0.0, 0.21109179093975958, 0.0, 0.33259659663760116, 0.0, 0.3147840672682171, 0.0, 0.0, 0.14152754515442215 ], [ 0.21239635212622945, 0.0, 0.24456413421262746, 0.0, 0.0, 0.28057519998228403, 0.1782365370855994, 0.0, 0.08422777659325968 ], [ 0.0, 0.0, 0.0, 0.0, 0.0, 0.5283119040379448, 0.0, 0.02861393540808104, 0.4430741605539742 ], [ 0.25809325978426256, 0.0, 0.0, 0.184388329784004, 0.2507672252704557, 0.3067511851612777, 0.0, 0.0, 0.0 ], [ 0.0, 0.2676872721224386, 0.15278659435255287, 0.0814659147194298, 0.10026997911909499, 0.2523073467931466, 0.0, 0.0, 0.14548289289333705 ], [ 0.0, 0.0, 0.0, 0.0, 0.0, 0.0, 0.0, 1.0, 0.0 ] ],
  "nextStepSeed" : 8877042913464597740
}