{
  "dtmc" : [ [ 0.332056316343157, 0.0, 0.37408730536654083, 0.08522059220471588, 0.1191511740548057, 0.08078693358377796, 0.008697678447002494, 0.0, 0.0, 0.0 ], [ 0.09145781280599144, 0.1600196824151027, 0.12421812720973642, 0.0, 0.0286065501166177, 0.02217299349967574, 0.06750322881597605, 0.2644605551421955, 0.14186911214563488, 0.09969193784906955 ], [ 0.0, 0.0, 0.0, 0.0, 0.0, 0.0, 0.0, 0.0, 1.0, 0.0 ], [ 0.0, 0.0, 0.0, 0.0, 0.0, 0.0, 0.0, 0.0, 1.0, 0.0 ], [ 0.07780505470885188, 0.10494557086312606, 0.1668339268912486, 0.12838926268289327, 0.018023610319257727, 0.018969342713348117, 0.114835133139864, 0.15926137098440724, 0.11429280811198905, 0.0966439195850141 ], [ 0.0, 0.38006811352622955, 0.0, 0.0, 0.0, 0.0, 0.0, 0.28502876023458323, 0.12266922386167477, 0.21223390237751236 ], [ 0.12147408237058278, 0.08526024980836232, 0.0875779883070094, 0.1203264023044952, 0.025325520024207952, 0.13751126739833236, 0.11843210505111895, 0.11281909719634958, 0.1132712557242422, 0.07800203181529931 ], [ 0.006428736932842954, 0.0, 0.14555233634069129, 0.0, 0.1940030163148731, 0.1403430899450905, 0.14469297469636894, 0.2607159077611004, 0.0, 0.10826393800903299 ], [ 0.0, 0.0, 0.4114601944983876, 0.0, 0.3458003457615726, 0.0, 0.0, 0.0, 0.23733410373150757, 0.005405356008532293 ], [ 0.26724390486843075, 0.3286623409955077, 0.08680904770533503, 0.0, 0.0, 0.0, 0.0, 0.0, 0.31728470643072654, 0.0 ] ],
  "nextStepSeed" : 883513006553195041
}