{
  "dtmc" : [ [ 0.0, 0.0, 0.26149857651353037, 0.0, 0.33926349353247154, 0.0, 0.3184039669416757, 0.08083396301232251 ], [ 0.0, 0.0, 0.0, 0.0, 1.0, 0.0, 0.0, 0.0 ], [ 0.3035918387236157, 0.0, 0.18906853716505928, 0.2757092327897882, 0.2265989948757508, 0.005031396445785922, 0.0, 0.0 ], [ 0.19663038614804237, 0.4823871712174427, 0.1925546182682306, 0.0, 0.12842782436628428, 0.0, 0.0, 0.0 ], [ 0.0, 0.0, 1.0, 0.0, 0.0, 0.0, 0.0, 0.0 ], [ 0.0, 0.0, 0.0, 0.0, 0.0, 0.0, 0.0, 1.0 ], [ 0.0, 0.0, 0.4150683883485286, 0.0, 0.5849316116514713, 0.0, 0.0, 0.0 ], [ 0.5110310319166009, 0.0, 0.0, 0.34429048585123, 0.0, 0.0, 0.0, 0.14467848223216911 ] ],
  "nextStepSeed" : -3783647029711469082
}