{
  "dtmc" : [ [ 0.17287551909994534, 0.14537903763488325, 0.1265438755619039, 0.13501430761502461, 0.06512357017129723, 0.0912173025969545, 0.09796354949762578, 0.011810645045294783, 0.10833209047971958, 0.03110657916269552, 0.014633523134655383 ], [ 0.11588844911751241, 0.13856188074640446, 0.1134425631239255, 0.0, 0.09565853539650092, 0.13435441629668068, 0.1406221417311624, 0.06369666557524566, 0.13396830897986003, 0.06380703903270804, 0.0 ], [ 0.0, 0.14325466129248857, 0.1366045039055405, 0.010580744228879276, 0.07404383360511224, 0.1309479083107378, 0.0, 0.12347425579730224, 0.08967968763113984, 0.11871201023844975, 0.17270239499034976 ], [ 0.2666248427543635, 0.0412748519113661, 0.0325019471862283, 0.0, 0.02216783385273753, 0.25524301473721933, 0.13290984138348422, 0.2492776681746011, 0.0, 0.0, 0.0 ], [ 0.12718225663010044, 0.0, 0.1636172854252876, 0.008754674789065189, 0.10559889025413949, 0.13674950092327, 0.1631384407217837, 0.12917995048456912, 0.0, 0.06226680230960511, 0.10351219846217936 ], [ 0.03584615349823918, 0.11734558129670032, 0.0, 0.0, 0.14545329496503506, 0.08567198193742766, 0.021490693550104658, 0.04020516500400288, 0.17657045177392108, 0.1466724720095726, 0.23074420596499656 ], [ 0.0, 0.04022291278120686, 0.0, 0.23253028718277474, 0.0, 0.37305457235848044, 0.0, 0.0, 0.35419222767753794, 0.0, 0.0 ], [ 0.06364138432390638, 0.12485068990968864, 0.14031946864690542, 0.0, 0.08818754979889937, 0.021397437416313076, 0.17171527590622146, 0.11847436696253613, 0.10844262778620932, 0.0385067782581869, 0.12446442099113328 ], [ 0.027156601077924225, 0.05141770904392538, 0.12126245565864828, 0.13833794729785795, 0.13113217911355163, 0.07692443876306575, 0.14580260337708897, 0.13153370822139088, 0.02371185098875748, 0.047395952716587836, 0.10532455374120166 ], [ 0.0, 0.0, 0.0, 0.0, 0.18239150322370057, 0.0, 0.34618384508299216, 0.47142465169330733, 0.0, 0.0, 0.0 ], [ 0.02041007429369075, 0.11440292765053166, 0.16297059814439788, 0.11229144222095447, 0.07496193383615053, 0.13294134504317995, 0.17119564355478886, 0.12912780900712917, 0.0, 0.04158992472708262, 0.0401083015220941 ] ],
  "nextStepSeed" : 2676563088844091883
}