{
  "dtmc" : [ [ 0.7909580117371428, 0.20904198826285728, 0.0, 0.0, 0.0, 0.0, 0.0 ], [ 0.0, 0.0, 0.2705469011765006, 0.23434970859933732, 0.0, 0.3709131275743238, 0.12419026264983815 ], [ 0.03167461741454674, 0.11491734207485439, 0.22726536850991436, 0.19734112146367083, 0.27797480506018074, 0.0, 0.15082674547683295 ], [ 0.09434901232170986, 0.06341299281370465, 0.1734012157509648, 0.3321033174190806, 0.0, 0.0, 0.33673346169454016 ], [ 0.0, 0.0, 0.31563648113142173, 0.33302805397343593, 0.0, 0.3513354648951423, 0.0 ], [ 0.4935285642741839, 0.0, 0.2534721575892069, 0.0, 0.0, 0.0, 0.2529992781366093 ], [ 0.1564221423303096, 0.16069042616606277, 0.061465268276512094, 0.10674154216036455, 0.1280393867503309, 0.18942154563035207, 0.197219688686068 ] ],
  "nextStepSeed" : -691988847629863718
}