{
  "dtmc" : [ [ 0.0, 0.13497158961253106, 0.0, 0.0, 0.0, 0.0, 0.0, 0.8650284103874689 ], [ 0.0, 0.0, 0.8295219672397312, 0.0, 0.0, 0.0, 0.0, 0.17047803276026888 ], [ 0.23429177070915316, 0.0, 0.20794130526766066, 0.2107452384458707, 0.16622684849826258, 0.09376890142029887, 0.012515639605979073, 0.07451029605277505 ], [ 0.18409713734255456, 0.07123197801351627, 0.11159292771715695, 0.16750920639931374, 0.12999851002424223, 0.1494030665970873, 0.07038249653367684, 0.11578467737245206 ], [ 0.0871455351090555, 0.0, 0.0, 0.0, 0.0, 0.0, 0.7196517634355518, 0.19320270145539264 ], [ 0.10384123818108136, 0.0, 0.2970993868427329, 0.0, 0.0, 0.2062218010927002, 0.3928375738834856, 0.0 ], [ 0.27481449193118423, 0.0, 0.0, 0.25022986775684464, 0.28532147362655036, 0.0, 0.18963416668542082, 0.0 ], [ 0.062810354226316, 0.11587969851402284, 0.1843540684557265, 0.20662892763537774, 0.16309925527447797, 0.0, 0.047692237919902465, 0.21953545797417637 ] ],
  "nextStepSeed" : 3007959704440732612
}