{
  "dtmc" : [ [ 0.23933809756331373, 0.14522082416069637, 0.08459561185249986, 0.24521955239555537, 0.18164348118589346, 0.10398243284204124 ], [ 0.0, 0.09567351026409321, 0.4577227095916102, 0.04975836592446158, 0.07783655402116325, 0.3190088601986718 ], [ 0.2338687573646187, 0.09582007713312297, 0.10678188122881979, 0.07052712882730376, 0.32043129341181764, 0.17257086203431715 ], [ 0.17876859036926976, 0.15591318093751294, 0.19870972076620957, 0.27385118946282244, 0.0, 0.19275731846418523 ], [ 0.44309495816510425, 0.0, 0.5569050418348958, 0.0, 0.0, 0.0 ], [ 0.269543668438941, 0.22839113779594714, 0.24535152783872916, 0.0, 0.07364756587073455, 0.18306610005564822 ] ],
  "nextStepSeed" : 4227183623162407882
}