{
  "dtmc" : [ [ 0.0, 0.3410204634583115, 0.0, 0.0, 0.0542305329516702, 0.0, 0.0, 0.0, 0.2520365959027112, 0.21972160434829588, 0.1329908033390112 ], [ 0.0, 0.07648558354448275, 0.0, 0.0, 0.5381197459671063, 0.0, 0.05516869782036145, 0.17722129872868483, 0.11972584657856683, 0.0, 0.03327882736079786 ], [ 0.08725368619901115, 0.17493332863910122, 0.08793848243407167, 0.13795388489268742, 0.12437058063346118, 0.0, 0.028551219072723986, 0.014833218474052771, 0.11599127512086897, 0.17871172781640268, 0.049462596717618754 ], [ 0.18905514817971164, 0.02874618145869035, 0.14183888126993854, 0.1565398842836871, 0.02452811199086713, 0.16412585325293322, 0.060276457764042196, 0.012058989461535918, 0.05718432453272556, 0.003128911017901972, 0.1625172567879663 ], [ 0.0, 0.13103840465726233, 0.0, 0.0, 0.0, 0.36487076284133113, 0.0, 0.1824016422247649, 0.1465990131818929, 0.17509017709474878, 0.0 ], [ 0.097389906372607, 0.0, 0.0, 0.0, 0.0, 0.2916993906597276, 0.0, 0.32525679014825365, 0.0, 0.28565391281941177, 0.0 ], [ 0.0, 0.0, 0.0, 0.0, 0.0, 0.0, 0.0, 0.31302598689922606, 0.0, 0.0, 0.686974013100774 ], [ 0.10675362968439055, 0.0, 0.0, 0.0, 0.34452104137751777, 0.0, 0.0, 0.0, 0.1429402851909832, 0.35370241191001106, 0.05208263183709748 ], [ 0.22687404698057576, 0.004724270994568096, 0.34453041526968053, 0.0, 0.0, 0.0, 0.0, 0.0, 0.0, 0.16860918268119315, 0.2552620840739824 ], [ 0.11532031823574904, 0.06866372346408607, 0.06026418884756188, 0.14220551831467315, 0.07654031649500546, 0.17774761888630763, 0.10358525145024935, 0.0774128498624897, 0.16056028462372374, 0.012300442753653924, 0.005399487066500228 ], [ 0.0, 0.27355398122270785, 0.0, 0.0, 0.0, 0.23724884463043, 0.032763665705320404, 0.0, 0.4564335084415417, 0.0, 0.0 ] ],
  "nextStepSeed" : -1123008253117689474
}