{
  "dtmc" : [ [ 0.0, 0.0, 0.0, 0.7792886995008957, 0.0, 0.0, 0.0, 0.0, 0.0, 0.0, 0.0, 0.2207113004991043 ], [ 0.0, 0.0, 0.866397789928357, 0.0, 0.0, 0.0, 0.0, 0.13360221007164294, 0.0, 0.0, 0.0, 0.0 ], [ 0.07960626295806059, 0.06877399368172174, 0.11561877847167405, 0.22899061094281672, 0.03821731748615506, 0.0, 0.24166370260109515, 0.014409376288856178, 0.0, 0.13258745484990123, 0.06857230774747745, 0.01156019497224189 ], [ 0.0, 0.018696942652168518, 0.18989823374578763, 0.02222928137157636, 0.0, 0.13444661905451066, 0.2652400337080687, 0.11257186025921825, 0.09232179977605047, 0.0, 0.0013195739851071496, 0.1632756554475122 ], [ 0.0, 0.0, 0.40618457235156136, 0.0, 0.0, 0.16649142891194602, 0.0, 0.0, 0.0, 0.0, 0.4273239987364927, 0.0 ], [ 0.075654933110907, 0.1103866915881884, 0.010314000147764664, 0.1384909007732409, 0.026420370087978654, 0.017949740582120753, 0.1185103777514622, 0.11193832360208718, 0.10234559887734704, 0.13871696487527393, 0.032056083519977116, 0.11721601508365227 ], [ 0.008627445415664382, 0.07039430426439647, 0.152238430608843, 0.021802501084802015, 0.12625610920553312, 0.12635165413133936, 0.10897691650478292, 0.0, 0.09109272115030771, 0.051367467531876494, 0.12286495488173149, 0.12002749522072306 ], [ 0.16600860401118317, 0.11872691286193916, 0.03383934159805852, 0.13394487147395745, 0.06776074252839381, 0.13883610939130886, 0.12389471922000135, 0.14000859371743174, 0.0, 0.0, 0.0, 0.07698010519772573 ], [ 0.0, 0.0, 0.0, 0.16795002442897056, 0.0, 0.0, 0.36455072867756266, 0.46749924689346667, 0.0, 0.0, 0.0, 0.0 ], [ 0.00349468157153563, 0.16456985754304768, 0.028871327006418167, 0.04244326762011763, 0.050636321620001354, 0.09085202343714825, 0.03918865766387162, 0.06717046974606818, 0.19621266698077214, 0.11420286400370001, 0.07509013238401993, 0.12726773042329956 ], [ 0.07009232929500986, 0.14622835553072328, 0.0, 0.0, 0.15082874989072093, 0.2834664047032232, 0.0, 0.0650049757619383, 0.10404819497745986, 0.0, 0.18033098984092483, 0.0 ], [ 0.15075919838393775, 0.046190293239169254, 0.0, 0.0, 0.17996641325916238, 0.19649332152990642, 0.0, 0.15379804252714258, 0.0, 0.09324660341884315, 0.0, 0.17954612764183842 ] ],
  "nextStepSeed" : 3282251391893171845
}