{
  "dtmc" : [ [ 0.0, 0.2385968500781702, 0.28763418958614917, 0.4737689603356806, 0.0, 0.0, 0.0 ], [ 0.0, 0.0, 0.0, 0.0, 1.0, 0.0, 0.0 ], [ 0.0, 0.0, 0.0, 0.0, 0.0, 0.0, 1.0 ], [ 0.030443338627600215, 0.07398604403440175, 0.3148349547106334, 0.20460393641036534, 0.28264745127068663, 0.07669851476671194, 0.01678576017960072 ], [ 0.0, 0.0, 0.0, 1.0, 0.0, 0.0, 0.0 ], [ 0.04066559627113599, 0.0, 0.0, 0.37954431382291093, 0.5199580606350849, 0.05983202927086825, 0.0 ], [ 0.0, 0.0, 0.4577678186640794, 0.0, 0.5186668676564545, 0.0, 0.02356531367946591 ] ],
  "nextStepSeed" : 2895465774353053795
}