{
  "dtmc" : [ [ 0.0, 0.0, 0.0, 0.0, 0.0, 0.0, 0.0, 0.0, 0.0, 0.0, 1.0 ], [ 0.0, 0.0, 0.22462553830699122, 0.0, 0.07697426885447478, 0.0, 0.0, 0.0, 0.003328395733769814, 0.48730971133770806, 0.20776208576705604 ], [ 0.0, 0.1926994148763596, 0.0, 0.8073005851236404, 0.0, 0.0, 0.0, 0.0, 0.0, 0.0, 0.0 ], [ 0.19773886753608724, 0.2135902778970676, 0.0831683236909903, 0.0, 0.0412995736609686, 0.17259287174312427, 0.00825850737362857, 0.06399848482015187, 0.20242669104868366, 0.0, 0.016926402229297977 ], [ 0.23950565142375835, 0.06573358166691008, 0.14664218980403304, 0.0, 0.03870996376720504, 0.0, 0.11855196972897847, 0.14819342269534896, 0.12621609271186376, 0.0, 0.11644712820190214 ], [ 0.0, 0.0, 0.1535939675816226, 0.4008940369016141, 0.4455119955167631, 0.0, 0.0, 0.0, 0.0, 0.0, 0.0 ], [ 0.0, 0.0, 0.0, 0.0, 0.0, 1.0, 0.0, 0.0, 0.0, 0.0, 0.0 ], [ 0.052587160446824245, 0.0, 0.2116165475350501, 0.249918964662087, 0.0, 0.21242968687268293, 0.0, 0.0, 0.27344764048335574, 0.0, 0.0 ], [ 0.12526010500377138, 0.12892761764846056, 3.919911875912122E-4, 0.0, 0.0014381826710914303, 0.0, 0.062188517722377296, 0.09324357698602112, 0.30039008974329323, 0.0, 0.2881599190373938 ], [ 0.0, 0.0, 0.03914217718957929, 0.0938784041317514, 0.19805411521702634, 0.20855817051684467, 0.1518028221273834, 0.2088162966960864, 0.09974801412132857, 0.0, 0.0 ], [ 0.25750129020986023, 0.22885811995239477, 0.0, 0.030951535602176124, 0.0, 0.0, 0.12024594619161168, 0.052082723027562464, 0.04557483789553995, 0.0849959068810622, 0.17978964023979266 ] ],
  "nextStepSeed" : 3246074868373314659
}