{
  "dtmc" : [ [ 0.03731182082851801, 0.03295661882702986, 0.03953802121014339, 0.09902833015343833, 0.07104382008330304, 0.17821342981363458, 0.18346297032649783, 0.0, 0.20227673031534266, 0.1561682584420923 ], [ 0.22792753727660797, 0.2805411852468491, 0.11606902436973886, 0.1179097501986972, 0.0, 0.08006126797800994, 0.0, 0.0, 0.1774912349300969, 0.0 ], [ 0.17755188226492666, 0.17745099028020192, 0.19961253240005628, 0.0, 0.11730713555854395, 0.06577109430881349, 0.07901892822068941, 0.0, 0.11063900790973974, 0.0726484290570283 ], [ 0.11780962428638164, 0.06718542870171758, 0.0, 0.45618485428030814, 0.0, 0.0, 0.0, 0.2918652030061558, 0.06695488972543678, 0.0 ], [ 0.09373511458621747, 0.17939897722566925, 0.1316458981394982, 0.185148156842417, 0.04741774924483622, 0.15927315406046325, 0.0, 0.17749709472303685, 0.0, 0.025883855177861854 ], [ 0.0, 0.0, 0.0, 0.0, 0.11448384217922855, 0.0, 0.0, 0.6164451911978399, 0.0, 0.2690709666229315 ], [ 0.0, 0.0, 0.0, 0.4405098648214982, 0.0, 0.0, 0.0, 0.0, 0.0, 0.5594901351785019 ], [ 0.16589967463621225, 0.0, 0.0013450196993178489, 0.09596850603477483, 0.08006401373051672, 0.18783765979274064, 0.1500754165812491, 0.19389753654789874, 0.006112649048488937, 0.11879952392880096 ], [ 0.0, 1.0, 0.0, 0.0, 0.0, 0.0, 0.0, 0.0, 0.0, 0.0 ], [ 0.008415489759483115, 0.10792895838974391, 0.1268082635441859, 0.04438883900718504, 0.02125581138863206, 0.10568348743514999, 0.0, 0.21504563898464216, 0.19190779637332775, 0.17856571511765 ] ],
  "nextStepSeed" : -5407843277564804019
}