{
  "dtmc" : [ [ 0.16001988646654028, 0.0, 0.0, 0.22858604735059493, 0.29482431038739765, 0.22695277152446047, 0.08961698427100659 ], [ 0.0, 0.4144710799647056, 0.0, 0.0, 0.25838992564986685, 0.32713899438542754, 0.0 ], [ 0.787306306392561, 0.0, 0.2126936936074388, 0.0, 0.0, 0.0, 0.0 ], [ 0.0, 1.0, 0.0, 0.0, 0.0, 0.0, 0.0 ], [ 1.0, 0.0, 0.0, 0.0, 0.0, 0.0, 0.0 ], [ 0.0, 0.25825928689379096, 0.0, 0.0, 0.31387280244972693, 0.0, 0.427867910656482 ], [ 0.21760120021023663, 0.15943568114486845, 0.01690437489509072, 0.2125866882202851, 0.21792290985822566, 0.1755491456712936, 0.0 ] ],
  "nextStepSeed" : 2627915393214981457
}