{
  "dtmc" : [ [ 0.2186296972281715, 0.0, 0.2284147339432698, 0.12255285537922574, 0.0, 0.0, 0.0, 0.08581243409332728, 0.02420983351599817, 0.28324188550009827, 0.03713856033990926, 0.0, 0.0 ], [ 0.11865256862736567, 0.1377308990265152, 0.19506741686749626, 0.11874992077681717, 0.13729421441251655, 0.06816228838284942, 0.0, 0.0, 0.054617961164757076, 0.04972897846223482, 0.11999575227944788, 0.0, 0.0 ], [ 0.0, 0.17430906926240444, 0.0, 0.0, 0.0, 0.09463274415501599, 0.1374178603522434, 0.0, 0.0, 0.18834887513288998, 0.15912115257357803, 0.03582057244460361, 0.2103497260792646 ], [ 0.09645254734671431, 0.030344410004202797, 0.14351993623012196, 0.04404532026760654, 0.06857338656190409, 0.004100178982278174, 0.07968808603895414, 0.06811563158377534, 0.0699716914158995, 0.09682640631020391, 0.05520349286051418, 0.10610798902738407, 0.137050923370441 ], [ 0.0, 0.0, 0.0, 0.0, 0.0, 0.0, 0.0, 0.0, 0.0, 0.0, 1.0, 0.0, 0.0 ], [ 0.33852886801554166, 0.0, 0.2545285643219468, 0.0, 0.0, 0.0, 0.40694256766251163, 0.0, 0.0, 0.0, 0.0, 0.0, 0.0 ], [ 0.11704312859722017, 0.0658962141410526, 0.07421893443329439, 0.09793791474063337, 0.057935093024012056, 0.0625381192634227, 0.1172412334754823, 0.10536346515403004, 0.09754672036715742, 0.02805142859159028, 0.08869299969126694, 0.08753474852083787, 0.0 ], [ 0.0, 0.0, 0.0, 0.527015643008836, 0.0, 0.12916207934677967, 0.0, 0.0, 0.0, 0.3438222776443844, 0.0, 0.0, 0.0 ], [ 0.03730124221486698, 0.10205047676627817, 0.12280913549367803, 0.07339510633904081, 0.043393524558269475, 0.10519146967222494, 0.014634570016443115, 0.11830421359674147, 0.1060963280213741, 0.1157339873759629, 0.014992638948500827, 0.11087765231516386, 0.03521965468145531 ], [ 0.0, 0.0, 0.12213909155810802, 0.18962186769417777, 0.0, 0.20211085149686192, 0.12478286160241289, 0.0, 0.0731551963456496, 0.0, 0.1550055014843779, 0.0, 0.1331846298184119 ], [ 0.07728481995513663, 0.0, 0.0, 0.0, 0.14976990354279654, 0.18993930152359206, 0.14057469482507667, 0.0907530586377933, 0.003234574013963033, 0.17592583941453957, 0.05588672645708906, 0.08279591784313994, 0.03383516378687303 ], [ 0.018817789062808066, 0.20640649866830416, 0.03497672394474314, 0.0, 0.1279037489777047, 0.0, 0.1979272200441612, 0.0, 0.04486853472015006, 0.11594317347923244, 0.18092673169830184, 0.07222957940459432, 0.0 ], [ 0.0, 0.0, 0.5076104047825729, 0.0, 0.0, 0.0, 0.27744313689063416, 0.0, 0.0, 0.214946458326793, 0.0, 0.0, 0.0 ] ],
  "nextStepSeed" : -7890805131546644048
}