{
  "dtmc" : [ [ 0.0, 0.1984790277859953, 0.0, 0.10025457017781936, 0.05762261737355484, 0.0, 0.0, 0.024384480252236735, 0.0, 0.0, 0.2645152139457169, 0.10884091431125259, 0.24590317615342433 ], [ 0.10250699894226319, 0.15756913204812428, 0.04959765061917951, 0.1508362881878518, 0.04386899618279933, 0.0, 0.017850505534324004, 0.08164807013365205, 0.0, 0.10365963012169983, 0.0, 0.18312548242558632, 0.10933724580451973 ], [ 0.0, 0.0, 0.06931510808955894, 0.0, 0.08571902866970181, 0.20961975453463333, 0.0, 0.0, 0.19981183809232864, 0.1214818215145317, 0.0, 0.14788763224257417, 0.16616481685667137 ], [ 0.0, 0.0, 0.07422863698478283, 0.37553664397190845, 0.0, 0.0, 0.0, 0.17583161474139286, 0.0, 0.0, 0.0, 0.37440310430191587, 0.0 ], [ 0.0, 0.0, 0.0, 0.0, 0.0, 0.517572351376193, 0.0, 0.0, 0.0, 0.0, 0.0, 0.48242764862380694, 0.0 ], [ 0.0, 0.0, 0.0, 0.0, 0.2295519670586258, 0.44659562028076283, 0.0, 0.14291234730428817, 0.18094006535632315, 0.0, 0.0, 0.0, 0.0 ], [ 0.0, 0.11423135799167308, 0.0, 0.14713638546873065, 0.0, 0.0, 0.17670971596820131, 0.0, 0.26479504511885266, 0.0, 0.13715506159533755, 0.15997243385720478, 0.0 ], [ 0.0, 0.0, 0.0, 0.0, 0.0, 0.0, 0.20551973403034865, 0.009650308869270284, 0.36341855659683614, 0.25391237847814757, 0.0, 0.16749902202539727, 0.0 ], [ 0.0, 1.0, 0.0, 0.0, 0.0, 0.0, 0.0, 0.0, 0.0, 0.0, 0.0, 0.0, 0.0 ], [ 0.15880598335418142, 0.04046262314960432, 0.0, 0.0, 0.21729164520732927, 0.12551828442099375, 0.0, 0.0, 0.0, 0.0, 0.14238478311482172, 0.1423904198747235, 0.17314626087834592 ], [ 0.1614101959992098, 0.03999517778989864, 0.10720808015926836, 0.07956810021753181, 0.0, 0.13812927175169218, 0.04423832606786845, 0.050064617208973365, 0.0, 0.0817358565735289, 0.051528447208039216, 0.10521542704758804, 0.14090649997640106 ], [ 0.0, 0.0, 0.12771671330377785, 0.07126935517491749, 0.08570899613356085, 0.10475805239915624, 0.11018440923541367, 0.10356457834271804, 2.9224908461834235E-4, 0.15925908048813442, 0.0, 0.16760007981749997, 0.06964648602020306 ], [ 0.22272403816576086, 0.1901246962539854, 0.0, 0.14434645691287895, 0.0, 0.0, 0.0, 0.11188563454019479, 0.0, 0.21265494267186288, 0.11826423145531702, 0.0, 0.0 ] ],
  "nextStepSeed" : -2743936292869204410
}