{
  "dtmc" : [ [ 0.1668497416683073, 0.016234424333707486, 0.16118845040579644, 0.0, 0.20322541369667224, 0.1893518533548308, 0.0, 0.19851138116038228, 0.06463873538030342 ], [ 0.1951058638765998, 0.0443241243367298, 0.08877504314153517, 0.0, 0.0, 0.0, 0.40348695035431803, 0.0, 0.2683080182908173 ], [ 0.0, 0.0, 0.3979877687602998, 0.23949140102160885, 0.3625208302180914, 0.0, 0.0, 0.0, 0.0 ], [ 0.1056313937582292, 0.11022969909248549, 0.0792866811332944, 0.10447490535281122, 0.1476706763586828, 0.07493011149487654, 0.14148065616061323, 0.11547604792063576, 0.12081982872837141 ], [ 0.0, 0.0, 0.4059515823404143, 0.06674375503685746, 0.2544877927883168, 0.0, 0.2728168698344115, 0.0, 0.0 ], [ 0.0, 0.231483274561763, 0.21096140321197068, 0.2075495447313928, 0.0, 0.0, 0.07505451222079072, 0.27495126527408276, 0.0 ], [ 0.0, 0.11330598696390785, 0.08867011509382845, 0.10040477381128796, 0.3061840158981173, 0.2061639833554192, 0.18517438011989845, 9.674475754089675E-5, 0.0 ], [ 0.18703388229318452, 0.0716567250908, 0.0, 0.06370609494810599, 0.17940695247051394, 0.23478926402071604, 0.04914849622839771, 0.10096504092725725, 0.11329354402102447 ], [ 0.2238024116528409, 0.0, 0.0, 0.2525772222744208, 0.10818875902935553, 0.0897899255211918, 0.3256416815221909, 0.0, 0.0 ] ],
  "nextStepSeed" : -2088944356213696098
}