{
  "dtmc" : [ [ 0.0, 0.27960061164946765, 0.7203993883505324, 0.0, 0.0, 0.0, 0.0, 0.0 ], [ 0.30399928600253145, 0.0, 0.0, 0.24746576378045798, 0.16885583162313197, 0.0, 0.024821280539150205, 0.2548578380547284 ], [ 0.5231732749230934, 0.4768267250769066, 0.0, 0.0, 0.0, 0.0, 0.0, 0.0 ], [ 0.15363596485124992, 0.0, 0.17954802581561685, 0.3952577182394983, 0.08960967268317514, 0.0, 0.0, 0.1819486184104597 ], [ 0.0, 0.0, 0.0, 0.5611417322573634, 0.0, 0.4388582677426366, 0.0, 0.0 ], [ 0.0, 0.0, 0.0, 0.0, 1.0, 0.0, 0.0, 0.0 ], [ 0.025044558826149702, 0.23495881530251353, 0.0, 0.10496474634806668, 0.3633670925307551, 0.0, 0.271664786992515, 0.0 ], [ 0.14733809306339038, 0.07228116123400162, 0.23850929103823967, 0.004587258375120655, 0.047463901236032585, 0.0, 0.276737856891116, 0.2130824381620991 ] ],
  "nextStepSeed" : 3831602198355161728
}