{
  "dtmc" : [ [ 0.0, 0.05346844796611154, 0.0, 0.18560707329984072, 0.18180939408827607, 0.0427678303622876, 0.171854780472435, 0.18077781303913917, 0.0, 0.13676311459403998, 0.0, 0.0469515461778699 ], [ 0.12139028857665878, 0.12682840744719262, 0.1039841202744173, 0.15849848666941554, 0.0, 0.12290562226712505, 0.10758943739182916, 0.16618255734762805, 0.0338789134115756, 0.044594269084277195, 0.014147897529880939, 0.0 ], [ 0.0, 0.048498686949837534, 0.0, 0.0372050691673837, 0.02048322587522384, 0.3276529310813592, 0.13722968318643816, 0.0, 0.13121761825185826, 0.2653600862830044, 0.01350001835538697, 0.01885268084950784 ], [ 0.0, 0.0, 0.0, 0.0, 0.0, 0.0, 0.0, 0.0, 1.0, 0.0, 0.0, 0.0 ], [ 0.0, 0.0, 0.0, 0.0, 0.0, 0.0, 0.2692066556507082, 0.3620291097697562, 0.3687642345795356, 0.0, 0.0, 0.0 ], [ 0.0, 0.0, 0.11906841002932661, 0.4031027625657305, 0.0, 0.0, 0.06679078093051036, 0.0, 0.41103804647443254, 0.0, 0.0, 0.0 ], [ 0.25052060817062854, 0.0, 0.0, 0.1843725472190827, 0.4013707737624298, 0.0, 0.0, 0.0, 0.0, 0.0, 0.0, 0.16373607084785893 ], [ 0.0, 0.11737180788708285, 0.15242645107553784, 0.060332711961747845, 0.0, 0.040773442402001585, 0.0, 0.05598935780097861, 0.07495392602573706, 0.1621794638386334, 0.17346008595138634, 0.16251275305689428 ], [ 0.10104865020749214, 0.09420752376344854, 0.07652153431069166, 0.15454088345442096, 0.12311242248135316, 0.05523415874087053, 0.06838767171052298, 0.09556109818276157, 0.06798948482033276, 0.0, 0.035570077912532756, 0.1278264944155728 ], [ 0.0, 0.0, 0.6092117178915545, 0.3907882821084455, 0.0, 0.0, 0.0, 0.0, 0.0, 0.0, 0.0, 0.0 ], [ 0.05530901499847296, 0.006158915468090962, 0.0, 0.16347060884289613, 0.04345930269722542, 0.13701383245503682, 0.0, 0.16300315857639083, 0.13391905911045485, 0.09374162811833328, 0.056396781319906934, 0.14752769841319185 ], [ 0.0, 0.0846470693084574, 0.02949611837803948, 0.15425956205408853, 0.10169161443697876, 0.16491739253385307, 0.029395022828294905, 0.05178184285187572, 0.16070457805687915, 0.09518944635180537, 0.11829090242642003, 0.009626450773307541 ] ],
  "nextStepSeed" : -6879961490559855079
}