{
  "dtmc" : [ [ 0.10498897919214792, 0.2849007875695076, 0.19223625352036355, 0.028041596143689344, 0.054665026619279765, 0.33516735695501176 ], [ 0.2621659332645259, 0.17949007473309156, 0.0, 0.27079218322341286, 0.04935258745269794, 0.23819922132627172 ], [ 0.0, 1.0, 0.0, 0.0, 0.0, 0.0 ], [ 0.0, 0.049442225182886726, 0.9505577748171132, 0.0, 0.0, 0.0 ], [ 0.0, 0.0, 0.0, 0.0, 0.0, 1.0 ], [ 0.11091048544748101, 0.110361724041275, 0.3111150730057945, 0.24421343840590487, 0.22339927909954466, 0.0 ] ],
  "nextStepSeed" : 3563475354782222876
}