{
  "dtmc" : [ [ 0.1685045173538901, 0.31082226828835796, 0.41124324595479367, 0.10942996840295821, 0.0 ], [ 0.35485911086012994, 0.0, 0.31700930403154454, 0.0, 0.32813158510832546 ], [ 0.28344679021483554, 0.0, 0.0, 0.1617925841964579, 0.5547606255887065 ], [ 0.0, 0.0, 0.15312575929223218, 0.0, 0.846874240707768 ], [ 0.0, 0.0, 0.0, 1.0, 0.0 ] ],
  "nextStepSeed" : 8966625487922338840
}