{
  "dtmc" : [ [ 0.46436446387564306, 0.03199458446893031, 0.0, 0.0, 0.4143892611054242, 0.0, 0.08925169055000243, 0.0, 0.0 ], [ 0.005979633062062247, 0.14220716487900628, 0.10583064045538375, 0.10758869973196866, 0.1886277734639988, 0.10411352794392631, 0.17851081470727426, 0.01929377067543935, 0.14784797508094039 ], [ 0.0, 0.21198255903626054, 0.0, 0.09412720486708992, 0.25437277578658807, 0.20232730837467358, 0.23719015193538787, 0.0, 0.0 ], [ 0.0, 0.0, 0.0, 0.0, 0.0, 1.0, 0.0, 0.0, 0.0 ], [ 0.0, 0.0, 0.0, 0.0, 0.0, 0.0, 0.26090521473660655, 0.0, 0.7390947852633935 ], [ 0.0, 0.3503443144005036, 0.1347224276384591, 0.18487206386406518, 0.3300611940969721, 0.0, 0.0, 0.0, 0.0 ], [ 0.033963894583489675, 0.02117872058079687, 0.23074321165097114, 0.09757230382767655, 0.08499994307392217, 0.06035584250810658, 0.0, 0.26060436885760546, 0.21058171491743158 ], [ 0.0, 0.2886932001263375, 0.0, 0.012796174242534673, 0.24839409150838992, 0.0, 0.21819466549410918, 0.15053812903117908, 0.08138373959744952 ], [ 0.0, 0.23084660703220827, 0.0, 0.0, 0.3483102998799978, 0.1713360126397904, 0.0, 0.0, 0.2495070804480036 ] ],
  "nextStepSeed" : -2357925334951403986
}