{
  "dtmc" : [ [ 0.0, 0.0866021099328809, 0.013563962363683624, 0.10145269486439722, 0.06393841034296856, 0.17058676620263757, 0.1462838854447432, 0.19897409972052998, 0.12476770692699485, 0.017843118359811443, 0.0, 0.07598724584135255 ], [ 0.13373919199898784, 0.0, 0.0, 0.0, 0.24848682723578194, 0.33007079489455254, 0.0, 0.2877031858706778, 0.0, 0.0, 0.0, 0.0 ], [ 0.08782794699785217, 0.19192068511140112, 0.09268960437482728, 0.08193849493810514, 0.07013090337621634, 0.13591904094725563, 0.0, 0.0, 0.037219909910035376, 0.0432351850575302, 0.09815605073093608, 0.16096217855584083 ], [ 0.04526989599245836, 0.17869945128337222, 0.0864113758247333, 0.029593057045189736, 0.0, 0.07566149164171275, 0.028828700637540464, 0.0, 0.23100443075812602, 0.0, 0.10809318408730499, 0.21643841272956224 ], [ 0.05429593988558899, 0.08586176898049633, 0.09388897932145822, 0.025635752475288178, 0.10391096202844399, 0.09956240983604629, 0.13927234317486223, 0.0637990138464572, 0.015920629893323397, 0.0813015680307396, 0.13833339320504082, 0.09821723932225479 ], [ 0.0, 0.0, 0.0, 0.0, 0.0, 0.0, 0.0, 0.20330423217136193, 0.33647067261982055, 0.09330895156849517, 0.0, 0.3669161436403224 ], [ 0.1616591282120254, 0.10219251895065003, 0.0, 0.0, 0.14835164954867855, 0.05560503728254631, 0.14312713858135628, 0.16659777214721064, 0.12478736980978365, 0.0, 0.08832241873483908, 0.009356966732909849 ], [ 0.0, 0.12570250999862995, 0.07890969904853559, 0.10396692832639805, 0.1591447276942532, 0.1447501068782973, 0.16050567666875853, 0.0, 0.0, 0.15763177181348273, 0.0, 0.06938857957164477 ], [ 0.0, 1.0, 0.0, 0.0, 0.0, 0.0, 0.0, 0.0, 0.0, 0.0, 0.0, 0.0 ], [ 0.024563325227193254, 0.024831856661457853, 0.10798429226828953, 0.041920442097387024, 0.18184775776961803, 0.009537397294646179, 0.14543753986852268, 0.16002072790594907, 0.04217395987023391, 0.06638309044286791, 0.06657010684128606, 0.12872950375254866 ], [ 0.33776695846316324, 0.0, 0.0, 0.0, 0.0, 0.0, 0.0, 0.0, 0.0, 0.544327958592425, 0.0, 0.11790508294441163 ], [ 0.0, 0.22333244668091276, 0.2008176496122526, 0.0, 0.0, 0.18333645582789643, 0.02331500791688844, 0.05811543119486766, 0.13941331997496043, 0.11924635655358155, 0.05242333223864015, 0.0 ] ],
  "nextStepSeed" : -2766644481460207090
}