{
  "dtmc" : [ [ 0.10033561345205144, 0.0, 0.17050913600412282, 0.18282542509490896, 0.06116858079666339, 0.14135000465182146, 0.17001730357303635, 0.17379393642739555 ], [ 0.2676548334597482, 0.0, 0.16080141730283604, 0.15554728869222254, 0.005920265675113583, 0.17730206045889055, 0.23277413441118897, 0.0 ], [ 0.13876942801246542, 0.1830228696265029, 0.29532423080278847, 0.19560602937565472, 0.0, 0.016719871570095416, 0.17055757061249313, 0.0 ], [ 0.0, 0.0, 0.8306682283427593, 0.0445589633331717, 0.0, 0.1014210650166402, 0.023351743307428726, 0.0 ], [ 0.5636449395534655, 0.0, 0.0, 0.0, 0.0, 0.0, 0.3963376830455681, 0.0400173774009664 ], [ 0.0, 0.0, 0.8386144788284349, 0.0, 0.0, 0.16138552117156513, 0.0, 0.0 ], [ 0.1844195756606763, 0.0, 0.1065474239421482, 0.12673168444355093, 0.0, 0.4857730584688319, 0.0, 0.09652825748479268 ], [ 0.045776501068687164, 0.08503231949681354, 0.1927617546298316, 0.006310848435561528, 0.11789061536451913, 0.14145509533996117, 0.17829489628279457, 0.23247796938183118 ] ],
  "nextStepSeed" : 7022373148808476951
}