{
  "dtmc" : [ [ 0.0, 0.0, 0.36472328566407886, 0.0, 0.31319099759674185, 0.3116786006404153, 0.010407116098763972, 0.0, 0.0 ], [ 0.107001482655081, 0.16606283609849004, 0.059573678622275535, 0.18908530799192877, 0.030170672663590643, 0.08104297753973813, 0.16897290306156387, 0.12407364212358507, 0.07401649924374688 ], [ 0.0, 0.0, 0.09655849982458041, 0.0, 0.5889827148301622, 0.31445878534525745, 0.0, 0.0, 0.0 ], [ 0.16537100856798626, 0.03226190330629483, 0.20386138891135253, 0.031510150089490235, 0.25375638794956723, 0.06608469151531769, 0.0447687314727178, 0.06311972653611685, 0.13926601165115648 ], [ 0.1617941933225422, 0.12057697942765527, 0.17231245842286202, 0.0, 0.03364323265810626, 0.10255448055516672, 0.2472265181087638, 0.026198813619762222, 0.1356933238851414 ], [ 0.24903583205554303, 0.0, 0.3025728777841621, 0.0, 0.0, 0.0, 0.0, 0.0, 0.4483912901602949 ], [ 0.0, 0.576851467558254, 0.16038696424828425, 0.0, 0.21640456681068074, 0.0, 0.04635700138278106, 0.0, 0.0 ], [ 0.06793484942838454, 0.1526050278354449, 0.1362468808833942, 0.2283386001675582, 0.0832185474606533, 0.01359449872568031, 0.15334372465619872, 0.025443264341188685, 0.13927460650149726 ], [ 0.0, 0.0, 0.0, 0.0, 0.0, 0.0, 1.0, 0.0, 0.0 ] ],
  "nextStepSeed" : -5430356632636434965
}