{
  "dtmc" : [ [ 0.08179651983849898, 0.3381296935887218, 0.0, 0.0, 0.28140342578441463, 0.2986703607883647 ], [ 0.22147295948832463, 0.057533518148389085, 0.11974302636155094, 0.25271552903963895, 0.15406035549770597, 0.19447461146439038 ], [ 0.024661379395049594, 0.0, 0.0, 0.0, 0.9753386206049504, 0.0 ], [ 0.3002174801865923, 0.0, 0.0, 0.3062269088100482, 0.10410556986497525, 0.28945004113838424 ], [ 0.5256128203290088, 0.0, 0.011751629325514365, 0.11850541569502926, 0.3441301346504476, 0.0 ], [ 0.0, 0.0, 0.0, 0.1719523527664493, 0.47657792790415787, 0.3514697193293929 ] ],
  "nextStepSeed" : -4258511636707360535
}