{
  "dtmc" : [ [ 0.0038094857441464632, 0.1146997871720303, 0.04499624777092077, 0.13232223785360128, 0.16999386039093656, 0.20896461691511026, 0.034398826636555906, 0.15189743960536847, 0.131055055167444, 0.007862442743886238 ], [ 0.0, 0.0, 0.0, 0.06735186922050602, 0.0, 0.0, 0.0, 0.0, 0.0, 0.9326481307794939 ], [ 0.0, 0.0, 0.0, 0.0, 0.0, 1.0, 0.0, 0.0, 0.0, 0.0 ], [ 0.0, 0.0, 0.0, 0.0, 0.0, 0.0, 0.0, 0.5407426448244297, 0.3163479159776976, 0.1429094391978727 ], [ 0.09310936612858466, 0.1390471231920827, 0.0, 0.018553160007611095, 0.23113085164175265, 0.1509231322276717, 0.09232511586710611, 0.0, 0.0, 0.27491125093519103 ], [ 0.737799365634432, 0.08208822625496144, 0.0, 0.0, 0.0, 0.18011240811060655, 0.0, 0.0, 0.0, 0.0 ], [ 0.0, 0.0, 1.0, 0.0, 0.0, 0.0, 0.0, 0.0, 0.0, 0.0 ], [ 0.0, 0.0, 0.5526007807107142, 0.0, 0.0, 0.0, 0.4473992192892859, 0.0, 0.0, 0.0 ], [ 0.11798746325829287, 0.1463749890066852, 0.01438823824818477, 0.020058740934337217, 0.07873723210015515, 0.0016462305994708899, 0.21299249574351797, 0.1726786081242354, 0.18429930295685729, 0.05083669902826308 ], [ 0.0, 0.0, 0.0, 0.0, 0.0, 0.5517688792837044, 0.4482311207162956, 0.0, 0.0, 0.0 ] ],
  "nextStepSeed" : 7326719922025786602
}