{
  "dtmc" : [ [ 0.18164941810001287, 0.09981646914706084, 0.055247997631345754, 0.15117425398728793, 0.20555844118153696, 0.14655703626291944, 0.03437044093580672, 0.014919897749477067, 0.11070604500455236 ], [ 0.0, 0.0, 0.0, 0.0, 0.3954821140085003, 0.0, 0.0, 0.6045178859914998, 0.0 ], [ 0.0, 0.0, 0.0, 0.0, 0.371785134840245, 0.0, 0.0, 0.039509342271376695, 0.5887055228883783 ], [ 0.208669319065548, 0.10780729170218466, 0.0, 0.0, 0.0, 0.0, 0.17559842452854307, 0.2769018709925671, 0.23102309371115723 ], [ 0.06844984139563215, 0.08398705264357006, 0.0, 0.2567087952401121, 0.15848613983172347, 0.0, 0.15736649203689332, 0.12775825261924206, 0.14724342623282688 ], [ 0.19174801045958895, 0.1146717226598815, 0.03636556559950209, 0.16913926767408768, 0.0, 0.20587394247412155, 0.07325263360493052, 0.19532831514533547, 0.01362054238255225 ], [ 0.1344985291745999, 0.12469941128152492, 0.17264791631612222, 0.007717738552449816, 0.16999323219226667, 0.030224038849059724, 0.12986523373265554, 0.21096543919541844, 0.019388460705902687 ], [ 0.0, 0.0, 0.0, 0.0, 0.19830673832709766, 0.0, 0.06173958898472423, 0.37327646701072376, 0.3666772056774543 ], [ 0.0, 0.0, 0.0, 0.41182812516186956, 0.0, 0.0, 0.0, 0.5881718748381304, 0.0 ] ],
  "nextStepSeed" : 2304576356915280927
}