{
  "dtmc" : [ [ 0.39091532954014174, 0.0, 0.3968113715642196, 0.2122732988956387, 0.0 ], [ 0.49640982347578316, 0.0, 0.0, 0.5035901765242169, 0.0 ], [ 0.14625461710694118, 0.09978967226505624, 0.1229061095996268, 0.08772683101889628, 0.5433227700094794 ], [ 0.0, 0.0, 1.0, 0.0, 0.0 ], [ 0.0, 0.0, 0.2079591003618306, 0.7920408996381694, 0.0 ] ],
  "nextStepSeed" : -7140431478878820766
}