{
  "dtmc" : [ [ 0.35298796638943086, 0.10139465547698638, 0.23409317910444985, 0.0, 0.3115241990291328 ], [ 0.0, 0.0, 0.0, 0.5443371504348788, 0.45566284956512115 ], [ 0.0, 0.38827008076799796, 0.18833963762841296, 0.13105137073444914, 0.29233891086914 ], [ 0.48867566794985845, 0.5113243320501416, 0.0, 0.0, 0.0 ], [ 0.0, 0.19406199985777078, 0.0, 0.39621732783135116, 0.40972067231087794 ] ],
  "nextStepSeed" : 8503552542174228671
}