{
  "dtmc" : [ [ 0.46966040599372905, 0.0, 0.0, 0.0, 0.0, 0.0, 0.0, 0.0, 0.530339594006271, 0.0, 0.0, 0.0, 0.0 ], [ 0.0, 0.0, 0.0, 0.10901214850160368, 0.3345521559276645, 0.30470437809686535, 0.0, 0.0, 0.18406918818656892, 0.0, 0.0, 0.06766212928729752, 0.0 ], [ 0.0, 0.0, 0.0, 0.0, 0.0, 0.0, 1.0, 0.0, 0.0, 0.0, 0.0, 0.0, 0.0 ], [ 0.1388082138075853, 0.015036545474325702, 0.0773565853968703, 0.0, 0.21800914060654022, 0.020070278297413768, 0.0, 0.14774874270652702, 0.07529068634969181, 0.01880125135069332, 0.0, 0.2888785560103525, 0.0 ], [ 0.10095805483058987, 0.06636821500007542, 0.12893106823737094, 0.0, 0.0878183129071601, 0.09214508177977057, 0.02191447576755574, 0.10086719198811075, 0.11859286878071422, 0.11196086793286142, 0.09405791360609071, 0.030348231732140945, 0.0460377174375593 ], [ 0.0, 0.28777617520893123, 0.10313544810292974, 0.0, 0.021786743496620964, 0.0, 0.0, 0.2899531144642316, 0.0, 0.19946556397204027, 0.03413809437983294, 0.06374486037541315, 0.0 ], [ 0.0, 0.06648029445764822, 0.10400579912246577, 0.09302932384647192, 0.041332355201319664, 0.10825938977284748, 0.12636146096623022, 0.08742798052029423, 0.12523043546264165, 0.0, 0.09755699195338152, 0.042831209314694065, 0.10748475938200523 ], [ 0.0, 0.1514746343149289, 0.13688302741585082, 0.0, 0.0, 0.006966745452095238, 0.15665824363459488, 0.0038224578151097384, 0.0, 0.21482726121834342, 0.0, 0.1984229590620595, 0.1309446710870176 ], [ 0.0, 0.05848110982417111, 0.15433863465920752, 0.06593291527634233, 0.0, 0.0, 0.0, 0.0826209276976117, 0.16763009434368764, 0.1793654873766155, 0.0, 0.19524566220368775, 0.09638516861867645 ], [ 0.0, 0.24737215604867344, 0.0, 0.0, 0.0, 0.02236631842753953, 0.20601353880319126, 0.0, 0.16867798607608173, 0.19726121392986176, 0.0, 0.1583087867146523, 0.0 ], [ 0.19727188325967707, 0.0, 0.0, 0.0, 0.07240675439729752, 0.16598545085078534, 0.0, 0.1610706999080745, 0.1433803584189922, 0.18384451513252387, 0.0, 0.0, 0.07604033803264969 ], [ 0.0, 0.049851014693978575, 0.0591790235244944, 0.18244832017649174, 0.008601453961791366, 0.10643291885397758, 0.030732618717399452, 0.041613251167399994, 0.08262056024602236, 0.19228688327476284, 0.13424977422453757, 0.09797099088071835, 0.014013190278425543 ], [ 0.23750965751634487, 0.0, 0.34068157114748454, 0.0, 0.0, 0.08705812708579798, 0.0, 0.0, 0.0, 0.0, 0.2901349970832987, 0.04461564716707386, 0.0 ] ],
  "nextStepSeed" : -1147292360788149099
}