{
  "dtmc" : [ [ 0.0934408444903987, 0.0, 0.15354910960765975, 0.22391223404578867, 0.040866691213872576, 0.10703755136931087, 0.1613318465452836, 0.041969530328396495, 0.17789219239928927 ], [ 0.1889399093605312, 0.22777826302349832, 0.003559424437300917, 0.04820772837989824, 0.15603173096676476, 0.06361275999918796, 0.031285450856250535, 0.07436158385261216, 0.20622314912395587 ], [ 0.0, 0.0, 0.0, 0.36877146929829974, 0.0, 0.0, 0.0, 0.32186610436252455, 0.3093624263391757 ], [ 0.0, 0.7739032903355747, 0.22609670966442527, 0.0, 0.0, 0.0, 0.0, 0.0, 0.0 ], [ 0.0, 0.0, 0.0, 0.0, 0.0, 0.2541282630874849, 0.3199493407104661, 0.3253449254340633, 0.10057747076798577 ], [ 0.06138544760539603, 0.1796053338627673, 0.0917536517121876, 0.0, 0.014990086454814366, 0.11110309783266185, 0.2024677297341968, 0.20050034998193747, 0.13819430281603867 ], [ 0.0, 0.0, 0.0, 1.0, 0.0, 0.0, 0.0, 0.0, 0.0 ], [ 0.031206555903282123, 0.09956584655506588, 0.18562616095578127, 0.18226876002485579, 0.15059822127360206, 0.1505834686097372, 0.17207046125828734, 0.028080525419388238, 0.0 ], [ 0.0, 0.01403954427537357, 0.15478254478950476, 0.0, 0.19516141676276796, 0.18344233074880853, 0.06651883459843712, 0.16140025002780053, 0.22465507879730756 ] ],
  "nextStepSeed" : 5228126657404311932
}