{
  "dtmc" : [ [ 0.04274613033612363, 0.11919997896529021, 0.14947796774148653, 0.22417878594303917, 0.0, 0.2660270853367679, 0.01685484593731029, 0.05099325410995221, 0.12895869214212416, 0.001563259487905803, 0.0, 0.0 ], [ 0.0, 0.0, 0.0, 0.0, 0.3219983677312538, 0.0, 0.0, 0.0, 0.365496146582534, 0.3125054856862122, 0.0, 0.0 ], [ 0.0, 0.020864008454584002, 0.0, 0.3809444131909727, 0.1861039002057633, 0.32051539786988736, 0.0, 0.09157228027879259, 0.0, 0.0, 0.0, 0.0 ], [ 0.08438450042787807, 0.04429534835401192, 0.09559001565714657, 0.0, 0.0783832284562561, 0.1340153431411568, 0.03320912808631318, 0.26617092011105903, 0.029779056825703632, 0.0, 0.2341724589404747, 0.0 ], [ 0.0, 0.0, 0.0, 0.0, 0.7771780133876572, 0.0, 0.0, 0.0, 0.0, 0.0, 0.22282198661234276, 0.0 ], [ 0.07882325591315871, 0.031297026940315664, 0.14090333371239436, 0.09588674354392185, 0.0, 0.14556347477819515, 0.16215276829723244, 0.0, 0.0, 0.1851547122238041, 0.1602186845909777, 0.0 ], [ 0.0, 0.0, 0.0026541695102560675, 0.0, 0.0, 0.13799802944694536, 0.5045874561648629, 0.0, 0.0, 0.0, 0.0, 0.3547603448779356 ], [ 0.07120436663778917, 0.15213823969360737, 0.08394729776868065, 0.0, 0.020523243672166323, 0.21673145616079809, 0.21470609227965834, 0.0, 0.1287537473347407, 0.040689145242086326, 0.0, 0.07130641121047303 ], [ 0.0, 0.0, 0.0, 1.0, 0.0, 0.0, 0.0, 0.0, 0.0, 0.0, 0.0, 0.0 ], [ 0.01989794026606494, 0.013858719932764236, 0.09195573724092707, 0.13338780241880235, 0.0663300870868276, 0.1397053546564532, 0.156899744350554, 0.07780314196664671, 0.0036638799522726324, 0.0, 0.1479360586427036, 0.1485615334859837 ], [ 0.20136192131940112, 0.0, 0.3323791910274182, 0.0, 0.0, 0.0, 0.0, 0.0, 0.23941817128173074, 0.22684071637145, 0.0, 0.0 ], [ 0.08730691276824318, 0.06408747465741176, 0.06999089868776476, 0.10333905035993252, 0.1230767698088029, 0.0, 0.10585757532025207, 0.12275472834967235, 0.04034289807366326, 0.058480495521174965, 0.12249134212418904, 0.10227185432889314 ] ],
  "nextStepSeed" : -5803982864790976180
}