{
  "dtmc" : [ [ 0.0992560497975093, 0.0, 0.0, 0.2071191485939981, 0.13398093049409399, 0.16427050318973666, 0.0, 0.0, 0.0, 0.17243497058315652, 0.22293839734150542 ], [ 0.0, 0.029488397561182992, 0.0028678734881578617, 0.1393166168583311, 0.0, 0.004567959439998286, 0.14742860247795406, 0.22625291953780438, 0.1146173235851465, 0.19731625758281712, 0.13814404946860767 ], [ 0.0, 0.0, 0.0, 0.4395696387893874, 0.0, 0.38255816464243064, 0.17787219656818207, 0.0, 0.0, 0.0, 0.0 ], [ 0.0, 0.5107479519523593, 0.0, 0.0, 0.1354363961718496, 0.3124904836591566, 0.0, 0.041325168216634504, 0.0, 0.0, 0.0 ], [ 0.1785912537955842, 0.2166742648588131, 0.02995497710677201, 0.0, 0.0022353041356900642, 0.11716139221551299, 0.134533812323012, 0.15405150666672482, 0.0, 0.1246428578073191, 0.042154631090571645 ], [ 0.01611621492443107, 0.1582052226355096, 0.09066875205583132, 0.05942026500241847, 0.19079344732719475, 0.09082909999635894, 0.0, 0.17152116683923282, 0.0, 0.14166364143319624, 0.08078218978582687 ], [ 0.0, 0.0, 0.03364106705728, 0.21695868938733995, 0.029397328897701167, 0.17969398793798216, 0.14237642757169663, 0.19703262837410587, 0.0, 0.2008998707738942, 0.0 ], [ 0.0, 0.0, 0.0, 0.0, 0.0, 0.3458119130537031, 0.0, 0.0, 0.0, 0.37565860450723365, 0.27852948243906317 ], [ 0.0, 0.0, 0.45626270800196567, 0.24915942727983117, 0.0, 0.08036608623262685, 0.0, 0.21421177848557643, 0.0, 0.0, 0.0 ], [ 0.0, 0.0, 0.0, 0.28442614850479975, 0.0, 0.1626811302567515, 0.0, 0.16245920483550605, 0.024589593758270824, 0.10642426867890209, 0.2594196539657699 ], [ 0.09734031933376346, 0.0, 0.0, 0.0, 0.0, 0.2860786391641954, 0.17985734300070558, 0.0, 0.16798176095730677, 0.0, 0.2687419375440289 ] ],
  "nextStepSeed" : -2135537783794238425
}