{
  "dtmc" : [ [ 0.009813156000129592, 0.2379458333459364, 0.17573392407252453, 0.04551040150716853, 0.24002288295815138, 0.2909738021160896 ], [ 0.5047166029536377, 0.0, 0.0, 0.0, 0.0, 0.49528339704636226 ], [ 0.14834974111860447, 0.0, 0.6537499317214837, 0.0, 0.19790032715991202, 0.0 ], [ 0.34633160252158973, 0.0, 0.1841311219889419, 0.4695372754894684, 0.0, 0.0 ], [ 0.0, 0.567873437106409, 0.0, 0.4321265628935909, 0.0, 0.0 ], [ 0.0, 0.0, 0.0809866762744764, 0.41246883213715996, 0.5065444915883637, 0.0 ] ],
  "nextStepSeed" : -5181703913810881884
}