{
  "dtmc" : [ [ 0.0, 0.2372948283371935, 0.5860187125871806, 0.0, 0.17668645907562583 ], [ 0.2318142424097551, 0.21492747245384447, 0.18779034404158815, 0.12832463710792083, 0.23714330398689132 ], [ 0.5899331859055073, 0.11772585474298335, 0.0, 0.0, 0.29234095935150944 ], [ 0.09391425071572723, 0.03898313773804889, 0.31971941716182783, 0.24636292086889294, 0.30102027351550315 ], [ 0.44134421807258367, 0.0, 0.0, 0.08122823715854499, 0.4774275447688714 ] ],
  "nextStepSeed" : -2284592974922048271
}