{
  "dtmc" : [ [ 0.15646849762447076, 0.2984008589189719, 0.18277829229951853, 0.14139037700337942, 0.22096197415365948 ], [ 0.29432660681626055, 0.27077787650966334, 0.12020544408798547, 0.18546959875457952, 0.12922047383151117 ], [ 0.0, 0.3485885068858224, 0.11609035196201609, 0.12454708318306836, 0.4107740579690932 ], [ 0.33332213289307033, 0.0, 0.0, 0.3013388803275463, 0.3653389867793834 ], [ 0.0, 0.0, 0.0, 0.9554615604216967, 0.04453843957830323 ] ],
  "nextStepSeed" : -5731022070878051122
}