{
  "dtmc" : [ [ 0.356569664340085, 0.0, 0.2270756793733212, 0.0, 0.0, 0.0, 0.20471112014621026, 0.0, 0.21164353614038361, 0.0, 0.0, 0.0 ], [ 0.0895181498491217, 0.0, 0.0459933801089518, 0.0, 0.16407305290124172, 0.08165653946085055, 0.22594500372440177, 0.007494881049884371, 0.10011150311604353, 0.21368926727813534, 0.0715182225113692, 0.0 ], [ 0.2137242722252643, 0.09031763129683217, 0.0, 0.0, 0.0, 0.2196081341420993, 0.01708481539124376, 0.15416017747580876, 0.20167932330838262, 0.0, 0.023651583593853172, 0.07977406256651591 ], [ 0.0, 0.0, 0.0, 0.0, 0.0, 0.0, 0.0, 0.0, 1.0, 0.0, 0.0, 0.0 ], [ 0.0, 0.0, 0.0, 0.0, 0.32701376170518026, 0.0, 0.0, 0.0, 0.3459470408176748, 0.0, 0.32703919747714505, 0.0 ], [ 0.0, 0.0, 0.0, 0.042212728057175394, 0.0, 0.19221553898631968, 0.3689016185925283, 0.35971096639003275, 0.0, 0.036959147973943826, 0.0, 0.0 ], [ 0.11087298705010362, 0.13649173403561157, 0.0025681194605868033, 0.1360663325149013, 0.08619204796271293, 0.01948547420240469, 0.07333680910060017, 0.005462009430538709, 0.10888302819448836, 0.12784251470936567, 0.09006258303167948, 0.10273636030700663 ], [ 0.0, 0.0, 0.5929427364187881, 0.10053859362284309, 0.0, 0.30651866995836874, 0.0, 0.0, 0.0, 0.0, 0.0, 0.0 ], [ 0.0, 0.27303474039486875, 0.38999843683812246, 0.0, 0.33696682276700884, 0.0, 0.0, 0.0, 0.0, 0.0, 0.0, 0.0 ], [ 0.0, 0.0, 0.0, 0.0, 0.413578368756728, 0.05885596351855649, 0.0, 0.0, 0.0, 0.0, 0.5190088362034276, 0.008556831521287925 ], [ 0.013704213329043162, 0.0, 0.06321218253998094, 3.54664019682476E-4, 0.1767485252366593, 0.1385690748975688, 0.1748274710802188, 0.06939130173892871, 0.04749656451030886, 0.004070444848731509, 0.17246161331793808, 0.13916394448093922 ], [ 0.03871154607176498, 0.15726615227003232, 0.0, 0.17163785531791922, 0.14510518747271214, 0.07327406656872543, 0.1530121551825554, 0.07381290117612845, 0.1323986025713379, 0.0, 0.0547815333688243, 0.0 ] ],
  "nextStepSeed" : 5595978109163438470
}