{
  "dtmc" : [ [ 0.001713316977161022, 0.1430316151078109, 0.01037238167131167, 0.16569821374109237, 0.19606615013394196, 0.25839221763454295, 0.22472610473413923 ], [ 0.4893001143013721, 0.0, 0.0, 0.0, 0.0, 0.0, 0.5106998856986279 ], [ 0.0, 0.0, 0.0, 0.6821442335136996, 0.0, 0.31785576648630043, 0.0 ], [ 0.18654426803436805, 0.0, 0.5142749094027308, 0.0, 0.03241382953259039, 0.26676699303031076, 0.0 ], [ 0.0, 0.0, 0.3511490099874203, 0.0, 0.0, 0.4737075484690831, 0.17514344154349654 ], [ 0.009593970799937825, 0.13171612350989986, 0.0, 0.14371711768079315, 0.0, 0.31621988787050637, 0.3987529001388628 ], [ 0.0, 0.7755080892336197, 0.0183230862820896, 0.0, 0.0, 0.2061688244842907, 0.0 ] ],
  "nextStepSeed" : -2698607171350672196
}