{
  "dtmc" : [ [ 0.8256276084092643, 0.0, 0.0, 0.0, 0.17437239159073573, 0.0 ], [ 0.11667614401500358, 0.0, 0.12468604758098978, 0.24243268772151308, 0.21092042276848566, 0.30528469791400786 ], [ 0.0, 0.0, 0.0, 0.0, 0.0, 1.0 ], [ 0.2754936505115015, 0.022729874829016783, 0.26093226790322566, 0.12439392376709539, 0.061548203689972866, 0.25490207929918773 ], [ 0.0, 0.0, 0.29223624193284925, 0.0, 0.13674271717967562, 0.5710210408874752 ], [ 0.0, 0.37887306261476766, 0.3493465350358087, 0.2717804023494237, 0.0, 0.0 ] ],
  "nextStepSeed" : 1721323059379048462
}