{
  "dtmc" : [ [ 0.1781350567357197, 0.2348473544326096, 0.23911322984378086, 0.02980005230080978, 0.0, 0.1440181237982615, 0.17408618288881858 ], [ 0.0, 0.0, 0.0, 0.1867517487928264, 0.137236682643229, 0.0, 0.6760115685639446 ], [ 0.12299797888744352, 0.18340913431874328, 0.0, 0.02839698250439869, 0.29030136553599173, 0.03569125202254346, 0.3392032867308793 ], [ 0.0, 0.0, 0.0, 0.0, 0.0, 0.0, 1.0 ], [ 0.17255312852915397, 0.19988535944317473, 0.11422688462013174, 0.2037082916700714, 0.17221881305729714, 0.012486073148589396, 0.12492144953158166 ], [ 0.0, 0.0, 0.0, 0.0, 0.46556335781117464, 0.0, 0.5344366421888254 ], [ 0.33118591223301563, 0.4485764930173483, 0.15687088931977147, 0.0, 0.06336670542986457, 0.0, 0.0 ] ],
  "nextStepSeed" : -306498666046812847
}