{
  "dtmc" : [ [ 0.0, 0.5050087698179839, 0.33730652030334013, 0.157684709878676, 0.0, 0.0 ], [ 0.07179269568505062, 0.0026613632331170377, 0.2742570253361183, 0.0, 0.37788665576589225, 0.2734022599798218 ], [ 0.0, 0.0, 0.0, 0.0, 1.0, 0.0 ], [ 0.0, 0.275117650611777, 0.0, 0.0, 0.30233760402309656, 0.4225447453651265 ], [ 0.0, 0.06174096771095148, 0.0, 0.0, 0.5490765485904541, 0.3891824836985944 ], [ 0.15232121288229067, 0.11177762010991737, 0.3437966496581022, 0.35907823725647187, 0.0, 0.03302628009321794 ] ],
  "nextStepSeed" : -7314756398017531123
}