{
  "dtmc" : [ [ 0.0, 0.0, 0.0, 0.0, 0.0, 1.0, 0.0, 0.0, 0.0, 0.0 ], [ 0.08277500049837135, 0.0, 0.0, 0.017481737091243763, 0.0, 0.12508082359258782, 0.08675724858661868, 0.16902073224404052, 0.22177132659749713, 0.2971131313896408 ], [ 0.0, 0.0, 0.0, 0.18901344981746507, 0.3750848175794493, 0.17213472688428563, 0.0, 0.10222406939907298, 0.16154293631972702, 0.0 ], [ 0.0, 0.0, 0.0, 0.0, 0.0, 0.0, 0.0, 1.0, 0.0, 0.0 ], [ 0.04928673722932074, 0.15672391104154382, 0.14879663860105458, 0.06095972997570397, 0.0, 0.06566445942644608, 0.1450330693015426, 0.21269866738410087, 0.008676964798667542, 0.15215982224161978 ], [ 0.25324096437764315, 0.12172084092342444, 0.0, 0.10282638273448955, 0.0, 0.12374950939136525, 0.21576094500426082, 0.059724581277463405, 0.07568277289158648, 0.04729400339976699 ], [ 0.12913460077853198, 0.11708536423930195, 0.13760342521890637, 0.088372198146582, 0.17187510920060095, 0.08853988916244296, 0.04965182804216892, 0.014694023290411393, 0.1342442045664186, 0.06879935735463494 ], [ 0.20317958308729434, 0.0, 0.06547480869954109, 0.15959639047808485, 0.14447558091696522, 0.0, 0.0, 0.13395073903409935, 0.29332289778401527, 0.0 ], [ 0.26916807414618055, 0.0, 0.0, 0.16411282742496602, 0.0, 0.3373214522266625, 0.229397646202191, 0.0, 0.0, 0.0 ], [ 0.0, 0.17087612978417682, 0.0, 0.0, 0.0, 0.16292560678888676, 0.058143470887381206, 0.23112742064380684, 0.17387782926272702, 0.20304954263302136 ] ],
  "nextStepSeed" : 4586804456193705298
}