{
  "dtmc" : [ [ 0.07954832749848358, 0.05406345453095485, 0.11220999772314494, 0.076848989367103, 0.14116011998441838, 0.0062573769198998345, 0.12041041267311006, 0.09394582150511448, 0.009478911859995063, 0.11305084184815124, 0.0, 0.19302574608962472 ], [ 0.0, 0.028714605514194948, 0.0, 0.0, 0.10501878553838505, 0.3811779473991289, 0.09515669921212111, 0.0, 0.0, 0.0, 0.0, 0.38993196233617006 ], [ 0.04168277704956544, 0.14830391555280445, 0.07819801138288697, 0.08076287728894815, 0.12683743954444346, 0.011212704726589648, 0.035974182084369206, 0.15182031123541576, 0.03182908358288636, 0.03210664341744483, 0.11745758210357718, 0.14381447203106845 ], [ 0.19504618788849176, 0.0, 0.0, 0.0, 0.12873634037198262, 0.3378250628743317, 0.0, 0.0, 0.0, 0.3383924088651938, 0.0, 0.0 ], [ 0.0, 0.0, 0.08560515912462607, 0.2802029902313843, 0.0, 0.1986678975520825, 0.0, 0.0, 0.23051422524706977, 0.0, 0.2050097278448373, 0.0 ], [ 0.19941376844199563, 0.15926281849689444, 0.06609384793219689, 0.010862788713150733, 0.05273688188134069, 0.04473106902558992, 0.0, 0.12784150885673023, 0.08857285015680753, 0.07981344822779046, 0.17067101826750353, 0.0 ], [ 0.1259247413865756, 0.006942551343288907, 0.21919363832591995, 0.052650298614287674, 0.16434173557513115, 0.0, 0.23952525372811118, 0.19142178102668553, 0.0, 0.0, 0.0, 0.0 ], [ 0.09852407603015044, 0.08771690988764146, 0.0455935042159048, 0.04733348032256937, 0.07861768734423562, 0.026288350846153618, 0.10393920850825039, 0.09746643347405952, 0.09642859786635485, 0.058354118828541524, 0.1219752784560542, 0.13776235422008432 ], [ 0.11692619769838358, 0.0, 0.0, 0.0, 0.24860495509450625, 0.22442945505862905, 0.17933243462882179, 0.0, 0.04764739513620098, 0.07301127727495069, 0.0, 0.11004828510850781 ], [ 0.0, 0.0, 0.0, 0.3760697157025551, 0.0, 0.0, 0.357735165273303, 0.0, 0.2661951190241419, 0.0, 0.0, 0.0 ], [ 0.0, 0.0, 0.04739322938991945, 0.0, 0.07078174189744707, 0.0, 0.2982660429704336, 0.47852516451456106, 0.0, 0.10503382122763874, 0.0, 0.0 ], [ 0.0, 0.43288005002824576, 0.0, 0.0, 0.0, 0.0, 0.0, 0.3726371763095147, 0.1944827736622396, 0.0, 0.0, 0.0 ] ],
  "nextStepSeed" : 8536122604984028108
}