{
  "dtmc" : [ [ 0.0, 0.17114814848064158, 0.0, 0.12638931039131465, 0.24433209621992968, 0.15184672363221977, 0.0, 0.04041850922855833, 0.0, 0.04078912000477755, 0.0, 0.0, 0.22507609204255843 ], [ 0.09534891848641974, 0.133406585490437, 0.0, 0.20021242775667406, 0.04662820586068986, 0.0, 0.32117920245773857, 0.0, 0.0, 0.03250802082356041, 0.10091611000793506, 0.020329083118009763, 0.0494714459985353 ], [ 0.07874295037754366, 0.0, 0.07417990384213054, 0.07478018585261936, 0.1510687351652343, 0.15705377571653373, 0.005229779480571612, 0.07826391083177783, 0.08653633540801295, 0.06635196197489826, 0.0, 0.08217856216744301, 0.1456138991832348 ], [ 0.36084553776813993, 0.04101044517517173, 0.0, 0.16412010845367977, 0.0, 0.0, 0.0050621375392971265, 0.0, 0.11997611512619512, 0.0, 0.06981876908839327, 0.0, 0.23916688684912307 ], [ 0.0, 0.16378641327406568, 0.0, 0.0636945003672424, 0.028133863703060362, 0.0, 0.0, 0.18857548226483561, 0.10417980282260972, 0.22381610100033986, 0.0, 0.0, 0.22781383656784632 ], [ 0.07627213050612176, 0.0, 0.0, 0.2311932279940179, 0.0, 0.0, 0.33296068845642024, 0.0, 0.3143884293528758, 0.04518552369056426, 0.0, 0.0, 0.0 ], [ 0.017825548200044318, 0.0, 0.16308436386643418, 0.1021384848801728, 0.2028321832916749, 0.02705629955638345, 0.0, 0.21076387536032465, 0.0, 0.10759259707244374, 0.026402994006730397, 0.08094435865372883, 0.06135929511206269 ], [ 0.0, 0.12586301855704576, 0.0, 0.11769668946666503, 0.11767277561953089, 0.1499893796190797, 0.044651843752955896, 0.0, 0.0, 0.14963218893164415, 0.15590074245555738, 0.0, 0.13859336159752114 ], [ 0.2404303624701431, 0.2670143535836615, 0.0, 0.0, 0.0, 0.0, 0.0, 0.02131100623441611, 0.09065650046001666, 0.053141683105647854, 0.06202880888280418, 0.0, 0.26541728526331065 ], [ 0.0, 0.0, 0.0499687043538335, 0.22464816913688807, 0.0, 0.1357153130809664, 0.07858799316586128, 0.20062399500422246, 0.013433327216258317, 0.0918160551942017, 0.0, 0.0, 0.2052064428477682 ], [ 0.0, 0.0, 0.5700330112015456, 0.0, 0.0, 0.0, 0.0, 0.2048739861485361, 0.0, 0.0, 0.22509300264991836, 0.0, 0.0 ], [ 0.15585102024572411, 0.17077264116490745, 0.03351876105360685, 0.11501859192814205, 0.2115370955518336, 0.06216994024580996, 0.14701394467976195, 0.0, 0.0, 0.010344342090948661, 0.0, 0.0, 0.09377366303926535 ], [ 0.0, 0.0, 0.0, 0.0, 0.0, 0.0, 0.0, 0.0, 0.0, 0.0, 0.0, 1.0, 0.0 ] ],
  "nextStepSeed" : 6715823117222590164
}