{
  "dtmc" : [ [ 0.0, 0.0, 0.07532973025365695, 0.3403730892772002, 0.04251813777587782, 0.4767780984390057, 0.06500094425425931, 0.0 ], [ 0.09435296471289839, 0.0, 0.1525903532899488, 0.04108391658113882, 0.10313123859400497, 0.1408925464019716, 0.23457155438439112, 0.23337742603564626 ], [ 0.16899640111621156, 0.5527152943810759, 0.0, 0.14581703038743973, 0.13247127411527282, 0.0, 0.0, 0.0 ], [ 0.0, 0.0, 1.0, 0.0, 0.0, 0.0, 0.0, 0.0 ], [ 0.3968018845650055, 0.1257354105059288, 0.0, 0.45438473980817384, 0.0, 0.0, 0.023077965120891872, 0.0 ], [ 0.15960609970369352, 0.0, 0.2593104503656882, 0.07827858631665559, 0.018467591706230028, 0.0, 0.2664740612548497, 0.21786321065288292 ], [ 0.023665662680270528, 0.2505126602131483, 0.0, 0.2227342980882696, 0.06777264405283476, 0.2218692572556893, 0.15923907502209356, 0.05420640268769392 ], [ 0.08158628384431586, 0.15702139905654572, 0.0, 0.14226125918345017, 0.0, 0.2369752749460354, 0.25992388900310814, 0.12223189396654467 ] ],
  "nextStepSeed" : 781134249914712034
}