{
  "dtmc" : [ [ 0.0, 0.0, 0.0328532908957953, 0.11634465016918272, 0.1907110171724208, 0.2014592802692515, 0.0, 0.1682974176950524, 0.21793133458121916, 0.0, 0.0, 0.07240300921707811, 0.0 ], [ 0.0, 0.043398102261935335, 0.18779046740093078, 0.13193358278883757, 0.0, 0.1377930182905595, 0.0, 0.0, 0.0, 0.0, 0.2994559668368767, 0.19962886242086, 0.0 ], [ 0.05447606334525973, 0.0, 0.05138255550294952, 0.13365919110631697, 0.009788651598300684, 0.07371989689828673, 0.03344315880185104, 0.19001160529445568, 0.01423141076868037, 0.03100372195137032, 0.057428977058506414, 0.15676138969035985, 0.19409337798366266 ], [ 0.0, 0.0, 0.0, 0.19075191563712765, 0.0, 0.6834886119532737, 0.0, 0.0, 0.0, 0.0, 0.0, 0.0, 0.12575947240959864 ], [ 0.10293664196935792, 0.0, 0.0, 0.20232805449359392, 0.0, 0.0, 0.18751092877816183, 0.039534348829593675, 0.17853320094833924, 0.20087630617230445, 0.0, 0.08828051880864904, 0.0 ], [ 0.04736858876831295, 0.0, 0.0, 0.1769900398575715, 0.19456746601904998, 0.005588011805713238, 0.12384898170570326, 0.0834492213569579, 0.023591843841949983, 0.07643969155661903, 0.1996373967139693, 0.0, 0.06851875837415294 ], [ 0.13441457603353074, 0.1317982592264736, 0.1168095160325881, 0.1150013537951552, 0.14444961110791119, 0.13696116077680545, 0.04242626835468535, 0.03181055643148544, 0.0, 0.0, 0.0, 0.14632869824136494, 0.0 ], [ 0.0, 0.0, 0.1094137000797198, 0.0, 0.3913524930894596, 0.4039573844743228, 0.0, 0.09527642235649784, 0.0, 0.0, 0.0, 0.0, 0.0 ], [ 0.1620010572845694, 0.29299567580975266, 0.0, 0.22543848788808202, 0.0, 0.0, 0.0, 0.0, 0.07864445649023864, 0.0, 0.0, 0.0, 0.24092032252735743 ], [ 0.069833936878763, 0.0, 0.1845387911315248, 0.1991712588355977, 0.0, 0.0660257006815838, 0.22507215225803515, 0.10198971089281071, 0.15336844932168478, 0.0, 0.0, 0.0, 0.0 ], [ 0.0, 0.0609325332686826, 0.06216305457685439, 0.16846674830673786, 0.0, 0.2616796643719185, 0.06584516643575063, 0.0, 0.1450240418194482, 0.23588879122060782, 0.0, 0.0, 0.0 ], [ 0.10828877791362039, 0.0, 0.09522763603381455, 0.1118038800080342, 0.0, 0.0, 0.03764064764022147, 0.16870313119105762, 0.08180618375285244, 0.0, 0.1156826728460596, 0.158463561597883, 0.12238350901645675 ], [ 0.0, 1.0, 0.0, 0.0, 0.0, 0.0, 0.0, 0.0, 0.0, 0.0, 0.0, 0.0, 0.0 ] ],
  "nextStepSeed" : 8753786859361854646
}