{
  "dtmc" : [ [ 0.0, 0.09107846710115683, 0.1915329536511053, 0.036267761160151936, 0.05238639336321424, 0.07529497849313938, 0.0, 0.16682840745491276, 0.1909685558847278, 0.0, 0.0, 0.19564248289159178, 0.0 ], [ 0.0019049124665204385, 0.06238255015747335, 0.1183988492944876, 0.19691681094431343, 0.0, 0.13312670042737496, 0.17780645384516, 0.0, 0.0507496135052165, 0.0, 0.005826424485578828, 0.19259628266363668, 0.06029140221023811 ], [ 0.0, 0.0, 0.26239398659954727, 0.0, 0.0, 0.0, 0.0, 0.7376060134004527, 0.0, 0.0, 0.0, 0.0, 0.0 ], [ 0.032787841214505196, 0.14908219834091035, 0.07967274184101687, 0.0, 0.2169011366027308, 0.22811128897951471, 0.0, 0.0, 0.0, 0.048684124521052, 0.0, 0.24476066850027006, 0.0 ], [ 0.0, 0.0, 0.7415318601284918, 0.0, 0.0, 0.0, 0.0, 0.0, 0.0, 0.0, 0.0, 0.0, 0.25846813987150813 ], [ 0.0, 0.0, 0.0, 0.0, 0.0, 0.0, 1.0, 0.0, 0.0, 0.0, 0.0, 0.0, 0.0 ], [ 0.0020177323683616415, 0.1833004864261969, 0.0, 0.1388492610906051, 0.02347064514778736, 0.11046568339513142, 0.12359451383065666, 0.19312276423440983, 0.0, 0.16536917642661003, 0.021606634215370586, 0.0, 0.03820310286487033 ], [ 0.0, 0.5910478476695818, 0.0, 0.0, 0.0, 0.0, 0.0, 0.0, 0.0, 0.0, 0.22070129931684865, 0.18825085301356953, 0.0 ], [ 0.07367053531125851, 0.09507360999038246, 0.14027071152100157, 0.10306000744782375, 0.1414857922285689, 0.11918175034738122, 0.0, 0.1008590605611902, 0.004068551330895022, 0.1109108230954467, 0.044927994430031766, 0.06649116373601988, 0.0 ], [ 0.0, 0.0, 0.0, 0.0, 0.0, 0.3636850451079552, 0.01182218694210425, 0.3234032172149571, 0.0, 0.25528143289674843, 0.0, 0.04580811783823516, 0.0 ], [ 0.0, 0.0, 0.0, 0.0, 0.0, 0.0, 0.0, 0.0, 1.0, 0.0, 0.0, 0.0, 0.0 ], [ 0.0, 0.0, 0.0, 0.0, 0.0, 0.0, 0.0, 0.0, 1.0, 0.0, 0.0, 0.0, 0.0 ], [ 0.0, 0.0, 0.0, 0.0, 0.0, 0.34571955684043376, 0.0, 0.0, 0.0, 0.10384052508920401, 0.2632603185361786, 0.0, 0.28717959953418354 ] ],
  "nextStepSeed" : 1725699488359650835
}