{
  "dtmc" : [ [ 0.0, 0.0, 0.0, 0.0, 1.0, 0.0, 0.0, 0.0, 0.0, 0.0, 0.0, 0.0, 0.0, 0.0 ], [ 0.1633118116354526, 0.21511719524014425, 0.14078052555567727, 0.16352408645808408, 0.07118857437121487, 0.0, 0.0, 0.0, 0.0, 0.0, 0.0, 0.036867136958626236, 0.0, 0.20921066978080066 ], [ 0.0, 0.0, 0.0, 0.0, 0.0, 0.0, 0.0, 0.0, 0.0, 0.0, 0.35794431309559227, 0.2628289608318675, 0.3792267260725402, 0.0 ], [ 0.0, 0.09009488212609976, 0.176511391226157, 0.13573333290960823, 0.20808755863478132, 0.0, 0.0, 0.0235955584376628, 0.0, 0.0, 0.12530122883875447, 0.22380261102218724, 0.01687343680474899, 0.0 ], [ 0.0, 0.058630989914778844, 0.15948532807598045, 0.08327822878208704, 0.0, 0.026686637488557895, 0.06993338700787075, 0.18652614425054412, 0.0, 0.04581474375354034, 0.0, 0.1456864152569464, 0.209420819035366, 0.014537306434328354 ], [ 0.2444923069706384, 0.0, 0.0, 0.1375963137022096, 0.14039354099693285, 0.17541123560051555, 0.0, 0.0, 0.0480387278338773, 0.004210606639826429, 0.13463403605770358, 0.11498868704406158, 0.0, 2.3454515423471315E-4 ], [ 0.0, 0.09024870991221642, 0.19073967600826544, 0.0, 0.0, 0.2262135024072267, 0.0, 0.08585572546445726, 0.0, 0.0, 0.2017581667683682, 0.0, 0.20518421943946605, 0.0 ], [ 0.0, 0.28826451738994097, 0.0, 0.1968580280440794, 0.0, 0.2590202049076036, 0.0, 0.0, 0.0, 0.0, 0.0, 0.255857249658376, 0.0, 0.0 ], [ 0.14398282692421835, 0.1208878023128273, 0.0657948027395038, 0.0, 0.19224396446826236, 0.0, 0.0, 0.0, 0.03994954969811511, 0.0, 0.20982989209933994, 0.06932820896615108, 0.08459362896769358, 0.07338932382388849 ], [ 0.0, 0.0, 0.0, 0.0, 0.36133739960997835, 0.0, 0.0, 0.0, 0.34381382971600744, 0.0, 0.0, 0.0, 0.0, 0.2948487706740141 ], [ 0.17195749867361484, 0.16366213276149408, 0.0, 0.0, 0.11826950928767242, 0.0, 0.0, 0.0, 0.23218909864860193, 0.0, 0.14765661671542435, 0.16626514391319255, 0.0, 0.0 ], [ 0.07977532578450296, 0.14944900026593097, 0.005259683566034286, 0.02637897464002518, 0.06534229288578887, 0.12029496041908515, 0.07500586198377214, 0.11055491815501936, 0.0, 0.10427701269892732, 0.09091041655555442, 0.08167244062853413, 0.05334163170477519, 0.03773748071204999 ], [ 0.0, 0.0, 0.0, 0.0, 0.0, 0.0, 0.42840713670979497, 0.0, 0.0, 0.0, 0.5715928632902051, 0.0, 0.0, 0.0 ], [ 0.0, 0.0, 0.11371489800292421, 0.5119893687529973, 0.0, 0.0, 0.0, 0.0, 0.06566948126934198, 0.0, 0.3086262519747365, 0.0, 0.0, 0.0 ] ],
  "nextStepSeed" : -3575918201547246780
}