{
  "dtmc" : [ [ 0.22048334568400682, 0.24774460219618666, 0.0, 0.5087676987591426, 0.0, 0.0, 0.0, 0.02300435336066384 ], [ 0.0, 0.6870433634788262, 0.0, 0.0, 0.3129566365211739, 0.0, 0.0, 0.0 ], [ 0.0, 0.9595111819475762, 0.0, 0.040488818052423756, 0.0, 0.0, 0.0, 0.0 ], [ 0.0, 0.0, 0.0, 0.0, 0.0, 0.5259236290897352, 0.47407637091026483, 0.0 ], [ 0.0, 0.0, 0.0, 0.0, 0.0, 0.0, 0.5760926269683755, 0.42390737303162446 ], [ 0.026717668442331276, 0.2082158534912671, 0.1529598195150559, 0.045975383020442316, 0.24571810504389074, 0.0, 0.07721860751386696, 0.2431945629731457 ], [ 0.01237025679474794, 0.17473389961267138, 0.1959871389835267, 0.09400171168248872, 0.035004546863169686, 0.06539913143514692, 0.23798608867578497, 0.18451722595246373 ], [ 0.011224063085876479, 0.0, 0.0, 0.0, 0.575807537261053, 0.0, 0.0, 0.4129683996530704 ] ],
  "nextStepSeed" : -6752081424326129926
}