{
  "dtmc" : [ [ 0.13961625282552476, 0.0, 0.21866425368264253, 0.0, 0.16352061824281983, 0.09418435507716923, 0.0, 0.1721014083646676, 0.0, 0.21191311180717606 ], [ 0.32875930557968797, 0.0, 0.0, 0.0, 0.0, 0.0, 0.0, 0.0, 0.6712406944203121, 0.0 ], [ 0.25618344546518124, 0.6582764086384326, 0.0, 0.08554014589638623, 0.0, 0.0, 0.0, 0.0, 0.0, 0.0 ], [ 0.0, 0.1130311084415643, 0.04261529140399123, 0.0, 0.18798725728336124, 0.28464460314639767, 0.2312384649518622, 0.0, 0.03439553186065064, 0.10608774291217286 ], [ 0.0, 1.0, 0.0, 0.0, 0.0, 0.0, 0.0, 0.0, 0.0, 0.0 ], [ 0.0, 0.010260857216885947, 0.05922541259968318, 0.06668443699122827, 0.16014091891021123, 0.22477913808865377, 0.0013030935749329987, 0.09699945673162902, 0.15876140700731878, 0.22184527887945688 ], [ 0.1470274553479477, 0.06725726807594803, 0.1069574119821822, 0.1122354652852818, 0.08357303024069662, 0.11907068272834335, 0.054388409082487175, 0.05726630244875157, 0.1554501580964301, 0.09677381671193133 ], [ 0.0, 0.0, 0.0, 0.0, 0.0, 0.0, 0.0, 0.0, 0.0, 1.0 ], [ 0.0, 0.21914274427834424, 0.22407772597845588, 0.0, 0.0, 0.052838053161299664, 0.0, 0.11737938146588724, 0.28801233334626214, 0.09854976176975087 ], [ 0.10048862452299966, 0.0, 7.753578444975824E-4, 0.0, 0.3544340683266739, 0.16246502800088203, 0.3219596367935169, 0.0, 0.05987728451142995, 0.0 ] ],
  "nextStepSeed" : 4767771818558499108
}