{
  "dtmc" : [ [ 0.0, 0.0, 1.0, 0.0, 0.0, 0.0, 0.0, 0.0, 0.0, 0.0, 0.0, 0.0, 0.0 ], [ 0.0, 0.1066265256241078, 0.0, 0.15813859869526414, 0.17509075853650855, 0.0735667274864441, 0.08370582973919762, 0.1422307880907717, 0.1347367712370431, 2.4032001581655796E-5, 0.01165489080336358, 0.056988090552384234, 0.05723698723333355 ], [ 0.057375813894044746, 0.1254130342412952, 0.05798047514385824, 0.13026794437290803, 0.144651471850427, 0.0, 0.02648687480638932, 0.09720680352001214, 0.0, 0.12012770227259321, 0.11284794338434942, 0.08986817116762393, 0.03777376534649867 ], [ 0.15911593421025164, 0.0, 0.042974926440281114, 0.02495027089489888, 0.10686589301407318, 0.0, 0.1523783023607804, 0.0743200276221181, 0.027265155091065533, 0.10596784689496039, 0.1671450828993167, 0.0, 0.1390165605722542 ], [ 0.0, 0.0, 0.0, 0.0, 0.0, 0.0, 0.0, 0.37506970119077515, 0.3403668169899391, 0.0, 0.28456348181928576, 0.0, 0.0 ], [ 0.026491511225541046, 0.0922306640149929, 0.09244814240253164, 0.08501523263312234, 0.08397536882997175, 0.05801038071480612, 0.041288132748353336, 0.09913014442216948, 0.08158223151341534, 0.0739107804913896, 0.08695454376661874, 0.10507098714630468, 0.07389188009078304 ], [ 0.0, 0.21559328002462194, 0.0, 0.0, 0.16494007122498783, 0.0, 0.0, 0.36118038058134133, 0.2582862681690489, 0.0, 0.0, 0.0, 0.0 ], [ 0.0, 0.2028940142329049, 0.0, 0.021677811078265788, 0.14404090105772058, 0.03028344133376977, 0.0, 0.12155453166574887, 0.0, 0.23388260643740424, 0.0, 0.09041541115110698, 0.155251283043079 ], [ 0.0, 0.030590927301594496, 0.0, 0.016587299534794528, 0.30467459141244274, 0.0731590540536162, 0.0, 0.08621504285033336, 0.23390764475232065, 0.0, 0.04125227700630747, 0.21361316308859074, 0.0 ], [ 0.0, 0.0, 0.0, 0.0, 0.0, 0.20265717895637841, 0.0, 0.0, 0.0, 0.0, 0.7973428210436216, 0.0, 0.0 ], [ 0.185634617254921, 0.0, 0.0, 0.0, 0.01786216423192142, 0.0, 0.0, 0.0, 0.0, 0.0, 0.0, 0.0, 0.7965032185131575 ], [ 0.0, 0.0, 0.209424878646555, 0.0, 0.10100626163626404, 0.0, 0.0, 0.09874700589486309, 0.29500254074158444, 0.29581931308073345, 0.0, 0.0, 0.0 ], [ 0.4096334477034258, 0.0, 0.0, 0.0, 0.0, 0.06901082410917483, 0.0, 0.0, 0.3428754875164711, 0.0, 0.0, 0.0, 0.17848024067092813 ] ],
  "nextStepSeed" : 840881297177648939
}