{
  "dtmc" : [ [ 0.0, 0.201660181130912, 0.0, 0.19928961813368115, 0.2823815748075315, 0.0, 0.0, 0.0, 0.007260689585047666, 0.30940793634282754 ], [ 0.05558452067818804, 0.07808577070838776, 0.15875140452266134, 0.0, 0.3384300730748563, 0.3015541770729135, 0.0, 0.0, 0.0, 0.06759405394299313 ], [ 0.24150999415862068, 0.0, 0.08638408800118644, 0.042047315052431894, 0.0, 0.0, 0.31484988837531014, 0.1809919254972301, 0.1342167889152208, 0.0 ], [ 0.15538306746210914, 0.10196742577926116, 0.05924999725250068, 0.1521091285998697, 0.05286266403199687, 0.14786452456335697, 0.10477966334382319, 0.0, 0.07108036051502829, 0.1547031684520539 ], [ 0.016662006453707336, 0.0, 0.2890040877543917, 0.15395735481416878, 0.0, 0.0, 0.5403765509777322, 0.0, 0.0, 0.0 ], [ 0.0, 0.0, 0.0, 0.0, 0.33311677470517087, 0.0, 0.0, 0.0, 0.4837013341918753, 0.18318189110295374 ], [ 0.0, 0.0, 0.1540912835584435, 0.0, 0.07520459189333129, 0.27766102999698605, 0.19755692743680742, 0.15623370848128262, 0.0, 0.13925245863314906 ], [ 0.3905515398437842, 0.09345647904339471, 0.0, 0.19166775711868772, 0.19929140712277038, 0.0, 0.1250328168713631, 0.0, 0.0, 0.0 ], [ 0.0, 0.0, 0.0, 0.1734828888913468, 0.2841295049400048, 0.0, 0.2759954458613357, 0.19016494102162157, 0.0, 0.07622721928569101 ], [ 0.0, 0.0, 0.45101475459436846, 0.0, 0.07750767510073431, 0.0, 0.0, 0.0, 0.0, 0.4714775703048973 ] ],
  "nextStepSeed" : -9045786561551543438
}