{
  "dtmc" : [ [ 0.011945033598856316, 0.0, 0.0, 0.2798555004776791, 0.0, 0.0, 0.26322079059889186, 0.0, 0.0, 0.12402348569621392, 0.32095518962835884 ], [ 0.07358380696877985, 0.1932119146197613, 0.16189517740734452, 0.11163876221523822, 0.08824323482026912, 0.1754125273775873, 0.03772467275077622, 0.0286409598032213, 0.12694338235164407, 0.0, 0.002705561685378013 ], [ 0.0, 0.260957809339413, 0.0, 0.16154130106471712, 0.24911579635141265, 0.0, 0.21325474482593673, 0.11513034841852045, 0.0, 0.0, 0.0 ], [ 0.0, 0.0, 1.0, 0.0, 0.0, 0.0, 0.0, 0.0, 0.0, 0.0, 0.0 ], [ 0.19289807592237487, 0.06528805328482253, 0.0034923143480300595, 0.0631351921377653, 0.12586508385240325, 0.02701948424436423, 0.24884607617719634, 0.0, 0.08485666902874849, 0.18859905100429497, 0.0 ], [ 0.15845129961375287, 0.10775368552537316, 0.0, 0.01829068733296112, 0.1297505986245411, 0.08102592653701586, 0.05909501042850978, 0.0, 0.13549652191655376, 0.16557079890259366, 0.14456547111869866 ], [ 0.14894353316633419, 0.0, 0.1918353270979531, 0.0, 0.0, 0.1520269417439732, 0.0021181767264791766, 0.15639741872391427, 0.0, 0.2171185167748493, 0.13156008576649675 ], [ 0.0, 0.0, 0.09284442352911683, 0.0, 0.0, 0.23429868125528946, 0.0, 0.0, 0.0, 0.658191915496366, 0.014664979719227696 ], [ 0.0, 0.0, 0.0, 0.0, 0.0, 0.0, 0.0, 0.0, 0.0, 0.0, 1.0 ], [ 0.0, 0.07116070454283711, 0.16748012584321717, 0.18296715583339093, 0.0, 0.0, 0.10075328881004127, 0.17712159650462245, 0.014392115837119001, 0.16738082071439797, 0.11874419191437399 ], [ 0.0, 0.0, 0.239535413987705, 0.0, 0.48953954656781323, 0.0, 0.0, 0.0, 0.2709250394444817, 0.0, 0.0 ] ],
  "nextStepSeed" : 8311004613057287398
}