{
  "dtmc" : [ [ 0.0, 0.12740998829655975, 0.04382375617110796, 0.1605152918988988, 0.10431727585495632, 0.15432937015979528, 0.07309494756600579, 0.12623984354152074, 0.08515159341254967, 0.0, 0.0, 0.062351655079544176, 0.06276627801906152 ], [ 0.15575402683178607, 0.09991436439375784, 0.007207542878382662, 0.03580080976358052, 0.2083149069251267, 0.0, 0.10271592673001224, 0.02514387596664097, 0.057328885541450464, 0.03316034743295949, 0.12047935484832858, 0.0556909036919449, 0.09848905499602963 ], [ 0.1120002255936896, 0.0, 0.13069043461663174, 0.0, 0.016936593945331615, 0.04253932147606861, 0.11282936056744612, 0.0, 0.10036650143108405, 0.16639774026499443, 0.0620010416671553, 0.17563662843860192, 0.08060215199899656 ], [ 0.0, 0.0, 0.2503342942252459, 0.25434294413596875, 0.19708412382297835, 0.0, 0.09356510870160718, 0.20467352911419995, 0.0, 0.0, 0.0, 0.0, 0.0 ], [ 0.18209140160301346, 0.05153481985113924, 0.0, 0.0, 0.3448729198540446, 0.0, 0.0, 0.05073887612311203, 0.0, 0.0, 0.37076198256869075, 0.0, 0.0 ], [ 0.2565198518140888, 0.031457962654274474, 0.0, 0.0, 0.12910321103199046, 0.0, 0.0, 0.0, 0.22343970326032667, 0.0, 0.05688119936253579, 0.0, 0.3025980718767837 ], [ 0.1757203882763997, 0.0, 0.247890087167826, 0.20172984538726202, 0.014776043280708591, 0.0036308204418384424, 0.0, 0.26625295291438544, 0.0, 0.0, 0.08999986253157977, 0.0, 0.0 ], [ 0.0, 0.0, 0.0, 0.0, 1.0, 0.0, 0.0, 0.0, 0.0, 0.0, 0.0, 0.0, 0.0 ], [ 0.11329712976309678, 0.015253697143677646, 0.0, 0.14733698202840792, 0.0, 0.13785679838642073, 0.1436319084740254, 7.338945447428353E-4, 0.06745477056905384, 0.10128066844200617, 0.1125383404779398, 0.0, 0.16061581017062893 ], [ 0.267459511317254, 0.16581773603194322, 0.0, 0.0, 0.17963767471572267, 0.2047339761427893, 0.0, 0.10998239982431829, 0.0, 0.0, 0.0, 0.07236870196797264, 0.0 ], [ 0.02530309994157692, 0.0, 0.6499894299050037, 0.0, 0.0, 0.0, 0.0, 0.1542423068072133, 0.0, 0.0, 0.1704651633462061, 0.0, 0.0 ], [ 0.13490466253717806, 0.17692124516038585, 0.0, 0.04844509550401961, 0.08668181998547374, 0.07186793193991858, 0.12738332125115354, 0.09262731644764421, 0.0, 0.05298828080830899, 0.023500931241227648, 0.10358193172730343, 0.08109746339738638 ], [ 0.11105443119984908, 0.12015090859815399, 0.0, 0.06678964540056165, 0.16346560435841212, 0.14293438434329903, 0.05658937742856472, 0.11134300891422273, 0.0, 0.0664826241636556, 0.09032359581063328, 0.0, 0.07086641978264764 ] ],
  "nextStepSeed" : -3150908238927319900
}