{
  "dtmc" : [ [ 0.0, 0.4351643416510033, 0.2918320197228916, 0.12720637998989004, 0.14579725863621498, 0.0 ], [ 0.0, 0.37930289241484777, 0.4414339147442572, 0.0, 0.12818789136940184, 0.05107530147149322 ], [ 0.3934294413633954, 0.0, 0.14303247710757888, 0.1047267042792841, 0.35881137724974155, 0.0 ], [ 0.0, 0.4272738306310034, 0.0, 0.46647643871289907, 0.10624973065609751, 0.0 ], [ 0.29454266849983946, 0.06823198869569433, 0.20859685231114825, 0.0, 0.08702445050653267, 0.3416040399867853 ], [ 0.1901610163005834, 0.22091819217041783, 0.20827142016453892, 0.05078576351428574, 0.0894741121835978, 0.24038949566657636 ] ],
  "nextStepSeed" : 3113550282264423425
}