{
  "dtmc" : [ [ 0.0, 0.3336329236139627, 0.24894913416624453, 0.12034837174757154, 0.29706957047222116 ], [ 0.15200714800083703, 0.23440042229179603, 0.28840935838197335, 0.3251830713253937, 0.0 ], [ 0.0, 0.20055208410959546, 0.5600975577025749, 0.2393503581878297, 0.0 ], [ 1.0, 0.0, 0.0, 0.0, 0.0 ], [ 0.24831948875143703, 0.0, 0.11530576729968334, 0.34820511850098707, 0.2881696254478925 ] ],
  "nextStepSeed" : -32564877094943989
}