{
  "dtmc" : [ [ 0.0, 0.13889757007716735, 0.18291035602103803, 0.21994163372770564, 0.0, 0.10232199523255721, 0.17674989027780014, 0.17917855466373164 ], [ 0.0, 0.0, 1.0, 0.0, 0.0, 0.0, 0.0, 0.0 ], [ 0.0, 0.7742891565787249, 0.0, 0.028589383385959746, 0.0, 0.19712146003531536, 0.0, 0.0 ], [ 0.2709007304219019, 0.26071199089104224, 0.040984263534631075, 0.0, 0.19741276545458186, 0.04318973969567569, 0.0, 0.18680051000216708 ], [ 0.0, 0.0, 0.36111240958438684, 0.4590960723879292, 0.0, 0.0, 0.17979151802768403, 0.0 ], [ 0.08819613470496486, 0.2683756258641845, 0.21621590300041357, 0.0, 0.002551256925876287, 0.11044716716572435, 0.0, 0.3142139123388365 ], [ 0.122964223899654, 0.22668938859164417, 0.2063140632666987, 0.0, 0.011787239020054937, 0.21927432557769894, 0.21297075964424936, 0.0 ], [ 0.028893484556389407, 0.05601266105805384, 0.2511550565502422, 0.14744081092800743, 0.28640277833085775, 0.07461951436177025, 0.0, 0.15547569421467922 ] ],
  "nextStepSeed" : -655533289702549612
}