{
  "dtmc" : [ [ 0.35978007022905023, 0.0, 0.0, 0.6402199297709498, 0.0, 0.0, 0.0 ], [ 0.17255420635186783, 0.0, 0.25118145214698523, 0.23251144390918074, 0.0, 0.2181008151300556, 0.12565208246191062 ], [ 0.1708443136194994, 0.044246061641924184, 0.0, 0.4824575889611903, 0.0, 0.3024520357773861, 0.0 ], [ 0.048887200726624995, 0.21108166456420016, 0.0, 0.11536780607384474, 0.2450806162466714, 0.24393396069848813, 0.13564875169017054 ], [ 0.26239210283103054, 0.0, 0.16305594370687937, 0.0778937696126802, 0.2649467952661679, 0.1377821331237562, 0.09392925545948572 ], [ 0.24855128052866768, 0.0, 0.0, 0.23970187405871862, 0.0, 0.3943418203121066, 0.1174050251005072 ], [ 0.006509959898895556, 0.2520234235764851, 0.15779049721924665, 0.2414533584850111, 0.06433450419350605, 0.0276213827258659, 0.25026687390098956 ] ],
  "nextStepSeed" : -8411220231325433745
}