{
  "dtmc" : [ [ 0.12168554491046792, 0.20114016607646173, 0.11490253844038804, 0.0922362257966515, 0.1840915749189445, 0.08413872980150196, 0.0, 0.18667663055182182, 0.015128589503762595 ], [ 0.0, 0.0, 0.0, 0.6114516078796282, 0.0, 0.0, 0.3885483921203719, 0.0, 0.0 ], [ 0.0, 1.0, 0.0, 0.0, 0.0, 0.0, 0.0, 0.0, 0.0 ], [ 0.04124192274488375, 0.10368535656730107, 0.16486650129595531, 0.0672963691017129, 0.05939390545733144, 0.17264080741113194, 0.13533412338930784, 0.19786165582429224, 0.05767935820808355 ], [ 0.055948392457027915, 0.3509692135975743, 0.06881493321757644, 0.06430091152196467, 0.0, 0.15962320975953762, 0.012719692753001744, 0.05849267826345521, 0.22913096842986214 ], [ 0.18428139255901096, 0.0827119929118788, 0.09526387857755889, 0.06510047094522993, 0.16884944948282668, 0.034556526411944455, 0.1276728077802494, 0.16437406902977222, 0.0771894123015287 ], [ 0.0, 0.08565719794387493, 0.0, 0.08176464864060037, 0.345332612161371, 0.0, 0.1541233851897261, 0.0, 0.3331221560644274 ], [ 0.0, 0.0, 0.0, 0.7372435531354329, 0.0, 0.0, 0.26275644686456706, 0.0, 0.0 ], [ 0.0, 0.0, 0.0, 0.0, 0.6040805124333842, 0.0, 0.39591948756661577, 0.0, 0.0 ] ],
  "nextStepSeed" : 7164455524029228385
}