{
  "dtmc" : [ [ 0.0, 0.0, 0.5163751955396324, 0.11539478786745305, 0.10951942332961209, 0.2587105932633024, 0.0, 0.0, 0.0, 0.0, 0.0 ], [ 0.0, 0.8630944788641968, 0.0, 0.0, 0.1369055211358032, 0.0, 0.0, 0.0, 0.0, 0.0, 0.0 ], [ 0.06291362185564174, 0.01330878956245081, 0.17607326314916646, 0.10246658374783923, 0.16360635959881997, 0.22078615027007095, 0.0, 0.04306439149712533, 0.06733614721466996, 0.15044469310421568, 0.0 ], [ 0.09583515968641479, 0.08489703324561049, 0.11709028174812121, 0.14020489083792712, 0.0723763194898762, 0.01941987939647255, 0.0, 0.0, 0.34902155662748496, 0.0, 0.12115487896809277 ], [ 0.13363541217002378, 0.16229769946712547, 0.20203640433877224, 0.0, 0.05418106203276161, 0.08125208951981523, 0.0, 0.04315219749421881, 0.0, 0.15210163272092364, 0.1713435022563592 ], [ 0.21775703534940125, 0.0285015988534151, 0.0, 0.1897574623430539, 0.0, 0.0033761347839677356, 0.10161525965027704, 0.13846370006136133, 0.0947738230714274, 0.22575498588709617, 0.0 ], [ 0.0, 0.0, 0.8678444065350269, 0.13215559346497313, 0.0, 0.0, 0.0, 0.0, 0.0, 0.0, 0.0 ], [ 0.16271889287957708, 0.050298687237244996, 0.0, 0.0, 0.10365784468440493, 0.0, 0.19147740270390248, 0.33900017839467267, 0.1528469941001979, 0.0, 0.0 ], [ 0.2356459439419122, 0.0, 0.0, 0.0, 0.01586814092666382, 0.0, 0.21136407602911184, 0.1770674353484313, 0.03693637774012219, 0.12318402798400055, 0.19993399802975803 ], [ 0.0, 0.0, 0.14415647493527065, 0.0, 0.25111754951180376, 0.060900168392453526, 0.0, 0.0, 0.0, 0.3868246992946368, 0.1570011078658353 ], [ 0.0, 0.2090691003324376, 0.0, 0.0, 0.29336592640828935, 0.09083416933685946, 0.11207208182055516, 0.2094721658120448, 0.0, 0.08518655628981361, 0.0 ] ],
  "nextStepSeed" : -1020671310494707779
}