{
  "dtmc" : [ [ 0.30240951071522804, 0.0, 0.29303554159335304, 0.1280342224841029, 0.2765207252073161 ], [ 0.0, 0.5616772114754702, 0.2415044227060712, 0.1968183658184586, 0.0 ], [ 0.0, 0.0, 0.0, 0.09624035594867517, 0.9037596440513248 ], [ 0.0, 0.7700153413434632, 0.0, 0.2299846586565368, 0.0 ], [ 0.7214007163725026, 0.2785992836274973, 0.0, 0.0, 0.0 ] ],
  "nextStepSeed" : 8653030664846411979
}