{
  "dtmc" : [ [ 0.0, 0.0, 0.18905536399068293, 0.2282500391428408, 0.0, 0.16751272698667696, 0.17031469882171613, 0.003341381467992538, 0.08551510456867381, 0.0, 0.15601068502141682 ], [ 0.12100535605576304, 0.033503911817868416, 0.23330817377598959, 0.05082299948081474, 0.20410267419997147, 0.0, 0.0, 0.21034850633545607, 0.0, 0.1469083783341368, 0.0 ], [ 0.05789899078350716, 0.3519264680712759, 0.0, 0.0, 0.30167205478590253, 0.20087430628315334, 0.08762818007616117, 0.0, 0.0, 0.0, 0.0 ], [ 0.0, 0.0, 0.0, 0.0, 0.0, 0.0, 0.0, 0.0, 0.7247606341800129, 0.2057631253082583, 0.06947624051172874 ], [ 0.15374998645378357, 0.3764776322007123, 0.11911980883309997, 0.15658901954320661, 0.0, 0.025548086674266297, 0.0, 0.0, 0.0, 0.16851546629493144, 0.0 ], [ 0.4888172000318837, 0.0, 0.0, 0.0, 0.22824330797589434, 0.0, 0.0, 0.0, 0.10657853360253036, 0.17636095838969157, 0.0 ], [ 0.0, 0.13558386578137344, 0.026675801181838984, 0.21730319782786006, 0.17708304513443182, 0.05143753118373964, 0.16020364237414889, 0.08416309032444566, 4.845340665072975E-4, 0.03214362086707834, 0.11492167125857575 ], [ 0.0, 0.20048389434128056, 0.06088572972609387, 0.0, 0.05675122818165791, 0.2570623002037388, 0.0, 0.22966384213947033, 0.09112394548403831, 0.10402905992372025, 0.0 ], [ 0.0026039323034715484, 0.19626174860935733, 0.06750539238975567, 0.09208108680483575, 0.06717358074608212, 0.06420079073275473, 0.06777055815145526, 0.010476199027865314, 0.1766225776901105, 0.18145506233918787, 0.0738490712051239 ], [ 0.010113649990970874, 0.008225721775971258, 0.045015905142652045, 0.003180145123351777, 0.051667342561758846, 0.19576505598442337, 0.20249607502698472, 0.14562580517935886, 0.05737338711377646, 0.09519147769623278, 0.1853454344045189 ], [ 0.14886955237151273, 0.22355525028137935, 0.11144637302833545, 0.013684034665552071, 0.038012020339868766, 0.0, 0.1406127508348405, 0.13757507278534742, 0.013716660117604305, 0.0341569508832262, 0.1383713346923334 ] ],
  "nextStepSeed" : -1735358279638148256
}