{
  "dtmc" : [ [ 0.1644033299997102, 0.0, 0.27941153398089663, 0.0, 0.12895323043547877, 0.14427755755314375, 0.28295434803077063 ], [ 0.08155184471802873, 0.02314283472815375, 0.058709085546600925, 0.16472160110868864, 0.0, 0.6718746338985281, 0.0 ], [ 0.2973886059422412, 0.0, 0.266158479774973, 0.2613692380087466, 0.0, 0.1750836762740392, 0.0 ], [ 0.17110098828499457, 0.2396717500963119, 0.24780512303959865, 0.013645770563453612, 0.06753090919291906, 0.2602454588227224, 0.0 ], [ 0.1686723140951407, 0.1505207344524406, 0.2783918554472303, 0.03679235592753793, 0.05968696485383817, 0.2421908503846889, 0.06374492483912349 ], [ 0.4656004756536494, 0.0, 0.0, 0.0, 0.23347619878580955, 0.0, 0.3009233255605411 ], [ 0.01890339583759871, 0.04408192248757894, 0.02905271451450024, 0.5246082936755943, 0.0, 0.3833536734847278, 0.0 ] ],
  "nextStepSeed" : 982604219131394983
}