{
  "dtmc" : [ [ 0.21880005439856606, 0.0, 0.0, 0.0, 0.0, 0.18672007807288774, 0.17190280342734351, 0.0, 0.10808074464222601, 0.034323999583980185, 0.10569473094030789, 0.17447758893468865 ], [ 0.0, 0.0, 0.0, 0.0, 0.0, 0.41775250383158724, 0.5270381558601718, 0.0, 0.0, 0.055209340308241046, 0.0, 0.0 ], [ 0.13792524652307245, 0.0, 0.25921680953682597, 0.09018399890806016, 0.0, 0.16523871668994802, 0.263501258739591, 0.0, 0.0, 0.0, 0.08393396960250239, 0.0 ], [ 0.0, 0.06804530378888225, 0.1546274247444773, 0.07485181943927259, 0.18070089163645323, 0.09569934446039645, 0.0, 0.03157997580249502, 0.0, 0.19119079165503094, 0.0, 0.20330444847299223 ], [ 0.0, 0.0, 0.0, 0.0, 0.03318992040313762, 0.0, 0.57316335570543, 0.0, 0.0, 0.314165606801622, 0.0, 0.07948111708981054 ], [ 0.0, 0.0, 0.0, 0.0, 1.0, 0.0, 0.0, 0.0, 0.0, 0.0, 0.0, 0.0 ], [ 0.0, 0.0, 0.7276342031881964, 0.0, 0.0, 0.0, 0.2723657968118036, 0.0, 0.0, 0.0, 0.0, 0.0 ], [ 0.0, 0.03916247273530679, 0.0, 0.0, 0.38039834089884794, 0.0, 0.0, 0.1490393901052213, 0.0, 0.0, 0.43139979626062397, 0.0 ], [ 0.13381328873666246, 0.09883574469279352, 0.07781967569250711, 0.12134186808116194, 0.0, 0.15195979730386483, 0.02922397961966689, 0.01964898845456681, 0.16921565394447335, 0.0, 0.04830385153709033, 0.1498371519372127 ], [ 0.0, 0.0, 0.0, 0.0, 0.07839376319296633, 0.09440145620502105, 0.3084379599051539, 0.17285075290486315, 0.0, 0.1090912219960706, 0.23682484579592505, 0.0 ], [ 0.0, 0.024660219102587498, 0.0, 0.0, 0.1799400996253068, 0.23917604114304164, 0.1918177951784899, 0.1549819757947228, 0.0, 0.0, 0.20942386915585134, 0.0 ], [ 0.09866966610954785, 0.0, 0.0, 0.06863677554315055, 0.0, 0.0, 0.0, 0.310807927071434, 0.0, 0.0, 0.46190134048986836, 0.05998429078599921 ] ],
  "nextStepSeed" : -6559236434823647421
}