{
  "dtmc" : [ [ 0.0, 0.0, 0.3131281999116158, 0.0, 0.0, 0.0659943868980815, 0.45534098019223535, 0.16553643299806728 ], [ 0.20157522810957867, 0.0, 0.11518462469558334, 0.011257082262570101, 0.2080063295129715, 0.10770128157145867, 0.1457037724736766, 0.21057168137416113 ], [ 0.30634423101379915, 0.016165747191993773, 0.25346070905904494, 0.0, 0.0, 0.311370583325692, 0.0, 0.11265872940947004 ], [ 0.0, 0.0, 0.0, 0.0, 0.0, 0.0, 1.0, 0.0 ], [ 0.0, 0.15911305412565832, 0.17142833875673502, 0.0922222436799654, 0.1226729683197396, 0.2789294954034126, 0.0, 0.17563389971448903 ], [ 0.029610686456839938, 0.12314162783837666, 0.15422683060103595, 0.038950784668857805, 0.14087728210815403, 0.21319709837596432, 0.16700809594343316, 0.13298759400733814 ], [ 0.0, 0.0, 0.2217798547591636, 0.0, 0.10598284062271873, 0.2344847771271204, 0.19889108314990364, 0.2388614443410937 ], [ 0.17972102132797746, 0.33478043086446535, 0.0, 0.26149050349050873, 0.06444092717967649, 0.0, 0.0, 0.159567117137372 ] ],
  "nextStepSeed" : 7614959437279464500
}