{
  "dtmc" : [ [ 0.2769843526677216, 0.13691314264559387, 3.317725370502093E-5, 0.07109230290719817, 0.12054592054405588, 0.24244186382021665, 0.15198924016150878 ], [ 0.0, 0.17659078205632572, 0.05224997091745377, 0.060723625127333, 0.3068942309206114, 0.0, 0.40354139097827607 ], [ 0.0, 0.0, 0.0, 0.7283216499914984, 0.2716783500085016, 0.0, 0.0 ], [ 0.04354452016142804, 0.16307875176656436, 0.027001998621080422, 0.1644451265433664, 0.2889295814374799, 0.25289605292423867, 0.0601039685458421 ], [ 0.0, 0.31896650029980633, 0.0, 0.0, 0.0, 0.3425286501852523, 0.3385048495149413 ], [ 0.3066736386396328, 0.0, 0.0, 0.0, 0.6933263613603672, 0.0, 0.0 ], [ 0.0, 0.0, 0.7984943665423291, 0.20150563345767095, 0.0, 0.0, 0.0 ] ],
  "nextStepSeed" : -3161721863599604055
}