{
  "dtmc" : [ [ 0.02722386657417019, 0.0, 0.13862297040344326, 0.23555956393097266, 0.06995647985313865, 0.2719614189516328, 0.0, 0.0, 0.0033272242487997787, 0.2533484760378427 ], [ 0.2795931620002494, 0.29027343250423115, 0.0, 0.25548225109667827, 0.0, 0.0, 0.0, 0.0, 0.0, 0.17465115439884127 ], [ 0.20674203955722706, 0.012476347421837966, 0.05331657280333034, 0.06821392047777582, 0.19164162205784666, 0.09375192741234221, 0.10955583705582218, 0.13657726854074984, 0.00971933013447331, 0.11800513453859467 ], [ 0.0, 0.38509345883996954, 0.11927694348432055, 0.0, 0.11413891567730511, 0.10979542574211126, 0.0, 0.0, 0.2716952562562935, 0.0 ], [ 0.0, 1.0, 0.0, 0.0, 0.0, 0.0, 0.0, 0.0, 0.0, 0.0 ], [ 0.10241949171028171, 0.13351949136686017, 0.09546643243672721, 0.0866055180476571, 0.029981730738569197, 0.0, 0.2001153856502774, 0.12630048539611807, 0.22559146465350918, 0.0 ], [ 0.0, 0.0, 0.0, 0.3705677820790075, 0.0, 0.012683834721561402, 0.0, 0.0, 0.4010058167535828, 0.21574256644584838 ], [ 0.23419339279200346, 0.049798752517772334, 0.14542789637429504, 0.0, 0.11926139091022239, 0.031040781228505374, 0.17755702685990446, 0.19495345121311994, 0.004639281359387046, 0.04312802674478997 ], [ 0.06439445826745008, 0.1328716749235118, 0.0, 0.3212822766277297, 0.0, 0.0, 0.48145159018130856, 0.0, 0.0, 0.0 ], [ 0.0, 0.3703823245222487, 0.029656787730517678, 0.0, 0.30738234641390194, 0.0, 0.2925785413333318, 0.0, 0.0, 0.0 ] ],
  "nextStepSeed" : 4527185199307273317
}