{
  "dtmc" : [ [ 0.4615253026899802, 0.0, 0.0, 0.0, 0.5384746973100197, 0.0 ], [ 0.36336294553614595, 0.0, 0.012329394451986069, 0.29984387964040243, 0.0, 0.3244637803714655 ], [ 0.0, 0.0, 0.0, 0.0, 0.5264756823318815, 0.47352431766811853 ], [ 0.5990319254247579, 0.07874341773844186, 0.0, 0.3222246568368001, 0.0, 0.0 ], [ 0.11502393678954213, 0.18334513114595571, 0.27152404945298864, 0.0, 0.0, 0.4301068826115135 ], [ 0.10454749214135253, 0.15954476824907746, 0.24507157286547068, 0.0, 0.2976674862007343, 0.19316868054336497 ] ],
  "nextStepSeed" : -5017002020763682304
}