{
  "dtmc" : [ [ 0.6320829783019, 0.0, 0.0, 0.0, 0.0, 0.0, 0.28082677973879533, 0.08709024195930468 ], [ 0.08838465559563956, 0.0, 0.3842243249882919, 0.0, 0.3753829559152807, 0.15200806350078777, 0.0, 0.0 ], [ 0.0, 0.0, 0.0, 0.0, 0.0, 0.6585334980785837, 0.0, 0.3414665019214163 ], [ 0.0, 0.0, 0.6257843654055654, 0.0, 0.3742156345944346, 0.0, 0.0, 0.0 ], [ 0.0, 0.09011390611840467, 0.0, 0.41808791242847954, 0.15608456235184515, 0.3357136191012706, 0.0, 0.0 ], [ 0.20331571114157806, 0.18667551255338333, 0.0, 0.1427904622585809, 0.0, 0.062353734628930305, 0.2312085050224055, 0.17365607439512185 ], [ 0.0, 0.0, 1.0, 0.0, 0.0, 0.0, 0.0, 0.0 ], [ 0.03240702282793937, 0.051429295263413534, 0.21710397932530137, 0.11549818158164622, 0.18284973656215228, 0.16127455620395933, 0.06215825611221536, 0.17727897212337235 ] ],
  "nextStepSeed" : 2722646368557949891
}