{
  "dtmc" : [ [ 0.0, 0.0, 0.02526995451941627, 0.15419549543062688, 0.19129568707174005, 0.012859562326256376, 0.021672325657783858, 0.14121268658447483, 0.11869718672007194, 0.10840040154483047, 0.13038180242177477, 0.09601489772302456 ], [ 0.06113412884499317, 0.044970646207967924, 0.18164299412164542, 0.0, 0.10201958210213642, 0.0939372688850771, 0.0, 0.14832888982476358, 0.2264642583935141, 0.0818673139203612, 0.0, 0.05963491769954111 ], [ 0.10109315740517659, 0.0417924284227358, 0.09481792181020476, 0.0, 0.0, 0.1061248852113826, 0.10819749807379728, 0.19877850771014288, 0.015111886177932231, 0.10337987324807583, 0.06741051810272944, 0.16329332383782258 ], [ 0.0, 0.3893080712419723, 0.6106919287580277, 0.0, 0.0, 0.0, 0.0, 0.0, 0.0, 0.0, 0.0, 0.0 ], [ 0.3387056001863551, 0.0012808320860626219, 0.22408256359774834, 0.10063903886342342, 0.0, 0.0, 0.0, 0.03695076177501534, 0.0, 0.2983412034913952, 0.0, 0.0 ], [ 0.20297911252613124, 0.0, 0.09698994081733431, 0.21091481464971437, 0.0, 0.10390491559755424, 0.25453095077925564, 0.0, 0.1306802656300101, 0.0, 0.0, 0.0 ], [ 0.0, 0.0, 0.07827903125414717, 0.13851402756943088, 0.018663979542386414, 0.0943512853192125, 0.12231072090765929, 0.14897243728051132, 0.11940478271617012, 0.09028667185627191, 0.09943965409333685, 0.08977740946087337 ], [ 0.0, 0.14049982398635422, 0.0, 0.10368681964245402, 0.27715744087027505, 0.03956051593903986, 0.16057629159864475, 0.0, 0.0, 0.1437935889392606, 0.13472551902397137, 0.0 ], [ 0.0, 0.0, 0.1921291555961011, 0.0, 0.23298438777136918, 0.06588511365814761, 0.0, 0.29370039744933274, 0.15991085204876382, 0.05539009347628556, 0.0, 0.0 ], [ 0.0, 0.0, 0.0, 0.060021089152453605, 0.002224916100930667, 4.8764005465945807E-4, 0.18578695461228886, 0.0, 0.09946982125578036, 0.2825677944415373, 0.08124544775488132, 0.28819633662746835 ], [ 0.020547985130839233, 0.007003856377810417, 0.10695950640436734, 0.060613520896173716, 0.11666689331484836, 0.0, 0.04611022702685187, 0.13656231129786237, 0.22079084511773306, 0.12103720341739854, 0.0, 0.16370765101611506 ], [ 0.0, 0.1384866888661181, 0.0, 0.0, 0.0, 0.0, 0.0, 0.861513311133882, 0.0, 0.0, 0.0, 0.0 ] ],
  "nextStepSeed" : -8769487734070268495
}