{
  "dtmc" : [ [ 0.1498636026538363, 0.21803477446599054, 0.0, 0.3317079686334431, 0.2086034468044762, 0.0, 0.0917902074422538, 0.0, 0.0, 0.0 ], [ 0.0, 0.18392523434403552, 0.0, 0.18385155474536072, 0.11601137337481982, 0.08449758587427042, 0.102228203697226, 0.0, 0.21269808183720745, 0.11678796612708021 ], [ 0.0664857137220649, 0.12975804410936723, 0.40897657652944996, 0.0, 0.3947796656391178, 0.0, 0.0, 0.0, 0.0, 0.0 ], [ 0.20861745746551635, 0.3126447389511086, 0.0, 0.07105423643040695, 0.11462226806818279, 0.0, 0.0, 0.21011670456651083, 0.0, 0.08294459451827452 ], [ 0.0, 0.0, 0.0, 0.0, 0.0, 0.0, 0.0, 0.0, 1.0, 0.0 ], [ 0.16688884585043331, 0.012181806340527679, 0.0, 0.17776396385224458, 0.04212259450431538, 0.14778956998824347, 0.07100336640188142, 0.10604351392791685, 0.20830170927583286, 0.06790462985860453 ], [ 0.0, 0.0, 0.2446053507441134, 0.0, 0.0, 0.0, 0.16741848225602182, 0.08475111224788957, 0.23001825692755104, 0.27320679782442414 ], [ 0.0, 0.2984371989561752, 0.0, 0.0, 0.0, 0.0, 0.0, 0.7015628010438247, 0.0, 0.0 ], [ 0.22353319946790878, 0.0, 0.26408814596520236, 0.0, 0.0, 0.13594133950394427, 0.22174665517502973, 0.1546906598879149, 0.0, 0.0 ], [ 0.14081268751575554, 0.8591873124842445, 0.0, 0.0, 0.0, 0.0, 0.0, 0.0, 0.0, 0.0 ] ],
  "nextStepSeed" : -4422598284312115370
}