{
  "dtmc" : [ [ 0.0, 0.0, 0.0, 0.0, 0.0, 0.0, 0.0, 1.0, 0.0 ], [ 0.6794763306086427, 0.0, 0.0, 0.0, 0.0, 0.0, 0.0, 0.0, 0.3205236693913574 ], [ 0.04810915712949786, 0.2051935720924709, 0.20904491441754974, 0.0835034411240683, 0.24200730759292305, 0.0, 0.14473026267227657, 0.04184854621108758, 0.025562798760125897 ], [ 0.25127642992952504, 0.08974257344341553, 0.0, 0.1737171823037919, 0.24251101234937797, 0.21483158756253487, 0.0, 0.0, 0.02792121441135478 ], [ 0.0, 0.2575699533993591, 0.0, 0.0, 0.0, 0.0, 0.5038611319782405, 0.23856891462240043, 0.0 ], [ 0.08533164081961887, 0.24709041211380806, 0.18279029614471176, 0.08272955014020492, 0.0, 0.0, 0.08761780323398274, 0.12622788315038422, 0.18821241439728947 ], [ 0.36554821336969195, 0.0, 0.24771934634535422, 0.0, 0.0, 0.24328540817448016, 0.07456449601821638, 0.06888253609225714, 0.0 ], [ 0.0, 0.0, 0.0, 0.0, 0.0, 0.37477038123929285, 0.625229618760707, 0.0, 0.0 ], [ 0.0, 0.19773516864004845, 0.1678429130821609, 0.2216760104846735, 0.0, 0.0, 0.19739708820252377, 0.21534881959059327, 0.0 ] ],
  "nextStepSeed" : -6833575466111772859
}