{
  "dtmc" : [ [ 0.0, 0.07890270822833174, 0.028217502929974197, 0.4495300406503181, 0.44334974819137585 ], [ 0.06515368856179052, 0.500187337200441, 0.0, 0.0, 0.4346589742377685 ], [ 0.33430689689180526, 0.0, 0.3366285375415487, 0.329064565566646, 0.0 ], [ 0.10135504393690047, 0.30475418530304876, 0.19344260615675135, 0.3263723095382359, 0.07407585506506362 ], [ 0.0, 0.0, 0.5342107433326395, 0.46578925666736043, 0.0 ] ],
  "nextStepSeed" : 2926022697067289575
}