{
  "dtmc" : [ [ 0.0, 0.0, 0.18238549167011187, 0.0, 0.4319407256246639, 0.27192408844755916, 0.0, 0.0, 0.0, 0.0, 0.04295695432552738, 0.07079273993213779, 0.0, 0.0 ], [ 0.0032223853328924817, 0.0, 0.21162786461696403, 0.17822821053432958, 0.0, 0.0, 0.07018689681169174, 0.2322544984937968, 0.0, 0.0, 0.0, 0.1516013504546774, 0.15287879375564778, 0.0 ], [ 0.0, 0.26642321489063325, 0.3420652588023852, 0.0, 0.0, 0.0, 0.0, 0.2821090558999177, 0.0, 0.0, 0.0, 0.0, 0.10940247040706384, 0.0 ], [ 0.17724143656119015, 0.0, 0.044905317421562244, 0.1211132319823292, 0.0, 0.13659654458460394, 0.0, 0.0, 0.0333967460292948, 0.0, 0.1483871869429678, 0.1757307167118367, 0.0, 0.1626288197662151 ], [ 0.01347076468730683, 0.0, 0.24757903769611087, 0.09111395671201004, 0.27567126443952866, 0.0, 0.16957216950532872, 0.0, 0.10843335024471645, 0.0, 0.04729315756530896, 0.04686629914968945, 0.0, 0.0 ], [ 0.020876438657279197, 0.12680738964878205, 0.0, 0.14113205732186962, 0.0, 0.0, 0.017249380707007125, 0.0, 0.1274093920317226, 0.09788800089685362, 0.10899214486714656, 0.14213171994509144, 0.1303414943684054, 0.08717198155584248 ], [ 0.0, 0.0, 0.0, 0.0, 0.0, 0.0, 0.0, 0.0, 0.0, 0.0, 1.0, 0.0, 0.0, 0.0 ], [ 0.0, 0.0, 0.4047336483448906, 0.0, 0.0, 0.0, 0.0, 0.0, 0.3953723934436139, 0.0, 0.0, 0.1998939582114953, 0.0, 0.0 ], [ 0.0, 0.031248371850460855, 0.20075934687697108, 0.046278051407695246, 0.08290416485145392, 0.11851004208598073, 0.0, 0.13740210518953214, 0.01646653682290208, 0.0, 0.0, 0.1740611726869032, 0.0, 0.19237020822810066 ], [ 0.0, 0.0, 1.0, 0.0, 0.0, 0.0, 0.0, 0.0, 0.0, 0.0, 0.0, 0.0, 0.0, 0.0 ], [ 0.0, 0.0, 0.2909278620177459, 0.0, 0.0, 0.7090721379822541, 0.0, 0.0, 0.0, 0.0, 0.0, 0.0, 0.0, 0.0 ], [ 0.0, 0.07369213533770352, 0.18380544514959252, 0.11850958761634568, 0.033381736985626714, 0.07386157701530426, 0.1438988652147866, 0.18198360200234168, 0.002966996218447746, 0.1101618715456806, 0.0, 0.01580426998803072, 0.06193391292613987, 0.0 ], [ 0.0, 0.38573093966339517, 0.0, 0.15472595381479576, 0.0, 0.0, 0.0, 0.005502949868465516, 0.0, 0.15449630920567167, 0.08818427751672046, 0.0, 0.2113595699309514, 0.0 ], [ 0.0, 0.0, 0.0, 0.0, 0.0, 0.3063440669673612, 0.13797482046445964, 0.4636114479370544, 0.0, 0.0, 0.0, 0.09206966463112487, 0.0, 0.0 ] ],
  "nextStepSeed" : -4003794277719438359
}