{
  "dtmc" : [ [ 0.0, 0.0, 0.15535031679781117, 0.034436214681961966, 0.19701301239329344, 0.05761684348025958, 0.1352977379837748, 0.20155159012004445, 0.06880522699008565, 0.054081904637356945, 0.09584715291541183 ], [ 0.0, 0.0, 0.0, 0.0, 0.0, 0.6654243355104276, 0.0, 0.0, 0.3345756644895724, 0.0, 0.0 ], [ 0.044226772716863746, 0.0, 0.05210062764468878, 0.12723748125535564, 0.039484305638847306, 0.1124886849813935, 0.12865157596356971, 0.12810280105367747, 0.07796267042833675, 0.1260290697135405, 0.16371601060372667 ], [ 0.0, 0.08695619000479467, 0.09888039175915102, 0.11054613176375269, 0.0, 0.07298716876446762, 0.13978319841716155, 0.09486628083906343, 0.05745448265873591, 0.2309095321972557, 0.10761662359561726 ], [ 0.0, 0.0, 0.0, 0.0, 0.0, 0.0, 0.32241177921274605, 0.0, 0.0, 0.0, 0.677588220787254 ], [ 0.0, 0.0, 0.0, 0.0, 0.0, 0.024495525290958702, 0.0, 0.9755044747090413, 0.0, 0.0, 0.0 ], [ 0.24776637640855123, 0.0, 0.0, 0.16278321851449024, 0.08664730992040552, 0.0, 0.0, 0.0072097172805735445, 0.28519028351069764, 0.0, 0.21040309436528176 ], [ 0.0, 0.17657977134720207, 0.0, 0.0, 0.0, 0.0, 0.1629807164999202, 0.0, 0.3428140683853992, 0.3176254437674784, 0.0 ], [ 0.1844533696857595, 0.16061539318914636, 0.007045434857998317, 0.18840257579358294, 0.0, 0.0, 0.1762682216222371, 0.0694315225494107, 0.0, 0.0, 0.21378348230186497 ], [ 0.0, 0.0, 0.0, 0.0, 0.0, 0.0, 0.47034772589934604, 0.2359695696961771, 0.0, 0.0, 0.29368270440447686 ], [ 0.13727208348277478, 0.0568088408346267, 0.08391413040969276, 0.13688484512786045, 0.0, 0.15958554749498247, 0.1420594008659445, 0.12690617993081907, 0.0, 0.1354131314379569, 0.021155840415342353 ] ],
  "nextStepSeed" : -1015511229799760683
}