{
  "dtmc" : [ [ 0.1527539829607123, 0.18818321503150903, 0.32338912124032176, 0.035813873247271664, 0.0, 0.0, 0.23029554831535531, 0.0, 0.0, 0.06956425920483007 ], [ 0.13778982455405467, 0.15085492707586745, 0.0, 0.3283064807607464, 0.037778144928568055, 0.0, 0.34527062268076325, 0.0, 0.0, 0.0 ], [ 0.24829706601608093, 0.04161057942607511, 0.0, 0.24810704301393965, 0.21836679342554408, 0.0, 0.16260301640841804, 0.0027090278850427484, 0.036105252252445624, 0.042201221572453686 ], [ 0.35821716908655626, 0.0, 0.0, 0.0, 0.24631586130986513, 0.0, 0.21315485775110388, 0.0, 0.18231211185247462, 0.0 ], [ 0.1729569303595129, 0.05532973987037526, 0.018781580797211882, 0.051054727052560964, 0.26662881176866327, 0.05920232849870659, 0.0, 0.12083109919289478, 0.023754364330650268, 0.23146041812942403 ], [ 0.0, 0.0, 0.18467174963249364, 0.0, 0.039866880435051856, 0.2298821863426315, 0.0, 0.0, 0.545579183589823, 0.0 ], [ 0.0, 0.0, 0.16444090148788548, 0.0, 0.0, 0.2733077796897385, 0.0, 0.3793004512474464, 0.18295086757492968, 0.0 ], [ 0.011684838782288097, 0.16472413695003726, 0.034313356527468475, 0.15523382073752487, 0.08835944045541021, 0.16742077023904295, 0.07962848149271876, 0.15265190202475368, 0.14598325279075577, 0.0 ], [ 0.05578330294655335, 0.15509670773405235, 0.053141760880924024, 0.09056157934263072, 0.12224129344264388, 0.15399668470073127, 0.1015967947803509, 0.052689821559070156, 0.13859933127211535, 0.07629272334092786 ], [ 0.21955442724975424, 0.10404836033668773, 0.1390384260733923, 0.07852775569904091, 0.041906954679467354, 0.0, 0.022914023773120885, 0.0464779594221606, 0.19654672293487066, 0.15098536983150546 ] ],
  "nextStepSeed" : 3932589304674314411
}