{
  "dtmc" : [ [ 0.0, 0.22283279980997506, 0.0, 0.0306400587607181, 0.0, 0.0, 0.0, 0.0, 0.1715041983466039, 0.5750229430827029, 0.0 ], [ 0.0, 0.10998056408233244, 0.0, 0.0, 0.0, 0.3261801888464402, 0.0, 0.47817683895595936, 0.0, 0.07118802608449099, 0.01447438203077694 ], [ 0.06469905056795926, 0.0, 0.11574779829544181, 0.18112941909723296, 0.1682574692048721, 0.14593577139954422, 0.0, 0.1868785570167843, 0.01034259181616861, 0.127009342601997, 0.0 ], [ 0.0, 0.22354427630964524, 0.0, 0.0, 0.0, 0.0, 0.0, 0.0, 0.0, 0.7764557236903548, 0.0 ], [ 0.1597818061156433, 0.06951538192114419, 0.1740648082381685, 0.0, 0.11701214425994366, 0.17284838887772364, 0.15911856553937748, 0.0, 0.07353724820702777, 0.04567956059613211, 0.028442096244839333 ], [ 0.40732941240719633, 0.0, 0.0, 0.23071254171796932, 0.0, 0.0, 0.36195804587483427, 0.0, 0.0, 0.0, 0.0 ], [ 0.0, 0.0, 0.34477719420186476, 0.0, 0.0, 0.0, 0.0, 0.6552228057981352, 0.0, 0.0, 0.0 ], [ 0.2871903299073055, 0.2451136328344286, 3.2440910000647375E-4, 0.0, 0.0, 0.24070381468212423, 0.0, 0.0, 0.029633862883545248, 0.19703395059259013, 0.0 ], [ 0.013802350795513644, 0.190254003010226, 0.0, 0.35395858979263084, 0.0, 0.0, 0.30029067922515373, 0.06132606929956759, 0.0, 0.0, 0.08036830787690818 ], [ 0.21026151841153864, 0.37291876126799695, 0.0, 0.0, 0.0, 0.0, 0.0, 0.0, 0.4168197203204643, 0.0, 0.0 ], [ 0.0, 0.0, 0.0, 0.0, 0.6386089125632451, 0.36139108743675485, 0.0, 0.0, 0.0, 0.0, 0.0 ] ],
  "nextStepSeed" : -2814398140524289173
}