{
  "dtmc" : [ [ 0.07040881537677636, 0.09378935927666526, 0.13710555277906786, 0.06331565099552203, 0.0, 0.1462356192113739, 0.02978409745924622, 0.022379438046364813, 0.11131464888662668, 0.0, 0.11807927384574637, 0.1483701918110002, 0.05921735231161048 ], [ 0.10595349220830366, 0.12867259846084514, 0.19324538373173503, 0.0, 0.0, 0.0, 0.1128274107913272, 0.2471685787155241, 0.0, 0.0, 0.0, 0.07826294409672555, 0.13386959199553936 ], [ 0.0, 0.23859982523254014, 0.5436651974066359, 0.1662347214681288, 0.0, 0.05150025589269522, 0.0, 0.0, 0.0, 0.0, 0.0, 0.0, 0.0 ], [ 0.08668345673213174, 0.0, 0.2117551038745575, 0.0, 0.0, 0.18096448457921732, 0.012402845839308663, 0.03927007136783751, 0.14732692036225362, 0.0444505132176175, 0.049971009529665676, 0.19228019807816, 0.03489539641925021 ], [ 0.0, 0.0, 0.002715656903504789, 0.04766391805569091, 0.2114598547292903, 0.08924593139095696, 0.026697419534757103, 0.0, 0.029096927945530086, 0.19471170823389414, 0.03701526233352279, 0.19482588047805746, 0.16656744039479557 ], [ 0.08363635349061342, 0.039221342992357536, 0.0, 0.12686058684305282, 0.09159060471871873, 0.0, 0.07847815137415093, 0.06709935141375452, 0.057907083148000825, 0.12058443203210069, 0.11290859853963175, 0.12309114712078155, 0.09862234832683739 ], [ 0.0, 0.0, 0.0, 0.0, 0.0, 0.8330476254947302, 0.16695237450526976, 0.0, 0.0, 0.0, 0.0, 0.0, 0.0 ], [ 0.0, 0.21910341089007637, 0.22547920489857892, 0.19845661327323125, 0.0, 0.14023243674218827, 0.0, 0.0, 0.0, 0.0, 0.16059216677664478, 0.0, 0.056136167419280306 ], [ 0.2590812134000131, 0.0, 0.0, 0.0, 0.0, 0.7409187865999869, 0.0, 0.0, 0.0, 0.0, 0.0, 0.0, 0.0 ], [ 0.0, 0.2097890597025682, 0.0, 0.0, 0.0, 0.15836080620227783, 0.02986435540453963, 0.0, 0.29029294521988974, 0.20929352091724182, 0.0, 0.10239931255348272, 0.0 ], [ 0.0, 0.0, 0.1435137444783955, 0.0, 0.0, 0.0, 0.0, 0.0, 0.0, 0.5616982693558005, 0.0, 0.29478798616580404, 0.0 ], [ 0.0, 0.0, 0.0, 0.29984646751063343, 0.3698653953751906, 0.0, 0.33028813711417604, 0.0, 0.0, 0.0, 0.0, 0.0, 0.0 ], [ 0.0662248930298843, 0.12485332177118624, 0.0, 0.0, 0.0, 0.0, 0.0, 0.2619974410589079, 0.17703872757753594, 0.10890440522120295, 0.0, 0.0, 0.2609812113412826 ] ],
  "nextStepSeed" : 235231583120467788
}