{
  "dtmc" : [ [ 0.0, 0.0, 0.0, 0.0, 0.4131005016042207, 0.0, 0.5868994983957795 ], [ 1.0, 0.0, 0.0, 0.0, 0.0, 0.0, 0.0 ], [ 0.14638921102803165, 0.0861980042455868, 0.17346018975677516, 0.19684638389606418, 0.11948613881046419, 0.18621782437279413, 0.09140224789028403 ], [ 0.13376279181819398, 0.1607503785617815, 0.06167559380142286, 0.0, 0.3540731630845497, 0.0, 0.2897380727340519 ], [ 0.0, 0.0, 1.0, 0.0, 0.0, 0.0, 0.0 ], [ 0.1960227094759016, 0.16066049829458756, 0.056028183798817244, 0.198681526381815, 0.12495021135878913, 0.2636568706900894, 0.0 ], [ 0.0, 0.0, 0.29726433729259516, 0.0, 0.0, 0.7027356627074048, 0.0 ] ],
  "nextStepSeed" : 611257441370904050
}