{
  "dtmc" : [ [ 0.0, 1.0, 0.0, 0.0, 0.0, 0.0, 0.0 ], [ 0.1935082908449661, 0.1999846427053224, 0.04656924745890389, 0.10302600777115212, 0.22901536066482814, 0.20297926878229994, 0.024917181772527518 ], [ 0.01236226093045909, 0.14313308919597525, 0.3223792345467772, 0.019938226874091892, 0.1543610902466893, 0.30738409298158154, 0.040442005224425884 ], [ 0.0, 0.0, 0.0, 0.0, 0.8960485159288943, 0.10395148407110566, 0.0 ], [ 0.0, 0.0, 0.04182254373237156, 0.0, 0.9581774562676284, 0.0, 0.0 ], [ 0.013882509698508095, 0.27087061108972954, 0.05639719326146964, 0.21903453605300333, 0.0, 0.2010061637479479, 0.23880898614934143 ], [ 0.15178362336935738, 0.10398556007801953, 0.2301764126867989, 0.10999745043524652, 0.13095200776490307, 0.1231797091378429, 0.14992523652783174 ] ],
  "nextStepSeed" : 6968366549430672030
}