{
  "dtmc" : [ [ 0.5247468710936846, 0.15235815789821092, 0.030778981346185452, 0.0, 0.1547387149972255, 0.13737727466469346 ], [ 0.0, 0.0, 0.0, 0.0, 0.0, 1.0 ], [ 0.13157713058600562, 0.17547567904262282, 0.17910739630606334, 0.280886581730808, 0.11674583709943284, 0.11620737523506747 ], [ 0.0, 0.0, 0.0, 0.013132517566256174, 0.11956039488825636, 0.8673070875454875 ], [ 0.1908956700446927, 0.021032820642665685, 0.15535651008676887, 0.26118963332608847, 0.21988417894949344, 0.15164118695029075 ], [ 0.0, 0.16943634699607163, 0.33691990008298395, 0.3517725285890241, 0.12500675887637697, 0.016864465455543442 ] ],
  "nextStepSeed" : -2241740835813274775
}