{
  "dtmc" : [ [ 0.018212103178384235, 0.18580986706674807, 0.00835651592924506, 0.3243150122068689, 0.010146108614080452, 0.30018800275249735, 0.15297239025217604 ], [ 0.0, 0.08463382288822241, 0.18771570463888168, 0.20610146432656393, 0.22473507894911168, 0.0019435224172733383, 0.29487040677994697 ], [ 0.02812200090624948, 0.27050566093778894, 0.07869593401475657, 0.03044816422575746, 0.27963244155272043, 0.13276974543153253, 0.17982605293119466 ], [ 1.0, 0.0, 0.0, 0.0, 0.0, 0.0, 0.0 ], [ 0.0, 0.252819300660742, 0.3759470776088371, 0.0, 0.0, 0.3712336217304209, 0.0 ], [ 0.0, 0.0, 0.0, 0.0, 1.0, 0.0, 0.0 ], [ 0.1124064746091772, 0.34315236573117486, 0.0, 0.0, 0.0, 0.5444411596596479, 0.0 ] ],
  "nextStepSeed" : 2901009078795745364
}