{
  "dtmc" : [ [ 0.0, 0.0, 0.0, 0.0, 1.0, 0.0 ], [ 0.0, 0.0, 1.0, 0.0, 0.0, 0.0 ], [ 0.18676740620652088, 0.38336099163523557, 0.1445405697989041, 0.17623374465561856, 0.0, 0.10909728770372083 ], [ 0.027833256044101935, 0.050700426904481836, 0.16407625554387037, 0.326569018458572, 0.0, 0.4308210430489739 ], [ 0.1844847080413872, 0.1724771203153009, 0.0, 0.0, 0.2695384512038583, 0.3734997204394536 ], [ 0.12645419277703585, 0.1677924933953108, 0.170374390326629, 0.13332469502883781, 0.1996909334900092, 0.20236329498217737 ] ],
  "nextStepSeed" : 1461678810849376916
}