{
  "dtmc" : [ [ 0.12634238470694828, 0.006498242716771708, 0.11407027467411289, 0.19276830532107106, 0.06739678418983111, 0.12346017376206377, 0.017536354725604823, 0.09056190260411427, 0.2613655772994822 ], [ 0.0, 0.0, 0.0, 0.0, 0.6279659765577328, 0.0, 0.0, 0.0, 0.37203402344226716 ], [ 0.09276128100188981, 0.3934327154200065, 0.2459265988195389, 0.0, 0.0, 0.0, 0.0, 0.0, 0.2678794047585647 ], [ 0.0, 0.42096106840448777, 0.0, 0.0, 0.0, 0.0, 0.0, 0.0, 0.5790389315955122 ], [ 0.0, 0.0, 0.0, 0.15522333967474913, 0.38366881008322934, 0.0, 0.0, 0.4611078502420215, 0.0 ], [ 0.09205314376077564, 0.1236971005095199, 0.02802207529426374, 0.05804709847471575, 0.3201808313451955, 0.0024591222698136564, 0.13469118086207665, 0.012879122813495946, 0.22797032467014325 ], [ 0.0, 0.3438162325616515, 0.0, 0.0, 0.0, 0.0, 0.31338657217307525, 0.3427971952652731, 0.0 ], [ 0.16141321574651593, 0.1688085111022075, 0.027274926763604723, 0.07895989106711718, 0.09399436591976486, 0.10976366043152172, 0.08066281326026004, 0.17127651895950108, 0.10784609674950695 ], [ 0.06514520535201469, 0.0, 0.2128010652560791, 0.12279914291984163, 0.18420445654192052, 0.147027767983814, 0.19050505749171912, 0.0, 0.07751730445461091 ] ],
  "nextStepSeed" : -8116336054302828529
}