{
  "dtmc" : [ [ 0.0, 0.0, 0.1802858498395948, 0.0, 0.1537100318730712, 0.18329082230353116, 0.11218505972989122, 0.18185143363375703, 0.09110926394511946, 0.03573702054801881, 0.06183051812701647 ], [ 0.23554452815941804, 0.345283328406653, 0.23553304757347, 0.0, 0.0, 0.0, 0.0, 0.0, 0.0, 0.18363909586045904, 0.0 ], [ 0.0, 0.0, 0.0, 0.0, 0.0, 0.0, 0.04821150310494938, 0.0, 0.45284749707849714, 0.49894099981655354, 0.0 ], [ 0.0, 0.0, 0.0, 0.0, 0.8507575003342359, 0.0, 0.14924249966576414, 0.0, 0.0, 0.0, 0.0 ], [ 0.0, 0.3546183784943532, 0.0, 0.0, 0.0, 0.0, 0.0, 0.0, 0.0, 0.0, 0.6453816215056468 ], [ 0.0, 0.0, 0.0, 0.0, 0.0, 0.0, 0.0, 0.6873621992246749, 0.0, 0.31263780077532516, 0.0 ], [ 0.0, 0.0, 0.0, 0.0, 0.08770072419287406, 0.0, 0.3767988262781572, 0.0, 0.0, 0.10749020827889698, 0.42801024125007164 ], [ 0.0, 0.47946078890624166, 0.0, 0.0, 0.0, 0.0, 0.0, 0.5064253103310205, 0.0, 0.0, 0.014113900762737809 ], [ 0.0, 0.0, 0.0, 1.0, 0.0, 0.0, 0.0, 0.0, 0.0, 0.0, 0.0 ], [ 0.0278973742529483, 0.11769759009464442, 0.0, 0.32609883287977276, 0.0, 0.38881319705955203, 0.0, 0.0, 0.12489391815884943, 0.0, 0.014599087554233062 ], [ 0.06841803499059783, 0.18870690307359306, 0.0, 0.04139531064945985, 0.0, 0.07572107598982737, 0.01334846352353013, 0.20346335394520787, 0.19463930647948063, 0.0953193893373275, 0.11898816201097587 ] ],
  "nextStepSeed" : 6948998738832482978
}