{
  "dtmc" : [ [ 0.16387116326157908, 0.07623766954439924, 0.13045307209335638, 0.0, 0.0, 0.018876798608015874, 0.16117677917859272, 0.0, 0.07240806618137118, 0.07335075802890414, 0.15644102620315928, 0.14718466690062215 ], [ 0.0, 0.0, 0.0, 0.012421128390668137, 0.0, 0.05306299804555663, 0.0, 0.0, 0.0, 0.0, 0.0, 0.9345158735637752 ], [ 0.04422516194398102, 0.14269085067202447, 0.0, 0.1201145370694222, 0.0, 0.0, 0.09461793385814964, 0.15855870809255396, 0.16099656982058577, 0.05190649349926479, 0.10629764649186436, 0.12059209855215362 ], [ 0.16164617236141318, 0.07999797913933615, 0.0, 0.07272269557980644, 0.135614090807961, 0.0389346515087404, 0.0, 0.12421382116972605, 0.07868080579705407, 0.18967509660422122, 0.0, 0.11851468703174156 ], [ 0.12500113267980875, 0.0015332491817112283, 0.16150223592523502, 0.0, 0.14597460716214988, 0.0, 0.10606979874298447, 0.13196243499463947, 0.0, 0.06813895018623863, 0.08151053425989566, 0.17830705686733678 ], [ 0.02322763992287444, 0.13707903354055892, 0.0, 0.06486295768577166, 0.0, 0.0, 0.03669408626974116, 0.2320636566626984, 0.0, 0.22647890393113657, 0.23344076536090863, 0.0461529566263103 ], [ 0.05781252818842643, 0.013240456262285222, 0.19288358616374346, 0.0, 0.1775801588158622, 0.13217677791828325, 0.09738298276591041, 0.0314062519054947, 0.04721997512812123, 0.16293387284403146, 0.025367973474377057, 0.0619954365334645 ], [ 0.4806594886663769, 0.0, 0.0, 0.0, 0.0, 0.0, 0.2366432864104338, 0.06107114431742555, 0.0, 0.0, 0.0, 0.22162608060576386 ], [ 0.023624576870032245, 0.0, 0.24311407558722295, 0.0, 0.005571753533924062, 0.0, 0.0, 0.2967192695856663, 0.31599226970934163, 0.0, 0.11497805471381281, 0.0 ], [ 0.0, 0.10383194156371499, 0.1544452852966239, 0.0, 0.241954040630765, 0.0, 0.06278644739312703, 0.0, 0.0, 0.10300837489142152, 0.16776676879537938, 0.16620714142896814 ], [ 0.08857059465063238, 0.06507286326835429, 0.0, 0.0685289309407902, 0.0, 0.3135861253954995, 0.0, 0.16024054097256454, 0.2642283484847055, 0.03977259628745363, 0.0, 0.0 ], [ 0.0, 0.0, 0.0, 0.0, 0.06418597522866246, 0.14322289346077477, 0.18224124878664644, 0.03872699589796723, 0.220862665958096, 0.08641393027591932, 0.21695855428304003, 0.0473877361088936 ] ],
  "nextStepSeed" : -8278624212766618662
}