{
  "dtmc" : [ [ 0.11595869877640236, 0.08397217879447982, 0.007808119465549491, 0.0521365759002499, 0.05920807368510608, 0.12395236351953738, 0.08233681644518749, 0.029012127961951982, 0.03146152313662078, 0.03862379844076679, 0.13337520423009547, 0.12070365442983808, 0.12145086521421426 ], [ 0.0, 0.2652350963193667, 0.0, 0.0, 0.0, 0.0, 0.0, 0.28703569019386493, 0.0, 0.0, 0.4477292134867684, 0.0, 0.0 ], [ 0.011744197629623442, 0.0, 0.21479840109593523, 0.06378771818469996, 0.030384003377165188, 0.0, 0.0, 0.06550505501965641, 0.06650947361363714, 0.1926597857959663, 0.19118363867759455, 0.16342772660572175, 0.0 ], [ 0.1523165324282177, 0.05560625435005064, 0.23287937392892138, 0.08319041806272413, 0.10652622459415775, 0.07555594773831985, 0.0, 0.0, 0.0, 0.0, 0.0, 0.1700734442601351, 0.12385180463747363 ], [ 0.0, 0.1314406688964908, 0.0, 0.12712925201062458, 0.026906518981776713, 0.23996061446499203, 0.0, 0.20700703101491558, 0.0953096770709903, 0.1424661906713191, 0.0, 0.029780046888890827, 0.0 ], [ 0.02295222087399333, 0.013636639739166139, 0.07840931141914431, 0.005466949551812541, 0.21867123101742836, 0.22222785375037485, 0.0, 0.10675879604267088, 0.036687209187422486, 0.0, 0.07700810030283527, 0.15223800353771716, 0.06594368457743455 ], [ 0.25457370129299917, 0.0, 0.34915744753479616, 0.0, 0.0, 0.0, 0.0, 0.20411597568911574, 0.0, 0.0, 0.0, 0.1383556077992107, 0.053797267683878144 ], [ 0.04528030695685133, 0.08368254278443453, 0.0, 0.11028655668923605, 0.0, 0.08134815704954936, 0.03342009421959423, 0.16766649503364855, 0.1310866562863884, 0.0699849658906404, 0.12956143699215367, 0.0, 0.1476827880975034 ], [ 0.0, 0.0, 0.030582689499261753, 0.0, 0.21770129171007066, 0.17428076920334448, 0.0, 0.0, 0.21881915083953224, 0.34275759427342944, 0.015858504474361566, 0.0, 0.0 ], [ 0.0, 0.0, 0.0, 0.31174805191379845, 0.0, 0.0, 0.0, 0.0, 0.27153581354322026, 0.0, 0.4000544429547857, 0.0, 0.016661691588195467 ], [ 0.0, 0.33118013993007694, 0.22198638138077575, 0.14449145466221636, 0.0, 0.0, 0.0, 0.0, 0.0, 0.30234202402693094, 0.0, 0.0, 0.0 ], [ 0.11923853505358203, 0.0, 0.0, 0.03454504133128365, 0.06193728315241751, 0.03451536845106165, 0.02923913429433009, 0.20308753826180354, 0.11425707502684466, 0.0, 0.1522764000143492, 0.037449967929792834, 0.21345365648453488 ], [ 0.23117111978338675, 0.19179011773891647, 0.0, 0.0, 0.0, 0.0, 0.0, 0.0, 0.0, 0.13534566431416464, 0.15678374777586424, 0.024441314303289097, 0.2604680360843788 ] ],
  "nextStepSeed" : 3668193310620842711
}