{
  "dtmc" : [ [ 0.07305077129772848, 0.19976295628548277, 0.13565071032070353, 0.012735794214590536, 0.19986993667568034, 0.0, 0.21699772364010264, 0.11686860190461165, 0.0, 0.023861951227438456, 0.0, 0.021201554433661736, 0.0 ], [ 0.12582380256975773, 0.13508258316262217, 0.1291071701335521, 0.07507779656978812, 0.010174600738754362, 0.06111868063943468, 0.0, 0.0, 0.14543006925029686, 0.03363351820919432, 0.13675823094418849, 0.0809412521999211, 0.06685229558249013 ], [ 0.0, 0.2137939187148064, 0.0, 0.0, 0.0, 0.26325299495317717, 0.0, 0.0, 0.0, 0.0, 0.27259822205160733, 0.2503548642804092, 0.0 ], [ 0.18453050773226226, 0.14166274578093752, 0.12842604249323133, 0.15395791600934458, 0.0, 0.014537727131286378, 0.0, 0.019216304891629052, 0.14014695253014073, 0.10952484634910291, 0.029209682165665878, 0.02634353795219775, 0.05244373696420163 ], [ 0.0, 0.0, 0.0, 0.0, 0.0, 0.30045632385013793, 0.0, 0.0, 0.0, 0.699543676149862, 0.0, 0.0, 0.0 ], [ 0.0, 0.0, 0.0, 0.0, 0.41887368474801695, 0.0, 0.0, 0.0, 0.0, 0.0, 0.581126315251983, 0.0, 0.0 ], [ 0.0, 0.0, 0.0, 0.0, 0.0, 0.0, 0.0, 0.0, 0.24875683408105137, 0.27512632552524685, 0.0, 0.47611684039370183, 0.0 ], [ 0.08574941981042551, 0.03903380564063022, 0.0, 0.0, 0.19287128037922283, 0.004206586865020467, 0.030631492105894116, 0.1818258674112317, 0.1275423360154059, 0.034437134316437315, 0.038058315040119625, 0.152263035160273, 0.11338072725533944 ], [ 0.0, 0.17451218671097726, 0.029587136639131203, 0.0, 0.14735098565731244, 0.007242448148579877, 0.0, 0.14378567076602242, 0.020529838688910604, 0.0, 0.09678857375404888, 0.17484209993570993, 0.2053610596993072 ], [ 0.0, 0.0, 0.0, 0.0, 0.0, 0.0, 0.1260287671312457, 0.35145728145938526, 0.42565758334689674, 0.0, 0.0, 0.0, 0.09685636806247223 ], [ 2.777251806288145E-4, 0.13432936750890062, 0.0, 0.14980281774413434, 0.10958742242391199, 0.029048205004804872, 0.02382362030575079, 0.06637577259828573, 0.0, 0.05025719333966474, 0.1653652767142584, 0.1250197131916597, 0.14611288598800004 ], [ 0.23947415218249593, 0.0, 0.060283698392970514, 0.0, 0.0, 0.0, 0.2366019001268864, 0.08527207601393016, 0.0, 0.0, 0.10768474470035011, 0.0, 0.2706834285833669 ], [ 0.0, 0.12996065720062436, 0.1671507878876821, 0.0, 0.1080242982403416, 0.14353916504042896, 0.057836315626648906, 0.03779821369171149, 0.18612011226865588, 0.11336451921413455, 0.0, 0.04519753088549681, 0.01100839994427531 ] ],
  "nextStepSeed" : -3238004438221006736
}