{
  "dtmc" : [ [ 0.2970949822037948, 0.29723215193780556, 0.30077183773741, 0.04642384222420375, 0.0, 0.0, 0.058477185896785806 ], [ 0.0, 0.0, 0.0, 0.2934993292795257, 0.053267480167705154, 0.2587946985123992, 0.3944384920403699 ], [ 0.35119908059084465, 0.0, 0.26637130150766464, 0.0, 0.1911607494503336, 0.14882185136520495, 0.042447017085952214 ], [ 0.0, 0.3998046829585564, 0.10038861584449607, 0.4738539544397104, 0.0, 0.0, 0.02595274675723702 ], [ 0.023781913015673176, 0.0, 0.0, 0.4740058843282839, 0.0, 0.5022122026560429, 0.0 ], [ 0.7119028361530246, 0.0, 0.0, 0.0, 0.0, 0.0, 0.28809716384697537 ], [ 0.0, 0.0, 0.4103432552630889, 0.5896567447369111, 0.0, 0.0, 0.0 ] ],
  "nextStepSeed" : 6214330587103519618
}