{
  "dtmc" : [ [ 0.0, 0.20332602132469593, 0.0, 0.0, 0.0, 0.5334025763271276, 0.0, 0.0, 0.2632714023481764, 0.0 ], [ 0.28331013994653625, 0.0, 0.0, 0.0, 0.03998428384584038, 0.0, 0.44303316905508844, 0.0, 0.2336724071525349, 0.0 ], [ 0.0, 0.1868733765859718, 0.22483948921318803, 0.0, 0.1628964710640879, 0.0, 0.07156198159375668, 0.14063158322876002, 0.0, 0.21319709831423572 ], [ 0.0, 0.16151100481276942, 0.034004387049101456, 0.21833103458106629, 0.0, 0.0, 0.14513560313225332, 0.0, 0.44101797042480945, 0.0 ], [ 0.46888403903859255, 0.2366098463643953, 0.0, 0.17942617180687329, 0.06513248139928908, 0.03967483396876975, 0.0, 0.0, 0.01027262742207994, 0.0 ], [ 0.06514315858782176, 0.03921775243393993, 0.17790722122282823, 0.09317847193129561, 0.23813536333290547, 0.039688552742940635, 0.09898164832083388, 0.1086692573838499, 0.0587940841866858, 0.08028448985689872 ], [ 0.15581512799018432, 0.15646299500771585, 0.0036771319011643174, 0.08255660495170197, 0.1087401824435504, 0.06104041387521606, 0.16168880980925174, 0.16384178331857976, 0.0537815907220489, 0.05239535998058666 ], [ 0.0, 0.0013640066330281794, 0.0, 0.0697476854280876, 0.06552767073004656, 0.2661446482100102, 0.0, 0.22474386819000725, 0.24289482728159495, 0.12957729352722513 ], [ 0.0, 1.0, 0.0, 0.0, 0.0, 0.0, 0.0, 0.0, 0.0, 0.0 ], [ 0.45237510275332626, 0.0, 0.0, 0.0, 0.0, 0.0, 0.5476248972466736, 0.0, 0.0, 0.0 ] ],
  "nextStepSeed" : -5543430656106323102
}