{
  "dtmc" : [ [ 0.0, 0.0, 0.0, 0.1732965896519405, 0.0, 0.17251689220680458, 0.2748527457089087, 0.0, 0.3045469067110509, 0.00283775266622435, 0.07194911305507098 ], [ 0.182653120031338, 0.253360634822358, 0.04622978108943205, 0.004130128484904904, 0.0, 0.0, 0.0, 0.0, 0.26313562736888907, 0.250490708203078, 0.0 ], [ 0.0, 0.0, 0.0886717662108515, 0.04682728241800544, 0.1625079915861087, 0.19894586409658585, 0.1684661152100238, 0.016220222862779837, 0.16815928434296634, 0.11876859810981182, 0.03143287516286687 ], [ 0.0, 0.20032378222272515, 0.14592298138025703, 0.0, 0.0, 0.07249832806199767, 0.0, 0.2397690930318214, 0.18895238553327526, 0.0, 0.1525334297699236 ], [ 0.28366113206593685, 0.0, 0.0, 0.17623052922632604, 0.0, 0.030589346615139783, 0.19043981350248465, 0.3127763868069832, 0.0, 0.006302791783129357, 0.0 ], [ 0.0, 0.926223585566367, 0.0, 0.0, 0.07377641443363309, 0.0, 0.0, 0.0, 0.0, 0.0, 0.0 ], [ 0.06850659104460899, 0.11456906704434136, 0.01807436927367788, 0.10018998457927414, 0.012768171235832812, 0.12183368853537177, 0.1487980803917422, 0.13482185101549843, 0.10765983361923022, 0.1667559581915084, 0.006022405068913833 ], [ 0.0, 0.0, 0.0, 0.0, 0.126335456361174, 0.07950321860894244, 0.42094968986422393, 0.24521291009429116, 0.0, 0.1279987250713686, 0.0 ], [ 0.0, 0.0, 0.30783291142915153, 0.24312087853660871, 0.0, 0.3756772131034931, 0.0, 0.07336899693074657, 0.0, 0.0, 0.0 ], [ 0.0, 0.0, 0.0, 0.17756174970565036, 0.0, 0.25434526971946464, 0.4107562201746086, 0.15733676040027644, 0.0, 0.0, 0.0 ], [ 0.3279552371503899, 0.0, 0.0, 0.3391607745332184, 0.0, 0.11365342517822905, 0.0, 0.0, 0.0, 0.07619468352180017, 0.1430358796163624 ] ],
  "nextStepSeed" : 8425004279456948887
}