{
  "dtmc" : [ [ 0.04641727955269669, 0.0, 0.12905371649785163, 0.011133444027428541, 0.0, 0.07774318080894331, 0.18379860929290182, 0.07098206454200613, 0.12733681295200427, 0.155316551633548, 0.1982183406926197 ], [ 0.0, 0.15662628439202372, 0.2224064201168036, 0.0, 0.0, 0.0, 0.0, 0.0, 0.0, 0.0, 0.6209672954911726 ], [ 0.0, 0.02859273598291512, 0.5025840739076912, 0.0, 0.0, 0.0, 0.0, 0.0, 0.0, 0.46882319010939366, 0.0 ], [ 0.0, 0.0, 0.10044392704246073, 0.302285718850816, 0.0, 0.2593034291073089, 0.07283357597986984, 0.08281300690752279, 0.1412770435548055, 0.0, 0.04104329855721621 ], [ 0.04594237899631614, 0.09775644396542109, 0.09840213288992544, 0.01228930462530335, 0.11177880254191755, 0.12436936032207585, 0.12164623395437388, 0.10144569932990881, 0.11620883497812652, 0.08526212114930361, 0.08489868724732763 ], [ 0.30280009714369627, 0.19461376642285577, 0.0, 0.004167572682964006, 0.0, 0.0, 0.1072665589160697, 0.14565364651611604, 0.0, 0.0, 0.24549835831829817 ], [ 0.029645979025801787, 0.17540961719170933, 0.1071792532648271, 0.08207170428956748, 0.016187951059912865, 0.1310377699079549, 0.1400738266244433, 0.1084762663866046, 0.00631988872413867, 0.0, 0.20359774352503993 ], [ 0.09197552072339696, 0.0, 0.22028551222159423, 0.21647769763608377, 0.0, 0.0, 0.17827965980664476, 0.0, 0.0, 0.21301826584194064, 0.07996334377033967 ], [ 0.2695466204791865, 0.0, 0.0, 0.0, 0.0, 0.12426301329285835, 0.36852878926690685, 0.23766157696104834, 0.0, 0.0, 0.0 ], [ 0.21114477911700036, 0.2530753639753571, 0.0, 0.0, 0.16621739803500954, 0.03591632444556312, 0.20431180384006398, 0.0, 0.0, 0.12933433058700589, 0.0 ], [ 0.06254387321441723, 0.060361435315431214, 0.10240899614140835, 0.1051645500678339, 0.28451731572958006, 0.20840643167816622, 0.09063101740033566, 0.0, 0.0, 0.0, 0.08596638045282748 ] ],
  "nextStepSeed" : -6062316921461243838
}