{
  "dtmc" : [ [ 0.0, 1.0, 0.0, 0.0, 0.0, 0.0, 0.0 ], [ 0.30778543829014143, 0.13115661121943709, 0.053361678122906105, 0.12671160952692453, 0.06572144137181811, 0.28592970863740436, 0.029333512831368414 ], [ 0.0, 0.0, 0.0, 0.5901010678279346, 0.0, 0.3144770702041396, 0.0954218619679258 ], [ 0.28242057576218466, 0.1611586190520565, 0.176059337311312, 0.0, 0.057813569533543885, 0.0, 0.32254789834090297 ], [ 0.6828320382472178, 0.0, 0.2001967283662559, 0.0, 0.0, 0.11697123338652628, 0.0 ], [ 0.0, 0.2698789105805516, 0.0, 0.0, 0.1639951108906396, 0.5661259785288089, 0.0 ], [ 0.0, 1.0, 0.0, 0.0, 0.0, 0.0, 0.0 ] ],
  "nextStepSeed" : 7955090845306174004
}