{
  "dtmc" : [ [ 0.0, 0.0, 0.0, 0.0, 0.0, 0.0, 0.0, 0.0, 0.17605635144349221, 0.0, 0.8239436485565078, 0.0, 0.0, 0.0 ], [ 0.0, 0.0, 0.0, 0.0, 0.0, 0.0, 0.0, 0.0, 0.2656018876275812, 0.0, 0.0, 0.0, 0.7343981123724189, 0.0 ], [ 0.18787747341292, 0.07641937375133227, 0.0, 0.0, 0.0, 0.1268277407411088, 0.10946816957892569, 0.0661664286914743, 0.0, 0.0, 0.0, 0.07731308287842957, 0.2005611026015944, 0.15536662834421472 ], [ 0.0, 0.0, 0.0, 0.0, 0.0, 0.0, 0.0, 0.1721403726367765, 0.0, 0.8278596273632235, 0.0, 0.0, 0.0, 0.0 ], [ 0.13230499156448103, 0.13635588737317275, 0.07553926557398924, 0.02744168663705986, 0.12995919859650096, 0.1376243875226499, 0.0, 0.0, 0.0, 0.058516161272556114, 0.0, 0.0, 0.17288861915040662, 0.12936980230918368 ], [ 0.22031643393115358, 0.05253413620865952, 0.05995296012407754, 0.05405067726062605, 0.06025930991257986, 0.0, 0.08958911070698707, 0.0, 0.04509930430965154, 0.09133886379940427, 0.25168061751669746, 0.023875265901054706, 0.03840112856115946, 0.012902191767949017 ], [ 0.11605222394331033, 0.1548664852505241, 0.0, 0.09763244152121832, 0.0, 0.152932370527102, 0.14572948834621036, 0.05667825215284475, 0.0, 0.0, 0.0, 0.1428716317262334, 0.05887773003582814, 0.07435937649672861 ], [ 0.1487474591469455, 0.0, 0.0, 0.0, 0.0, 0.03217354356100588, 0.0, 0.0, 0.24734604983250283, 0.0, 0.3026232105295736, 0.0, 0.0, 0.26910973692997225 ], [ 0.12332893858257418, 0.17398636911730933, 0.198041737181466, 0.0, 0.0, 0.0, 0.0, 0.25810498837346907, 0.05978550312765628, 0.0, 0.0, 0.0, 0.0, 0.18675246361752518 ], [ 0.0, 0.0, 0.0, 0.0, 0.10909368084053961, 0.06878880548621485, 0.1635883463185595, 0.19577542350256663, 0.15200841166199772, 0.07360557645085629, 0.05407220660826343, 0.06909327618191917, 0.0, 0.11397427294908287 ], [ 0.0, 0.0, 0.0, 0.0, 0.0, 0.0, 1.0, 0.0, 0.0, 0.0, 0.0, 0.0, 0.0, 0.0 ], [ 0.05199799212899376, 0.0457979162380437, 0.06978748388050335, 0.20863619661624602, 0.0029942844100824977, 0.046247710407250876, 0.1324638701337071, 0.0, 0.07942173651869046, 0.06524308927055833, 0.0, 0.0, 0.09070733369207533, 0.20670238670384838 ], [ 0.0, 0.0, 0.0, 0.0, 0.0, 0.2533951143839962, 0.0, 0.2036279312793609, 0.28517181704818045, 0.0, 0.0, 0.2578051372884625, 0.0, 0.0 ], [ 0.0, 0.0, 0.1658539165262418, 0.17289589401224612, 0.0, 0.0, 0.0, 0.22674510882537843, 0.1878506778259249, 0.0, 0.0, 0.0, 0.24665440281020862, 0.0 ] ],
  "nextStepSeed" : -8259385571871629180
}