{
  "dtmc" : [ [ 0.3743606035622401, 0.270640554511552, 0.0, 0.1274824915633719, 0.22751635036283596 ], [ 0.4556016450220474, 0.0, 0.34233829193849263, 0.0, 0.20206006303946 ], [ 0.12714644697926944, 0.0584948713859293, 0.2112791114720597, 0.3012080482963302, 0.30187152186641136 ], [ 0.11201455256492776, 0.2549667133517561, 0.0, 0.5450995752976855, 0.0879191587856306 ], [ 0.028553954012343685, 0.018996335072831584, 0.5084638909337347, 0.07965271588621987, 0.3643331040948702 ] ],
  "nextStepSeed" : -5688144009822684938
}