{
  "dtmc" : [ [ 0.0, 0.0, 0.0, 0.0, 1.0, 0.0 ], [ 0.0, 0.0, 0.6842910119901947, 0.0, 0.0, 0.3157089880098052 ], [ 0.010251163789454378, 0.0, 0.08488249645724706, 0.12902965041815725, 0.7758366893351413, 0.0 ], [ 0.0, 0.013433938644511213, 0.0, 0.0, 0.7950150766860457, 0.19155098466944318 ], [ 0.14159226413807477, 0.3691580613703321, 0.0, 0.0, 0.0, 0.4892496744915931 ], [ 0.0, 0.39459154140503805, 0.14620931812894694, 0.45919914046601495, 0.0, 0.0 ] ],
  "nextStepSeed" : 6228888850112429448
}