{
  "dtmc" : [ [ 0.0, 0.0, 0.0, 0.05626383561128628, 0.0, 0.0, 0.04293292910223522, 0.19604028295329678, 0.7047629523331818 ], [ 0.0, 0.0, 0.0, 0.273295705467581, 0.0, 0.07588361505065129, 0.0, 0.5362723982307547, 0.1145482812510131 ], [ 0.0, 0.16727745618603768, 0.2196237350686867, 0.23693586461732005, 0.0, 0.0, 0.14218370298675304, 0.14774556968683075, 0.08623367145437189 ], [ 0.1925469343885904, 0.045657040256649184, 0.13483345014400955, 0.041741385394032327, 0.05852589878441608, 0.002138720795869118, 0.22936085904190756, 0.0, 0.2951957111945258 ], [ 0.11960080134540489, 0.2437318476809322, 0.0, 0.0, 0.0, 0.0, 0.0, 0.0, 0.6366673509736629 ], [ 0.35009661729855923, 0.0, 0.0, 0.0, 0.6499033827014408, 0.0, 0.0, 0.0, 0.0 ], [ 0.0, 1.0, 0.0, 0.0, 0.0, 0.0, 0.0, 0.0, 0.0 ], [ 0.12639146141676263, 0.0, 0.07469455624341664, 0.24463189179807965, 0.07773954653000599, 0.20136672749728582, 0.12262258628710755, 0.15255323022734169, 0.0 ], [ 0.16604175312746458, 0.0, 0.3848112185773968, 0.22415908995589914, 0.2149495319561807, 0.0, 0.0, 0.01003840638305881, 0.0 ] ],
  "nextStepSeed" : -3134641131835586650
}