{
  "dtmc" : [ [ 0.0916770516964775, 0.045186708210986956, 0.0, 0.0695906777481879, 0.06854232947688908, 0.09411982867473138, 0.13145370210990165, 0.0, 0.11479010919429744, 0.15858992827490237, 0.10307841062660071, 0.061364303087356936, 0.06160695089966804, 0.0 ], [ 0.0955363671290994, 0.0, 0.0, 0.09632514885059729, 0.0, 0.0, 0.3858971593342513, 0.0, 0.0, 0.3092698758576795, 0.11297144882837253, 0.0, 0.0, 0.0 ], [ 0.08022064324359451, 0.06424339735619171, 0.04692005096462577, 0.05783467155116213, 0.0637215484830393, 0.11084245200456427, 0.050008298944527456, 0.0680375200930334, 0.045819555521217456, 0.10044080961294763, 0.08105696909395485, 0.060173054359265954, 0.06459379662497843, 0.10608723214689722 ], [ 0.08831842094027005, 0.15066453007517927, 0.0, 0.0, 0.08074275256191382, 0.0, 0.0, 0.08964576439595473, 0.11813722013200009, 0.03880047181828289, 0.23300197123542876, 0.0, 0.20068886884097034, 0.0 ], [ 0.13440831170798143, 0.1251676151400075, 0.04078259457088089, 0.12215435252066627, 0.11058118431227491, 0.13145081321083424, 0.0, 0.03995244078381403, 0.15569015832120037, 0.0475180759353698, 0.0, 0.06949831564687843, 0.018206583390433354, 0.004589554459658711 ], [ 0.0, 0.0, 0.08841713758512815, 0.18901533268507054, 0.0, 0.0, 0.0, 0.08689759808264384, 0.2874326088965922, 0.3147444903899914, 0.0, 0.033492832360573835, 0.0, 0.0 ], [ 0.0, 0.0, 0.0, 0.0, 0.0, 0.0, 0.0, 0.0, 0.0, 1.0, 0.0, 0.0, 0.0, 0.0 ], [ 0.04605310675197272, 0.0, 0.349549264791113, 0.0, 0.0, 0.0, 0.0, 0.1755854625829985, 0.0, 0.24184865209891176, 0.0579847246438787, 0.06844183025998227, 0.06053695887114292, 0.0 ], [ 0.0, 0.0, 0.0, 0.0, 0.0, 0.3512452056956499, 0.0, 0.3107870660510688, 0.0, 0.3379677282532813, 0.0, 0.0, 0.0, 0.0 ], [ 0.5037780041258215, 0.0, 0.0, 0.0, 0.0, 0.0, 0.0, 0.0, 0.0, 0.0, 0.0, 0.4962219958741784, 0.0, 0.0 ], [ 0.10743259230795583, 0.0, 0.0, 0.29076158791131407, 0.24138300777617314, 0.0, 0.08738259696998579, 0.0, 0.0, 0.0, 0.0, 0.02761763244848912, 0.0, 0.24542258258608188 ], [ 0.0, 0.05370577749286507, 0.03758819112691601, 0.0, 0.0, 0.0, 0.0700007278849646, 0.0, 0.08752757730102567, 0.25962664151864967, 0.2544510486109339, 0.0, 0.2371000360646451, 0.0 ], [ 0.0, 0.0, 0.0, 0.5219298985194345, 0.0, 0.0, 0.0, 0.0, 0.3209190368963171, 0.1571510645842484, 0.0, 0.0, 0.0, 0.0 ], [ 0.0, 0.0, 0.0, 0.0, 0.0, 1.0, 0.0, 0.0, 0.0, 0.0, 0.0, 0.0, 0.0, 0.0 ] ],
  "nextStepSeed" : -5072187153212636097
}