{
  "dtmc" : [ [ 0.0, 0.0, 0.0, 1.0, 0.0, 0.0, 0.0, 0.0 ], [ 0.1884255646623413, 0.0, 0.23040807893849585, 0.1544596456011612, 0.14837836318536002, 0.0750459774821292, 0.20328237013051254, 0.0 ], [ 0.1902461137025388, 0.22046617049897707, 0.09328887218435028, 0.0, 0.0, 0.018981653483199957, 0.16329263292368382, 0.31372455720724995 ], [ 0.0, 0.3242044135772011, 0.0, 0.38987334593173445, 0.13170345677760714, 0.03400202383888721, 0.12021675987457003, 0.0 ], [ 0.0, 0.469580307778694, 0.0, 0.5304196922213061, 0.0, 0.0, 0.0, 0.0 ], [ 0.0, 0.0, 0.22485002295341597, 0.24709852459231338, 0.0, 0.0, 0.4007423005224731, 0.12730915193179765 ], [ 0.0, 0.0, 0.6383196400431339, 0.0, 0.0, 0.3616803599568661, 0.0, 0.0 ], [ 0.3181557687119069, 0.0012351421160730581, 0.34575685890349894, 0.0, 0.33485223026852107, 0.0, 0.0, 0.0 ] ],
  "nextStepSeed" : -1824268073357220496
}