{
  "dtmc" : [ [ 0.194364498069899, 0.0, 0.12191846028383406, 0.0, 0.0, 0.6837170416462669, 0.0 ], [ 0.30854871620036917, 0.0, 0.0, 0.19717325479798878, 0.4942780290016421, 0.0, 0.0 ], [ 0.0, 0.0, 0.0, 1.0, 0.0, 0.0, 0.0 ], [ 0.38054939629621326, 0.0, 0.216386024276987, 0.08430403755364199, 0.19363872717466146, 0.12512181469849626, 0.0 ], [ 0.0, 0.22375769915300325, 0.18255686947046845, 0.0, 0.06778157948490776, 0.06861881135588253, 0.45728504053573804 ], [ 0.0, 0.0, 0.5533869627480148, 0.0, 0.0, 0.4466130372519852, 0.0 ], [ 0.0, 0.30452351550810935, 0.0, 0.26548296188777554, 0.0, 0.42999352260411494, 0.0 ] ],
  "nextStepSeed" : -7776511488686161774
}