{
  "dtmc" : [ [ 0.0, 0.0, 0.0, 0.032222949715213764, 0.0, 0.0, 0.9677770502847862 ], [ 0.11253142583145688, 0.0, 0.0, 0.0, 0.0, 0.2592006354427016, 0.6282679387258416 ], [ 0.28136779098804987, 0.1368176420598388, 0.19864601455263498, 0.16230256885750513, 0.21031507675715924, 0.010550906784812047, 0.0 ], [ 0.0, 0.0200404959742138, 0.012272359071552073, 0.0, 0.3781443654796142, 0.0, 0.58954277947462 ], [ 0.4512188829646958, 0.0, 0.0, 0.4856891120432544, 0.06309200499204982, 0.0, 0.0 ], [ 0.1931521292160274, 0.19876342120423154, 0.013166105446999022, 6.644913941382323E-4, 0.13566160563192808, 0.21903277069517355, 0.23955947641150213 ], [ 0.0, 0.4194240694592017, 0.0, 0.0, 0.0, 0.29902974597910265, 0.2815461845616956 ] ],
  "nextStepSeed" : 7440637258462196484
}