{
  "dtmc" : [ [ 0.0, 0.0, 0.0, 0.0, 0.0, 0.0, 0.0, 0.0, 0.0, 0.0, 0.0, 1.0, 0.0, 0.0 ], [ 0.0, 0.0, 0.0, 0.0, 0.0, 0.0, 0.0, 0.0, 0.0, 0.19988991333468134, 0.13658701015846975, 0.3789272836627064, 0.2845957928441425, 0.0 ], [ 0.05665182288971502, 0.0, 0.0, 0.40188373227126467, 0.0, 0.0, 0.0, 0.0, 0.0, 0.0, 0.19829962810199184, 0.0, 0.34316481673702837, 0.0 ], [ 0.1996281429432868, 0.3471127205741977, 0.0, 0.0, 0.0, 0.0, 0.0, 0.0, 0.0, 0.0, 0.16102346299737091, 0.0, 0.0, 0.2922356734851448 ], [ 0.0, 0.2675312394412511, 0.0, 0.1855181459051863, 0.06391065207609638, 0.031965117772447, 0.2505016692137116, 0.0, 0.0, 0.0, 0.0, 0.20057317559130755, 0.0, 0.0 ], [ 0.0, 0.194782543810186, 0.0, 0.0, 0.14834815844046756, 0.07847889022361888, 0.001744462132485677, 0.01651555634951333, 0.12675372473028634, 0.0, 0.17486193243180195, 0.0, 0.049768711195361096, 0.20874602068627912 ], [ 0.0, 0.0, 0.0, 0.0, 0.0, 0.0, 0.0, 0.38368225116630533, 0.2295384042291035, 0.0, 0.3867793446045912, 0.0, 0.0, 0.0 ], [ 0.0, 0.0, 0.337211339427257, 0.0, 0.0, 0.0, 0.0, 0.0, 0.0, 0.0, 0.1365908217064708, 0.1830246525930716, 0.0, 0.3431731862732006 ], [ 0.011092459881041426, 0.035126718503849415, 0.0, 0.14673313821315367, 0.0, 0.10632713316133281, 0.16668602380704514, 0.15709798233677047, 0.028697752323991483, 0.05211900592243308, 0.0, 0.023664330486812015, 0.1648169056017826, 0.10763854976178795 ], [ 0.08921827450428188, 0.14266060803871655, 0.08240444035358353, 0.0, 0.04593021540924807, 0.12399772922996433, 0.13966407622041707, 0.027794859047294004, 0.021640284407973387, 0.0, 0.15400274983138315, 0.048647888124455294, 0.02498253189489339, 0.0990563429377895 ], [ 0.0, 0.17528275204450375, 0.14028522928059536, 0.17840887375943285, 0.20148906666538086, 0.10392916874211518, 0.0, 0.0, 0.0, 0.08596548671655872, 0.009755979310946693, 0.10488344348046663, 0.0, 0.0 ], [ 0.10585576478907983, 0.0, 0.27663457494675014, 0.0, 0.0, 0.0, 0.11812075336362643, 0.0, 0.2090820467391417, 0.0, 0.10821014628833278, 0.0, 0.0, 0.1820967138730691 ], [ 0.0, 0.017856629024761973, 0.0, 0.11356386181509634, 0.0, 0.0, 0.0, 0.0, 0.0, 0.3898200143877661, 0.0, 0.10485392967211302, 0.0706623542714816, 0.30324321082878103 ], [ 0.0, 0.0, 0.0, 0.0, 0.0, 0.6593811416601884, 0.0, 0.0, 0.3406188583398116, 0.0, 0.0, 0.0, 0.0, 0.0 ] ],
  "nextStepSeed" : -1873552931498605986
}