{
  "dtmc" : [ [ 0.0, 0.0, 1.0, 0.0, 0.0 ], [ 0.0, 0.0, 0.11595135583926929, 0.0, 0.8840486441607307 ], [ 0.5634552438868118, 0.07913239927868053, 0.0, 0.3574123568345078, 0.0 ], [ 0.2934852506538012, 0.22537967092590402, 0.0, 0.192235743514323, 0.28889933490597186 ], [ 0.24058863669865388, 0.24056951861813827, 0.26475059582895266, 0.1674933482377305, 0.08659790061652478 ] ],
  "nextStepSeed" : -4013366291329926800
}