{
  "dtmc" : [ [ 0.0938500203907402, 0.1927120563932766, 0.03020227871236194, 0.13326709246594953, 0.0, 0.0, 0.04950107332146333, 0.1061910459887365, 0.06660915587532529, 0.1632204415559484, 0.007320007746297748, 0.15544160560579082, 0.0016852219441097528 ], [ 0.4922830358756744, 0.0, 0.0, 0.0, 0.3878865909397173, 0.0, 0.0, 0.0, 0.0, 0.0, 0.0, 0.11983037318460829, 0.0 ], [ 0.0, 0.0, 0.0, 0.0, 0.0, 0.0, 0.0, 0.0, 0.0, 1.0, 0.0, 0.0, 0.0 ], [ 0.0, 0.0, 0.0, 0.0, 0.0, 0.0, 0.0, 0.8761638037465741, 0.0, 0.0, 0.12383619625342585, 0.0, 0.0 ], [ 0.30648436453281247, 0.07705431868536586, 0.2612954646678318, 0.0, 0.0, 0.0, 0.0, 0.022196482332826464, 0.0, 0.0, 0.0, 0.33296936978116337, 0.0 ], [ 0.0699103296909688, 0.032525124188525774, 0.007065119528071916, 0.022432370250722006, 0.1282975923666411, 0.13462207201514917, 3.946793539451864E-4, 0.12713549399299975, 0.0, 0.1262143510133543, 0.14400798983741467, 0.06412511601134853, 0.14326976175085882 ], [ 0.18928776750008172, 0.0, 0.2146557139856865, 0.0, 0.0, 0.17946221904095508, 0.0, 0.03649198095942606, 0.1461188298473495, 0.20215171973084217, 0.0, 0.03183176893565899, 0.0 ], [ 0.0, 0.0, 0.11928499274156555, 0.1947881515044084, 0.16663622369185127, 0.0, 0.018832199442798202, 0.0, 0.08057796292738366, 0.13644376693894383, 0.0, 0.22153706669074988, 0.061899636062299056 ], [ 0.0, 0.0, 0.0, 0.0, 0.0, 0.8003138082440178, 0.0, 0.19968619175598223, 0.0, 0.0, 0.0, 0.0, 0.0 ], [ 0.0, 0.08699492430191827, 0.0637846380486181, 0.1897396136836059, 0.12197812246560086, 0.07690925365737042, 0.0, 0.0, 0.05401947034273351, 0.14342168665047925, 0.16995750480549537, 0.0931947860441784, 0.0 ], [ 0.11650471913241889, 0.318327085445845, 0.11962607177914267, 0.025470327264129133, 0.0, 0.0, 0.0, 0.09882103964993792, 0.0, 0.0, 0.0, 0.0, 0.3212507567285265 ], [ 0.22344077374637378, 0.0, 0.03913015646171535, 0.0, 0.09682511862333987, 0.0, 0.17492058496676288, 0.14592748816542372, 0.0, 0.0, 0.0, 0.1720513611338749, 0.14770451690250955 ], [ 0.0, 0.0, 0.0, 0.0, 0.4098981722309977, 0.0, 0.34678822478366883, 0.0, 0.0, 0.0, 0.0, 0.24331360298533344, 0.0 ] ],
  "nextStepSeed" : 7416441729510219471
}