{
  "dtmc" : [ [ 0.12818330532333044, 0.032771292667048646, 0.1991334656137527, 0.0, 0.0, 0.0, 0.0, 0.0, 0.17803912630958232, 0.19473492355067462, 0.11342765148779732, 0.15371023504781386, 0.0 ], [ 0.04221796918946814, 0.006490991973902661, 0.06867532087649694, 0.002161784713498484, 0.11517090047844149, 0.12777144771850302, 0.12114108418142172, 0.12715419747404397, 0.09519189916955076, 0.02095070279474107, 0.11279770050274282, 0.0917406468177965, 0.06853535410939235 ], [ 0.0, 0.0, 0.0, 0.0, 0.0, 0.0, 0.4672391835136769, 0.0, 0.0, 0.0, 0.0, 0.5327608164863231, 0.0 ], [ 0.0, 0.0, 0.0, 0.0, 0.2944693041758441, 0.0, 0.0, 0.11373826242768947, 0.16494332520182947, 0.0, 0.4183891397527463, 0.008459968441890639, 0.0 ], [ 0.0, 0.0, 0.4220766436159566, 0.0, 0.5779233563840434, 0.0, 0.0, 0.0, 0.0, 0.0, 0.0, 0.0, 0.0 ], [ 0.0, 0.0, 0.0, 0.0, 0.1022917295909987, 0.0, 0.0, 0.40771521845241937, 0.0, 0.489993051956582, 0.0, 0.0, 0.0 ], [ 0.1204338462446828, 0.0, 0.12147644893927573, 0.05828013461386292, 0.0, 0.23802642276853342, 0.0, 0.2344673175984484, 0.0, 0.0, 0.12223721954078082, 0.0, 0.10507861029441583 ], [ 0.10434612100271635, 0.0, 0.0, 0.0, 0.0, 0.0, 0.10289137397527764, 0.0, 0.0, 0.0, 0.02970600030543841, 0.36304190690497, 0.40001459781159765 ], [ 0.031259284502483296, 0.003306278098482671, 0.0, 0.0, 0.0, 0.26867723984800423, 0.26168499188697, 0.0, 0.0, 0.13434838309036387, 0.0, 0.2580715704852166, 0.04265225208847936 ], [ 0.0889615801231775, 0.061519076485044163, 0.14796116402325318, 0.14943275507486783, 0.1326085721377919, 0.027807447863048163, 0.0, 0.060830555147117854, 0.061930226529415405, 0.08390846781501958, 0.11813874444843257, 0.02894791491612975, 0.037953495436702074 ], [ 0.0, 0.0, 0.1479134032872611, 0.0, 0.03517919205349917, 0.14280031191820178, 0.18108261383041127, 0.1561956516467534, 0.0, 0.1688692328540787, 0.07141310983039399, 0.07280742194777028, 0.023739062631630344 ], [ 0.0, 0.0, 0.0786273650302923, 0.053710892193525074, 0.3194053757999727, 0.13580786698606798, 0.0, 0.0, 0.010166480353872936, 0.0, 0.0, 0.402282019636269, 0.0 ], [ 0.0, 0.0, 0.0, 0.048202486313716486, 0.0, 0.0, 0.0, 0.0, 0.3337806701790675, 0.32959896251981097, 0.14960141447185632, 0.13881646651554874, 0.0 ] ],
  "nextStepSeed" : -8495378947888723378
}