{
  "dtmc" : [ [ 0.19599151137108056, 0.2673453010456892, 0.0, 0.0, 0.41227770294253846, 0.0, 0.12438548464069184 ], [ 0.0, 0.5572898599099648, 0.3135104063963151, 0.1291997336937201, 0.0, 0.0, 0.0 ], [ 0.0, 0.0, 0.0, 0.0, 0.0, 1.0, 0.0 ], [ 0.0, 0.0, 0.0, 0.0, 0.8493544224623597, 0.0, 0.15064557753764027 ], [ 0.48662044488955025, 0.0904227647412276, 0.0, 0.0, 0.0, 0.0, 0.42295679036922224 ], [ 0.0, 0.0, 0.139310097106899, 0.0, 0.41126235587334037, 0.0, 0.4494275470197607 ], [ 0.0, 0.0, 0.0, 0.21610005917415656, 0.0, 0.23644532132623522, 0.5474546194996082 ] ],
  "nextStepSeed" : -4809351296961105155
}