{
  "dtmc" : [ [ 0.11538233314448444, 0.3257384763083914, 0.0, 0.0, 0.3310868032995393, 0.22779238724758485 ], [ 0.2574833968768102, 0.1511894842717643, 0.2644519585451179, 0.17789061092343028, 0.05335026840880692, 0.09563428097407033 ], [ 0.401232085799532, 0.4448474542490073, 0.0, 0.1539204599514607, 0.0, 0.0 ], [ 0.0, 1.0, 0.0, 0.0, 0.0, 0.0 ], [ 0.21238346700097427, 0.0, 0.3434489950578928, 0.44416753794113295, 0.0, 0.0 ], [ 0.16793053802043093, 0.19961926138474853, 0.21864856345232353, 0.11911737850346252, 0.2946842586390344, 0.0 ] ],
  "nextStepSeed" : -9196795760277699041
}