{
  "dtmc" : [ [ 0.0, 0.0, 0.09521585867722406, 0.44731019717056697, 0.0, 0.0, 0.4574739441522089, 0.0 ], [ 0.06201229148892796, 0.16636811684610614, 0.1524565874547188, 0.0625489577945844, 0.1947369354712811, 0.02012546486444034, 0.12296997003669508, 0.2187816760432462 ], [ 0.17112682993783285, 0.07922579484382782, 0.138664298687491, 0.14808073138781613, 0.22075160179018904, 0.21401038235144568, 0.02814036100139758, 0.0 ], [ 0.14875041225455443, 0.07638336413031374, 0.20710202093582541, 0.09988958025159196, 0.08042726822271073, 0.03139162443205799, 0.24091875877019986, 0.11513697100274584 ], [ 0.0, 0.0, 0.0, 1.0, 0.0, 0.0, 0.0, 0.0 ], [ 0.0, 0.2576769522500477, 0.008197616157955074, 0.11660782809509189, 0.31333196831409776, 0.0, 0.06333247139989918, 0.24085316378290822 ], [ 0.527428590462588, 0.01604915611671915, 0.0, 0.0, 0.0, 0.14080810235030414, 0.3157141510703887, 0.0 ], [ 0.3793238141609542, 0.32376214395533404, 0.0, 0.0, 0.18425364521626483, 0.0, 0.0, 0.11266039666744669 ] ],
  "nextStepSeed" : 6463055230459964705
}