{
  "dtmc" : [ [ 0.04156281420220991, 0.0, 0.0, 0.42897851466055126, 0.0, 0.0, 0.0, 0.0, 0.0, 0.5294586711372388, 0.0, 0.0 ], [ 0.04875018767024633, 0.16383711909660226, 0.05370641737536222, 0.10010459475460519, 0.022918674298588772, 0.08740609961067845, 0.16306854528351855, 0.07778031426325123, 0.0, 0.12097701204961117, 0.1386591093419802, 0.022791926255555796 ], [ 0.0, 0.490030707141771, 0.0, 0.0, 0.0, 0.0, 0.0, 0.0, 0.24437441982599836, 0.0, 0.18183645300196152, 0.08375842003026913 ], [ 0.0, 0.0, 0.0, 0.6042116998261402, 0.0, 0.3957883001738598, 0.0, 0.0, 0.0, 0.0, 0.0, 0.0 ], [ 0.0, 0.0, 0.0, 0.33426338399540917, 0.13985673542613092, 0.06537898208848522, 0.0, 0.422187669831447, 0.0, 0.0, 0.0383132286585276, 0.0 ], [ 0.0033657450082774276, 0.0, 0.12392369076547138, 0.0, 0.10032289298428741, 0.13278408085777657, 0.13878967248922727, 0.14608266367941464, 0.11969190571150694, 0.0, 0.12538830600920473, 0.10965104249483361 ], [ 0.07582772831181694, 0.10616950647812527, 0.10411092155091833, 0.0, 0.13340647140202108, 0.04322239068750811, 0.13355645909633193, 0.06630528752201623, 0.17422682047952578, 0.0, 0.04118708955070292, 0.12198732492103345 ], [ 0.08030571185753087, 0.022548232976075087, 0.014185778780774792, 0.21149391520410163, 0.16607868521374844, 0.06101692949562616, 0.17320009210255732, 0.1962039402853129, 0.0, 0.0, 0.07496671408427294, 0.0 ], [ 0.0, 0.0, 0.0, 1.0, 0.0, 0.0, 0.0, 0.0, 0.0, 0.0, 0.0, 0.0 ], [ 0.19689926484340584, 0.21212241354042458, 0.0, 0.06759448693994143, 0.0, 0.12784203771353603, 0.0, 0.12271469333456923, 0.07641103470097943, 0.0, 0.010181957105267458, 0.186234111821876 ], [ 0.01103655432139191, 0.05603981729167933, 0.14753657082119837, 0.12081277836545781, 0.020048443837673603, 0.04090615032083207, 0.07948610630030331, 0.09942484640427783, 0.12445870491915807, 0.15823571438145745, 0.0, 0.14201431303657028 ], [ 0.0, 0.0, 0.0, 0.0, 0.0, 0.0, 1.0, 0.0, 0.0, 0.0, 0.0, 0.0 ] ],
  "nextStepSeed" : 367677906010913251
}