{
  "dtmc" : [ [ 0.04388082150041798, 0.17132556827890555, 0.02956534483884595, 0.13839509130287306, 0.17582669957132813, 0.1008172856965384, 0.17613578442835295, 0.0, 0.07043357326319774, 0.09361983111954021 ], [ 0.0, 0.08093328803762234, 0.0, 0.0, 0.1911536511889313, 0.0, 0.0, 0.09130918498276205, 0.16985962523005468, 0.4667442505606297 ], [ 0.014945571063224167, 0.18212013596009588, 0.09677314707658688, 0.0753869959691417, 0.1063085097082339, 0.10219344523925566, 0.17278269748846298, 0.13572423330541425, 0.0, 0.11376526418958466 ], [ 0.0, 0.14454182990053716, 0.0, 0.0, 0.0, 0.3339144349836584, 0.1845426407640637, 0.0, 0.06174662400211845, 0.2752544703496222 ], [ 0.4070044056498089, 0.0, 0.032399658602764836, 0.0, 0.0, 0.0, 0.125859430276302, 0.0, 0.43473650547112436, 0.0 ], [ 0.0, 1.0, 0.0, 0.0, 0.0, 0.0, 0.0, 0.0, 0.0, 0.0 ], [ 0.07260792191997793, 0.0, 0.27775604708366275, 0.15293918695763362, 0.0, 0.0, 0.0, 0.0, 0.4966968440387256, 0.0 ], [ 0.0, 0.04284802657756836, 0.2254343948250104, 0.12358100573283348, 0.15805067441523488, 0.0035528474140738026, 0.22486777449620793, 0.01797582077701385, 0.15464312442580155, 0.04904633133625576 ], [ 0.1806169212697533, 0.08263046916781776, 0.10967951865472272, 0.06583906932706202, 0.013164741826703182, 0.1901741033959711, 0.14578899608599283, 0.18510401228377693, 0.0, 0.02700216798820018 ], [ 0.0, 0.0, 0.0, 0.0, 0.0825292754743081, 0.9174707245256919, 0.0, 0.0, 0.0, 0.0 ] ],
  "nextStepSeed" : 703484850600059918
}