{
  "dtmc" : [ [ 0.12350674583986622, 0.0, 0.0, 0.133233914164536, 0.12975104472504717, 0.1878400596102098, 0.0, 0.0, 0.1425895969206221, 0.07305130761713786, 0.21002733112258093 ], [ 0.07983139690062657, 0.054704597692502376, 0.0, 0.023729868892694676, 0.18666727768663924, 0.1775514688744288, 0.1196417951097154, 0.12094174402130661, 0.0, 0.0884059870476438, 0.14852586377444255 ], [ 0.0, 0.0, 0.0, 0.0, 0.0, 0.0, 0.0, 0.0, 1.0, 0.0, 0.0 ], [ 0.12180163855004857, 0.3990925387269342, 0.0, 0.31981804146298576, 0.0, 0.0, 0.0, 0.0, 0.023961018529054363, 0.0, 0.13532676273097718 ], [ 0.09441093710902061, 0.0, 0.07360603124266848, 0.0781791079168541, 0.2076034579256979, 0.008430902744522366, 0.0, 0.21004340755512482, 0.0, 0.15145326867606096, 0.17627288683005063 ], [ 0.10369212355485814, 0.03253264789281112, 0.18809430580738018, 0.05315936795747261, 0.0967146773090431, 0.031052350668486634, 0.016097462218586638, 0.15395552582110378, 0.09403301132434455, 0.12215790789649657, 0.10851061954941656 ], [ 0.0, 0.6931161594476173, 0.0, 0.0, 0.0, 0.0, 0.0, 0.3068838405523827, 0.0, 0.0, 0.0 ], [ 0.0, 0.0, 0.0, 0.0, 0.0, 1.0, 0.0, 0.0, 0.0, 0.0, 0.0 ], [ 0.18808298896118425, 0.0, 0.0, 0.22540293203185802, 0.0, 0.08662260649469815, 0.18002301747408134, 0.1499606206912998, 0.0, 0.15015899101843427, 0.019748843328444177 ], [ 0.0, 0.0, 0.08512655507102439, 0.0, 0.0, 0.6081493543567349, 0.0, 0.0, 0.0, 0.3067240905722406, 0.0 ], [ 0.09544249777095427, 0.11991708679076012, 0.12321511853403144, 0.20184488485614074, 0.01293283728690966, 0.041260532710833665, 0.0, 0.045433157211747434, 0.15479052343597113, 0.0, 0.20516336140265154 ] ],
  "nextStepSeed" : -2961921426666824593
}