{
  "dtmc" : [ [ 0.032343201558393736, 0.20497012954627641, 0.07209111103938678, 0.16119528724524426, 0.2037058711705939, 0.024264212354991488, 0.1719780013107, 0.028573703223743984, 0.10087848255066931 ], [ 0.1346139782798239, 0.0034823085125293162, 0.18011790223932664, 0.1973259823576523, 0.14893674420006134, 0.05611811468811281, 0.01082149787257252, 0.19285128669667445, 0.07573218515324674 ], [ 0.04181690920776502, 0.0, 0.0, 0.07456895180748843, 0.22588446474647794, 0.0, 0.2175285490595021, 0.19830855417075408, 0.2418925710080125 ], [ 0.20533260667863332, 0.0, 0.092931186082775, 0.0, 0.14968441278645275, 0.20422094332909874, 0.11824047953974494, 0.0, 0.22959037158329532 ], [ 0.0, 0.0, 0.0, 0.21979991134485696, 0.016576276706694173, 0.22503990471140245, 0.21022441708699702, 0.22845977799240386, 0.09989971215764554 ], [ 0.0, 0.0, 0.0, 0.4629775114794301, 0.4742965184568303, 0.0, 0.0, 0.0, 0.06272597006373966 ], [ 0.18794213283113764, 0.33627561445712434, 0.0, 0.0, 0.007961846864519558, 0.06254923913271564, 0.16299228760121917, 0.0, 0.2422788791132838 ], [ 0.0, 0.5764416666711979, 0.0, 0.4235583333288021, 0.0, 0.0, 0.0, 0.0, 0.0 ], [ 0.12565828525985084, 0.0, 0.046112049745687944, 0.23124139173113567, 0.0, 0.2925071479522064, 0.0, 0.16710896855283797, 0.13737215675828116 ] ],
  "nextStepSeed" : -9209453290091908863
}