{
  "dtmc" : [ [ 0.26774094090217626, 0.03563021392419097, 0.3029131267600217, 0.0, 0.0, 0.0, 0.0, 0.12540291843172746, 0.2683127999818836 ], [ 0.03655660068664097, 0.0, 0.0, 0.0, 0.0, 0.0, 0.5342696062934011, 0.3043661127093914, 0.12480768031056652 ], [ 0.280873817362185, 0.16350293156932055, 0.0, 0.0, 0.0, 0.38633822238150345, 0.09931065712533979, 0.051047015785375904, 0.018927355776275266 ], [ 0.0, 0.08843938661170231, 0.2534476032638044, 0.0, 0.6382514385975208, 0.0, 0.0198615715269725, 0.0, 0.0 ], [ 0.0, 0.4300257314847546, 0.0, 0.0, 0.0, 0.0, 0.0, 0.5699742685152454, 0.0 ], [ 0.18484188429832465, 0.579976260338831, 0.2210659779803441, 0.0, 0.0, 0.0, 0.0, 0.0, 0.01411587738250021 ], [ 0.0, 0.025387593212574364, 0.2421043970350018, 0.1863150335088839, 0.03234509712114688, 0.2047180018931864, 0.06934716320268795, 0.018498276967774657, 0.22128443705874395 ], [ 0.019732094756976792, 0.20301543423588528, 0.062095182328564064, 0.15815040157990123, 0.0, 0.1871062496386417, 0.17318060703872004, 0.1967200304213109, 0.0 ], [ 0.0, 0.11782339588541879, 0.015909193428641076, 0.18114067046856774, 0.20565030511647087, 0.12620562264974705, 0.24181027893234414, 0.11146053351881033, 0.0 ] ],
  "nextStepSeed" : -7714093067710308022
}