{
  "dtmc" : [ [ 0.05633760419454982, 0.1877954874849585, 0.03911276576244037, 0.013789530726441875, 0.0, 0.23682478765039908, 0.03660942473730395, 0.0, 0.0, 0.08119592234044698, 0.11117654351604206, 0.23715793358741719 ], [ 0.16647143352662858, 0.0, 0.0, 0.2593333005852445, 0.0, 0.04059387646421663, 0.0, 0.2932441052435082, 0.0, 0.0, 0.19875073820175074, 0.04160654597865145 ], [ 0.10414111838559179, 0.0, 0.11250510556454342, 0.16530346778480684, 0.13088780051372553, 0.17656675770697466, 0.0, 0.0, 0.00530095814014196, 0.16299428373786964, 0.004058695111122406, 0.13824181305522365 ], [ 0.07034985540080277, 0.09173972751845055, 0.1783545697838803, 0.0, 0.07303263151047644, 0.03934221692080071, 0.11613672393362061, 0.0, 0.15987870623962303, 0.13723775371190397, 0.13392781498044157, 0.0 ], [ 0.5111439682404427, 0.15261641195065392, 0.3362396198089032, 0.0, 0.0, 0.0, 0.0, 0.0, 0.0, 0.0, 0.0, 0.0 ], [ 0.0, 1.0, 0.0, 0.0, 0.0, 0.0, 0.0, 0.0, 0.0, 0.0, 0.0, 0.0 ], [ 0.0, 0.2722243903859561, 0.0, 0.0, 0.0, 0.15525317162522054, 0.09684859831279422, 0.30376258924526855, 0.07252788148632211, 0.09938336894443835, 0.0, 0.0 ], [ 0.0, 0.0, 0.0, 0.0, 0.0, 1.0, 0.0, 0.0, 0.0, 0.0, 0.0, 0.0 ], [ 0.0, 0.0, 0.0, 0.0, 0.0, 0.0, 0.4557253103874032, 0.32321620767470954, 0.0, 0.22105848193788732, 0.0, 0.0 ], [ 0.16169784209388113, 0.1076141106028355, 0.025247346499746255, 0.0712310555756582, 0.14752009433015026, 0.18413210719881398, 0.0, 0.13864874182515588, 0.0, 0.0, 0.0, 0.16390870187375897 ], [ 0.0, 0.0, 0.0, 0.0, 0.0, 0.0, 0.35118948105422115, 0.0, 0.0, 0.0, 0.03014051404869063, 0.6186700048970881 ], [ 0.0, 0.13243685581858186, 0.010667119174017872, 0.15425538554844556, 0.07370773194954955, 0.11478854179562499, 0.09277970742896295, 0.0, 0.0, 0.4017513819680494, 0.0, 0.019613276316767868 ] ],
  "nextStepSeed" : -3871558417077254598
}