{
  "dtmc" : [ [ 0.0, 0.0, 0.16650839464603212, 0.03149252385754551, 0.0, 0.0, 0.09924533389615917, 0.17152889465460222, 0.32202792231958566, 0.0, 0.20919693062607536, 0.0 ], [ 0.0, 0.0, 0.41602011814088147, 0.0, 0.5839798818591185, 0.0, 0.0, 0.0, 0.0, 0.0, 0.0, 0.0 ], [ 0.0, 0.0, 0.04945042567068083, 0.0, 0.24849371349500524, 0.14464255927751474, 0.26862162225582753, 0.11336653258885745, 0.09177344293191067, 0.0, 0.0, 0.08365170378020348 ], [ 0.0, 0.0, 0.0, 0.0, 0.0, 0.0, 1.0, 0.0, 0.0, 0.0, 0.0, 0.0 ], [ 0.028216058832619583, 0.19749829052610787, 0.13353512626981484, 0.019389843740629423, 0.15365123395610625, 0.05964672458782482, 0.19188873371673285, 0.0, 0.0, 0.2161739883701645, 0.0, 0.0 ], [ 0.3090267745119083, 0.0, 0.0, 0.0, 0.0, 0.0, 0.0, 0.19135246854723925, 0.0, 0.0, 0.31806012088748215, 0.1815606360533704 ], [ 0.11768799679833562, 0.21175761209876606, 0.15335582073318002, 0.0, 0.023640944043704024, 0.20762430551421102, 0.05493089637581467, 0.0, 0.16004792482629407, 0.017743244068855923, 0.05321125554083859, 0.0 ], [ 0.0, 0.0, 0.6936358465155249, 0.0, 0.0, 0.0, 0.0, 0.0, 0.0, 0.0, 0.0, 0.30636415348447515 ], [ 0.0, 0.053282676684630374, 0.1270267298588207, 0.11983750595124465, 0.13576452842565395, 0.07582503485208937, 0.11101661797676486, 0.1273592249711805, 0.03921181216287219, 0.011192172527095527, 0.14801021639743844, 0.05147348019220945 ], [ 0.03498975484484259, 0.001143177325478976, 0.2524159755554649, 1.7830880207489577E-4, 0.22283619458356357, 0.18064226032134914, 0.050825945506099486, 0.0, 0.0, 0.14710707415554986, 0.0, 0.10986130890557662 ], [ 0.0, 0.14403110801784172, 0.0, 0.15343406419536357, 0.0, 0.0, 0.0, 0.18662857144710773, 0.11680871644642205, 0.22091259028259688, 0.0, 0.17818494961066814 ], [ 0.517452563614195, 0.0, 0.27926638087159567, 0.0, 0.0, 0.0, 0.0, 0.09435850612378197, 0.0, 0.0, 0.0, 0.10892254939042745 ] ],
  "nextStepSeed" : -5659473751466919992
}