{
  "dtmc" : [ [ 0.009796774943937414, 0.11625533765063069, 0.0, 0.0, 0.0, 0.873947887405432 ], [ 0.38190518762701103, 0.2983789081452869, 0.0, 0.0, 0.0, 0.3197159042277021 ], [ 0.0376937869212887, 0.5017816833519263, 0.0, 0.0, 0.460524529726785, 0.0 ], [ 0.0, 0.0, 1.0, 0.0, 0.0, 0.0 ], [ 0.11024405252962749, 0.22348021570307183, 0.2548568397047319, 0.1620517983139243, 0.01893429033644743, 0.2304328034121971 ], [ 0.12845153443798094, 0.24662935682527576, 2.4163110892962676E-4, 0.2766116833045789, 0.3053140610512979, 0.042751733271936994 ] ],
  "nextStepSeed" : 2188411299248391868
}