{
  "dtmc" : [ [ 0.0, 0.227193370455817, 0.10653294351320008, 0.0, 0.2098012800020906, 0.12025005987503148, 0.11937987790553925, 0.0, 0.21684246824832148 ], [ 0.0, 0.0, 0.0, 0.0, 0.0, 1.0, 0.0, 0.0, 0.0 ], [ 0.0, 0.2743085402084078, 0.0, 0.5357982480335405, 0.0, 0.0, 0.0, 0.18989321175805168, 0.0 ], [ 0.21302978524878885, 0.0, 0.01835305250467024, 0.02428177065277275, 0.0, 0.0, 0.0, 0.5032151748027592, 0.24112021679100895 ], [ 0.0, 0.0, 0.0, 0.0, 0.0, 0.0, 0.0, 1.0, 0.0 ], [ 0.0, 0.0, 0.0, 0.7081359692970586, 0.0, 0.0, 0.0, 0.29186403070294137, 0.0 ], [ 0.0, 0.0, 0.3908826782180599, 0.30713211024055376, 0.0, 0.30198521154138636, 0.0, 0.0, 0.0 ], [ 0.025706197678767705, 0.010587558780660212, 0.029737025431598917, 0.2639583789579434, 0.15695490780614457, 0.03858969690741662, 0.23001058479316125, 0.0, 0.24445564964430738 ], [ 0.0, 0.0, 0.260278492482845, 0.01812825245112608, 0.0, 0.20821210835880566, 0.151424428542686, 0.19180537924392926, 0.17015133892060785 ] ],
  "nextStepSeed" : -6476170854527218211
}