{
  "dtmc" : [ [ 0.0, 1.0, 0.0, 0.0, 0.0, 0.0 ], [ 0.0, 0.17454719841492236, 0.14520778265401538, 0.24657465726269892, 0.23025958171598157, 0.20341077995238174 ], [ 0.2774454215786487, 0.0, 0.0, 0.33793002700012775, 0.28874920074823773, 0.09587535067298578 ], [ 0.029060599035350354, 0.24463057364780608, 0.13720942720645676, 0.30023741316605385, 0.19856277265336436, 0.0902992142909686 ], [ 0.0, 0.0, 0.4158557629161171, 0.0, 0.0, 0.5841442370838829 ], [ 0.4977491846062762, 0.0, 0.0, 0.444857113588338, 0.05739370180538581, 0.0 ] ],
  "nextStepSeed" : -7355564908937833581
}