{
  "dtmc" : [ [ 0.19988186922960652, 0.4103969338533271, 0.13585718360017837, 0.0, 0.0, 0.2538640133168882 ], [ 0.27090694260941217, 0.1400068211612491, 0.0, 0.27866296640014804, 0.31042326982919055, 0.0 ], [ 0.0, 0.0, 0.0, 1.0, 0.0, 0.0 ], [ 0.0, 0.15724811319770807, 0.15027527848148187, 0.47409079108150876, 0.0, 0.21838581723930128 ], [ 0.25674699915537563, 0.11460495281118034, 0.45259620833111786, 0.0012986763090877638, 0.03586782545761324, 0.13888533793562538 ], [ 0.19802133637964497, 0.23419355985758272, 0.08847736798355015, 0.26214914825338326, 0.03439351683490555, 0.1827650706909333 ] ],
  "nextStepSeed" : 431896797919538718
}