{
  "dtmc" : [ [ 0.08317251456825413, 0.1867068131201709, 0.10218188155236736, 0.09315674128434281, 0.029513251437895845, 0.12593303048365162, 0.14228556860217886, 0.10833827456320243, 0.12871192438793597 ], [ 0.0, 0.03638612746576603, 0.10868693568495962, 0.0, 0.057476182427962895, 0.3540936956997003, 0.0, 0.3220520157680475, 0.12130504295356376 ], [ 0.0, 0.0, 0.5341692592681598, 0.0, 0.0, 0.0, 0.15048282758349713, 0.31534791314834293, 0.0 ], [ 0.0, 0.0, 0.8540199266969002, 0.0, 0.0, 0.0, 0.14598007330309987, 0.0, 0.0 ], [ 0.2963730772213584, 0.0, 0.0, 0.10215961090436872, 0.0, 0.6014673118742729, 0.0, 0.0, 0.0 ], [ 0.052644356524165124, 0.04044954247812135, 0.1345463816246664, 0.09002567210008286, 0.2747732891575443, 0.018150839327927108, 0.17420607143346425, 0.1587410642475322, 0.05646278310649637 ], [ 0.009545277769480002, 0.0, 0.3964804742900619, 0.0, 0.22497188692532707, 0.14457584680004007, 0.12850936159981116, 0.0, 0.09591715261527985 ], [ 0.10437462438298033, 0.09696716279420596, 0.20804330872194104, 0.12936083405707421, 0.1694463019391878, 0.08768663587706738, 0.03147680450557314, 0.13674228851970652, 0.03590203920226364 ], [ 0.0, 0.3314261117709321, 0.0, 0.24789279952030116, 0.0, 0.189437502071139, 0.2312435866376279, 0.0, 0.0 ] ],
  "nextStepSeed" : -7873350751151353648
}