{
  "dtmc" : [ [ 0.0, 0.0, 1.0, 0.0, 0.0, 0.0, 0.0, 0.0, 0.0, 0.0 ], [ 0.0, 0.15577484188828716, 0.05417189031939263, 0.25182553848200406, 0.16868991296289637, 0.008106439888864076, 0.18962482478989154, 0.1205769467064515, 0.0, 0.05122960496221253 ], [ 0.0, 0.1526289741908972, 0.0, 0.0, 0.0, 0.10565190536747891, 0.43613234940322343, 0.12089798031529313, 0.1846887907231072, 0.0 ], [ 0.11117371453559968, 0.1308565726554733, 0.037188387584726736, 0.11434864088035765, 0.09974087608442098, 0.13107734704734092, 0.08743092054905105, 0.036439909002670225, 0.12301938708258281, 0.1287242445777767 ], [ 0.09941024019091631, 0.019879764689161177, 0.21877851024453765, 0.14923559614205612, 0.10645912326669156, 0.0, 0.18572565417318043, 0.0407204907400306, 0.03713826964314356, 0.1426523509102827 ], [ 0.2686604557886218, 0.0, 0.0042751776381683045, 0.0, 0.42412540430507867, 0.019677174288732613, 0.23735519679787945, 0.0, 0.04590659118151917, 0.0 ], [ 0.10238315272382766, 0.0, 0.0, 0.1863673848756423, 0.22627729753228804, 0.08603973660283355, 0.0, 0.1315127592503722, 0.08384982029056856, 0.1835698487244677 ], [ 0.16363548669800979, 0.10641346824429576, 0.05263085091469301, 0.2178209000312416, 0.0, 0.0942352822793205, 0.1656301028812843, 0.1314975867505259, 0.010173731519726942, 0.05796259068090214 ], [ 0.03859495433371412, 0.0, 0.33705398519701063, 0.0, 0.0, 0.2991142153581262, 0.1491927250543834, 0.0, 0.06167454413114354, 0.11436957592562205 ], [ 0.005987406028519889, 0.0, 0.0, 0.17662112835647992, 0.18680370952814698, 0.0, 0.0, 0.23321811272641235, 0.12634020975583485, 0.271029433604606 ] ],
  "nextStepSeed" : -979789288026838242
}