{
  "dtmc" : [ [ 0.0, 0.0, 0.0, 1.0, 0.0, 0.0, 0.0 ], [ 0.0, 0.07340126830518647, 0.3305982980439114, 0.19371638438980296, 0.0, 0.4022840492610992, 0.0 ], [ 0.0, 0.7628011123023307, 0.02399569037959593, 0.0, 0.0, 0.2132031973180733, 0.0 ], [ 0.20157958231506015, 0.17711388323457627, 0.12586174727120258, 0.0, 0.23318641246930155, 0.07147280973805877, 0.1907855649718007 ], [ 0.0, 0.0, 0.02228421491544231, 0.26257751015247754, 0.0, 0.7151382749320803, 0.0 ], [ 0.0, 0.0, 0.0, 1.0, 0.0, 0.0, 0.0 ], [ 0.0, 0.1390696224539544, 0.0, 0.13153403231912772, 0.0, 0.7293963452269178, 0.0 ] ],
  "nextStepSeed" : -4519110432105215455
}