{
  "dtmc" : [ [ 0.11330255786743651, 0.6082437485527896, 0.0, 0.0, 0.0, 0.0, 0.0, 0.2784536935797738, 0.0, 0.0 ], [ 0.36230629774594497, 0.09018755000807319, 0.2876234858287411, 0.0, 0.10505707885555624, 0.0, 0.0032569258629421977, 0.06868800833857669, 0.08288065336016574, 0.0 ], [ 0.0, 0.09637270423723672, 0.0, 0.2622522032764615, 0.0, 0.0, 0.0, 0.40801475447197305, 0.0, 0.23336033801432873 ], [ 0.15860698583289254, 0.15717264373713236, 0.0744661519122567, 0.0, 0.1388125859187345, 0.1629360830425107, 0.042351319299065965, 0.04509787928134091, 0.11901520165553173, 0.1015411493205346 ], [ 0.06745987715101597, 0.20169315983692163, 0.30011575313478345, 0.0, 0.0, 0.0, 0.30355724941509293, 0.12635396460119708, 0.0, 8.199958609888994E-4 ], [ 0.12424011506246628, 0.31841323510254116, 0.09342686572061275, 0.0, 0.21268366305346503, 0.0436810209790146, 0.0, 0.0, 0.058573103510027806, 0.1489819965718723 ], [ 0.08727202958012256, 0.2185516693506969, 0.0, 0.09592533983397343, 0.10715203711544566, 0.08462335867292332, 0.08102007325877346, 0.17759149395637028, 0.14023146745270912, 0.0076325307789851205 ], [ 0.1558360660903151, 0.022223991959006713, 0.01576423998365676, 0.1766391946204683, 0.14592098022535863, 0.1608970154308952, 0.08694957154024728, 0.08522410247113059, 0.11432076019057974, 0.03622407748834172 ], [ 0.2171796561077829, 0.0, 0.21958684936098893, 0.011351692982495238, 0.2041634843954835, 0.0, 0.0, 0.0, 0.0, 0.3477183171532494 ], [ 0.22220090175326393, 0.0, 0.0, 0.38964852604885425, 0.0, 0.0, 0.3881505721978818, 0.0, 0.0, 0.0 ] ],
  "nextStepSeed" : -1966381843393427564
}