{
  "dtmc" : [ [ 0.08846456794755106, 0.0, 0.0, 0.14743469429681502, 0.13641307829431343, 0.09331195116515158, 0.09741822514853571, 0.01105974200673214, 0.12289889671491498, 0.12218361946555287, 0.026865780370289426, 0.15394944459014387, 0.0 ], [ 0.006200248377816244, 0.0, 0.0, 0.0, 0.39633389354427573, 0.0, 0.0, 0.0, 0.0, 0.0, 0.4330890154298173, 0.0, 0.16437684264809072 ], [ 0.0, 0.0, 0.0, 0.0, 0.5959727094331586, 0.0, 0.0, 0.0, 0.0, 0.24396040565746507, 0.0, 0.0, 0.16006688490937626 ], [ 0.0, 0.0, 0.0, 0.0, 0.0, 1.0, 0.0, 0.0, 0.0, 0.0, 0.0, 0.0, 0.0 ], [ 0.0, 0.0, 1.0, 0.0, 0.0, 0.0, 0.0, 0.0, 0.0, 0.0, 0.0, 0.0, 0.0 ], [ 0.0, 0.0, 0.0, 0.4396044338385794, 0.0, 0.0, 0.33184254850994216, 0.0, 0.1207857042126619, 0.0, 0.0, 0.10776731343881657, 0.0 ], [ 0.20897983040483256, 0.1313160045625474, 0.22526669346571815, 0.0, 0.09786161446506901, 0.0, 0.06549678998635523, 0.0, 0.04886546418165779, 0.0, 0.0, 0.03583179091443987, 0.18638181201937987 ], [ 0.0, 0.002902623780067004, 0.0, 0.21110263259372164, 0.22144962924451575, 0.1428082922569394, 0.0, 0.0, 0.020856556529741874, 0.004952842712821687, 0.040270974015075095, 0.019015672367416026, 0.3366407764997015 ], [ 0.12398887344358094, 0.0662097339210021, 0.14085482102361754, 0.060612745302537914, 0.0, 0.05694231010868643, 0.09276558781789686, 0.01614713935014014, 0.08214947388823808, 0.07716908049468651, 0.0, 0.16369948252795494, 0.11946075212165856 ], [ 0.0, 0.0, 0.0, 0.0, 0.0, 0.0, 0.0, 0.0, 1.0, 0.0, 0.0, 0.0, 0.0 ], [ 0.0, 0.0, 0.0, 0.0, 0.2801423792136584, 0.0, 0.0, 0.12021609726409135, 0.10416779381174991, 0.4178884347208365, 0.07758529498966386, 0.0, 0.0 ], [ 0.0014817774666475083, 0.1929236887378902, 0.0, 0.0050370759667565925, 0.10646200101864134, 0.028167306851012125, 0.1570052363103785, 0.0, 0.13879237372395434, 0.10399792025063222, 0.08971752950527184, 0.043315738791259446, 0.13309935137755613 ], [ 0.06417736056753671, 0.07262104257747763, 0.06947704370813731, 0.22429086556102534, 0.002134698054879529, 0.0, 0.0, 0.019434205572160614, 0.13162151185285814, 0.08887753243879803, 0.26722537632246157, 0.06014036334466509, 0.0 ] ],
  "nextStepSeed" : -8556201488606507478
}