{
  "dtmc" : [ [ 0.20614709303000978, 0.18473209429961215, 0.08641286302974086, 0.20574183398461895, 0.11307223321646766, 0.17856354962082163, 0.025330332818729078, 0.0 ], [ 0.052896532564157675, 0.2766789522780652, 0.0202632597199233, 0.0, 0.101379099344704, 0.14915444151509355, 0.13854330768078052, 0.2610844068972758 ], [ 0.012855751638183728, 0.0, 0.3971041771412766, 0.0, 0.0, 0.3768239976797847, 0.05777514537593803, 0.15544092816481692 ], [ 0.0, 0.02446592249567681, 0.0, 0.0, 0.0, 0.0, 0.9755340775043232, 0.0 ], [ 0.0, 0.0, 0.08422516301603636, 0.3458473954328286, 0.0, 0.24261758713058412, 0.13573677132394094, 0.19157308309660995 ], [ 0.09329543642125852, 0.0, 0.3147393056645437, 0.005302495525306822, 0.13185916251390686, 0.20268610760439687, 0.15072878206257118, 0.10138871020801607 ], [ 0.2389569034871904, 0.23200734135027962, 0.0, 0.343606175010599, 0.0, 0.03427178022767154, 0.0, 0.15115779992425954 ], [ 0.0, 0.3589029317405179, 0.21932771525600733, 0.42176935300347473, 0.0, 0.0, 0.0, 0.0 ] ],
  "nextStepSeed" : -1119221252213008290
}