{
  "dtmc" : [ [ 0.0, 0.0, 0.0, 0.0, 1.0, 0.0, 0.0, 0.0, 0.0, 0.0, 0.0 ], [ 0.15242248506104247, 0.11996226088346615, 0.0, 0.0, 0.0, 0.0, 0.12259596808367393, 0.10767528292004394, 0.0, 0.2792098671747011, 0.21813413587707242 ], [ 0.5364566109212304, 0.0, 0.0, 0.0, 0.0, 0.4635433890787696, 0.0, 0.0, 0.0, 0.0, 0.0 ], [ 0.0, 0.0, 0.0, 0.0, 0.0, 0.0, 0.0, 0.0, 0.2050581280885933, 0.46249896209021224, 0.33244290982119445 ], [ 0.060026997280105486, 0.09435184900066221, 0.0625844026676606, 0.03205420252063389, 0.1459331623931892, 0.13966960825818478, 0.0064060144417780645, 0.1532836191434618, 0.14966750228994186, 0.11195789748963787, 0.044064744514744215 ], [ 0.0, 0.0, 0.2620920773962082, 0.28313728400572963, 0.0, 0.15853209913195485, 0.1760486856399403, 0.036252342808537494, 0.0, 0.0, 0.08393751101762953 ], [ 0.4507630204686393, 0.0, 0.3887404511190726, 0.0, 0.0, 0.0, 0.16049652841228823, 0.0, 0.0, 0.0, 0.0 ], [ 0.0, 0.0, 0.0, 0.13521049311983585, 0.0, 0.19371050575208604, 0.132419494338497, 0.042614832004208535, 0.3220374149366522, 0.0, 0.1740072598487204 ], [ 0.0, 0.0, 0.06123509535993121, 0.0, 0.0, 0.1475314497360031, 0.0, 0.23834880393410676, 0.0, 0.3021313024690994, 0.25075334850085956 ], [ 0.0, 0.0, 0.18451761121428636, 0.0, 0.37577589109447096, 0.0, 0.0, 0.0, 0.0, 0.4397064976912426, 0.0 ], [ 0.03969459180669217, 0.037038949158528824, 0.0975834611295678, 0.02018610453901344, 0.207319720094326, 0.1642702995897128, 0.10309306819130377, 0.0, 0.21941468381830198, 0.09978661781547381, 0.011612503857079431 ] ],
  "nextStepSeed" : -5376083719641041704
}