{
  "dtmc" : [ [ 0.0, 0.0, 0.4466524155095693, 0.0, 0.0, 0.0, 0.0, 0.0, 0.0, 0.0, 0.5533475844904306, 0.0 ], [ 0.0, 0.0, 0.0, 0.0, 0.0, 0.0, 0.6648459258913124, 0.0, 0.3351540741086876, 0.0, 0.0, 0.0 ], [ 0.0, 0.0, 0.0, 0.26524295006642706, 0.20091870788968183, 0.23940917102207368, 0.0, 0.0, 0.0, 0.1315187320195714, 0.16291043900224614, 0.0 ], [ 0.0, 0.0, 0.0, 0.0, 0.0, 0.0, 0.0, 0.0, 0.0, 0.0, 0.0, 1.0 ], [ 0.0, 0.0, 0.0, 0.0, 0.15586184787184446, 0.0, 0.0, 0.0, 0.0, 0.5421698118546237, 0.0, 0.3019683402735319 ], [ 0.0, 0.07115568811584726, 0.12263314021302602, 0.05653826876024513, 0.1639280873102838, 0.02240743410466166, 0.12596187649805718, 0.05142035145148696, 0.13924900922354208, 0.038906781310378294, 0.13198394261005705, 0.0758154204024146 ], [ 0.0, 0.09641008414533912, 0.0, 0.0, 0.08013729059204036, 0.0, 0.11456781244502143, 0.0, 0.0, 0.2530443452319452, 0.1979741825604225, 0.25786628502523135 ], [ 0.0, 0.0, 0.1089519421994308, 0.0, 0.0, 0.0, 0.0, 0.5091352382217506, 0.3016760320974083, 0.08023678748141029, 0.0, 0.0 ], [ 0.10494710741569732, 0.0, 0.3329879417303651, 0.0, 0.3480196795336327, 0.0, 0.0, 0.0, 0.030707197360839638, 0.0, 0.031439951231861475, 0.15189812272760372 ], [ 0.041640835201935386, 0.0, 0.16505079328152517, 0.15127003917326376, 0.2076511559413629, 0.0, 0.16189924489558688, 0.0, 0.04702772092143502, 0.06552053703540005, 0.11897261116921555, 0.04096706238027527 ], [ 0.0, 0.10256316458618409, 0.0, 0.0, 0.28683896831738115, 0.0, 0.12082079309746094, 0.10563356438653826, 0.2295714328036668, 0.017769264014533, 0.0, 0.13680281279423595 ], [ 0.03833727143124984, 0.14294674737352486, 0.062400021595259925, 0.09813372577756685, 0.1305473421146309, 0.14550539041136534, 0.0, 0.0, 0.12089906069349048, 0.1650973590100859, 0.007345251697691929, 0.08878782989513404 ] ],
  "nextStepSeed" : -610602691574196568
}