{
  "dtmc" : [ [ 0.0, 0.0, 0.14779819190223126, 0.8522018080977688, 0.0 ], [ 0.022661387543579235, 0.2541058008172283, 0.26287132007371566, 0.28912940300583845, 0.17123208855963842 ], [ 0.2886964871869343, 0.0, 0.7113035128130657, 0.0, 0.0 ], [ 0.0, 0.19586640928866927, 0.0, 0.8041335907113307, 0.0 ], [ 0.0, 0.708078457237964, 0.040803769199829476, 0.0, 0.25111777356220655 ] ],
  "nextStepSeed" : -7448879732499198436
}