{
  "dtmc" : [ [ 0.0, 0.0, 1.0, 0.0, 0.0 ], [ 0.41457101662018664, 0.3779215029271623, 0.15401561529020275, 0.053491865162448325, 0.0 ], [ 0.2274513229805464, 0.27482978447340006, 0.28823531151302717, 0.18685742380075768, 0.02262615723226867 ], [ 0.12903898515294696, 0.0, 0.577137749701673, 0.0, 0.2938232651453802 ], [ 0.09130204689256152, 0.9086979531074385, 0.0, 0.0, 0.0 ] ],
  "nextStepSeed" : -5900613357355356961
}