{
  "dtmc" : [ [ 0.07201701354256472, 0.0, 0.9279829864574353, 0.0, 0.0 ], [ 0.49084430646890076, 0.04180591340147097, 0.034651957176579685, 0.10294305306962212, 0.32975476988342645 ], [ 0.10750816575444018, 0.34353619722882733, 0.12622185210385664, 0.20422973369569197, 0.21850405121718386 ], [ 0.0, 0.0, 1.0, 0.0, 0.0 ], [ 0.0, 0.0, 0.6115277049500578, 0.0, 0.3884722950499421 ] ],
  "nextStepSeed" : -5520886281622782361
}