{
  "dtmc" : [ [ 0.0, 0.0, 0.0, 0.0, 0.0, 0.0, 0.0, 0.0, 0.0, 1.0, 0.0, 0.0, 0.0 ], [ 0.0, 0.0, 0.0, 0.05308431414059861, 0.09397226123222552, 0.19988300944933965, 0.0, 0.23553534041987415, 0.0, 0.12996146307986703, 0.07183343605428458, 0.0, 0.21573017562381053 ], [ 0.043262557841446204, 0.15838640949340846, 0.06749177914876456, 0.1276091170048246, 0.06514073264266879, 0.10834336982619477, 0.08784518187134156, 0.07902075759899964, 0.0, 0.030580886246652783, 0.0, 0.1463900021867457, 0.08592920613895297 ], [ 0.11013030271606261, 0.07180773963760678, 0.0, 0.04774064964523426, 0.14022146547972078, 0.037970477702377096, 0.0, 0.1610046329764352, 0.17718064833246855, 0.1427826473778207, 0.028227208265139164, 0.08293422786713486, 0.0 ], [ 0.09282954697076187, 0.08343036840850326, 0.18134669277604387, 0.07668732202957773, 0.01042327659347934, 0.03989053039409965, 0.07061158934868934, 0.14299184298910791, 0.16385804351882594, 0.013399040756061388, 0.0, 0.0, 0.12453174621484975 ], [ 0.0, 0.1797413457982013, 0.16143752896000488, 0.0, 0.24655802135535734, 0.0, 0.0, 0.19659354513047358, 0.0, 0.11932263089400194, 0.0, 0.0, 0.09634692786196103 ], [ 0.0, 0.17728086394739392, 0.2035928304797401, 0.0, 0.0, 0.0, 0.0, 0.07497293112348176, 0.0, 0.0, 0.3169954721061876, 0.0, 0.22715790234319652 ], [ 0.0, 0.032949919987574024, 0.0, 0.1407767822573201, 0.13408002517194192, 0.019074636152954808, 0.11818178267520037, 0.07339738389878074, 0.1874155299562687, 2.7595889304788204E-4, 0.05796509553274225, 0.05140094069129999, 0.18448194478286933 ], [ 0.0, 1.0, 0.0, 0.0, 0.0, 0.0, 0.0, 0.0, 0.0, 0.0, 0.0, 0.0, 0.0 ], [ 0.0, 0.0, 0.36803871678371364, 0.0, 0.37968103515163143, 0.0, 0.0, 0.0, 0.0, 0.0, 0.0, 0.252280248064655, 0.0 ], [ 0.0, 0.0, 0.0, 0.4289735500206737, 0.0, 0.0, 0.0, 0.0, 0.0, 0.5710264499793263, 0.0, 0.0, 0.0 ], [ 0.14846232826340197, 0.0, 0.0, 0.0, 0.0, 0.1925733515580287, 0.0, 0.18984670185154734, 0.09888237098214411, 0.1957150576020773, 0.0, 0.0, 0.17452018974280048 ], [ 0.06669140079685539, 0.0, 0.06909432983595026, 0.0, 0.07073173714373363, 0.1223534754066416, 0.41252044733684456, 0.0, 0.0, 0.25860860947997455, 0.0, 0.0, 0.0 ] ],
  "nextStepSeed" : 7151654829384127444
}