{
  "dtmc" : [ [ 0.0, 0.0, 0.0, 0.0, 0.0, 0.6570046003240917, 0.05838257663143426, 0.0, 0.0, 0.284612823044474, 0.0, 0.0, 0.0 ], [ 0.0, 0.0, 0.0, 0.0, 0.0, 0.0, 0.0, 0.0, 0.0, 0.0, 0.0, 0.0, 1.0 ], [ 0.049868837829895055, 0.04280744765790909, 0.013881606958130783, 0.11114425611477341, 0.06499509924949146, 0.06294306483507406, 0.1269175806173377, 0.14229588574478447, 0.01932603604555047, 0.12335256619332217, 0.016163376560878254, 0.07867648311403326, 0.14762775907881964 ], [ 0.0, 1.0, 0.0, 0.0, 0.0, 0.0, 0.0, 0.0, 0.0, 0.0, 0.0, 0.0, 0.0 ], [ 0.008954728713038795, 0.01701533572826046, 0.17914853293046645, 0.0, 0.03817123807971665, 0.21605291341120755, 0.0, 0.0, 0.0, 0.2968938823197682, 0.026660218221252988, 0.02931540587687758, 0.18778774471941137 ], [ 0.20162884844404497, 0.0, 0.00959654023520074, 0.0, 0.05053674137316186, 0.21774336907577313, 0.0, 0.08814291928974756, 0.0, 0.21860617191497014, 0.14574315171152208, 0.06800225795557929, 0.0 ], [ 0.45934772895143905, 0.0, 0.0, 0.0, 0.0, 0.00898302707706673, 0.0, 0.0, 0.0, 0.0, 0.0, 0.0, 0.5316692439714942 ], [ 0.16710426921614838, 0.15625436584806673, 0.0, 0.2533985715844946, 0.11096486469024487, 0.01438676058573029, 0.0666056719886169, 0.005776606270855836, 0.0, 0.0, 0.0, 0.20243444602417485, 0.023074443791667603 ], [ 0.0, 0.2981593451146884, 0.0, 0.600351704446977, 0.0, 0.0, 0.0, 0.050308391597582, 0.051180558840752594, 0.0, 0.0, 0.0, 0.0 ], [ 0.036932015578632744, 0.027184555965733066, 0.05731470656262097, 0.05223679004585104, 0.1798007779883456, 0.1082379712875887, 0.003584060179285692, 0.06198962332103522, 0.11798003923128397, 0.0983286630661166, 0.1440870140825927, 0.045608174247985654, 0.06671560844292809 ], [ 0.0, 0.011240790464665137, 0.06540733785363075, 0.0, 0.2737006874906884, 0.060841512713770377, 0.21863784533512878, 0.0, 0.0, 0.13445786609970758, 0.05154069902740027, 0.1617564182450044, 0.022416842770004382 ], [ 0.0, 0.11840392533249479, 0.0, 0.0, 0.0, 0.031721644342133856, 0.15466476631490025, 0.005256469449814133, 0.15515655873732856, 0.1895750004081524, 0.06456185133223843, 0.07362400631839146, 0.20703577776454618 ], [ 0.14285647198765367, 0.02181519228041101, 0.0, 0.08697359999807483, 0.09000697653480484, 0.12164506203129506, 0.03827662449900356, 0.09243491454624773, 0.07974174385974338, 0.10035936903310926, 0.08195538598921989, 0.020152345505268975, 0.1237823137351679 ] ],
  "nextStepSeed" : 5474342777271450954
}