{
  "dtmc" : [ [ 0.2499669349422409, 0.26819666730914593, 0.034018234689078226, 0.191326255684354, 0.256491907375181 ], [ 0.0, 0.0, 0.5186905979481068, 0.0, 0.48130940205189315 ], [ 0.0, 1.0, 0.0, 0.0, 0.0 ], [ 0.2592846581383313, 0.2636164473107677, 0.17429743817917318, 0.11672670695161083, 0.1860747494201171 ], [ 0.04227225178925393, 0.2650165232844397, 0.3473083647867306, 0.0, 0.3454028601395757 ] ],
  "nextStepSeed" : 490689368858963047
}