{
  "dtmc" : [ [ 0.3769150903712461, 0.0, 0.0, 0.4916004792766036, 0.0, 0.0, 0.0, 0.13148443035215032, 0.0, 0.0 ], [ 0.2434810306633886, 0.015049433847700256, 0.2218684063641427, 0.20946945181809348, 0.0, 0.0273359499485142, 0.0543603195356184, 0.12091617354782372, 0.0, 0.1075192342747187 ], [ 0.0, 0.0, 0.13071420496895197, 0.13130939380420542, 0.0, 0.19066376189142398, 0.10936432907236436, 0.1721083997370378, 0.15681448534627376, 0.10902542517974269 ], [ 0.03816704021659617, 0.017652086978890577, 0.0, 0.10612154938277196, 0.17222260327225086, 0.1493082488591867, 0.051804128299436765, 0.15386229286245354, 0.20360210813192423, 0.10725994199648921 ], [ 0.0, 0.0, 0.0, 0.5049465466773656, 0.0, 0.06812876890571952, 0.42692468441691483, 0.0, 0.0, 0.0 ], [ 0.12531758462051443, 0.0, 0.04858842891694297, 0.14443423744947742, 0.19544055876830874, 0.09810206968382804, 0.18668793411424228, 0.13280554497876626, 0.05081716403185049, 0.017806477436069484 ], [ 0.0, 0.0, 0.0, 0.0, 1.0, 0.0, 0.0, 0.0, 0.0, 0.0 ], [ 0.0, 0.262012170741049, 0.0, 0.5586408519055708, 0.0, 0.0, 0.17934697735338032, 0.0, 0.0, 0.0 ], [ 0.0, 0.11382173358207373, 0.00781460329061527, 0.09692821970015594, 0.0, 0.08766024046029461, 0.3665009936519753, 0.1250840278170186, 0.0, 0.2021901814978666 ], [ 0.1923427213803963, 0.0, 0.18689334907252958, 0.0, 0.0, 0.1770388837515335, 0.08268729093319802, 0.06066175743857341, 0.10790361971435736, 0.19247237770941197 ] ],
  "nextStepSeed" : 3272887256242183515
}