{
  "dtmc" : [ [ 0.26271127864068916, 0.2762990709251856, 0.10693359822995786, 0.08618457179066279, 0.17435034987746129, 0.0, 0.09352113053604331 ], [ 0.0, 0.0, 0.0, 0.0, 1.0, 0.0, 0.0 ], [ 0.13531068350082706, 0.0, 0.36601642481704455, 0.22725630773408348, 0.18485103145045914, 0.0, 0.08656555249758585 ], [ 0.18203939026686983, 0.3152368819581613, 0.016915166473191176, 0.07365015385832699, 0.05400640551463116, 0.01174719702897842, 0.3464048048998411 ], [ 0.5717784534247643, 0.1622942186496272, 0.0, 0.10529617602613331, 0.16063115189947527, 0.0, 0.0 ], [ 0.0, 0.0, 0.0, 0.7518010682693472, 0.2481989317306528, 0.0, 0.0 ], [ 0.0, 0.0, 0.0, 0.0, 0.0, 1.0, 0.0 ] ],
  "nextStepSeed" : -8991219109898455597
}