{
  "dtmc" : [ [ 0.0, 0.0, 0.0, 0.265350066820695, 0.0, 0.0, 0.20965765542869502, 0.058412451988741274, 0.0, 0.2934464620322284, 0.17313336372964028, 0.0, 0.0 ], [ 0.0, 0.0, 0.10900997514891383, 0.07590115151270488, 0.0036470344837579963, 0.07720708602094503, 0.2877610700700995, 0.15955205368862432, 0.05400978232369018, 0.19230139550419809, 0.0, 0.04061045124706616, 0.0 ], [ 0.13904494924141964, 0.0, 0.11140119067647947, 0.12805694458779157, 0.02944211934461948, 0.0, 0.0, 0.13812869175071602, 0.1397787055074257, 0.0, 0.11837760432755998, 0.1342302061803665, 0.06153958838362177 ], [ 0.6047163267171859, 0.0, 0.12345585611663189, 0.0, 0.0, 0.0, 0.0, 0.0, 0.0, 0.0, 0.2718278171661824, 0.0, 0.0 ], [ 0.0, 0.0, 0.0, 0.0, 0.30847096576481436, 0.282834281508047, 0.0420450850583624, 0.0, 0.052612065453157816, 0.0, 0.10400167585146032, 0.0, 0.21003592636415797 ], [ 0.0, 0.08338194362845851, 0.18546581772349208, 0.0, 0.059987121139836314, 0.0, 0.0, 0.0, 0.15634523184379762, 0.11655154072775661, 0.17826136482038568, 0.12312745363760623, 0.09687952647866685 ], [ 0.05442035288645792, 0.15426902081598495, 0.053433273687489756, 0.12419559339126135, 0.0, 0.15130347089798774, 0.0019182284583882255, 0.17570371764084175, 0.0, 0.030641138634592197, 0.02459028378776725, 0.05222702775398521, 0.17729789204524357 ], [ 0.03463762778769311, 0.0971736677857165, 0.0, 0.12218935654370179, 0.14151980526283894, 0.025031200671525127, 0.12817227141992646, 0.012602436409831448, 0.0, 0.1409241031433614, 0.12609683576225802, 0.06690658816722343, 0.10474610704592381 ], [ 0.0, 0.0, 0.1785306724764053, 0.0, 0.0, 0.0, 0.0, 0.0, 0.0, 0.0, 0.0, 0.0, 0.8214693275235948 ], [ 0.0, 0.2556350345196376, 0.0, 0.0, 0.0, 0.17327087431558413, 0.23909995142339893, 0.0, 0.11219646352842658, 0.0, 0.0, 0.21979767621295287, 0.0 ], [ 0.14490491107780995, 0.043850592450186354, 0.09507103783123318, 0.074866195055201, 0.06547900673114766, 0.12106336334409042, 0.03368496851185845, 0.0, 0.006845569541080754, 0.12145624274680362, 0.13016946520224038, 0.033849783947660986, 0.12875886356068722 ], [ 0.12011628599274762, 0.08531158775317536, 0.12364555337106374, 0.0, 0.0, 0.020463700035299678, 0.04876866947383129, 0.03663653675354821, 0.17393752605007168, 0.0, 0.0696088757659919, 0.12061733566802323, 0.2008939291362473 ], [ 0.8033398290826448, 0.0, 0.0, 0.0, 0.0, 0.0, 0.0, 0.19666017091735527, 0.0, 0.0, 0.0, 0.0, 0.0 ] ],
  "nextStepSeed" : -905885783708360871
}