{
  "dtmc" : [ [ 0.0, 0.7142320484587891, 0.0, 0.28576795154121093, 0.0, 0.0, 0.0, 0.0, 0.0, 0.0 ], [ 0.0, 0.0, 0.0, 0.0, 1.0, 0.0, 0.0, 0.0, 0.0, 0.0 ], [ 0.08023602458153097, 0.19911576938239628, 0.15522605171056977, 0.022363860166490147, 0.08395966449488973, 0.18300041166917067, 0.04840533393554166, 0.10447347111415135, 0.111583198308514, 0.011636214636745447 ], [ 0.0, 0.0, 0.1537518021969198, 0.0, 0.11062709826642801, 0.19344441384878608, 0.0, 0.2392980463970857, 0.19631775994844253, 0.10656087934233802 ], [ 0.0, 0.2456063592044386, 0.12822678206448768, 0.0, 0.030125933550815547, 0.04712231571450282, 0.0, 0.2466959975440913, 0.21891439523333503, 0.08330821668832898 ], [ 0.2746613291252515, 0.0, 0.12220723923239425, 0.003689821449661711, 0.0, 0.22101795882564654, 0.0, 0.26223141735387057, 0.0, 0.11619223401317552 ], [ 0.147710655901766, 0.0069511757678049685, 0.13999267481962913, 0.15224145941662012, 0.07721383408268037, 0.08371260661897528, 0.0, 0.06386647437447333, 0.16867606959065123, 0.1596350494273995 ], [ 0.1389832585567649, 0.004980566852942808, 0.07409178897633042, 0.05954993164533741, 0.1671150253599426, 0.0, 0.14728365124988999, 0.0, 0.221567189424031, 0.18642858793476086 ], [ 0.0, 0.10741652828407097, 0.10890533889213098, 0.020584968447167985, 0.0, 0.3781428372652862, 0.0, 0.0, 0.19163318747898644, 0.19331713963235744 ], [ 0.27858135321694816, 0.0, 0.15578292512936392, 0.0, 0.0, 0.20843372728934512, 0.0, 0.05046886714830931, 0.0, 0.3067331272160335 ] ],
  "nextStepSeed" : 85487431286367656
}