{
  "dtmc" : [ [ 0.0, 0.0, 0.0, 0.0, 0.0, 0.7525125355479914, 0.0, 0.24748746445200875, 0.0 ], [ 0.0, 0.17515839984448078, 0.2236962757586401, 0.09311311195993038, 0.12610834899748632, 0.0, 0.0, 0.38192386343946244, 0.0 ], [ 0.15733732925174343, 0.0021018716857309997, 0.0067260576227755895, 0.27540979963870926, 0.041059923525240065, 0.09266810638874602, 0.1640185109072113, 0.21879280690841718, 0.04188559407142608 ], [ 0.0, 0.0, 0.0, 0.0, 0.0, 1.0, 0.0, 0.0, 0.0 ], [ 0.7569928927973556, 0.0, 0.0, 0.0, 0.0, 0.0, 0.0, 0.24300710720264437, 0.0 ], [ 0.20491353912434926, 0.23547043409798438, 0.055052517514760146, 0.17871452186918732, 0.03669706472100094, 0.02150585027162572, 0.22067108905802596, 0.0, 0.04697498334306619 ], [ 0.11872531073024349, 0.0, 0.1047550516292057, 0.2531235916683253, 0.009060031984450347, 0.02095239025047926, 0.24815282246967663, 0.11701900762146936, 0.12821179364614993 ], [ 0.15826756473461728, 0.2306257857997888, 0.0, 0.017207042516852344, 0.0037688522168875488, 0.0, 0.33211351112930987, 0.0, 0.25801724360254424 ], [ 0.14991664953165948, 0.17746340246300968, 0.20159063742313935, 0.1326621963568259, 0.0, 0.19575272017720682, 0.0, 0.02912101660679429, 0.11349337744136458 ] ],
  "nextStepSeed" : -8719629552545748167
}