{
  "dtmc" : [ [ 0.09342984122368071, 0.2182221269832179, 0.24697723542476638, 0.0, 0.19932456475367186, 0.023544093374284515, 0.21850213824037854 ], [ 0.013580987358015545, 0.2489578665769713, 0.19076138441134333, 0.0, 0.11804672938806299, 0.19556808235819204, 0.23308494990741482 ], [ 0.0, 0.14412906961255426, 0.2784040094937198, 0.3180651003077124, 0.0, 0.2594018205860136, 0.0 ], [ 0.029707515009611312, 0.13832062305436646, 0.1719351811977618, 0.18984715912778724, 0.1450238021385004, 0.14896500060919354, 0.17620071886277916 ], [ 0.2699848004282645, 0.0, 0.29217239618157614, 0.2138350825214662, 0.0, 0.0, 0.22400772086869306 ], [ 0.22271484124994048, 0.0, 0.28884409304904146, 0.0060589190231459325, 0.20051292986818933, 0.24344163193201301, 0.03842758487766975 ], [ 0.2283759594344151, 0.1702670453000222, 0.0, 0.0, 0.09307649032225103, 0.23728150874711423, 0.27099899619619755 ] ],
  "nextStepSeed" : 2007099136996420741
}