{
  "dtmc" : [ [ 0.0, 0.0, 0.0, 0.0, 0.0, 0.0, 0.0, 0.0, 0.0, 0.0, 0.0, 1.0, 0.0 ], [ 0.0, 0.0, 0.0, 0.0, 0.0, 0.0, 0.0, 0.0, 0.12798426906453575, 0.0, 0.4899585523385305, 0.3820571785969337, 0.0 ], [ 0.0, 0.0, 0.12831280095354428, 0.0, 0.0, 0.20328479028698956, 0.1833963905134349, 0.0, 0.0, 0.1745613320429814, 0.26688014843091107, 0.043564537772138756, 0.0 ], [ 0.03678925494679838, 0.1812047762750127, 0.09090981776531312, 0.0, 0.0, 0.07652739063288048, 0.10567687523936502, 0.1411306261658134, 0.12804250378941517, 0.0, 0.14228421073020758, 0.0, 0.09743454445519409 ], [ 0.0, 0.0, 0.0, 0.0, 0.0, 0.3732125464875981, 0.23630527755179237, 0.0, 0.0, 0.0, 0.2669357179012689, 0.0, 0.12354645805934061 ], [ 0.0, 0.0, 0.0, 0.0, 0.0, 0.0, 0.0, 0.0, 0.0, 0.656613180095041, 0.0, 0.0, 0.34338681990495895 ], [ 0.0, 0.0, 0.05086904666914, 0.1017483933956362, 0.16807888450123623, 0.14007403967707766, 0.06455984050966372, 0.14150948066483263, 0.1308246768421031, 0.0, 0.05221728193182152, 0.12491642997627106, 0.025201925832217642 ], [ 0.1143289768781768, 0.1576196696261524, 0.04577662021600355, 0.13517063255484607, 0.0, 0.12314742856169376, 0.15689060498662735, 0.05244087119965624, 0.0054203333246994854, 0.006723024755614289, 0.1239529116963632, 0.0, 0.07852892620016677 ], [ 0.1401227040934065, 0.06164119676940335, 0.11683121746485435, 0.07080448448193198, 0.11504559118495757, 0.09588754859941985, 0.09662020822031456, 0.04097633618303194, 0.04400719834884208, 0.03237573005388029, 0.07474683186544624, 0.09923636701245059, 0.011704585722060994 ], [ 0.0, 0.18217225326460298, 0.0, 0.0894179163176985, 0.11084506846950674, 0.0, 0.10785794428270544, 0.0, 0.0, 0.0, 0.21923399328731846, 0.20874160940330705, 0.08173121497486072 ], [ 0.0, 0.0, 0.0, 1.0, 0.0, 0.0, 0.0, 0.0, 0.0, 0.0, 0.0, 0.0, 0.0 ], [ 0.0, 0.0, 0.22581595629723233, 0.05202169924425132, 0.018902170000305564, 0.0, 0.0, 0.193449447292824, 0.09060901039479355, 0.0, 0.0, 0.24387134378706574, 0.17533037298352747 ], [ 0.07942454648071398, 0.13886855803907713, 0.04926208684718066, 0.13474514050903122, 0.00703041576101834, 0.015046245452708837, 0.04939349219775063, 0.012528944163317573, 0.06324689990483821, 0.1182788787053775, 0.08961802189434714, 0.10467219521054895, 0.13788457483408983 ] ],
  "nextStepSeed" : -514146594381375527
}