{
  "dtmc" : [ [ 0.0, 0.2964449870928544, 0.2630630580926998, 0.2126565563363637, 0.0, 0.14353482302610907, 0.08430057545197311, 0.0 ], [ 0.0, 0.3860775887124364, 0.0, 0.0, 0.0, 0.0, 0.6139224112875636, 0.0 ], [ 0.23416871909509643, 0.0, 0.20876355044045045, 0.012722184396620276, 0.2189526398645383, 0.20158191219458582, 0.12381099400870868, 0.0 ], [ 0.04711770280406535, 0.20858959525651735, 0.22455194374065943, 0.1085117334023788, 0.09257577260070034, 0.19707201921112635, 0.07711186974409256, 0.04446936324045981 ], [ 0.0, 0.23772901558549384, 0.0, 0.4040639242639622, 0.1254158673962885, 0.0, 0.0, 0.23279119275425544 ], [ 0.0, 0.0, 0.0, 0.0, 0.0, 0.0, 1.0, 0.0 ], [ 0.4237226377488757, 0.0, 0.0, 0.0, 0.0, 0.5762773622511242, 0.0, 0.0 ], [ 0.023512154938595913, 0.028301642890650226, 0.0, 0.31063460211423277, 0.16007292339743506, 0.0, 0.1957135059928766, 0.28176517066620943 ] ],
  "nextStepSeed" : -4800767754124104013
}