{
  "dtmc" : [ [ 0.0, 0.0, 0.8070221576703656, 0.0, 0.0, 0.0, 0.09195024838171173, 0.0, 0.0, 0.10102759394792278, 0.0, 0.0 ], [ 0.1688187029765311, 0.0, 0.1459159960033553, 0.0, 0.048740885337413255, 0.008691231427195235, 0.0, 0.13145668242614825, 0.0, 0.24434259361074032, 0.02058172168694584, 0.2314521865316706 ], [ 0.0, 0.0, 0.1156774338318008, 0.43457952651027976, 0.020187558779876425, 0.0, 0.03909892286683651, 0.0357026837943154, 0.0, 0.0, 0.16251135745444575, 0.19224251676244547 ], [ 0.0, 0.0, 0.0, 0.0, 0.25807803154018616, 0.0, 0.2893605804937763, 0.18162464452835592, 0.20856398779104987, 0.062372755646631806, 0.0, 0.0 ], [ 0.12025172608493681, 0.0, 0.14972261510574195, 0.21397180279405803, 0.3224107119132032, 0.0, 0.0, 0.0, 0.0, 0.0, 0.19364314410205996, 0.0 ], [ 0.12424385249156865, 0.07589513219353598, 0.0959242011088859, 0.13957040039236096, 0.09582916553381675, 0.10217420130395802, 0.11313681896157349, 0.11908535982121646, 0.08434301078152616, 0.024639003601931664, 0.025158853809625997, 0.0 ], [ 0.0, 1.0, 0.0, 0.0, 0.0, 0.0, 0.0, 0.0, 0.0, 0.0, 0.0, 0.0 ], [ 0.0, 0.1633810221891886, 0.0921898937844944, 0.16578388014783088, 0.043876566539886655, 0.0, 0.0, 0.1058595892176327, 0.086987166070671, 0.14625074925703913, 0.0, 0.19567113279325668 ], [ 0.0, 8.174552650401085E-4, 0.1852770947272321, 0.16805185017850918, 0.05486641161950495, 0.021244976991956117, 0.12927584574561599, 0.23546876148978632, 0.2049976039823553, 0.0, 0.0, 0.0 ], [ 0.0, 0.17993410058407125, 0.0, 0.0, 0.28528463365170775, 0.13581612074824986, 0.0, 0.2106519353666032, 0.0, 0.0, 0.11301180076679876, 0.07530140888256931 ], [ 0.0, 0.19325592439000341, 0.0, 0.13203042483546437, 0.050113937592368214, 0.1867160816269095, 0.0, 0.21163089044106181, 0.04575752666393185, 0.07383101192938787, 0.0, 0.10666420252087304 ], [ 0.0, 0.0, 0.0, 0.0, 1.0, 0.0, 0.0, 0.0, 0.0, 0.0, 0.0, 0.0 ] ],
  "nextStepSeed" : -2410667178936654574
}