{
  "dtmc" : [ [ 0.07326139513704455, 0.1346373767387382, 0.11219358977939711, 0.0, 0.23455665156122138, 0.10117449232961157, 0.15301904469696828, 0.08826623726781997, 0.102891212489199 ], [ 0.03872483306007846, 0.07424211653784203, 0.028186135959957663, 0.17359487317142708, 0.12211846300640698, 0.20008766948789972, 0.08215869904511747, 0.14098408511055266, 0.13990312462071788 ], [ 0.24519217224453066, 0.0, 0.19290597254401295, 0.02745931577221093, 0.24574076850500715, 0.061210422092939254, 0.10034496117705248, 0.1200785675027395, 0.007067820161507016 ], [ 0.01637173158201733, 0.2904897406160442, 0.0, 0.07468079726026808, 0.06759352593459284, 0.16661413455215077, 0.009069729872583324, 0.1039475021146688, 0.2712328380676746 ], [ 0.8329653269210098, 0.0, 0.16703467307899023, 0.0, 0.0, 0.0, 0.0, 0.0, 0.0 ], [ 0.18097203107706686, 0.0, 0.41928025565280824, 0.07613158413621206, 0.0, 0.3236161291339128, 0.0, 0.0, 0.0 ], [ 0.008405260141973016, 0.0, 0.19094211899731467, 0.0, 0.0, 0.1316951857275461, 0.0, 0.42420315053021895, 0.24475428460294715 ], [ 0.0, 0.0, 0.6157576549234677, 0.3842423450765323, 0.0, 0.0, 0.0, 0.0, 0.0 ], [ 0.005466894017410011, 0.0, 0.12356317306297951, 0.16070246090516313, 0.1607752070164481, 0.050573592465850276, 0.16122854939893935, 0.1749133356501621, 0.16277678748304752 ] ],
  "nextStepSeed" : -8774346098192891816
}