{
  "dtmc" : [ [ 0.0, 0.1087922569482599, 0.646165917757276, 0.24504182529446392, 0.0, 0.0, 0.0 ], [ 0.0, 0.0, 0.0, 1.0, 0.0, 0.0, 0.0 ], [ 0.0, 0.0, 0.0, 0.0, 0.0, 0.0, 1.0 ], [ 0.08850564405449564, 0.14939349321191597, 0.06269261815635994, 0.0, 0.25885796308633896, 0.1689142431148896, 0.2716360383759998 ], [ 0.1701548116020371, 0.15457072626190269, 0.18158810375266154, 0.025399418796806336, 0.1873996820665224, 0.1932280442718769, 0.08765921324819308 ], [ 0.32120703299061576, 0.027438876268144174, 0.06423735989695109, 0.0, 0.2658671553157414, 0.32124957552854766, 0.0 ], [ 0.04082869681177758, 0.2175488485780036, 0.1298126546949254, 0.12614854258839311, 0.31206103030690463, 0.0, 0.1736002270199957 ] ],
  "nextStepSeed" : -8565959794723537877
}