{
  "dtmc" : [ [ 0.0, 0.0, 0.0, 0.0, 0.0, 0.0, 0.2386181213688047, 0.0, 0.0, 0.0, 0.7613818786311953, 0.0, 0.0 ], [ 0.13957808260468488, 0.020615466503045236, 0.04958511471642224, 0.0, 0.0, 0.22629364427533494, 0.1573361147303654, 0.14868999814776906, 0.0, 0.04647161919740566, 0.1920661882041252, 0.0, 0.01936377162084755 ], [ 0.0, 0.0, 0.10514696199242896, 0.2948436252474512, 0.0, 0.0, 0.0, 0.20991983986609924, 0.0, 0.0, 0.3558828701158794, 0.034206702778141126, 0.0 ], [ 0.0, 0.0, 0.07919337166923379, 0.0, 0.16129953041512127, 0.1894946321400859, 0.0, 0.09166144367454876, 0.0, 0.05882288273944195, 0.14850170161350662, 0.11280263001549265, 0.158223807732569 ], [ 0.0, 0.0, 0.0649279435683879, 0.12380498634440139, 0.16438036065702838, 0.16853025699145535, 0.0, 0.1330934314075101, 0.15516472142995896, 0.1598138672766924, 0.030284432324565517, 0.0, 0.0 ], [ 0.04816424566670082, 0.010336735714475907, 0.0, 0.12736736418750977, 0.14192358381550543, 0.0, 0.11840016222163509, 0.13907442144873797, 0.15585619217353588, 0.03703537306946271, 0.14169877799792935, 0.024227469458518006, 0.055915674245989005 ], [ 0.0, 0.20961453018243573, 0.06723503595610975, 0.14435388447542305, 0.18304275484015511, 0.0, 0.0, 0.0, 0.0, 0.0, 0.2072199000258481, 0.08400101452857399, 0.10453287999145433 ], [ 1.0, 0.0, 0.0, 0.0, 0.0, 0.0, 0.0, 0.0, 0.0, 0.0, 0.0, 0.0, 0.0 ], [ 0.0, 0.18103932841935103, 0.0, 0.08493768510549611, 0.5567164284263519, 0.0, 0.0, 0.04521496787134941, 0.0, 0.07584911658380306, 0.0, 0.0, 0.0562424735936485 ], [ 0.07123360378828728, 0.0, 0.09548961638657227, 0.0, 0.10797193260017475, 0.0, 0.29257106020278356, 0.2791744498443871, 0.00395236453111667, 0.14960697264667852, 0.0, 0.0, 0.0 ], [ 0.0, 0.04232924190322582, 0.14073160245065666, 0.0, 0.0, 0.0, 0.0, 0.12083059916052336, 0.1318659195097977, 0.23146104142673904, 0.0, 0.03707910321626564, 0.2957024923327918 ], [ 0.16482006289562864, 0.0, 0.41435587681060204, 0.0, 0.0, 0.0, 0.0, 0.0, 0.2991792359913484, 0.0, 0.0, 0.121644824302421, 0.0 ], [ 0.0, 0.0, 0.0, 0.9918544483698736, 0.0, 0.0, 0.0, 0.0, 0.0, 0.008145551630126395, 0.0, 0.0, 0.0 ] ],
  "nextStepSeed" : 7708645246127810813
}