{
  "dtmc" : [ [ 0.0, 0.1469048160744296, 0.11235218341197925, 0.0, 0.022961264257107986, 0.14867918210045414, 0.11263386208050921, 0.1345207524835154, 0.054578309971401194, 0.08474642833258024, 0.07399192571268236, 0.0, 0.1086312755753406 ], [ 0.29168778599718015, 0.0, 0.0, 0.0, 0.0, 0.0, 0.0, 0.2702056347279531, 0.3459504473244616, 0.0, 0.0, 0.06490023876033074, 0.027255893190074446 ], [ 0.016893167824570218, 0.3112343242048459, 0.0, 0.0, 0.2527337630738107, 0.1832558378724614, 0.09533575155753303, 0.01524601739577612, 0.0, 0.0, 0.11163394535825462, 0.0, 0.013667192712748001 ], [ 0.04080090253529992, 0.05972872973663891, 0.0709853026423856, 0.0, 0.0025250685761076326, 0.15907457165826835, 0.022595617588803563, 0.03623314156860599, 0.14616367994192933, 0.16764185447480054, 0.1489695936781819, 0.0, 0.14528153759897838 ], [ 0.0, 0.0, 0.15707159853363478, 0.0, 0.0, 0.35633839063591516, 0.0, 0.12610987968148735, 0.0, 0.0, 0.0, 0.0, 0.36048013114896277 ], [ 0.13412532910466124, 0.010273364125655098, 0.08716814089643357, 0.08360438951846053, 0.034679298308487344, 0.032721367784046, 0.06498442481143712, 0.061713039338437484, 0.1424080823110002, 0.13506741081846393, 0.11143360980989415, 0.016865431893729504, 0.08495611127929384 ], [ 0.2101533709448837, 0.20068770770707378, 0.0, 0.205484338910933, 0.0, 0.0, 0.0025288003278257157, 0.026416733365176522, 0.1425446236245961, 0.0, 0.08911234887898573, 0.040733871434560906, 0.0823382048059645 ], [ 0.17165591969687866, 0.0, 0.0, 0.0, 0.22180797440445593, 0.0, 0.0, 0.0, 0.3563812714036418, 0.11351720392599927, 0.13663763056902442, 0.0, 0.0 ], [ 0.0, 0.0, 0.0, 0.0, 0.0, 0.1420665606278241, 0.0, 0.0, 0.0, 0.8579334393721759, 0.0, 0.0, 0.0 ], [ 0.268625981772519, 0.0, 0.028181335536143402, 0.0012100542532032137, 0.09008262380422771, 0.0, 0.0, 0.0, 0.08488258610005936, 0.32825374339652297, 0.15635258233695476, 0.0, 0.04241109280036961 ], [ 0.06242042738746706, 0.01846587637707191, 0.09209722404824536, 0.05294822084050132, 0.15376295610643878, 0.03567790918405193, 0.12239285705521503, 0.05835702015281991, 0.012232587305862314, 0.15163649012667293, 0.10269894536925124, 2.2653163003577643E-4, 0.13708295441636636 ], [ 0.0, 0.3585738241996772, 0.0, 0.05831195320970874, 0.0, 0.2862495003176431, 0.0, 0.0, 0.0, 0.0, 0.0, 0.2968647222729709, 0.0 ], [ 0.0, 0.093176668163763, 0.0, 0.0, 0.0, 0.0, 0.0, 0.5518323990993382, 0.0, 0.0, 0.0, 0.35499093273689886, 0.0 ] ],
  "nextStepSeed" : 4181082809105385507
}