{
  "dtmc" : [ [ 0.12284774879841402, 0.12433122951882473, 0.43884043489698815, 0.16137449864062017, 0.11948421943944451, 0.033121868705708275 ], [ 0.0, 0.8934796656786942, 0.10652033432130578, 0.0, 0.0, 0.0 ], [ 0.009858700550453252, 0.258391886754016, 0.22338022902966587, 0.0, 0.5083691836658649, 0.0 ], [ 1.0, 0.0, 0.0, 0.0, 0.0, 0.0 ], [ 0.36095530295041095, 0.0, 0.0, 0.0, 0.29402180535252875, 0.34502289169706035 ], [ 0.0, 0.0, 0.0, 0.0, 1.0, 0.0 ] ],
  "nextStepSeed" : -6567469795803420299
}