{
  "dtmc" : [ [ 0.0, 0.0, 0.0, 0.0, 0.0, 1.0, 0.0, 0.0, 0.0, 0.0 ], [ 0.13160397314347938, 0.0, 0.17611040511156237, 0.018538467328051967, 0.19689556626824484, 0.0, 0.2264762795428179, 0.25037530860584356, 0.0, 0.0 ], [ 0.0, 0.0, 0.0, 0.13205890359484837, 0.015381951373515348, 0.0, 0.332124881571346, 0.16512974965122892, 0.2245658927306899, 0.13073862107837136 ], [ 0.0, 0.47107552187166746, 0.0, 0.0, 0.0, 0.0, 0.5289244781283325, 0.0, 0.0, 0.0 ], [ 0.0, 0.18991066184523692, 0.0, 0.12396973811818826, 0.2554868691261938, 0.1842226013058398, 0.0, 0.0, 0.0017961983949722035, 0.24461393120956904 ], [ 0.12489916863990123, 0.17003924515934707, 0.036283774110638385, 0.013242064125530566, 0.16627985143891513, 0.17537469130198433, 0.11752871358630483, 0.03642417650287393, 0.08884195151669111, 0.0710863636178134 ], [ 0.4196421632192522, 0.4009921457580895, 0.0, 0.0, 0.1793656910226583, 0.0, 0.0, 0.0, 0.0, 0.0 ], [ 0.16636962171276098, 0.07151118200582883, 0.15495175047800397, 0.0, 0.0817869709611778, 0.1090737577185095, 0.025863810841676955, 0.1245462077957185, 0.2658966984863233, 0.0 ], [ 0.0, 1.0, 0.0, 0.0, 0.0, 0.0, 0.0, 0.0, 0.0, 0.0 ], [ 0.08143203109772677, 0.10912328674889421, 0.15684523835893135, 0.053213385538240995, 0.14832947942958633, 0.13061446564327606, 0.055976937309676365, 0.04995911001854595, 0.05516141351005039, 0.15934465234507136 ] ],
  "nextStepSeed" : -4267463336089164514
}