{
  "dtmc" : [ [ 0.9407385764828191, 0.05926142351718102, 0.0, 0.0, 0.0, 0.0, 0.0, 0.0, 0.0, 0.0, 0.0 ], [ 0.0, 0.0, 0.0, 0.0, 0.0, 1.0, 0.0, 0.0, 0.0, 0.0, 0.0 ], [ 0.0, 0.8609098632728033, 0.0, 0.0, 0.0, 0.0, 0.13909013672719675, 0.0, 0.0, 0.0, 0.0 ], [ 0.07425987851750294, 0.22425294882165928, 0.048120890824659576, 0.12412600842082089, 0.0, 0.13620632255905807, 0.02295762297387611, 0.1767017738506882, 0.001594065997377729, 0.0, 0.19178048803435732 ], [ 0.0, 0.0, 0.6640428942975155, 0.0, 0.0, 0.33595710570248455, 0.0, 0.0, 0.0, 0.0, 0.0 ], [ 0.26796856284343173, 0.20167912002096217, 0.0, 0.0, 0.0, 0.0, 0.0, 0.0, 0.2857333167845455, 0.24461900035106054, 0.0 ], [ 0.1549673474018145, 0.011481929602457744, 0.15424934909460558, 0.0, 0.07386288421611023, 0.20571922220856848, 0.024472562705782, 0.1276787367180293, 0.01418255272588308, 0.13780060417069168, 0.09558481115605753 ], [ 1.0, 0.0, 0.0, 0.0, 0.0, 0.0, 0.0, 0.0, 0.0, 0.0, 0.0 ], [ 0.06334372416666861, 0.0, 0.10896320653010282, 0.0, 0.1356625178285326, 0.17017101784335914, 0.05235440597786705, 0.1680765285312127, 0.02102975150371204, 0.14033273132161633, 0.1400661162969287 ], [ 0.03313672396330245, 0.15151731450291986, 0.24154541577262137, 0.10492329684942094, 0.07756880442075584, 0.038269621826357694, 0.06380135920780156, 0.16541028042398997, 0.009823607051430306, 0.0, 0.11400357598140004 ], [ 0.12927175801124702, 0.1475156140109591, 0.0, 0.06636501324057181, 0.07357806523814749, 0.1108484434053484, 0.140181931067169, 0.0, 0.11273378931063438, 0.09759386007856743, 0.12191152563735547 ] ],
  "nextStepSeed" : -8820223233721448478
}