{
  "dtmc" : [ [ 0.17631539122051318, 0.273862397817825, 0.0, 0.0, 0.0, 0.03251563130795417, 0.07741717473783516, 0.19190378797536353, 0.247985616940509 ], [ 0.4209230958208802, 0.14711250608422857, 0.0, 0.0, 0.10951630235802624, 0.0, 0.0, 0.2524614414155972, 0.0699866543212678 ], [ 0.0, 0.22552303119076836, 0.0, 0.09077147555015494, 0.0, 0.6837054932590767, 0.0, 0.0, 0.0 ], [ 0.0, 0.108103151488414, 0.21761841118536562, 0.0, 0.21229892630480895, 0.1576392364438208, 0.09071724532269787, 0.09849674386569086, 0.11512628538920196 ], [ 0.0, 1.0, 0.0, 0.0, 0.0, 0.0, 0.0, 0.0, 0.0 ], [ 0.0, 0.0, 0.0, 0.0, 0.0, 0.0, 0.0, 0.0, 1.0 ], [ 0.0, 0.2647863219407427, 0.0, 0.275920020377555, 0.25998945395145673, 0.0, 0.0, 0.0, 0.19930420373024552 ], [ 0.21027245213830156, 0.133684524830826, 0.0, 0.08678849020377148, 0.08155494627602453, 0.30596152017055905, 0.03252071013382897, 0.0, 0.14921735624668855 ], [ 0.0, 0.0, 0.2893475504643392, 0.0, 0.0, 0.34910180143564884, 0.36155064810001203, 0.0, 0.0 ] ],
  "nextStepSeed" : 1236730387790143270
}