{
  "dtmc" : [ [ 0.0, 0.0, 0.8333057041689117, 0.0, 0.0, 0.0, 0.0, 0.0, 0.0, 0.0, 0.0, 0.16669429583108827, 0.0 ], [ 0.0, 0.0, 0.0, 0.0, 0.0, 0.0, 0.0, 0.0, 0.0, 0.0, 1.0, 0.0, 0.0 ], [ 0.0, 0.0, 0.35884901179232515, 0.0, 0.0, 0.35906374150496967, 0.23874042472117796, 0.0, 0.0, 0.0, 0.0, 0.04334682198152729, 0.0 ], [ 0.0, 0.0, 0.0, 0.0, 0.0, 0.28057178506093433, 0.24103080558792145, 0.3052272423215869, 0.0, 0.1731701670295573, 0.0, 0.0, 0.0 ], [ 0.050065833301937555, 0.029679202735769444, 0.08244765186010891, 0.08388380390125684, 0.11813016857702134, 0.009889756783045245, 0.10201145118091745, 0.013986721350757726, 0.0649838261096494, 0.06694033476023124, 0.10805561636126469, 0.1386173529583035, 0.13130828011973658 ], [ 0.1593896169541865, 0.05630773283879417, 0.0, 0.1096831876452966, 0.13043619713190488, 0.15323649676539836, 0.16891014324660517, 0.02054460185140148, 0.0525357692016909, 0.03131925903062997, 0.0, 0.09136648805224525, 0.02627050728184667 ], [ 0.0, 0.0, 0.16509200239943048, 0.0, 0.29847416142686123, 0.14349881245711688, 0.0, 0.0, 0.0, 0.3929350237165915, 0.0, 0.0, 0.0 ], [ 0.0, 0.0, 0.0, 1.0, 0.0, 0.0, 0.0, 0.0, 0.0, 0.0, 0.0, 0.0, 0.0 ], [ 0.0, 0.0, 0.13931970140119862, 0.0, 0.0, 0.0, 0.0, 0.0, 0.3277330582111801, 0.0, 0.5329472403876213, 0.0, 0.0 ], [ 0.12473475275205011, 0.0, 0.0, 0.18498283279611433, 0.0, 0.0, 0.23043926080993699, 0.0, 0.012460158256145404, 0.27809880369792644, 0.1337445254340296, 0.0, 0.035539666253797175 ], [ 0.0, 0.0, 0.0, 0.0, 0.0, 0.0, 1.0, 0.0, 0.0, 0.0, 0.0, 0.0, 0.0 ], [ 0.003672800397791462, 0.052364278449981295, 0.17851709250255215, 0.19121426922633686, 0.044870970233381526, 0.10975827928020845, 0.1997694468992308, 0.007483540860001113, 0.02995440729718788, 0.07077320116395672, 0.029166879681565085, 0.061007241730800896, 0.021447592277005944 ], [ 0.002592784505761808, 0.06091590977716276, 0.15857754001659988, 0.0, 0.09371174708583793, 0.14281248673093416, 0.19783921976060426, 0.08780062378407176, 0.047641780687065274, 0.0426526273108354, 0.038774026211532114, 0.0, 0.12668125412959458 ] ],
  "nextStepSeed" : -4519718654952634126
}