{
  "dtmc" : [ [ 0.14344804811131645, 0.24095099261163286, 0.0, 0.13895632168428065, 0.23800642404011782, 0.0, 0.08023342034395367, 0.0016937215232387887, 0.0, 0.15671107168545978, 0.0, 0.0, 0.0 ], [ 0.07886698464811344, 0.11285144165501997, 0.015736061934373886, 0.0684102630700828, 0.13361150749829992, 0.0, 0.040103549620874056, 0.01933458768426271, 0.14510897053318322, 0.0867910160190986, 0.1139397805059439, 0.057009182444358035, 0.12823665438638945 ], [ 0.0, 0.0, 0.0, 0.3057727980207086, 0.0, 0.0, 0.0, 0.0, 0.2767454719197122, 0.12410433902841154, 0.0, 0.15665001214934965, 0.1367273788818181 ], [ 0.1441190259533201, 0.11266648843951348, 0.20263369234430575, 0.042299842656676516, 0.14528126104232203, 0.10684165276894078, 0.05369260785336703, 0.06525497140557339, 0.026255804141207807, 0.05970880455399208, 0.0, 0.0, 0.04124584884078124 ], [ 0.0, 0.030196845223337435, 0.03841143747852732, 0.12822377786526817, 0.20700967671035175, 0.0, 0.03999343408621562, 0.28028364095544084, 0.04297165567787657, 0.005752753010784437, 0.04534557940219078, 0.11225970033717508, 0.06955149925283212 ], [ 0.1575564399887664, 0.2755717680514692, 0.0, 0.03284344002803467, 0.08783488107813825, 0.0, 0.03540469908013764, 0.12321712549620233, 0.0, 0.11799184070441471, 0.03228106665331411, 0.036694462297740676, 0.10060427662178206 ], [ 0.006923165649471154, 0.11682746203873946, 0.04352793094759303, 0.017039778647251636, 0.06605462983546329, 0.07388226791554749, 0.011133305941011357, 0.1592027178460604, 0.0, 0.1658743894583135, 0.1426524784090795, 0.044732716932987936, 0.15214915637848114 ], [ 0.0, 0.0, 0.0, 0.0, 0.0, 0.0, 0.0, 0.0, 0.0, 0.0, 1.0, 0.0, 0.0 ], [ 0.20312734012502012, 0.046904629600840284, 0.028644636521769577, 0.0, 0.0, 0.09326175576424313, 0.0, 0.06872880012567968, 0.3168196883500096, 0.2425131495124376, 0.0, 0.0, 0.0 ], [ 0.1977094682831038, 0.43751893427512184, 0.10944191898056331, 0.0, 0.0, 0.0, 0.0, 0.0, 0.012557203267738192, 0.0, 0.0, 0.0, 0.24277247519347278 ], [ 0.0, 0.0, 0.31103048894185925, 0.0, 0.0, 0.0, 0.0, 0.0, 0.0, 0.6889695110581407, 0.0, 0.0, 0.0 ], [ 0.0830571274366667, 0.04417035972610007, 0.11859710146775665, 0.0, 0.02183530147500324, 0.1805259896006485, 0.14999340647227444, 0.0, 0.004487655788612397, 0.1269421947546836, 0.11368940254174398, 0.1515766550618575, 0.005124805674652694 ], [ 0.0, 0.0, 0.0, 0.0, 0.4252910423312172, 0.0, 0.5747089576687828, 0.0, 0.0, 0.0, 0.0, 0.0, 0.0 ] ],
  "nextStepSeed" : 2281142609246252480
}