{
  "dtmc" : [ [ 0.14794127719506073, 0.11318424259407796, 0.028368600814391964, 0.0164710261967869, 0.1559070071902969, 0.1206360561923976, 0.12526980468267948, 0.035134524280341924, 0.13303975130374915, 0.12404770955021739 ], [ 0.07515448527394535, 0.0, 0.28369076880583766, 0.35220121464765747, 0.0, 0.0, 0.08932714434055879, 0.0, 0.19962638693200077, 0.0 ], [ 0.0, 0.0, 0.0, 0.23719285477369134, 0.0, 0.15883983360322249, 0.15438485490352202, 0.04888893914422375, 0.273139034323356, 0.12755448325198454 ], [ 0.0, 0.0, 0.0, 0.31515556319730886, 0.3412865078898635, 0.12188898274177545, 0.0, 0.0, 0.04123236714198775, 0.18043657902906446 ], [ 0.2944011900580778, 0.0, 0.05607203167867004, 0.0, 0.0, 0.13572189745498037, 0.0, 0.5138048808082717, 0.0, 0.0 ], [ 0.0, 0.36687557124190856, 0.0, 0.12554066530518057, 0.0, 0.0, 0.1313981880152265, 0.0749857507606798, 0.07191886850269345, 0.22928095617431113 ], [ 0.16758366833844296, 0.24741594119722884, 0.0, 0.09014499729191526, 0.22206453883176605, 0.0, 0.0, 0.27279085434064687, 0.0, 0.0 ], [ 0.0, 0.28468801943022604, 0.0, 0.2591053414417092, 0.0, 0.0, 0.0, 0.25720719096761624, 0.19899944816044854, 0.0 ], [ 0.08954375754235114, 0.044887097579150194, 0.14648836640044335, 0.0, 0.20395874767689537, 0.25679820366007794, 0.2514418871412826, 0.006881939999799258, 0.0, 0.0 ], [ 0.0, 0.37744096567115615, 0.1990375715648146, 0.0, 0.0, 0.3105666966147929, 0.0, 0.0, 0.0, 0.11295476614923627 ] ],
  "nextStepSeed" : -2719859619873152875
}