{
  "dtmc" : [ [ 0.0, 0.08173941102108032, 0.3168200276623591, 0.1924793782558146, 0.0, 0.29542175501429035, 0.11353942804645568 ], [ 0.0, 0.05530934454858365, 0.5898750740191496, 0.35481558143226677, 0.0, 0.0, 0.0 ], [ 0.0, 0.24158154845362428, 0.539865212240936, 0.0, 0.21855323930543974, 0.0, 0.0 ], [ 0.1424184358001671, 0.0, 0.0, 0.3261516669096535, 0.0, 0.5314298972901793, 0.0 ], [ 0.1657831539826799, 0.14051543497194507, 0.17902990529309162, 0.12822214025727338, 0.015863612608271693, 0.18048741716426273, 0.19009833572247556 ], [ 0.0, 0.1375083266291317, 0.0, 0.4353671003507702, 0.0, 0.42712457302009815, 0.0 ], [ 0.0, 0.0, 0.0, 1.0, 0.0, 0.0, 0.0 ] ],
  "nextStepSeed" : -7033467348313536222
}