{
  "dtmc" : [ [ 0.17700418197512832, 0.0, 0.1768411171053945, 0.11092580027084865, 0.0, 0.09852119618757087, 0.0708693187654387, 0.141235217406875, 0.005912493394637753, 0.2186906748941062 ], [ 0.29113683528006523, 0.0, 0.1152439041148696, 0.0, 0.3757149530191305, 0.0, 0.2111280708762284, 0.0, 0.006776236709706321, 0.0 ], [ 0.34038757082359794, 0.31881855146756727, 0.11236225690191455, 0.0, 0.0, 0.10402090475577482, 0.12441071605114538, 0.0, 0.0, 0.0 ], [ 0.32631515806290373, 0.029723944548091116, 0.3172986988870725, 0.004539316605483515, 0.1679188803343007, 0.009318325451065798, 0.0, 0.007945964006660644, 0.0025181707261243405, 0.13442154137829773 ], [ 0.2288613514840505, 0.0, 0.016210715049241688, 0.0, 0.05934689538234365, 0.013975322259767503, 0.19479016993373768, 0.0, 0.3720113677583703, 0.1148041781324887 ], [ 0.0, 0.0, 0.09837969463576261, 0.0, 0.09348092069074072, 0.12031148561827688, 0.1815608950216028, 0.2790709714060778, 0.22719603262753915, 0.0 ], [ 0.6286933683502695, 0.0, 0.0, 0.3713066316497306, 0.0, 0.0, 0.0, 0.0, 0.0, 0.0 ], [ 0.0641619204597688, 0.10532519131896281, 0.08336559915430299, 0.10475668269290832, 0.0, 0.11242199942803588, 0.06002379820589978, 0.1962161230277102, 0.15337755777843914, 0.12035112793397205 ], [ 0.0, 0.47781703624061966, 0.2719694609537078, 0.0, 0.0, 0.2502135028056726, 0.0, 0.0, 0.0, 0.0 ], [ 0.10319148659515023, 0.1694679317698142, 0.1215732279045398, 0.05354527190547597, 0.0031638788076850588, 0.09649274586087045, 0.25586860165171105, 0.0, 0.19449001033419408, 0.0022068451705591127 ] ],
  "nextStepSeed" : -5673364313646646266
}