{
  "dtmc" : [ [ 0.0, 0.0, 0.0, 0.0, 1.0, 0.0 ], [ 0.22930876437773628, 0.0, 0.24550656757766479, 0.2769186211304779, 0.13511942675936983, 0.11314662015475115 ], [ 0.0, 1.0, 0.0, 0.0, 0.0, 0.0 ], [ 0.29355619736211713, 0.044916180188786, 0.1261568959335741, 0.1470037332428714, 0.04429147027866428, 0.34407552299398714 ], [ 0.0979816675289714, 0.0, 0.1109750320470398, 0.2409294621301174, 0.26748929419838813, 0.2826245440954832 ], [ 0.1950899006003654, 0.20367078703622607, 0.054691145118778026, 0.12466161396663382, 0.19544095965006716, 0.22644559362792957 ] ],
  "nextStepSeed" : 2350773708260114203
}