{
  "dtmc" : [ [ 0.0, 0.1587790583767717, 0.4815016520528534, 0.0, 0.35971928957037486 ], [ 0.7616446643930644, 0.23835533560693561, 0.0, 0.0, 0.0 ], [ 0.5121158207695371, 0.0, 0.27697790276824447, 9.87066115252707E-4, 0.20991921034696578 ], [ 0.1558679339986442, 0.2596746012971778, 0.25535841968675316, 0.25004540127020336, 0.07905364374722158 ], [ 1.0, 0.0, 0.0, 0.0, 0.0 ] ],
  "nextStepSeed" : -1909227258081117585
}