{
  "dtmc" : [ [ 0.0, 0.31007320952028944, 0.0, 0.19743470446623074, 0.014946615095909738, 0.35044336941028237, 0.0, 0.005642132064891074, 0.0, 0.09244690558025986, 0.029013063862136826 ], [ 0.07060594699498479, 0.18354325093239318, 0.14582282187476273, 0.08302795994579047, 0.09088638529927602, 0.10959789888964928, 0.20230670903556955, 0.0, 0.0, 0.10469905871605271, 0.009509968311521372 ], [ 0.14190430674921437, 0.007076487871278222, 0.06528227531957194, 0.13754284360680108, 0.0, 0.05461163958001153, 0.14614336207684323, 0.14932222196695977, 0.0, 0.16500318107072043, 0.1331136817585995 ], [ 0.14659211156060659, 0.1045779601840409, 0.13365635142732252, 0.0673545901030953, 0.026350013998451834, 0.1228727525695506, 0.08909651162997406, 0.141226762324981, 0.0215416259018011, 0.09864080345158843, 0.04809051684858756 ], [ 0.0, 0.814145372373472, 0.0, 0.0, 0.0, 0.0, 0.0, 0.0, 0.18585462762652805, 0.0, 0.0 ], [ 0.0, 0.1584852571568422, 0.0, 0.29939133364351717, 0.0, 0.06828766370032739, 0.0, 0.0, 0.3445053293798508, 0.1293304161194624, 0.0 ], [ 1.0, 0.0, 0.0, 0.0, 0.0, 0.0, 0.0, 0.0, 0.0, 0.0, 0.0 ], [ 0.0, 0.0, 0.0, 0.4031468157980661, 0.0, 0.41932395467107325, 0.0, 0.11549978714985878, 0.0, 0.0, 0.062029442381001935 ], [ 0.0, 0.03458603330174844, 0.3040306458798807, 0.0, 0.05473158617081827, 0.11495288477090226, 0.0, 0.12039887908099907, 0.0, 0.16419114055700942, 0.20710883023864185 ], [ 0.0, 0.32423832666803615, 0.010214375122895166, 0.08512313133741184, 0.10797941666257267, 0.2933776133684895, 0.0, 0.0, 0.0, 0.0, 0.1790671368405947 ], [ 0.0, 0.1544057093949533, 0.0, 0.0, 0.039333528109088495, 0.20475567154233779, 0.19631363363907325, 0.0, 0.13884706548307704, 0.0575681672228656, 0.20877622460860454 ] ],
  "nextStepSeed" : -6961861109622072435
}