{
  "dtmc" : [ [ 0.0, 0.41516847337172524, 0.0, 0.0, 0.0, 0.0, 0.25773440960075344, 0.09308740577673212, 0.10956264143701396, 0.09653648348934821, 0.027910586324427077 ], [ 0.020403229189192313, 0.17749456447602546, 0.021433082579369694, 0.04325530798632975, 0.11746661948536341, 0.012344949043647361, 0.06374377049925423, 0.2672047496092866, 0.143405730648958, 0.0, 0.13324799648257307 ], [ 0.16003095643156992, 0.5580013979595565, 0.0, 0.0, 0.2819676456088736, 0.0, 0.0, 0.0, 0.0, 0.0, 0.0 ], [ 0.0, 0.43320002183167006, 0.0, 0.380972389478312, 0.0, 0.0, 0.0, 0.0, 0.0, 0.18582758869001784, 0.0 ], [ 0.0, 0.0, 0.39690666967437677, 0.0, 0.0, 0.2641770343290511, 0.0, 0.0, 0.0, 0.33891629599657225, 0.0 ], [ 0.06698070227651026, 0.1274477527125436, 0.0, 0.0, 0.0, 0.25582230535181477, 0.28108429642161614, 0.0, 0.22014732067507806, 0.0, 0.04851762256243713 ], [ 0.0, 0.35238002242752553, 0.0, 0.0, 0.18693979181686463, 0.21216622390016676, 0.0, 0.24851396185544306, 0.0, 0.0, 0.0 ], [ 0.26505337214528996, 0.0, 0.18656381936909522, 0.180512994392136, 0.12043602824865483, 0.0, 0.11180918156553303, 0.1356246042792909, 0.0, 0.0, 0.0 ], [ 0.10695977191095572, 0.0684000251479104, 0.03404057509006185, 0.07738905423534938, 0.09017594450605791, 0.18171095048772995, 0.14400674835228425, 0.04032427527128916, 0.09536439085478376, 0.07948989660811376, 0.08213836753546379 ], [ 0.0, 0.0, 0.0, 0.3496130462912911, 0.0, 0.28211559853368734, 0.0, 0.0, 0.1808635805084477, 0.1874077746665739, 0.0 ], [ 0.0, 0.0, 0.0, 0.0, 0.0, 0.0, 0.0, 1.0, 0.0, 0.0, 0.0 ] ],
  "nextStepSeed" : 621088619334126812
}