{
  "dtmc" : [ [ 0.0, 0.0, 0.0, 0.0, 0.2088548013401528, 0.0, 0.1959217404081327, 0.0, 0.0, 0.3082773302992568, 0.28694612795245766, 0.0 ], [ 0.0, 0.0, 0.2138600511139037, 0.159373968657857, 0.19628866592387537, 0.0, 0.0, 0.0, 0.0, 0.4304773143043639, 0.0, 0.0 ], [ 0.1613812945255773, 0.2156775941371994, 0.0, 0.0, 0.025616290212437585, 0.1390939021503018, 0.06207813889232624, 0.0, 0.0, 0.13447113594865812, 0.21597770093725233, 0.045703943196247335 ], [ 0.0, 0.05558598993284255, 0.2668060490535504, 0.2038892351057483, 0.0, 0.04078731559346471, 0.0, 0.0, 0.0, 0.09319942343120079, 0.3397319868831932, 0.0 ], [ 0.0, 0.07763765135400451, 0.0, 0.091189637785069, 0.03615773665659367, 0.0, 0.0309727137429509, 0.26938723087279537, 0.2650037805742119, 0.0, 0.2296512490143746, 0.0 ], [ 0.0, 0.0, 0.0, 0.0, 0.0, 0.0, 0.7277706858680029, 0.0, 0.0, 0.0, 0.2722293141319971, 0.0 ], [ 0.0, 0.2904538459221072, 0.0, 0.0, 0.06492677487123946, 0.15930773581799076, 0.0, 0.21966420399380093, 0.0, 0.2656474393948616, 0.0, 0.0 ], [ 0.10423552871943509, 0.16370837682477918, 0.062190084947307905, 0.04730516399538832, 0.05543407894467137, 0.07824036387232669, 0.032762605012090586, 0.012568027736251517, 0.009117510092233879, 0.12712373152421172, 0.16320692946408857, 0.14410759886721533 ], [ 0.16162080699379985, 0.08326258560855018, 0.20665063816048054, 0.02975449431882719, 0.19356735512208242, 0.19676618691201292, 0.02773494179571237, 0.0, 0.10064299108853443, 0.0, 0.0, 0.0 ], [ 0.0, 0.10294206538154005, 0.10012682596105739, 0.04585875538979833, 0.06802286068110035, 0.1035177058582325, 0.1034891932678695, 0.13811416398899343, 0.05555730563896386, 0.08846627429559788, 0.08602849535711027, 0.10787635417973662 ], [ 0.11531952232010458, 0.0, 0.0, 0.05707410139352884, 0.3338374240526453, 0.11072200691136351, 0.0, 0.0, 0.0, 0.0, 0.33389024774485615, 0.04915669757750167 ], [ 0.0, 0.0, 0.0, 0.0, 1.0, 0.0, 0.0, 0.0, 0.0, 0.0, 0.0, 0.0 ] ],
  "nextStepSeed" : 2495188332847476764
}