{
  "dtmc" : [ [ 0.4104505092053424, 0.1059218021634022, 0.022403793289510976, 0.33709077645843755, 0.12413311888330705 ], [ 0.3662489603232562, 0.0, 0.37998048861022377, 0.21158694304980108, 0.04218360801671893 ], [ 0.0, 1.0, 0.0, 0.0, 0.0 ], [ 0.15565379691919526, 0.0, 0.8443462030808048, 0.0, 0.0 ], [ 0.0, 0.0, 0.0, 1.0, 0.0 ] ],
  "nextStepSeed" : 4522315349838966362
}