{
  "dtmc" : [ [ 0.19603665642903367, 0.0, 0.2761906893568375, 0.34151794577127503, 0.1862547084428539, 0.0 ], [ 0.2134235406980532, 0.07642036748633005, 0.20525438604388696, 0.33765179938186146, 0.0, 0.16724990638986834 ], [ 0.0, 0.5220829546355138, 0.0, 0.0, 0.0, 0.47791704536448626 ], [ 0.2806017786831051, 0.0, 0.21538795320600024, 0.23572964836201452, 0.26009807531989604, 0.00818254442898412 ], [ 0.37136046696507097, 0.0, 0.16263664103807643, 0.4660028919968526, 0.0, 0.0 ], [ 0.3293510402735201, 0.049725782985663575, 0.06353185555721236, 0.30871043656494057, 0.0, 0.2486808846186635 ] ],
  "nextStepSeed" : 6512341750596527070
}