{
  "dtmc" : [ [ 0.1771586807458675, 0.08528566343057681, 0.1998124881799761, 0.06668506268085696, 0.052427483335031964, 0.1787878318471748, 0.08141307728533644, 0.15125154440824629, 0.007178168086933208 ], [ 0.0, 0.0, 0.03219067849681535, 0.10072618880060792, 0.0, 0.46718595006980673, 0.0, 0.0, 0.39989718263277 ], [ 0.0, 0.0, 0.5852463079704557, 0.4147536920295443, 0.0, 0.0, 0.0, 0.0, 0.0 ], [ 0.4373747537466107, 0.020356005707173858, 0.0, 0.26907348721066865, 0.10649701133344441, 0.06916599765711158, 0.0, 0.0, 0.09753274434499075 ], [ 0.24219271508645068, 6.144495827624261E-4, 0.04750768168659512, 0.0, 0.23269414030773988, 0.0, 0.2511367975049477, 0.1370709007204222, 0.08878331511108215 ], [ 0.0, 0.21483904838602766, 0.0, 0.19497354263350672, 0.0, 0.31180158864492713, 0.0, 0.27838582033553855, 0.0 ], [ 0.0, 0.0, 0.5335991625795317, 0.2314428832900627, 0.16251131120596862, 0.07244664292443695, 0.0, 0.0, 0.0 ], [ 0.16927581420358015, 0.16926557081494292, 0.002605974207866449, 0.23840790127040964, 0.1299197565998901, 0.005286360117703118, 0.13935529338209668, 0.11354207837517885, 0.03234125102833212 ], [ 0.21073144839310476, 0.1895724312864947, 0.030479436613634975, 0.18964417153801036, 0.0, 0.0, 0.0, 0.19985838075672033, 0.17971413141203485 ] ],
  "nextStepSeed" : 2574093056352258226
}