{
  "dtmc" : [ [ 0.22791922746591742, 0.0, 0.08386949357065257, 0.10169908801568499, 0.32888439802333247, 0.19608512703373956, 0.06154266589067293 ], [ 0.0, 0.0, 0.0, 0.0, 1.0, 0.0, 0.0 ], [ 0.7723411174675262, 0.0, 0.0, 0.0, 0.0, 0.0, 0.22765888253247385 ], [ 1.0, 0.0, 0.0, 0.0, 0.0, 0.0, 0.0 ], [ 0.0, 0.0, 0.0, 0.0, 0.7978338019089551, 0.0, 0.20216619809104489 ], [ 0.3156288360442141, 0.20656828954141812, 0.03280676802890373, 0.049329318422581495, 0.1596761137699056, 0.00922929091595156, 0.22676138327702552 ], [ 0.1431543869398775, 0.016818912528050498, 0.24784530663247462, 0.0, 0.0, 0.44013759840745303, 0.15204379549214428 ] ],
  "nextStepSeed" : -5268544355969953197
}