{
  "distribution" : {
    "1" : 43,
    "2" : 351,
    "3" : 789,
    "4" : 1098,
    "5" : 1356,
    "6" : 1387,
    "7" : 1340,
    "8" : 1231,
    "9" : 1092,
    "10" : 1010,
    "11" : 845,
    "12" : 744,
    "13" : 662,
    "14" : 566,
    "15" : 460,
    "16" : 362,
    "17" : 310,
    "18" : 306,
    "19" : 239,
    "20" : 226,
    "21" : 182,
    "22" : 143,
    "23" : 143,
    "24" : 98,
    "25" : 98,
    "26" : 83,
    "27" : 73,
    "28" : 71,
    "29" : 44,
    "30" : 47,
    "31" : 30,
    "32" : 29,
    "33" : 28,
    "34" : 24,
    "35" : 11,
    "36" : 15,
    "37" : 18,
    "38" : 8,
    "39" : 15,
    "40" : 6,
    "41" : 5,
    "42" : 5,
    "43" : 4,
    "44" : 4,
    "45" : 2,
    "46" : 3,
    "47" : 2,
    "48" : 2,
    "49" : 4,
    "50" : 1,
    "52" : 1,
    "53" : 1,
    "55" : 1,
    "56" : 1,
    "57" : 1,
    "58" : 1,
    "59" : 1,
    "71" : 1,
    "74" : 1
  },
  "mean" : 10.316692268305172,
  "stdDev" : 6.579286675901591
}