{
  "distribution" : {
    "1" : 89,
    "2" : 604,
    "3" : 1174,
    "4" : 1468,
    "5" : 1570,
    "6" : 1551,
    "7" : 1435,
    "8" : 1293,
    "9" : 1173,
    "10" : 1004,
    "11" : 880,
    "12" : 717,
    "13" : 665,
    "14" : 528,
    "15" : 474,
    "16" : 421,
    "17" : 365,
    "18" : 300,
    "19" : 275,
    "20" : 214,
    "21" : 179,
    "22" : 185,
    "23" : 140,
    "24" : 137,
    "25" : 91,
    "26" : 90,
    "27" : 85,
    "28" : 68,
    "29" : 52,
    "30" : 30,
    "31" : 38,
    "32" : 26,
    "33" : 27,
    "34" : 26,
    "35" : 24,
    "36" : 17,
    "37" : 13,
    "38" : 10,
    "39" : 7,
    "40" : 14,
    "41" : 8,
    "42" : 5,
    "43" : 4,
    "44" : 6,
    "45" : 7,
    "46" : 3,
    "47" : 7,
    "48" : 2,
    "49" : 1,
    "50" : 2,
    "51" : 1,
    "52" : 2,
    "53" : 1,
    "54" : 2,
    "55" : 1,
    "57" : 1,
    "60" : 1,
    "66" : 1
  },
  "mean" : 9.886662098892314,
  "stdDev" : 6.675561843146642
}