{
  "distribution" : {
    "1" : 1,
    "2" : 38,
    "3" : 208,
    "4" : 409,
    "5" : 623,
    "6" : 883,
    "7" : 857,
    "8" : 964,
    "9" : 940,
    "10" : 962,
    "11" : 910,
    "12" : 853,
    "13" : 795,
    "14" : 690,
    "15" : 630,
    "16" : 601,
    "17" : 531,
    "18" : 450,
    "19" : 438,
    "20" : 411,
    "21" : 313,
    "22" : 317,
    "23" : 279,
    "24" : 225,
    "25" : 210,
    "26" : 212,
    "27" : 180,
    "28" : 169,
    "29" : 139,
    "30" : 129,
    "31" : 109,
    "32" : 91,
    "33" : 87,
    "34" : 88,
    "35" : 73,
    "36" : 60,
    "37" : 71,
    "38" : 52,
    "39" : 39,
    "40" : 40,
    "41" : 37,
    "42" : 38,
    "43" : 28,
    "44" : 22,
    "45" : 29,
    "46" : 22,
    "47" : 24,
    "48" : 20,
    "49" : 15,
    "50" : 12,
    "51" : 14,
    "52" : 12,
    "53" : 12,
    "54" : 6,
    "55" : 4,
    "56" : 15,
    "57" : 5,
    "58" : 9,
    "59" : 5,
    "60" : 5,
    "61" : 5,
    "62" : 4,
    "63" : 4,
    "64" : 5,
    "65" : 3,
    "67" : 3,
    "68" : 3,
    "70" : 1,
    "72" : 1,
    "73" : 1,
    "74" : 1,
    "75" : 1,
    "76" : 3,
    "77" : 2,
    "78" : 1,
    "79" : 1,
    "87" : 2
  },
  "mean" : 15.034688066269739,
  "stdDev" : 9.53529463163846
}