{
  "distribution" : {
    "1" : 46,
    "2" : 338,
    "3" : 772,
    "4" : 1100,
    "5" : 1306,
    "6" : 1323,
    "7" : 1344,
    "8" : 1220,
    "9" : 1146,
    "10" : 1027,
    "11" : 919,
    "12" : 831,
    "13" : 677,
    "14" : 636,
    "15" : 568,
    "16" : 446,
    "17" : 399,
    "18" : 378,
    "19" : 336,
    "20" : 267,
    "21" : 260,
    "22" : 201,
    "23" : 180,
    "24" : 155,
    "25" : 135,
    "26" : 95,
    "27" : 100,
    "28" : 66,
    "29" : 82,
    "30" : 58,
    "31" : 52,
    "32" : 52,
    "33" : 41,
    "34" : 35,
    "35" : 28,
    "36" : 26,
    "37" : 27,
    "38" : 17,
    "39" : 25,
    "40" : 14,
    "41" : 15,
    "42" : 24,
    "43" : 10,
    "44" : 10,
    "45" : 6,
    "46" : 5,
    "47" : 7,
    "48" : 3,
    "49" : 3,
    "50" : 2,
    "51" : 5,
    "52" : 4,
    "53" : 1,
    "55" : 5,
    "56" : 1,
    "57" : 1,
    "59" : 2,
    "60" : 2,
    "62" : 1,
    "64" : 1,
    "65" : 1,
    "67" : 1,
    "73" : 1,
    "80" : 1
  },
  "mean" : 11.214073634204276,
  "stdDev" : 7.4246267596201925
}