{
  "distribution" : {
    "1" : 2,
    "2" : 148,
    "3" : 487,
    "4" : 902,
    "5" : 1111,
    "6" : 1284,
    "7" : 1217,
    "8" : 1156,
    "9" : 1113,
    "10" : 1044,
    "11" : 890,
    "12" : 825,
    "13" : 749,
    "14" : 657,
    "15" : 563,
    "16" : 481,
    "17" : 426,
    "18" : 401,
    "19" : 325,
    "20" : 304,
    "21" : 257,
    "22" : 233,
    "23" : 188,
    "24" : 164,
    "25" : 131,
    "26" : 129,
    "27" : 109,
    "28" : 110,
    "29" : 100,
    "30" : 82,
    "31" : 81,
    "32" : 59,
    "33" : 46,
    "34" : 56,
    "35" : 39,
    "36" : 38,
    "37" : 30,
    "38" : 30,
    "39" : 16,
    "40" : 21,
    "41" : 9,
    "42" : 14,
    "43" : 9,
    "44" : 10,
    "45" : 13,
    "46" : 11,
    "47" : 7,
    "48" : 7,
    "49" : 6,
    "50" : 5,
    "51" : 5,
    "52" : 2,
    "53" : 3,
    "54" : 4,
    "55" : 5,
    "56" : 2,
    "57" : 3,
    "58" : 1,
    "59" : 2,
    "60" : 3,
    "61" : 3,
    "62" : 2,
    "64" : 1,
    "65" : 1,
    "66" : 1,
    "67" : 1,
    "71" : 1,
    "100" : 1
  },
  "mean" : 12.138448190381755,
  "stdDev" : 7.866970751400398
}