{
  "distribution" : {
    "2" : 31,
    "3" : 120,
    "4" : 273,
    "5" : 483,
    "6" : 589,
    "7" : 694,
    "8" : 800,
    "9" : 836,
    "10" : 837,
    "11" : 800,
    "12" : 847,
    "13" : 737,
    "14" : 676,
    "15" : 674,
    "16" : 620,
    "17" : 580,
    "18" : 486,
    "19" : 466,
    "20" : 462,
    "21" : 399,
    "22" : 373,
    "23" : 324,
    "24" : 292,
    "25" : 244,
    "26" : 238,
    "27" : 260,
    "28" : 191,
    "29" : 190,
    "30" : 176,
    "31" : 155,
    "32" : 152,
    "33" : 126,
    "34" : 128,
    "35" : 96,
    "36" : 108,
    "37" : 77,
    "38" : 70,
    "39" : 74,
    "40" : 59,
    "41" : 62,
    "42" : 57,
    "43" : 41,
    "44" : 38,
    "45" : 42,
    "46" : 34,
    "47" : 41,
    "48" : 42,
    "49" : 21,
    "50" : 12,
    "51" : 19,
    "52" : 15,
    "53" : 21,
    "54" : 14,
    "55" : 18,
    "56" : 9,
    "57" : 16,
    "58" : 13,
    "59" : 14,
    "60" : 7,
    "61" : 9,
    "62" : 6,
    "63" : 10,
    "64" : 4,
    "65" : 7,
    "66" : 7,
    "67" : 5,
    "68" : 5,
    "69" : 5,
    "70" : 4,
    "71" : 2,
    "72" : 2,
    "73" : 2,
    "74" : 2,
    "75" : 2,
    "77" : 1,
    "78" : 1,
    "79" : 2,
    "80" : 1,
    "82" : 1,
    "83" : 1,
    "85" : 3,
    "86" : 1,
    "87" : 1,
    "90" : 1,
    "94" : 1,
    "95" : 1,
    "103" : 1,
    "114" : 1
  },
  "mean" : 17.158120770432067,
  "stdDev" : 10.85244709249257
}