{
  "distribution" : {
    "1" : 2,
    "2" : 77,
    "3" : 292,
    "4" : 538,
    "5" : 769,
    "6" : 903,
    "7" : 1024,
    "8" : 1062,
    "9" : 1034,
    "10" : 963,
    "11" : 904,
    "12" : 800,
    "13" : 710,
    "14" : 692,
    "15" : 642,
    "16" : 525,
    "17" : 485,
    "18" : 417,
    "19" : 379,
    "20" : 355,
    "21" : 269,
    "22" : 257,
    "23" : 265,
    "24" : 205,
    "25" : 209,
    "26" : 158,
    "27" : 139,
    "28" : 131,
    "29" : 120,
    "30" : 120,
    "31" : 92,
    "32" : 83,
    "33" : 78,
    "34" : 71,
    "35" : 61,
    "36" : 51,
    "37" : 45,
    "38" : 38,
    "39" : 35,
    "40" : 24,
    "41" : 24,
    "42" : 15,
    "43" : 16,
    "44" : 29,
    "45" : 18,
    "46" : 9,
    "47" : 11,
    "48" : 8,
    "49" : 15,
    "50" : 12,
    "51" : 8,
    "52" : 6,
    "53" : 5,
    "54" : 6,
    "55" : 7,
    "56" : 9,
    "57" : 3,
    "58" : 1,
    "59" : 2,
    "60" : 1,
    "61" : 2,
    "62" : 3,
    "63" : 3,
    "64" : 2,
    "66" : 1,
    "70" : 1,
    "71" : 1,
    "72" : 1,
    "77" : 1,
    "79" : 1,
    "86" : 1,
    "90" : 1
  },
  "mean" : 13.807503115366957,
  "stdDev" : 8.69819146750812
}