{
  "distribution" : {
    "2" : 9,
    "3" : 70,
    "4" : 208,
    "5" : 383,
    "6" : 542,
    "7" : 676,
    "8" : 726,
    "9" : 762,
    "10" : 793,
    "11" : 800,
    "12" : 759,
    "13" : 745,
    "14" : 644,
    "15" : 675,
    "16" : 579,
    "17" : 529,
    "18" : 531,
    "19" : 502,
    "20" : 445,
    "21" : 384,
    "22" : 369,
    "23" : 321,
    "24" : 318,
    "25" : 282,
    "26" : 265,
    "27" : 234,
    "28" : 197,
    "29" : 187,
    "30" : 170,
    "31" : 153,
    "32" : 146,
    "33" : 117,
    "34" : 83,
    "35" : 93,
    "36" : 95,
    "37" : 94,
    "38" : 64,
    "39" : 65,
    "40" : 70,
    "41" : 44,
    "42" : 59,
    "43" : 53,
    "44" : 43,
    "45" : 37,
    "46" : 32,
    "47" : 36,
    "48" : 30,
    "49" : 24,
    "50" : 25,
    "51" : 21,
    "52" : 18,
    "53" : 18,
    "54" : 19,
    "55" : 17,
    "56" : 14,
    "57" : 7,
    "58" : 11,
    "59" : 12,
    "60" : 9,
    "61" : 6,
    "62" : 8,
    "63" : 4,
    "64" : 8,
    "65" : 6,
    "66" : 5,
    "67" : 3,
    "68" : 6,
    "69" : 4,
    "70" : 2,
    "71" : 2,
    "72" : 6,
    "73" : 9,
    "74" : 5,
    "75" : 1,
    "76" : 2,
    "77" : 1,
    "78" : 3,
    "79" : 1,
    "80" : 2,
    "81" : 2,
    "83" : 2,
    "84" : 1,
    "86" : 1,
    "91" : 1,
    "98" : 1
  },
  "mean" : 17.51863185094519,
  "stdDev" : 10.839120261489663
}