{
  "distribution" : {
    "1" : 33,
    "2" : 244,
    "3" : 619,
    "4" : 926,
    "5" : 1181,
    "6" : 1366,
    "7" : 1296,
    "8" : 1264,
    "9" : 1151,
    "10" : 1137,
    "11" : 1053,
    "12" : 996,
    "13" : 869,
    "14" : 760,
    "15" : 683,
    "16" : 622,
    "17" : 577,
    "18" : 529,
    "19" : 470,
    "20" : 437,
    "21" : 430,
    "22" : 333,
    "23" : 314,
    "24" : 302,
    "25" : 260,
    "26" : 246,
    "27" : 247,
    "28" : 214,
    "29" : 192,
    "30" : 151,
    "31" : 147,
    "32" : 151,
    "33" : 117,
    "34" : 101,
    "35" : 104,
    "36" : 99,
    "37" : 90,
    "38" : 78,
    "39" : 84,
    "40" : 58,
    "41" : 49,
    "42" : 55,
    "43" : 46,
    "44" : 42,
    "45" : 29,
    "46" : 29,
    "47" : 36,
    "48" : 29,
    "49" : 17,
    "50" : 26,
    "51" : 18,
    "52" : 26,
    "53" : 22,
    "54" : 15,
    "55" : 15,
    "56" : 15,
    "57" : 18,
    "58" : 12,
    "59" : 10,
    "60" : 4,
    "61" : 4,
    "62" : 10,
    "63" : 6,
    "64" : 3,
    "65" : 9,
    "66" : 7,
    "67" : 8,
    "68" : 2,
    "69" : 6,
    "70" : 7,
    "71" : 7,
    "72" : 3,
    "73" : 1,
    "74" : 3,
    "75" : 1,
    "76" : 3,
    "77" : 1,
    "78" : 1,
    "80" : 1,
    "81" : 2,
    "82" : 2,
    "84" : 1,
    "85" : 1,
    "86" : 1,
    "87" : 2,
    "89" : 1,
    "91" : 1,
    "96" : 1,
    "109" : 1,
    "116" : 1
  },
  "mean" : 14.47582883014459,
  "stdDev" : 10.585344834650401
}