{
  "distribution" : {
    "0" : 1,
    "1" : 25,
    "2" : 253,
    "3" : 648,
    "4" : 984,
    "5" : 1144,
    "6" : 1334,
    "7" : 1209,
    "8" : 1156,
    "9" : 1029,
    "10" : 948,
    "11" : 891,
    "12" : 797,
    "13" : 683,
    "14" : 551,
    "15" : 523,
    "16" : 435,
    "17" : 331,
    "18" : 337,
    "19" : 284,
    "20" : 262,
    "21" : 188,
    "22" : 181,
    "23" : 176,
    "24" : 123,
    "25" : 115,
    "26" : 110,
    "27" : 78,
    "28" : 80,
    "29" : 60,
    "30" : 61,
    "31" : 55,
    "32" : 32,
    "33" : 30,
    "34" : 25,
    "35" : 18,
    "36" : 28,
    "37" : 15,
    "38" : 18,
    "39" : 18,
    "40" : 14,
    "41" : 7,
    "42" : 6,
    "43" : 3,
    "44" : 4,
    "45" : 6,
    "46" : 1,
    "47" : 3,
    "48" : 4,
    "50" : 1,
    "51" : 1,
    "52" : 1,
    "53" : 3,
    "54" : 1,
    "56" : 1,
    "57" : 1,
    "58" : 2,
    "60" : 1,
    "63" : 1,
    "67" : 1,
    "68" : 1
  },
  "mean" : 11.066997842996274,
  "stdDev" : 6.9840616001174505
}