{
  "distribution" : {
    "1" : 1,
    "2" : 37,
    "3" : 192,
    "4" : 381,
    "5" : 607,
    "6" : 680,
    "7" : 890,
    "8" : 933,
    "9" : 928,
    "10" : 937,
    "11" : 898,
    "12" : 872,
    "13" : 714,
    "14" : 698,
    "15" : 656,
    "16" : 582,
    "17" : 513,
    "18" : 467,
    "19" : 438,
    "20" : 376,
    "21" : 372,
    "22" : 303,
    "23" : 317,
    "24" : 253,
    "25" : 212,
    "26" : 207,
    "27" : 168,
    "28" : 156,
    "29" : 156,
    "30" : 134,
    "31" : 126,
    "32" : 111,
    "33" : 80,
    "34" : 81,
    "35" : 82,
    "36" : 72,
    "37" : 60,
    "38" : 53,
    "39" : 65,
    "40" : 43,
    "41" : 38,
    "42" : 27,
    "43" : 25,
    "44" : 32,
    "45" : 19,
    "46" : 24,
    "47" : 15,
    "48" : 16,
    "49" : 16,
    "50" : 13,
    "51" : 15,
    "52" : 7,
    "53" : 13,
    "54" : 9,
    "55" : 13,
    "56" : 4,
    "57" : 7,
    "58" : 4,
    "59" : 6,
    "60" : 9,
    "61" : 5,
    "62" : 6,
    "63" : 3,
    "64" : 2,
    "65" : 3,
    "66" : 2,
    "67" : 2,
    "68" : 3,
    "69" : 1,
    "70" : 2,
    "71" : 3,
    "72" : 1,
    "73" : 1,
    "74" : 2,
    "75" : 1,
    "76" : 2,
    "78" : 2,
    "79" : 1,
    "80" : 2,
    "85" : 1,
    "86" : 1,
    "90" : 1
  },
  "mean" : 15.32301117685733,
  "stdDev" : 9.641738275643434
}