{
  "distribution" : {
    "1" : 568,
    "2" : 1537,
    "3" : 2041,
    "4" : 2123,
    "5" : 2081,
    "6" : 1768,
    "7" : 1610,
    "8" : 1252,
    "9" : 1054,
    "10" : 870,
    "11" : 773,
    "12" : 638,
    "13" : 519,
    "14" : 434,
    "15" : 337,
    "16" : 293,
    "17" : 228,
    "18" : 202,
    "19" : 167,
    "20" : 144,
    "21" : 93,
    "22" : 106,
    "23" : 83,
    "24" : 49,
    "25" : 42,
    "26" : 36,
    "27" : 26,
    "28" : 27,
    "29" : 20,
    "30" : 19,
    "31" : 10,
    "32" : 18,
    "33" : 4,
    "34" : 7,
    "35" : 8,
    "36" : 7,
    "37" : 3,
    "38" : 5,
    "39" : 5,
    "40" : 3,
    "41" : 1,
    "42" : 1,
    "43" : 4,
    "45" : 1,
    "46" : 1,
    "47" : 1,
    "48" : 1,
    "49" : 1,
    "50" : 1,
    "51" : 1
  },
  "mean" : 7.594600218488269,
  "stdDev" : 5.37231890338628
}