{
  "distribution" : {
    "1" : 6,
    "2" : 151,
    "3" : 443,
    "4" : 720,
    "5" : 948,
    "6" : 1097,
    "7" : 1121,
    "8" : 1136,
    "9" : 1009,
    "10" : 965,
    "11" : 871,
    "12" : 798,
    "13" : 701,
    "14" : 610,
    "15" : 555,
    "16" : 497,
    "17" : 431,
    "18" : 399,
    "19" : 344,
    "20" : 286,
    "21" : 256,
    "22" : 207,
    "23" : 209,
    "24" : 171,
    "25" : 123,
    "26" : 137,
    "27" : 117,
    "28" : 112,
    "29" : 70,
    "30" : 59,
    "31" : 71,
    "32" : 52,
    "33" : 35,
    "34" : 33,
    "35" : 30,
    "36" : 25,
    "37" : 21,
    "38" : 21,
    "39" : 26,
    "40" : 21,
    "41" : 20,
    "42" : 20,
    "43" : 7,
    "44" : 9,
    "45" : 8,
    "46" : 6,
    "47" : 8,
    "48" : 3,
    "49" : 4,
    "50" : 7,
    "51" : 4,
    "52" : 2,
    "53" : 4,
    "55" : 1,
    "56" : 3,
    "57" : 2,
    "59" : 1,
    "61" : 2,
    "62" : 1,
    "63" : 2,
    "65" : 1,
    "66" : 1,
    "68" : 1,
    "70" : 1,
    "76" : 1,
    "84" : 1
  },
  "mean" : 12.274393495067981,
  "stdDev" : 7.67081394125917
}