{
  "distribution" : {
    "1" : 154,
    "2" : 658,
    "3" : 1336,
    "4" : 1601,
    "5" : 1670,
    "6" : 1625,
    "7" : 1492,
    "8" : 1337,
    "9" : 1086,
    "10" : 905,
    "11" : 770,
    "12" : 629,
    "13" : 519,
    "14" : 422,
    "15" : 376,
    "16" : 305,
    "17" : 242,
    "18" : 201,
    "19" : 171,
    "20" : 120,
    "21" : 120,
    "22" : 99,
    "23" : 79,
    "24" : 60,
    "25" : 39,
    "26" : 55,
    "27" : 30,
    "28" : 36,
    "29" : 32,
    "30" : 21,
    "31" : 19,
    "32" : 17,
    "33" : 10,
    "34" : 4,
    "35" : 9,
    "36" : 7,
    "37" : 7,
    "38" : 4,
    "39" : 3,
    "40" : 3,
    "41" : 3,
    "43" : 1,
    "44" : 1,
    "45" : 2,
    "46" : 1,
    "47" : 1,
    "48" : 1,
    "49" : 1,
    "50" : 1,
    "58" : 1,
    "59" : 1,
    "63" : 1,
    "68" : 1
  },
  "mean" : 8.586039658665356,
  "stdDev" : 5.590870952236922
}