{
  "distribution" : {
    "2" : 70,
    "3" : 354,
    "4" : 670,
    "5" : 864,
    "6" : 1037,
    "7" : 1042,
    "8" : 1085,
    "9" : 1015,
    "10" : 989,
    "11" : 904,
    "12" : 874,
    "13" : 750,
    "14" : 647,
    "15" : 577,
    "16" : 533,
    "17" : 467,
    "18" : 426,
    "19" : 377,
    "20" : 359,
    "21" : 323,
    "22" : 271,
    "23" : 265,
    "24" : 204,
    "25" : 158,
    "26" : 161,
    "27" : 142,
    "28" : 130,
    "29" : 103,
    "30" : 90,
    "31" : 95,
    "32" : 88,
    "33" : 56,
    "34" : 64,
    "35" : 47,
    "36" : 31,
    "37" : 42,
    "38" : 40,
    "39" : 33,
    "40" : 23,
    "41" : 23,
    "42" : 25,
    "43" : 10,
    "44" : 20,
    "45" : 10,
    "46" : 10,
    "47" : 4,
    "48" : 5,
    "49" : 9,
    "50" : 7,
    "51" : 10,
    "52" : 7,
    "53" : 4,
    "54" : 4,
    "55" : 6,
    "56" : 6,
    "57" : 6,
    "58" : 4,
    "59" : 5,
    "61" : 6,
    "62" : 3,
    "64" : 1,
    "65" : 1,
    "66" : 1,
    "69" : 1,
    "70" : 5,
    "71" : 1,
    "72" : 2,
    "73" : 1,
    "74" : 1,
    "77" : 1,
    "81" : 1
  },
  "mean" : 13.367358708189158,
  "stdDev" : 8.519871160030991
}