{
  "distribution" : {
    "1" : 28,
    "2" : 268,
    "3" : 692,
    "4" : 1079,
    "5" : 1219,
    "6" : 1347,
    "7" : 1303,
    "8" : 1175,
    "9" : 1141,
    "10" : 1039,
    "11" : 844,
    "12" : 802,
    "13" : 681,
    "14" : 609,
    "15" : 538,
    "16" : 459,
    "17" : 385,
    "18" : 358,
    "19" : 299,
    "20" : 235,
    "21" : 213,
    "22" : 158,
    "23" : 158,
    "24" : 143,
    "25" : 126,
    "26" : 109,
    "27" : 93,
    "28" : 79,
    "29" : 76,
    "30" : 65,
    "31" : 46,
    "32" : 39,
    "33" : 35,
    "34" : 34,
    "35" : 27,
    "36" : 27,
    "37" : 16,
    "38" : 11,
    "39" : 13,
    "40" : 13,
    "41" : 12,
    "42" : 7,
    "43" : 14,
    "44" : 4,
    "45" : 4,
    "46" : 3,
    "47" : 5,
    "48" : 2,
    "49" : 3,
    "50" : 2,
    "51" : 2,
    "52" : 2,
    "54" : 3,
    "55" : 2,
    "56" : 1,
    "57" : 5,
    "58" : 1,
    "59" : 1,
    "60" : 2,
    "62" : 1,
    "64" : 1,
    "66" : 1,
    "76" : 1,
    "79" : 1
  },
  "mean" : 11.085917071348524,
  "stdDev" : 7.168311205505717
}