{
  "distribution" : {
    "2" : 11,
    "3" : 58,
    "4" : 179,
    "5" : 327,
    "6" : 456,
    "7" : 600,
    "8" : 651,
    "9" : 744,
    "10" : 760,
    "11" : 743,
    "12" : 749,
    "13" : 677,
    "14" : 701,
    "15" : 612,
    "16" : 597,
    "17" : 523,
    "18" : 550,
    "19" : 462,
    "20" : 402,
    "21" : 427,
    "22" : 356,
    "23" : 332,
    "24" : 316,
    "25" : 282,
    "26" : 232,
    "27" : 226,
    "28" : 216,
    "29" : 186,
    "30" : 159,
    "31" : 143,
    "32" : 147,
    "33" : 121,
    "34" : 95,
    "35" : 106,
    "36" : 95,
    "37" : 62,
    "38" : 72,
    "39" : 79,
    "40" : 71,
    "41" : 55,
    "42" : 61,
    "43" : 37,
    "44" : 47,
    "45" : 45,
    "46" : 29,
    "47" : 33,
    "48" : 32,
    "49" : 18,
    "50" : 23,
    "51" : 30,
    "52" : 15,
    "53" : 16,
    "54" : 12,
    "55" : 6,
    "56" : 12,
    "57" : 12,
    "58" : 10,
    "59" : 9,
    "60" : 9,
    "61" : 3,
    "62" : 4,
    "63" : 7,
    "64" : 5,
    "65" : 5,
    "66" : 5,
    "67" : 4,
    "68" : 9,
    "69" : 5,
    "70" : 1,
    "71" : 9,
    "72" : 2,
    "74" : 3,
    "76" : 2,
    "77" : 2,
    "78" : 6,
    "79" : 1,
    "80" : 2,
    "83" : 1,
    "89" : 1,
    "91" : 1,
    "92" : 1,
    "96" : 1,
    "98" : 1,
    "100" : 1,
    "102" : 1
  },
  "mean" : 17.775196543664567,
  "stdDev" : 10.775604270221292
}