{
  "distribution" : {
    "1" : 27,
    "2" : 280,
    "3" : 651,
    "4" : 940,
    "5" : 1218,
    "6" : 1270,
    "7" : 1275,
    "8" : 1207,
    "9" : 1118,
    "10" : 941,
    "11" : 886,
    "12" : 744,
    "13" : 646,
    "14" : 582,
    "15" : 467,
    "16" : 424,
    "17" : 351,
    "18" : 318,
    "19" : 290,
    "20" : 209,
    "21" : 190,
    "22" : 191,
    "23" : 145,
    "24" : 120,
    "25" : 108,
    "26" : 70,
    "27" : 85,
    "28" : 60,
    "29" : 57,
    "30" : 54,
    "31" : 40,
    "32" : 25,
    "33" : 26,
    "34" : 31,
    "35" : 29,
    "36" : 12,
    "37" : 17,
    "38" : 16,
    "39" : 11,
    "40" : 11,
    "41" : 11,
    "42" : 15,
    "43" : 5,
    "44" : 3,
    "45" : 4,
    "46" : 2,
    "47" : 2,
    "48" : 2,
    "49" : 2,
    "50" : 1,
    "51" : 3,
    "52" : 1,
    "53" : 2,
    "54" : 1,
    "55" : 3,
    "56" : 1,
    "58" : 1,
    "59" : 1
  },
  "mean" : 10.845546638600185,
  "stdDev" : 6.822595950666274
}