{
  "distribution" : {
    "2" : 14,
    "3" : 107,
    "4" : 280,
    "5" : 459,
    "6" : 614,
    "7" : 761,
    "8" : 758,
    "9" : 823,
    "10" : 850,
    "11" : 876,
    "12" : 742,
    "13" : 720,
    "14" : 704,
    "15" : 627,
    "16" : 563,
    "17" : 527,
    "18" : 516,
    "19" : 445,
    "20" : 393,
    "21" : 369,
    "22" : 342,
    "23" : 323,
    "24" : 266,
    "25" : 238,
    "26" : 225,
    "27" : 196,
    "28" : 179,
    "29" : 183,
    "30" : 156,
    "31" : 119,
    "32" : 107,
    "33" : 104,
    "34" : 85,
    "35" : 69,
    "36" : 75,
    "37" : 71,
    "38" : 58,
    "39" : 52,
    "40" : 48,
    "41" : 51,
    "42" : 35,
    "43" : 43,
    "44" : 32,
    "45" : 41,
    "46" : 28,
    "47" : 25,
    "48" : 21,
    "49" : 18,
    "50" : 11,
    "51" : 16,
    "52" : 11,
    "53" : 8,
    "54" : 8,
    "55" : 10,
    "56" : 10,
    "57" : 8,
    "58" : 5,
    "59" : 9,
    "60" : 10,
    "61" : 8,
    "62" : 2,
    "63" : 3,
    "64" : 2,
    "65" : 5,
    "66" : 2,
    "67" : 2,
    "69" : 3,
    "70" : 1,
    "71" : 4,
    "72" : 4,
    "76" : 2,
    "77" : 3,
    "78" : 1,
    "82" : 1,
    "83" : 2,
    "84" : 1,
    "87" : 1,
    "88" : 3,
    "91" : 1
  },
  "mean" : 16.307968264918937,
  "stdDev" : 10.016969283919169
}