{
  "distribution" : {
    "1" : 1,
    "2" : 69,
    "3" : 272,
    "4" : 505,
    "5" : 759,
    "6" : 913,
    "7" : 1024,
    "8" : 1044,
    "9" : 1000,
    "10" : 930,
    "11" : 942,
    "12" : 846,
    "13" : 714,
    "14" : 661,
    "15" : 581,
    "16" : 541,
    "17" : 478,
    "18" : 421,
    "19" : 373,
    "20" : 356,
    "21" : 312,
    "22" : 280,
    "23" : 232,
    "24" : 173,
    "25" : 166,
    "26" : 149,
    "27" : 155,
    "28" : 166,
    "29" : 107,
    "30" : 89,
    "31" : 88,
    "32" : 71,
    "33" : 71,
    "34" : 63,
    "35" : 59,
    "36" : 57,
    "37" : 52,
    "38" : 45,
    "39" : 46,
    "40" : 28,
    "41" : 22,
    "42" : 26,
    "43" : 25,
    "44" : 14,
    "45" : 20,
    "46" : 13,
    "47" : 12,
    "48" : 8,
    "49" : 11,
    "50" : 7,
    "51" : 5,
    "52" : 7,
    "53" : 4,
    "54" : 6,
    "55" : 2,
    "56" : 8,
    "57" : 3,
    "58" : 3,
    "59" : 5,
    "60" : 3,
    "61" : 1,
    "62" : 1,
    "63" : 1,
    "64" : 1,
    "65" : 3,
    "66" : 2,
    "67" : 3,
    "70" : 1,
    "89" : 1
  },
  "mean" : 13.805538951982467,
  "stdDev" : 8.64261422770074
}