{
  "distribution" : {
    "2" : 3,
    "3" : 29,
    "4" : 129,
    "5" : 250,
    "6" : 386,
    "7" : 507,
    "8" : 587,
    "9" : 649,
    "10" : 728,
    "11" : 718,
    "12" : 694,
    "13" : 635,
    "14" : 659,
    "15" : 660,
    "16" : 599,
    "17" : 513,
    "18" : 557,
    "19" : 460,
    "20" : 453,
    "21" : 411,
    "22" : 387,
    "23" : 359,
    "24" : 314,
    "25" : 290,
    "26" : 273,
    "27" : 255,
    "28" : 237,
    "29" : 178,
    "30" : 181,
    "31" : 154,
    "32" : 164,
    "33" : 137,
    "34" : 138,
    "35" : 100,
    "36" : 108,
    "37" : 114,
    "38" : 96,
    "39" : 69,
    "40" : 73,
    "41" : 65,
    "42" : 57,
    "43" : 60,
    "44" : 54,
    "45" : 43,
    "46" : 46,
    "47" : 37,
    "48" : 32,
    "49" : 30,
    "50" : 20,
    "51" : 33,
    "52" : 16,
    "53" : 23,
    "54" : 13,
    "55" : 16,
    "56" : 14,
    "57" : 14,
    "58" : 14,
    "59" : 19,
    "60" : 8,
    "61" : 15,
    "62" : 14,
    "63" : 10,
    "64" : 9,
    "65" : 6,
    "66" : 6,
    "67" : 11,
    "68" : 6,
    "69" : 5,
    "70" : 3,
    "71" : 5,
    "72" : 3,
    "73" : 1,
    "74" : 1,
    "75" : 4,
    "76" : 4,
    "77" : 5,
    "78" : 3,
    "79" : 3,
    "80" : 2,
    "81" : 1,
    "83" : 1,
    "84" : 1,
    "86" : 3,
    "87" : 1,
    "88" : 1,
    "89" : 1,
    "97" : 2,
    "102" : 1,
    "105" : 1
  },
  "mean" : 18.924340930199328,
  "stdDev" : 11.423155777995083
}