{
  "distribution" : {
    "1" : 916,
    "2" : 2299,
    "3" : 2802,
    "4" : 2560,
    "5" : 2103,
    "6" : 1566,
    "7" : 1278,
    "8" : 1020,
    "9" : 735,
    "10" : 565,
    "11" : 435,
    "12" : 347,
    "13" : 270,
    "14" : 212,
    "15" : 133,
    "16" : 101,
    "17" : 64,
    "18" : 59,
    "19" : 48,
    "20" : 40,
    "21" : 20,
    "22" : 22,
    "23" : 12,
    "24" : 13,
    "25" : 9,
    "26" : 4,
    "27" : 7,
    "28" : 4,
    "29" : 3,
    "30" : 1,
    "31" : 3,
    "32" : 2,
    "33" : 1,
    "34" : 1,
    "39" : 1
  },
  "mean" : 5.598323516085183,
  "stdDev" : 3.7953548974834943
}