{
  "distribution" : {
    "2" : 4,
    "3" : 53,
    "4" : 129,
    "5" : 320,
    "6" : 460,
    "7" : 551,
    "8" : 653,
    "9" : 693,
    "10" : 759,
    "11" : 776,
    "12" : 718,
    "13" : 688,
    "14" : 658,
    "15" : 661,
    "16" : 582,
    "17" : 530,
    "18" : 510,
    "19" : 524,
    "20" : 437,
    "21" : 425,
    "22" : 358,
    "23" : 340,
    "24" : 283,
    "25" : 290,
    "26" : 217,
    "27" : 232,
    "28" : 217,
    "29" : 173,
    "30" : 179,
    "31" : 154,
    "32" : 140,
    "33" : 127,
    "34" : 113,
    "35" : 112,
    "36" : 91,
    "37" : 92,
    "38" : 87,
    "39" : 78,
    "40" : 70,
    "41" : 78,
    "42" : 68,
    "43" : 44,
    "44" : 46,
    "45" : 54,
    "46" : 31,
    "47" : 28,
    "48" : 35,
    "49" : 35,
    "50" : 24,
    "51" : 18,
    "52" : 20,
    "53" : 16,
    "54" : 16,
    "55" : 13,
    "56" : 9,
    "57" : 10,
    "58" : 13,
    "59" : 5,
    "60" : 8,
    "61" : 5,
    "62" : 5,
    "63" : 6,
    "64" : 12,
    "65" : 10,
    "66" : 6,
    "67" : 6,
    "68" : 5,
    "69" : 3,
    "70" : 4,
    "71" : 3,
    "72" : 2,
    "73" : 1,
    "74" : 4,
    "75" : 4,
    "76" : 4,
    "77" : 4,
    "78" : 2,
    "79" : 3,
    "80" : 3,
    "82" : 1,
    "83" : 1,
    "85" : 2,
    "87" : 1,
    "94" : 2,
    "95" : 1,
    "101" : 1
  },
  "mean" : 18.17441367617971,
  "stdDev" : 11.032530725191608
}