{
  "distribution" : {
    "0" : 3,
    "1" : 686,
    "2" : 1722,
    "3" : 2224,
    "4" : 2194,
    "5" : 1966,
    "6" : 1738,
    "7" : 1510,
    "8" : 1183,
    "9" : 1035,
    "10" : 836,
    "11" : 673,
    "12" : 524,
    "13" : 429,
    "14" : 327,
    "15" : 277,
    "16" : 194,
    "17" : 175,
    "18" : 127,
    "19" : 110,
    "20" : 83,
    "21" : 73,
    "22" : 56,
    "23" : 44,
    "24" : 34,
    "25" : 31,
    "26" : 16,
    "27" : 16,
    "28" : 11,
    "29" : 12,
    "30" : 15,
    "31" : 9,
    "32" : 6,
    "33" : 5,
    "34" : 8,
    "35" : 3,
    "37" : 3,
    "45" : 1,
    "46" : 2,
    "49" : 1
  },
  "mean" : 6.8779544711905025,
  "stdDev" : 4.755153634005807
}