{
  "distribution" : {
    "1" : 167,
    "2" : 873,
    "3" : 1528,
    "4" : 1896,
    "5" : 1877,
    "6" : 1703,
    "7" : 1491,
    "8" : 1277,
    "9" : 1077,
    "10" : 882,
    "11" : 687,
    "12" : 607,
    "13" : 471,
    "14" : 379,
    "15" : 330,
    "16" : 245,
    "17" : 222,
    "18" : 182,
    "19" : 130,
    "20" : 125,
    "21" : 94,
    "22" : 96,
    "23" : 70,
    "24" : 54,
    "25" : 40,
    "26" : 40,
    "27" : 31,
    "28" : 28,
    "29" : 19,
    "30" : 11,
    "31" : 14,
    "32" : 10,
    "33" : 8,
    "34" : 12,
    "35" : 5,
    "36" : 5,
    "37" : 14,
    "38" : 1,
    "39" : 2,
    "40" : 1,
    "41" : 3,
    "42" : 5,
    "43" : 2,
    "45" : 1,
    "46" : 1,
    "48" : 1
  },
  "mean" : 8.049111682718191,
  "stdDev" : 5.309553121462708
}