{
  "distribution" : {
    "1" : 1289,
    "2" : 2366,
    "3" : 2777,
    "4" : 2551,
    "5" : 2116,
    "6" : 1719,
    "7" : 1412,
    "8" : 1056,
    "9" : 839,
    "10" : 615,
    "11" : 504,
    "12" : 417,
    "13" : 317,
    "14" : 247,
    "15" : 186,
    "16" : 115,
    "17" : 106,
    "18" : 80,
    "19" : 63,
    "20" : 47,
    "21" : 39,
    "22" : 23,
    "23" : 23,
    "24" : 14,
    "25" : 11,
    "26" : 11,
    "27" : 4,
    "28" : 6,
    "29" : 3,
    "32" : 3,
    "33" : 3,
    "34" : 2,
    "35" : 1,
    "36" : 1,
    "37" : 1,
    "39" : 1,
    "41" : 1
  },
  "mean" : 5.75591754968633,
  "stdDev" : 4.044550372916087
}