{
  "distribution" : {
    "0" : 13,
    "1" : 419,
    "2" : 1359,
    "3" : 1784,
    "4" : 2122,
    "5" : 1962,
    "6" : 1812,
    "7" : 1480,
    "8" : 1292,
    "9" : 1156,
    "10" : 965,
    "11" : 751,
    "12" : 603,
    "13" : 534,
    "14" : 406,
    "15" : 339,
    "16" : 282,
    "17" : 251,
    "18" : 212,
    "19" : 186,
    "20" : 137,
    "21" : 115,
    "22" : 95,
    "23" : 70,
    "24" : 78,
    "25" : 55,
    "26" : 42,
    "27" : 35,
    "28" : 21,
    "29" : 23,
    "30" : 18,
    "31" : 20,
    "32" : 17,
    "33" : 7,
    "34" : 13,
    "35" : 5,
    "36" : 9,
    "37" : 7,
    "38" : 6,
    "39" : 1,
    "40" : 5,
    "42" : 2,
    "43" : 1,
    "44" : 2,
    "46" : 1,
    "47" : 1,
    "48" : 1,
    "49" : 2,
    "62" : 1
  },
  "mean" : 7.867186665242013,
  "stdDev" : 5.49154506135192
}