{
  "distribution" : {
    "1" : 50,
    "2" : 327,
    "3" : 720,
    "4" : 1048,
    "5" : 1244,
    "6" : 1387,
    "7" : 1341,
    "8" : 1259,
    "9" : 1152,
    "10" : 1000,
    "11" : 912,
    "12" : 875,
    "13" : 708,
    "14" : 598,
    "15" : 561,
    "16" : 468,
    "17" : 439,
    "18" : 339,
    "19" : 302,
    "20" : 266,
    "21" : 232,
    "22" : 199,
    "23" : 201,
    "24" : 140,
    "25" : 126,
    "26" : 105,
    "27" : 93,
    "28" : 94,
    "29" : 83,
    "30" : 56,
    "31" : 63,
    "32" : 48,
    "33" : 38,
    "34" : 37,
    "35" : 41,
    "36" : 24,
    "37" : 33,
    "38" : 21,
    "39" : 21,
    "40" : 13,
    "41" : 17,
    "42" : 17,
    "43" : 13,
    "44" : 10,
    "45" : 8,
    "46" : 11,
    "47" : 5,
    "48" : 2,
    "49" : 3,
    "50" : 4,
    "51" : 2,
    "52" : 1,
    "53" : 4,
    "54" : 3,
    "55" : 1,
    "56" : 1,
    "57" : 1,
    "58" : 1,
    "67" : 1,
    "68" : 1,
    "72" : 1,
    "80" : 1,
    "110" : 1
  },
  "mean" : 11.277946700053658,
  "stdDev" : 7.4521056511620225
}