{
  "distribution" : {
    "1" : 3,
    "2" : 467,
    "3" : 904,
    "4" : 1298,
    "5" : 1449,
    "6" : 1454,
    "7" : 1419,
    "8" : 1355,
    "9" : 1127,
    "10" : 1075,
    "11" : 940,
    "12" : 855,
    "13" : 699,
    "14" : 666,
    "15" : 573,
    "16" : 459,
    "17" : 437,
    "18" : 383,
    "19" : 344,
    "20" : 273,
    "21" : 228,
    "22" : 209,
    "23" : 167,
    "24" : 146,
    "25" : 129,
    "26" : 115,
    "27" : 88,
    "28" : 92,
    "29" : 82,
    "30" : 61,
    "31" : 60,
    "32" : 51,
    "33" : 33,
    "34" : 40,
    "35" : 50,
    "36" : 30,
    "37" : 23,
    "38" : 30,
    "39" : 18,
    "40" : 19,
    "41" : 25,
    "42" : 14,
    "43" : 11,
    "44" : 9,
    "45" : 6,
    "46" : 3,
    "47" : 8,
    "48" : 7,
    "49" : 3,
    "50" : 3,
    "51" : 5,
    "52" : 4,
    "53" : 1,
    "55" : 3,
    "56" : 1,
    "58" : 1,
    "59" : 1,
    "60" : 2,
    "61" : 3,
    "62" : 3,
    "63" : 1,
    "64" : 1,
    "65" : 1,
    "66" : 1,
    "67" : 1,
    "68" : 1,
    "70" : 1,
    "72" : 1,
    "73" : 1,
    "77" : 1
  },
  "mean" : 11.016023144542116,
  "stdDev" : 7.535244753817704
}