{
  "distribution" : {
    "1" : 1,
    "2" : 178,
    "3" : 613,
    "4" : 986,
    "5" : 1177,
    "6" : 1237,
    "7" : 1275,
    "8" : 1241,
    "9" : 1068,
    "10" : 984,
    "11" : 854,
    "12" : 720,
    "13" : 669,
    "14" : 549,
    "15" : 481,
    "16" : 387,
    "17" : 341,
    "18" : 306,
    "19" : 274,
    "20" : 223,
    "21" : 205,
    "22" : 142,
    "23" : 143,
    "24" : 126,
    "25" : 93,
    "26" : 100,
    "27" : 58,
    "28" : 56,
    "29" : 68,
    "30" : 41,
    "31" : 32,
    "32" : 21,
    "33" : 31,
    "34" : 19,
    "35" : 13,
    "36" : 24,
    "37" : 12,
    "38" : 11,
    "39" : 12,
    "40" : 6,
    "41" : 8,
    "42" : 8,
    "43" : 6,
    "44" : 6,
    "45" : 4,
    "46" : 4,
    "47" : 4,
    "48" : 2,
    "49" : 1,
    "50" : 4,
    "52" : 1,
    "53" : 3,
    "54" : 1,
    "55" : 2,
    "60" : 1,
    "62" : 1,
    "63" : 1,
    "67" : 1,
    "91" : 1
  },
  "mean" : 10.82320032353734,
  "stdDev" : 6.726017849150208
}