{
  "distribution" : {
    "2" : 12,
    "3" : 110,
    "4" : 306,
    "5" : 436,
    "6" : 612,
    "7" : 707,
    "8" : 830,
    "9" : 856,
    "10" : 815,
    "11" : 836,
    "12" : 826,
    "13" : 740,
    "14" : 701,
    "15" : 648,
    "16" : 580,
    "17" : 542,
    "18" : 511,
    "19" : 425,
    "20" : 393,
    "21" : 367,
    "22" : 330,
    "23" : 320,
    "24" : 250,
    "25" : 233,
    "26" : 227,
    "27" : 185,
    "28" : 167,
    "29" : 169,
    "30" : 143,
    "31" : 123,
    "32" : 123,
    "33" : 85,
    "34" : 92,
    "35" : 83,
    "36" : 80,
    "37" : 67,
    "38" : 64,
    "39" : 50,
    "40" : 55,
    "41" : 43,
    "42" : 37,
    "43" : 37,
    "44" : 34,
    "45" : 38,
    "46" : 25,
    "47" : 22,
    "48" : 26,
    "49" : 16,
    "50" : 15,
    "51" : 21,
    "52" : 9,
    "53" : 16,
    "54" : 11,
    "55" : 9,
    "56" : 7,
    "57" : 11,
    "58" : 10,
    "59" : 4,
    "60" : 6,
    "61" : 3,
    "62" : 1,
    "63" : 6,
    "64" : 2,
    "65" : 7,
    "66" : 6,
    "67" : 2,
    "68" : 2,
    "69" : 1,
    "70" : 3,
    "71" : 1,
    "72" : 2,
    "73" : 3,
    "74" : 1,
    "76" : 1,
    "77" : 1,
    "82" : 1,
    "83" : 1,
    "85" : 1,
    "88" : 1,
    "89" : 1,
    "99" : 1,
    "106" : 1
  },
  "mean" : 16.253076658645583,
  "stdDev" : 10.000988072814888
}