{
  "distribution" : {
    "1" : 1,
    "2" : 48,
    "3" : 182,
    "4" : 396,
    "5" : 666,
    "6" : 820,
    "7" : 867,
    "8" : 887,
    "9" : 995,
    "10" : 937,
    "11" : 845,
    "12" : 812,
    "13" : 739,
    "14" : 681,
    "15" : 642,
    "16" : 592,
    "17" : 496,
    "18" : 502,
    "19" : 389,
    "20" : 393,
    "21" : 357,
    "22" : 297,
    "23" : 245,
    "24" : 249,
    "25" : 182,
    "26" : 192,
    "27" : 157,
    "28" : 142,
    "29" : 143,
    "30" : 129,
    "31" : 109,
    "32" : 103,
    "33" : 104,
    "34" : 68,
    "35" : 53,
    "36" : 67,
    "37" : 52,
    "38" : 42,
    "39" : 29,
    "40" : 39,
    "41" : 42,
    "42" : 28,
    "43" : 28,
    "44" : 20,
    "45" : 20,
    "46" : 14,
    "47" : 16,
    "48" : 15,
    "49" : 10,
    "50" : 8,
    "51" : 12,
    "52" : 8,
    "53" : 9,
    "54" : 9,
    "55" : 8,
    "56" : 9,
    "57" : 9,
    "58" : 8,
    "59" : 3,
    "60" : 2,
    "61" : 3,
    "62" : 4,
    "63" : 2,
    "64" : 4,
    "65" : 3,
    "66" : 1,
    "67" : 2,
    "70" : 2,
    "72" : 1,
    "74" : 2,
    "75" : 1,
    "77" : 2,
    "78" : 1,
    "83" : 1,
    "84" : 1,
    "90" : 1,
    "104" : 1
  },
  "mean" : 14.814760344942844,
  "stdDev" : 9.2444976494527
}