{
  "distribution" : {
    "1" : 10,
    "2" : 144,
    "3" : 483,
    "4" : 766,
    "5" : 1003,
    "6" : 1201,
    "7" : 1159,
    "8" : 1163,
    "9" : 1109,
    "10" : 954,
    "11" : 939,
    "12" : 835,
    "13" : 756,
    "14" : 646,
    "15" : 557,
    "16" : 496,
    "17" : 432,
    "18" : 370,
    "19" : 363,
    "20" : 301,
    "21" : 255,
    "22" : 225,
    "23" : 205,
    "24" : 153,
    "25" : 161,
    "26" : 132,
    "27" : 110,
    "28" : 108,
    "29" : 100,
    "30" : 82,
    "31" : 67,
    "32" : 47,
    "33" : 44,
    "34" : 45,
    "35" : 32,
    "36" : 31,
    "37" : 31,
    "38" : 25,
    "39" : 27,
    "40" : 33,
    "41" : 19,
    "42" : 18,
    "43" : 14,
    "44" : 11,
    "45" : 12,
    "46" : 6,
    "47" : 6,
    "48" : 7,
    "49" : 4,
    "50" : 7,
    "51" : 4,
    "52" : 4,
    "53" : 5,
    "54" : 4,
    "55" : 6,
    "56" : 2,
    "57" : 2,
    "58" : 2,
    "59" : 1,
    "62" : 2,
    "64" : 1,
    "66" : 1,
    "67" : 2,
    "68" : 2,
    "70" : 1,
    "89" : 1
  },
  "mean" : 12.327426321138212,
  "stdDev" : 7.8918687849209865
}