{
  "distribution" : {
    "1" : 21,
    "2" : 200,
    "3" : 520,
    "4" : 890,
    "5" : 1076,
    "6" : 1225,
    "7" : 1203,
    "8" : 1182,
    "9" : 1090,
    "10" : 1020,
    "11" : 902,
    "12" : 751,
    "13" : 744,
    "14" : 655,
    "15" : 578,
    "16" : 460,
    "17" : 443,
    "18" : 396,
    "19" : 327,
    "20" : 275,
    "21" : 265,
    "22" : 214,
    "23" : 190,
    "24" : 158,
    "25" : 140,
    "26" : 132,
    "27" : 109,
    "28" : 90,
    "29" : 78,
    "30" : 61,
    "31" : 54,
    "32" : 62,
    "33" : 40,
    "34" : 52,
    "35" : 39,
    "36" : 24,
    "37" : 36,
    "38" : 19,
    "39" : 26,
    "40" : 26,
    "41" : 12,
    "42" : 20,
    "43" : 16,
    "44" : 6,
    "45" : 7,
    "46" : 9,
    "47" : 8,
    "48" : 8,
    "49" : 6,
    "50" : 1,
    "51" : 3,
    "52" : 2,
    "53" : 3,
    "54" : 4,
    "55" : 4,
    "56" : 1,
    "57" : 1,
    "58" : 1,
    "59" : 1,
    "60" : 2,
    "61" : 1,
    "62" : 1,
    "64" : 4,
    "66" : 1,
    "74" : 1
  },
  "mean" : 11.963953195772522,
  "stdDev" : 7.695961876397783
}