{
  "distribution" : {
    "1" : 297,
    "2" : 1194,
    "3" : 1843,
    "4" : 2077,
    "5" : 1924,
    "6" : 1615,
    "7" : 1329,
    "8" : 1030,
    "9" : 840,
    "10" : 572,
    "11" : 495,
    "12" : 368,
    "13" : 284,
    "14" : 217,
    "15" : 154,
    "16" : 114,
    "17" : 99,
    "18" : 72,
    "19" : 50,
    "20" : 46,
    "21" : 34,
    "22" : 27,
    "23" : 21,
    "24" : 21,
    "25" : 14,
    "26" : 3,
    "27" : 9,
    "28" : 5,
    "29" : 3,
    "30" : 3,
    "31" : 1,
    "32" : 2,
    "34" : 1,
    "36" : 1,
    "40" : 1,
    "42" : 1
  },
  "mean" : 6.4846617457845195,
  "stdDev" : 4.020301621902608
}