{
  "distribution" : {
    "2" : 10,
    "3" : 92,
    "4" : 203,
    "5" : 352,
    "6" : 543,
    "7" : 690,
    "8" : 722,
    "9" : 803,
    "10" : 795,
    "11" : 787,
    "12" : 786,
    "13" : 742,
    "14" : 668,
    "15" : 655,
    "16" : 586,
    "17" : 581,
    "18" : 466,
    "19" : 447,
    "20" : 401,
    "21" : 355,
    "22" : 360,
    "23" : 278,
    "24" : 240,
    "25" : 243,
    "26" : 234,
    "27" : 199,
    "28" : 190,
    "29" : 190,
    "30" : 145,
    "31" : 133,
    "32" : 122,
    "33" : 107,
    "34" : 94,
    "35" : 83,
    "36" : 69,
    "37" : 70,
    "38" : 73,
    "39" : 61,
    "40" : 64,
    "41" : 57,
    "42" : 52,
    "43" : 37,
    "44" : 43,
    "45" : 32,
    "46" : 28,
    "47" : 31,
    "48" : 21,
    "49" : 27,
    "50" : 23,
    "51" : 11,
    "52" : 16,
    "53" : 9,
    "54" : 11,
    "55" : 13,
    "56" : 18,
    "57" : 7,
    "58" : 5,
    "59" : 3,
    "60" : 5,
    "61" : 4,
    "62" : 6,
    "63" : 2,
    "64" : 5,
    "65" : 3,
    "66" : 2,
    "67" : 3,
    "68" : 5,
    "69" : 1,
    "70" : 3,
    "72" : 1,
    "73" : 4,
    "74" : 4,
    "75" : 2,
    "76" : 1,
    "77" : 1,
    "80" : 1,
    "82" : 1,
    "83" : 2,
    "91" : 1,
    "98" : 1,
    "103" : 1
  },
  "mean" : 16.863032102955735,
  "stdDev" : 10.231413656689211
}