{
  "distribution" : {
    "1" : 353,
    "2" : 898,
    "3" : 1252,
    "4" : 1618,
    "5" : 1639,
    "6" : 1634,
    "7" : 1465,
    "8" : 1254,
    "9" : 1132,
    "10" : 1018,
    "11" : 779,
    "12" : 695,
    "13" : 619,
    "14" : 532,
    "15" : 408,
    "16" : 359,
    "17" : 288,
    "18" : 269,
    "19" : 235,
    "20" : 171,
    "21" : 155,
    "22" : 124,
    "23" : 106,
    "24" : 99,
    "25" : 82,
    "26" : 61,
    "27" : 46,
    "28" : 26,
    "29" : 23,
    "30" : 26,
    "31" : 29,
    "32" : 16,
    "33" : 19,
    "34" : 11,
    "35" : 10,
    "36" : 13,
    "37" : 7,
    "38" : 6,
    "39" : 7,
    "40" : 2,
    "41" : 3,
    "42" : 5,
    "43" : 3,
    "44" : 2,
    "45" : 2,
    "46" : 3,
    "48" : 1,
    "49" : 1,
    "50" : 2,
    "54" : 2,
    "55" : 1,
    "56" : 1,
    "61" : 1
  },
  "mean" : 8.913207331696453,
  "stdDev" : 6.018018072640133
}