{
  "distribution" : {
    "1" : 102,
    "2" : 557,
    "3" : 1034,
    "4" : 1368,
    "5" : 1439,
    "6" : 1453,
    "7" : 1408,
    "8" : 1358,
    "9" : 1239,
    "10" : 1073,
    "11" : 923,
    "12" : 820,
    "13" : 750,
    "14" : 617,
    "15" : 559,
    "16" : 504,
    "17" : 440,
    "18" : 376,
    "19" : 350,
    "20" : 308,
    "21" : 272,
    "22" : 238,
    "23" : 181,
    "24" : 163,
    "25" : 145,
    "26" : 112,
    "27" : 104,
    "28" : 95,
    "29" : 79,
    "30" : 87,
    "31" : 54,
    "32" : 56,
    "33" : 53,
    "34" : 51,
    "35" : 48,
    "36" : 24,
    "37" : 30,
    "38" : 28,
    "39" : 26,
    "40" : 26,
    "41" : 12,
    "42" : 19,
    "43" : 13,
    "44" : 15,
    "45" : 6,
    "46" : 9,
    "47" : 8,
    "48" : 7,
    "49" : 6,
    "50" : 6,
    "51" : 4,
    "52" : 6,
    "53" : 4,
    "54" : 1,
    "55" : 1,
    "56" : 2,
    "57" : 1,
    "58" : 4,
    "60" : 2,
    "63" : 1,
    "65" : 1,
    "74" : 1,
    "78" : 1
  },
  "mean" : 11.026713062098501,
  "stdDev" : 7.68927057416629
}