{
  "distribution" : {
    "2" : 6,
    "3" : 43,
    "4" : 129,
    "5" : 229,
    "6" : 346,
    "7" : 493,
    "8" : 586,
    "9" : 671,
    "10" : 681,
    "11" : 668,
    "12" : 713,
    "13" : 658,
    "14" : 664,
    "15" : 600,
    "16" : 617,
    "17" : 543,
    "18" : 514,
    "19" : 485,
    "20" : 437,
    "21" : 410,
    "22" : 378,
    "23" : 384,
    "24" : 328,
    "25" : 324,
    "26" : 289,
    "27" : 262,
    "28" : 238,
    "29" : 220,
    "30" : 195,
    "31" : 163,
    "32" : 170,
    "33" : 141,
    "34" : 127,
    "35" : 111,
    "36" : 116,
    "37" : 89,
    "38" : 93,
    "39" : 92,
    "40" : 90,
    "41" : 63,
    "42" : 62,
    "43" : 60,
    "44" : 55,
    "45" : 70,
    "46" : 51,
    "47" : 44,
    "48" : 35,
    "49" : 35,
    "50" : 25,
    "51" : 28,
    "52" : 32,
    "53" : 22,
    "54" : 27,
    "55" : 16,
    "56" : 19,
    "57" : 10,
    "58" : 8,
    "59" : 23,
    "60" : 7,
    "61" : 10,
    "62" : 6,
    "63" : 10,
    "64" : 2,
    "65" : 11,
    "66" : 4,
    "67" : 7,
    "68" : 9,
    "69" : 10,
    "70" : 5,
    "71" : 2,
    "72" : 6,
    "73" : 5,
    "74" : 2,
    "75" : 4,
    "76" : 3,
    "77" : 4,
    "78" : 2,
    "79" : 2,
    "80" : 1,
    "82" : 4,
    "84" : 1,
    "85" : 2,
    "86" : 4,
    "87" : 2,
    "88" : 2,
    "89" : 1,
    "90" : 2,
    "94" : 2,
    "96" : 1,
    "98" : 1,
    "108" : 1,
    "114" : 1
  },
  "mean" : 19.318535825545172,
  "stdDev" : 11.713446828382773
}