{
  "distribution" : {
    "1" : 14,
    "2" : 231,
    "3" : 616,
    "4" : 1082,
    "5" : 1274,
    "6" : 1360,
    "7" : 1349,
    "8" : 1278,
    "9" : 1070,
    "10" : 959,
    "11" : 864,
    "12" : 763,
    "13" : 695,
    "14" : 571,
    "15" : 481,
    "16" : 399,
    "17" : 349,
    "18" : 281,
    "19" : 249,
    "20" : 222,
    "21" : 176,
    "22" : 159,
    "23" : 120,
    "24" : 121,
    "25" : 93,
    "26" : 74,
    "27" : 62,
    "28" : 53,
    "29" : 49,
    "30" : 41,
    "31" : 42,
    "32" : 25,
    "33" : 26,
    "34" : 24,
    "35" : 32,
    "36" : 23,
    "37" : 12,
    "38" : 9,
    "39" : 10,
    "40" : 4,
    "41" : 9,
    "42" : 5,
    "43" : 3,
    "44" : 3,
    "45" : 6,
    "46" : 7,
    "47" : 6,
    "48" : 2,
    "49" : 1,
    "50" : 7,
    "51" : 3,
    "52" : 1,
    "53" : 1,
    "54" : 1,
    "61" : 1,
    "62" : 1,
    "63" : 1,
    "64" : 1,
    "71" : 2,
    "73" : 1
  },
  "mean" : 10.60304098146698,
  "stdDev" : 6.696564755669302
}