{
  "distribution" : {
    "1" : 10,
    "2" : 234,
    "3" : 679,
    "4" : 1023,
    "5" : 1234,
    "6" : 1381,
    "7" : 1336,
    "8" : 1225,
    "9" : 1029,
    "10" : 991,
    "11" : 878,
    "12" : 836,
    "13" : 693,
    "14" : 560,
    "15" : 505,
    "16" : 452,
    "17" : 410,
    "18" : 355,
    "19" : 270,
    "20" : 266,
    "21" : 229,
    "22" : 201,
    "23" : 156,
    "24" : 124,
    "25" : 133,
    "26" : 88,
    "27" : 84,
    "28" : 87,
    "29" : 70,
    "30" : 70,
    "31" : 51,
    "32" : 48,
    "33" : 41,
    "34" : 35,
    "35" : 19,
    "36" : 30,
    "37" : 23,
    "38" : 28,
    "39" : 17,
    "40" : 10,
    "41" : 10,
    "42" : 9,
    "43" : 3,
    "44" : 7,
    "45" : 7,
    "46" : 9,
    "47" : 3,
    "48" : 6,
    "49" : 3,
    "50" : 3,
    "51" : 3,
    "52" : 1,
    "53" : 2,
    "54" : 2,
    "55" : 1,
    "59" : 1,
    "61" : 1,
    "62" : 1,
    "65" : 1,
    "71" : 1,
    "92" : 1
  },
  "mean" : 11.180470411610159,
  "stdDev" : 7.212275111514601
}