{
  "distribution" : {
    "1" : 281,
    "2" : 992,
    "3" : 1616,
    "4" : 1854,
    "5" : 1909,
    "6" : 1690,
    "7" : 1422,
    "8" : 1297,
    "9" : 1039,
    "10" : 863,
    "11" : 709,
    "12" : 639,
    "13" : 479,
    "14" : 415,
    "15" : 361,
    "16" : 313,
    "17" : 262,
    "18" : 191,
    "19" : 155,
    "20" : 135,
    "21" : 103,
    "22" : 82,
    "23" : 80,
    "24" : 78,
    "25" : 51,
    "26" : 38,
    "27" : 24,
    "28" : 35,
    "29" : 16,
    "30" : 19,
    "31" : 21,
    "32" : 12,
    "33" : 9,
    "34" : 9,
    "35" : 6,
    "36" : 5,
    "37" : 4,
    "38" : 4,
    "39" : 4,
    "40" : 1,
    "41" : 3,
    "42" : 3,
    "45" : 1,
    "51" : 1
  },
  "mean" : 8.093668388369798,
  "stdDev" : 5.420393228562334
}