{
  "distribution" : {
    "1" : 4,
    "2" : 150,
    "3" : 479,
    "4" : 793,
    "5" : 1006,
    "6" : 1145,
    "7" : 1179,
    "8" : 1080,
    "9" : 1097,
    "10" : 1021,
    "11" : 862,
    "12" : 782,
    "13" : 715,
    "14" : 606,
    "15" : 565,
    "16" : 488,
    "17" : 426,
    "18" : 379,
    "19" : 304,
    "20" : 266,
    "21" : 267,
    "22" : 213,
    "23" : 171,
    "24" : 172,
    "25" : 140,
    "26" : 125,
    "27" : 98,
    "28" : 99,
    "29" : 79,
    "30" : 74,
    "31" : 68,
    "32" : 53,
    "33" : 49,
    "34" : 39,
    "35" : 42,
    "36" : 23,
    "37" : 25,
    "38" : 32,
    "39" : 19,
    "40" : 15,
    "41" : 14,
    "42" : 12,
    "43" : 14,
    "44" : 6,
    "45" : 12,
    "46" : 6,
    "47" : 8,
    "48" : 8,
    "49" : 3,
    "50" : 8,
    "51" : 4,
    "52" : 4,
    "53" : 2,
    "54" : 2,
    "55" : 2,
    "56" : 1,
    "57" : 3,
    "59" : 2,
    "62" : 1,
    "63" : 1,
    "67" : 1,
    "69" : 1
  },
  "mean" : 12.109138552243694,
  "stdDev" : 7.633251005313058
}