{
  "distribution" : {
    "2" : 9,
    "3" : 81,
    "4" : 234,
    "5" : 378,
    "6" : 531,
    "7" : 685,
    "8" : 772,
    "9" : 809,
    "10" : 838,
    "11" : 793,
    "12" : 719,
    "13" : 713,
    "14" : 685,
    "15" : 622,
    "16" : 574,
    "17" : 497,
    "18" : 441,
    "19" : 436,
    "20" : 393,
    "21" : 343,
    "22" : 318,
    "23" : 262,
    "24" : 253,
    "25" : 219,
    "26" : 193,
    "27" : 159,
    "28" : 160,
    "29" : 150,
    "30" : 124,
    "31" : 125,
    "32" : 96,
    "33" : 74,
    "34" : 81,
    "35" : 59,
    "36" : 70,
    "37" : 62,
    "38" : 38,
    "39" : 38,
    "40" : 52,
    "41" : 28,
    "42" : 30,
    "43" : 30,
    "44" : 35,
    "45" : 18,
    "46" : 20,
    "47" : 24,
    "48" : 9,
    "49" : 8,
    "50" : 11,
    "51" : 8,
    "52" : 10,
    "53" : 13,
    "54" : 8,
    "55" : 5,
    "56" : 3,
    "57" : 2,
    "58" : 9,
    "59" : 4,
    "60" : 8,
    "61" : 9,
    "62" : 6,
    "63" : 2,
    "64" : 1,
    "65" : 1,
    "67" : 1,
    "68" : 1,
    "69" : 1,
    "70" : 1,
    "72" : 2,
    "75" : 2,
    "77" : 1,
    "78" : 1,
    "79" : 1,
    "82" : 1,
    "84" : 1,
    "88" : 1,
    "89" : 1,
    "90" : 1,
    "100" : 1
  },
  "mean" : 15.937784408802685,
  "stdDev" : 9.414761200049877
}