{
  "distribution" : {
    "1" : 7,
    "2" : 545,
    "3" : 1001,
    "4" : 1322,
    "5" : 1481,
    "6" : 1453,
    "7" : 1353,
    "8" : 1294,
    "9" : 1098,
    "10" : 990,
    "11" : 884,
    "12" : 747,
    "13" : 664,
    "14" : 562,
    "15" : 441,
    "16" : 403,
    "17" : 346,
    "18" : 282,
    "19" : 239,
    "20" : 210,
    "21" : 172,
    "22" : 173,
    "23" : 144,
    "24" : 107,
    "25" : 80,
    "26" : 85,
    "27" : 57,
    "28" : 53,
    "29" : 41,
    "30" : 51,
    "31" : 37,
    "32" : 30,
    "33" : 34,
    "34" : 22,
    "35" : 19,
    "36" : 16,
    "37" : 11,
    "38" : 12,
    "39" : 3,
    "40" : 10,
    "41" : 10,
    "42" : 2,
    "43" : 2,
    "44" : 3,
    "45" : 2,
    "46" : 5,
    "48" : 2,
    "49" : 1,
    "50" : 2,
    "51" : 3,
    "52" : 1,
    "53" : 2,
    "54" : 4,
    "56" : 1,
    "58" : 1,
    "59" : 1,
    "67" : 1,
    "68" : 1
  },
  "mean" : 9.98765357380621,
  "stdDev" : 6.550038700674422
}