{
  "distribution" : {
    "1" : 1,
    "2" : 15,
    "3" : 82,
    "4" : 196,
    "5" : 342,
    "6" : 517,
    "7" : 567,
    "8" : 701,
    "9" : 745,
    "10" : 796,
    "11" : 759,
    "12" : 755,
    "13" : 749,
    "14" : 731,
    "15" : 615,
    "16" : 602,
    "17" : 536,
    "18" : 522,
    "19" : 453,
    "20" : 416,
    "21" : 422,
    "22" : 392,
    "23" : 350,
    "24" : 305,
    "25" : 270,
    "26" : 230,
    "27" : 229,
    "28" : 226,
    "29" : 167,
    "30" : 162,
    "31" : 165,
    "32" : 139,
    "33" : 114,
    "34" : 110,
    "35" : 102,
    "36" : 99,
    "37" : 79,
    "38" : 75,
    "39" : 82,
    "40" : 59,
    "41" : 63,
    "42" : 63,
    "43" : 50,
    "44" : 47,
    "45" : 40,
    "46" : 44,
    "47" : 29,
    "48" : 32,
    "49" : 25,
    "50" : 22,
    "51" : 28,
    "52" : 23,
    "53" : 18,
    "54" : 17,
    "55" : 12,
    "56" : 9,
    "57" : 10,
    "58" : 8,
    "59" : 6,
    "60" : 10,
    "61" : 7,
    "62" : 8,
    "63" : 11,
    "64" : 6,
    "65" : 6,
    "66" : 6,
    "67" : 4,
    "68" : 2,
    "69" : 7,
    "70" : 2,
    "71" : 3,
    "72" : 1,
    "73" : 5,
    "74" : 3,
    "75" : 2,
    "76" : 1,
    "77" : 1,
    "78" : 1,
    "79" : 2,
    "80" : 1,
    "81" : 1,
    "85" : 2,
    "86" : 2,
    "87" : 1,
    "92" : 2,
    "93" : 1,
    "94" : 1,
    "97" : 1,
    "98" : 1,
    "108" : 1
  },
  "mean" : 17.74512908777969,
  "stdDev" : 10.910922431385051
}