{
  "distribution" : {
    "0" : 47,
    "1" : 1264,
    "2" : 2675,
    "3" : 2924,
    "4" : 2660,
    "5" : 2192,
    "6" : 1747,
    "7" : 1370,
    "8" : 1090,
    "9" : 864,
    "10" : 624,
    "11" : 490,
    "12" : 353,
    "13" : 321,
    "14" : 219,
    "15" : 153,
    "16" : 130,
    "17" : 107,
    "18" : 78,
    "19" : 62,
    "20" : 55,
    "21" : 42,
    "22" : 18,
    "23" : 26,
    "24" : 20,
    "25" : 13,
    "26" : 8,
    "27" : 6,
    "28" : 4,
    "29" : 3,
    "30" : 2,
    "31" : 5,
    "32" : 4,
    "33" : 2,
    "34" : 1,
    "36" : 2,
    "38" : 1,
    "42" : 1
  },
  "mean" : 5.636521472705918,
  "stdDev" : 4.024315583394822
}