{
  "distribution" : {
    "3" : 9,
    "4" : 50,
    "5" : 153,
    "6" : 297,
    "7" : 473,
    "8" : 532,
    "9" : 642,
    "10" : 659,
    "11" : 649,
    "12" : 637,
    "13" : 628,
    "14" : 610,
    "15" : 544,
    "16" : 500,
    "17" : 465,
    "18" : 445,
    "19" : 338,
    "20" : 265,
    "21" : 310,
    "22" : 233,
    "23" : 208,
    "24" : 193,
    "25" : 156,
    "26" : 143,
    "27" : 134,
    "28" : 123,
    "29" : 114,
    "30" : 84,
    "31" : 52,
    "32" : 76,
    "33" : 60,
    "34" : 63,
    "35" : 35,
    "36" : 34,
    "37" : 34,
    "38" : 33,
    "39" : 34,
    "40" : 25,
    "41" : 18,
    "42" : 10,
    "43" : 14,
    "44" : 8,
    "45" : 8,
    "46" : 7,
    "47" : 10,
    "48" : 2,
    "49" : 11,
    "50" : 5,
    "51" : 6,
    "52" : 3,
    "53" : 5,
    "54" : 2,
    "55" : 5,
    "57" : 4,
    "58" : 4,
    "59" : 3,
    "60" : 1,
    "61" : 2,
    "62" : 1,
    "64" : 1,
    "65" : 3,
    "69" : 1,
    "71" : 1,
    "72" : 1,
    "74" : 1,
    "76" : 1
  },
  "mean" : 15.893594026331304,
  "stdDev" : 8.180734325439321
}