{
  "distribution" : {
    "1" : 1,
    "2" : 42,
    "3" : 196,
    "4" : 406,
    "5" : 594,
    "6" : 760,
    "7" : 826,
    "8" : 938,
    "9" : 919,
    "10" : 908,
    "11" : 892,
    "12" : 789,
    "13" : 723,
    "14" : 697,
    "15" : 633,
    "16" : 579,
    "17" : 521,
    "18" : 488,
    "19" : 396,
    "20" : 362,
    "21" : 355,
    "22" : 319,
    "23" : 242,
    "24" : 245,
    "25" : 183,
    "26" : 188,
    "27" : 166,
    "28" : 158,
    "29" : 146,
    "30" : 117,
    "31" : 99,
    "32" : 94,
    "33" : 81,
    "34" : 75,
    "35" : 59,
    "36" : 61,
    "37" : 50,
    "38" : 43,
    "39" : 47,
    "40" : 48,
    "41" : 37,
    "42" : 28,
    "43" : 33,
    "44" : 35,
    "45" : 16,
    "46" : 24,
    "47" : 13,
    "48" : 17,
    "49" : 11,
    "50" : 16,
    "51" : 6,
    "52" : 5,
    "53" : 7,
    "54" : 10,
    "55" : 5,
    "56" : 13,
    "57" : 8,
    "58" : 8,
    "59" : 3,
    "60" : 6,
    "61" : 1,
    "62" : 3,
    "63" : 1,
    "64" : 3,
    "65" : 4,
    "66" : 2,
    "67" : 1,
    "68" : 1,
    "70" : 1,
    "72" : 1,
    "73" : 2,
    "76" : 1,
    "80" : 1,
    "81" : 1,
    "96" : 1
  },
  "mean" : 14.94306411211157,
  "stdDev" : 9.26579281629157
}