{
  "distribution" : {
    "0" : 27,
    "1" : 1510,
    "2" : 2548,
    "3" : 2791,
    "4" : 2548,
    "5" : 2189,
    "6" : 1875,
    "7" : 1463,
    "8" : 1160,
    "9" : 982,
    "10" : 783,
    "11" : 615,
    "12" : 528,
    "13" : 369,
    "14" : 306,
    "15" : 249,
    "16" : 173,
    "17" : 144,
    "18" : 103,
    "19" : 95,
    "20" : 83,
    "21" : 53,
    "22" : 47,
    "23" : 39,
    "24" : 30,
    "25" : 20,
    "26" : 15,
    "27" : 15,
    "28" : 12,
    "29" : 12,
    "30" : 5,
    "31" : 4,
    "32" : 4,
    "33" : 3,
    "34" : 2,
    "35" : 2,
    "36" : 1,
    "37" : 2,
    "38" : 1,
    "40" : 1,
    "41" : 1,
    "42" : 1,
    "45" : 1
  },
  "mean" : 6.08807418796848,
  "stdDev" : 4.481139285249761
}