{
  "distribution" : {
    "2" : 8,
    "3" : 53,
    "4" : 175,
    "5" : 328,
    "6" : 411,
    "7" : 533,
    "8" : 648,
    "9" : 682,
    "10" : 685,
    "11" : 755,
    "12" : 781,
    "13" : 685,
    "14" : 679,
    "15" : 653,
    "16" : 587,
    "17" : 548,
    "18" : 509,
    "19" : 489,
    "20" : 416,
    "21" : 401,
    "22" : 369,
    "23" : 381,
    "24" : 301,
    "25" : 276,
    "26" : 244,
    "27" : 212,
    "28" : 220,
    "29" : 180,
    "30" : 166,
    "31" : 157,
    "32" : 127,
    "33" : 136,
    "34" : 132,
    "35" : 116,
    "36" : 93,
    "37" : 99,
    "38" : 88,
    "39" : 85,
    "40" : 73,
    "41" : 62,
    "42" : 47,
    "43" : 48,
    "44" : 28,
    "45" : 41,
    "46" : 48,
    "47" : 22,
    "48" : 38,
    "49" : 32,
    "50" : 33,
    "51" : 18,
    "52" : 18,
    "53" : 20,
    "54" : 16,
    "55" : 18,
    "56" : 16,
    "57" : 10,
    "58" : 11,
    "59" : 9,
    "60" : 9,
    "61" : 7,
    "62" : 10,
    "63" : 8,
    "64" : 4,
    "65" : 7,
    "66" : 4,
    "67" : 3,
    "68" : 4,
    "69" : 3,
    "70" : 5,
    "71" : 4,
    "72" : 3,
    "73" : 5,
    "74" : 3,
    "75" : 2,
    "76" : 1,
    "77" : 4,
    "78" : 3,
    "79" : 1,
    "80" : 2,
    "81" : 1,
    "82" : 1,
    "85" : 1,
    "86" : 2,
    "90" : 1,
    "94" : 1,
    "95" : 2,
    "97" : 1,
    "106" : 1
  },
  "mean" : 18.215879311565974,
  "stdDev" : 11.0434241848346
}