{
  "distribution" : {
    "1" : 1,
    "2" : 23,
    "3" : 122,
    "4" : 277,
    "5" : 512,
    "6" : 612,
    "7" : 811,
    "8" : 862,
    "9" : 896,
    "10" : 854,
    "11" : 824,
    "12" : 777,
    "13" : 733,
    "14" : 668,
    "15" : 670,
    "16" : 606,
    "17" : 523,
    "18" : 503,
    "19" : 432,
    "20" : 399,
    "21" : 360,
    "22" : 335,
    "23" : 324,
    "24" : 293,
    "25" : 256,
    "26" : 221,
    "27" : 203,
    "28" : 176,
    "29" : 147,
    "30" : 130,
    "31" : 121,
    "32" : 118,
    "33" : 113,
    "34" : 99,
    "35" : 84,
    "36" : 75,
    "37" : 87,
    "38" : 64,
    "39" : 58,
    "40" : 51,
    "41" : 49,
    "42" : 41,
    "43" : 31,
    "44" : 35,
    "45" : 36,
    "46" : 29,
    "47" : 23,
    "48" : 18,
    "49" : 19,
    "50" : 18,
    "51" : 18,
    "52" : 14,
    "53" : 12,
    "54" : 7,
    "55" : 11,
    "56" : 17,
    "57" : 3,
    "58" : 7,
    "59" : 10,
    "60" : 8,
    "61" : 4,
    "62" : 5,
    "63" : 6,
    "64" : 4,
    "65" : 2,
    "66" : 3,
    "67" : 4,
    "68" : 7,
    "69" : 2,
    "70" : 2,
    "71" : 1,
    "72" : 1,
    "73" : 2,
    "74" : 2,
    "76" : 3,
    "78" : 1,
    "79" : 1,
    "80" : 2,
    "87" : 1,
    "94" : 1,
    "100" : 1
  },
  "mean" : 16.22364088434917,
  "stdDev" : 10.096988409520684
}