{
  "distribution" : {
    "1" : 269,
    "2" : 948,
    "3" : 1528,
    "4" : 1775,
    "5" : 1857,
    "6" : 1673,
    "7" : 1589,
    "8" : 1305,
    "9" : 1056,
    "10" : 953,
    "11" : 784,
    "12" : 629,
    "13" : 542,
    "14" : 438,
    "15" : 348,
    "16" : 311,
    "17" : 242,
    "18" : 187,
    "19" : 192,
    "20" : 158,
    "21" : 119,
    "22" : 105,
    "23" : 92,
    "24" : 64,
    "25" : 60,
    "26" : 56,
    "27" : 47,
    "28" : 42,
    "29" : 33,
    "30" : 23,
    "31" : 24,
    "32" : 14,
    "33" : 8,
    "34" : 6,
    "35" : 7,
    "36" : 6,
    "37" : 3,
    "38" : 7,
    "39" : 5,
    "40" : 1,
    "41" : 3,
    "42" : 2,
    "44" : 2,
    "45" : 1,
    "46" : 1,
    "47" : 2,
    "48" : 1,
    "50" : 2,
    "51" : 1,
    "54" : 1
  },
  "mean" : 8.365369250085607,
  "stdDev" : 5.6495089550501385
}