{
  "distribution" : {
    "1" : 15,
    "2" : 219,
    "3" : 533,
    "4" : 902,
    "5" : 1041,
    "6" : 1186,
    "7" : 1167,
    "8" : 1137,
    "9" : 1098,
    "10" : 993,
    "11" : 876,
    "12" : 802,
    "13" : 726,
    "14" : 690,
    "15" : 564,
    "16" : 513,
    "17" : 427,
    "18" : 390,
    "19" : 327,
    "20" : 297,
    "21" : 254,
    "22" : 230,
    "23" : 200,
    "24" : 180,
    "25" : 150,
    "26" : 132,
    "27" : 119,
    "28" : 108,
    "29" : 82,
    "30" : 82,
    "31" : 68,
    "32" : 62,
    "33" : 53,
    "34" : 40,
    "35" : 36,
    "36" : 39,
    "37" : 25,
    "38" : 24,
    "39" : 23,
    "40" : 23,
    "41" : 13,
    "42" : 7,
    "43" : 13,
    "44" : 8,
    "45" : 16,
    "46" : 13,
    "47" : 7,
    "48" : 6,
    "49" : 6,
    "50" : 6,
    "51" : 6,
    "52" : 2,
    "53" : 1,
    "54" : 1,
    "55" : 5,
    "57" : 1,
    "59" : 1,
    "60" : 3,
    "61" : 2,
    "64" : 2,
    "65" : 1,
    "66" : 1,
    "67" : 1,
    "79" : 1,
    "87" : 1
  },
  "mean" : 12.131039669110734,
  "stdDev" : 7.8183540831693
}