{
  "distribution" : {
    "1" : 91,
    "2" : 538,
    "3" : 917,
    "4" : 1158,
    "5" : 1442,
    "6" : 1339,
    "7" : 1435,
    "8" : 1243,
    "9" : 1180,
    "10" : 1091,
    "11" : 914,
    "12" : 816,
    "13" : 698,
    "14" : 608,
    "15" : 484,
    "16" : 456,
    "17" : 385,
    "18" : 322,
    "19" : 272,
    "20" : 261,
    "21" : 190,
    "22" : 184,
    "23" : 139,
    "24" : 135,
    "25" : 119,
    "26" : 113,
    "27" : 84,
    "28" : 68,
    "29" : 62,
    "30" : 45,
    "31" : 47,
    "32" : 36,
    "33" : 35,
    "34" : 39,
    "35" : 33,
    "36" : 12,
    "37" : 23,
    "38" : 18,
    "39" : 17,
    "40" : 11,
    "41" : 11,
    "42" : 6,
    "43" : 4,
    "44" : 12,
    "45" : 3,
    "46" : 4,
    "47" : 3,
    "48" : 6,
    "49" : 4,
    "50" : 4,
    "51" : 4,
    "52" : 2,
    "53" : 1,
    "54" : 4,
    "55" : 2,
    "57" : 1,
    "58" : 1,
    "60" : 1,
    "63" : 1,
    "82" : 1
  },
  "mean" : 10.540239276334987,
  "stdDev" : 7.039235391063435
}