{
  "distribution" : {
    "1" : 21,
    "2" : 258,
    "3" : 602,
    "4" : 918,
    "5" : 1067,
    "6" : 1243,
    "7" : 1268,
    "8" : 1145,
    "9" : 1165,
    "10" : 1057,
    "11" : 903,
    "12" : 857,
    "13" : 755,
    "14" : 690,
    "15" : 612,
    "16" : 542,
    "17" : 474,
    "18" : 420,
    "19" : 394,
    "20" : 320,
    "21" : 301,
    "22" : 242,
    "23" : 237,
    "24" : 193,
    "25" : 182,
    "26" : 156,
    "27" : 141,
    "28" : 107,
    "29" : 96,
    "30" : 94,
    "31" : 88,
    "32" : 67,
    "33" : 71,
    "34" : 69,
    "35" : 54,
    "36" : 32,
    "37" : 45,
    "38" : 35,
    "39" : 25,
    "40" : 28,
    "41" : 16,
    "42" : 23,
    "43" : 22,
    "44" : 16,
    "45" : 20,
    "46" : 12,
    "47" : 9,
    "48" : 9,
    "49" : 7,
    "50" : 7,
    "51" : 10,
    "52" : 3,
    "53" : 3,
    "55" : 2,
    "56" : 4,
    "57" : 3,
    "58" : 1,
    "59" : 5,
    "60" : 6,
    "61" : 3,
    "62" : 3,
    "63" : 2,
    "65" : 2,
    "66" : 1,
    "68" : 1,
    "69" : 1,
    "71" : 1,
    "78" : 1,
    "79" : 1,
    "80" : 1,
    "96" : 1
  },
  "mean" : 12.51764705882353,
  "stdDev" : 8.368608963890978
}