{
  "distribution" : {
    "1" : 1,
    "2" : 102,
    "3" : 331,
    "4" : 599,
    "5" : 878,
    "6" : 1011,
    "7" : 1086,
    "8" : 1072,
    "9" : 1043,
    "10" : 940,
    "11" : 866,
    "12" : 878,
    "13" : 686,
    "14" : 716,
    "15" : 601,
    "16" : 488,
    "17" : 461,
    "18" : 422,
    "19" : 366,
    "20" : 352,
    "21" : 276,
    "22" : 241,
    "23" : 217,
    "24" : 208,
    "25" : 148,
    "26" : 151,
    "27" : 159,
    "28" : 126,
    "29" : 101,
    "30" : 90,
    "31" : 79,
    "32" : 66,
    "33" : 75,
    "34" : 49,
    "35" : 48,
    "36" : 45,
    "37" : 36,
    "38" : 40,
    "39" : 26,
    "40" : 27,
    "41" : 28,
    "42" : 21,
    "43" : 17,
    "44" : 14,
    "45" : 11,
    "46" : 12,
    "47" : 6,
    "48" : 4,
    "49" : 9,
    "50" : 9,
    "51" : 8,
    "52" : 3,
    "53" : 1,
    "54" : 6,
    "55" : 4,
    "56" : 3,
    "57" : 2,
    "58" : 5,
    "59" : 4,
    "60" : 2,
    "63" : 2,
    "64" : 1,
    "65" : 1,
    "66" : 2,
    "68" : 1,
    "69" : 1,
    "71" : 1,
    "72" : 1,
    "73" : 1,
    "84" : 1,
    "96" : 1
  },
  "mean" : 13.223363202302309,
  "stdDev" : 8.342133819847625
}