{
  "distribution" : {
    "1" : 71,
    "2" : 395,
    "3" : 863,
    "4" : 1216,
    "5" : 1372,
    "6" : 1385,
    "7" : 1377,
    "8" : 1269,
    "9" : 1129,
    "10" : 977,
    "11" : 907,
    "12" : 802,
    "13" : 716,
    "14" : 552,
    "15" : 580,
    "16" : 438,
    "17" : 392,
    "18" : 334,
    "19" : 309,
    "20" : 255,
    "21" : 229,
    "22" : 197,
    "23" : 158,
    "24" : 147,
    "25" : 121,
    "26" : 97,
    "27" : 89,
    "28" : 65,
    "29" : 73,
    "30" : 57,
    "31" : 53,
    "32" : 39,
    "33" : 52,
    "34" : 24,
    "35" : 23,
    "36" : 22,
    "37" : 25,
    "38" : 20,
    "39" : 16,
    "40" : 16,
    "41" : 13,
    "42" : 7,
    "43" : 8,
    "44" : 12,
    "45" : 6,
    "46" : 4,
    "47" : 1,
    "48" : 7,
    "49" : 2,
    "50" : 1,
    "51" : 3,
    "52" : 3,
    "54" : 1,
    "55" : 1,
    "56" : 2,
    "57" : 1,
    "59" : 1,
    "60" : 1,
    "62" : 1,
    "63" : 2,
    "71" : 1,
    "78" : 1
  },
  "mean" : 10.790154064104835,
  "stdDev" : 7.165281791128291
}