{
  "distribution" : {
    "1" : 339,
    "2" : 1214,
    "3" : 1892,
    "4" : 2028,
    "5" : 1928,
    "6" : 1700,
    "7" : 1438,
    "8" : 1298,
    "9" : 1022,
    "10" : 778,
    "11" : 679,
    "12" : 565,
    "13" : 470,
    "14" : 371,
    "15" : 286,
    "16" : 244,
    "17" : 195,
    "18" : 133,
    "19" : 129,
    "20" : 102,
    "21" : 90,
    "22" : 76,
    "23" : 65,
    "24" : 39,
    "25" : 26,
    "26" : 30,
    "27" : 19,
    "28" : 19,
    "29" : 19,
    "30" : 12,
    "31" : 9,
    "32" : 10,
    "33" : 6,
    "34" : 3,
    "35" : 8,
    "36" : 3,
    "37" : 1,
    "38" : 1,
    "39" : 1,
    "40" : 1,
    "42" : 2,
    "43" : 1,
    "45" : 1,
    "50" : 1,
    "59" : 1
  },
  "mean" : 7.468617791944364,
  "stdDev" : 5.005322057649859
}