{
  "distribution" : {
    "1" : 1369,
    "2" : 2510,
    "3" : 2840,
    "4" : 2613,
    "5" : 2125,
    "6" : 1749,
    "7" : 1422,
    "8" : 1094,
    "9" : 831,
    "10" : 627,
    "11" : 499,
    "12" : 433,
    "13" : 283,
    "14" : 220,
    "15" : 155,
    "16" : 131,
    "17" : 109,
    "18" : 66,
    "19" : 53,
    "20" : 50,
    "21" : 35,
    "22" : 28,
    "23" : 26,
    "24" : 11,
    "25" : 13,
    "26" : 8,
    "27" : 4,
    "28" : 9,
    "29" : 3,
    "30" : 5,
    "31" : 3,
    "32" : 5,
    "33" : 2,
    "34" : 2,
    "35" : 1,
    "36" : 2,
    "37" : 1
  },
  "mean" : 5.674199720742617,
  "stdDev" : 4.025784822124028
}