{
  "distribution" : {
    "1" : 12,
    "2" : 168,
    "3" : 481,
    "4" : 850,
    "5" : 1069,
    "6" : 1182,
    "7" : 1125,
    "8" : 1112,
    "9" : 1063,
    "10" : 919,
    "11" : 882,
    "12" : 728,
    "13" : 644,
    "14" : 571,
    "15" : 535,
    "16" : 426,
    "17" : 383,
    "18" : 284,
    "19" : 267,
    "20" : 258,
    "21" : 217,
    "22" : 171,
    "23" : 178,
    "24" : 141,
    "25" : 112,
    "26" : 100,
    "27" : 82,
    "28" : 73,
    "29" : 67,
    "30" : 58,
    "31" : 51,
    "32" : 27,
    "33" : 39,
    "34" : 17,
    "35" : 22,
    "36" : 19,
    "37" : 21,
    "38" : 16,
    "39" : 13,
    "40" : 12,
    "41" : 7,
    "42" : 5,
    "43" : 3,
    "44" : 6,
    "45" : 2,
    "46" : 4,
    "47" : 8,
    "48" : 4,
    "49" : 1,
    "50" : 1,
    "51" : 1,
    "52" : 1,
    "54" : 2,
    "55" : 1,
    "57" : 1,
    "59" : 1,
    "60" : 1,
    "63" : 1,
    "65" : 1,
    "73" : 1
  },
  "mean" : 11.37987125354745,
  "stdDev" : 6.978692608955304
}