{
  "distribution" : {
    "2" : 11,
    "3" : 77,
    "4" : 175,
    "5" : 310,
    "6" : 494,
    "7" : 612,
    "8" : 643,
    "9" : 752,
    "10" : 779,
    "11" : 783,
    "12" : 701,
    "13" : 725,
    "14" : 702,
    "15" : 631,
    "16" : 564,
    "17" : 524,
    "18" : 494,
    "19" : 449,
    "20" : 437,
    "21" : 379,
    "22" : 335,
    "23" : 341,
    "24" : 318,
    "25" : 274,
    "26" : 274,
    "27" : 268,
    "28" : 213,
    "29" : 187,
    "30" : 170,
    "31" : 155,
    "32" : 141,
    "33" : 121,
    "34" : 131,
    "35" : 128,
    "36" : 78,
    "37" : 91,
    "38" : 63,
    "39" : 74,
    "40" : 68,
    "41" : 62,
    "42" : 45,
    "43" : 55,
    "44" : 46,
    "45" : 53,
    "46" : 36,
    "47" : 35,
    "48" : 32,
    "49" : 26,
    "50" : 24,
    "51" : 29,
    "52" : 20,
    "53" : 15,
    "54" : 27,
    "55" : 18,
    "56" : 15,
    "57" : 14,
    "58" : 8,
    "59" : 13,
    "60" : 11,
    "61" : 5,
    "62" : 12,
    "63" : 6,
    "64" : 3,
    "65" : 6,
    "66" : 2,
    "67" : 3,
    "68" : 4,
    "69" : 4,
    "70" : 2,
    "71" : 2,
    "72" : 2,
    "73" : 5,
    "74" : 3,
    "75" : 1,
    "76" : 5,
    "78" : 2,
    "81" : 2,
    "82" : 2,
    "84" : 2,
    "86" : 1,
    "91" : 1,
    "103" : 1,
    "108" : 1
  },
  "mean" : 17.959603711714227,
  "stdDev" : 10.970063069058494
}