{
  "distribution" : {
    "2" : 18,
    "3" : 92,
    "4" : 234,
    "5" : 426,
    "6" : 579,
    "7" : 670,
    "8" : 791,
    "9" : 763,
    "10" : 782,
    "11" : 770,
    "12" : 750,
    "13" : 738,
    "14" : 699,
    "15" : 625,
    "16" : 607,
    "17" : 506,
    "18" : 463,
    "19" : 443,
    "20" : 402,
    "21" : 396,
    "22" : 314,
    "23" : 305,
    "24" : 304,
    "25" : 256,
    "26" : 242,
    "27" : 223,
    "28" : 168,
    "29" : 159,
    "30" : 163,
    "31" : 122,
    "32" : 126,
    "33" : 133,
    "34" : 88,
    "35" : 97,
    "36" : 77,
    "37" : 70,
    "38" : 56,
    "39" : 51,
    "40" : 57,
    "41" : 46,
    "42" : 46,
    "43" : 42,
    "44" : 45,
    "45" : 31,
    "46" : 24,
    "47" : 29,
    "48" : 30,
    "49" : 16,
    "50" : 15,
    "51" : 17,
    "52" : 19,
    "53" : 13,
    "54" : 15,
    "55" : 7,
    "56" : 8,
    "57" : 11,
    "58" : 5,
    "59" : 9,
    "60" : 7,
    "61" : 4,
    "62" : 4,
    "63" : 1,
    "64" : 4,
    "65" : 3,
    "66" : 2,
    "67" : 4,
    "69" : 1,
    "70" : 3,
    "71" : 3,
    "73" : 1,
    "74" : 1,
    "75" : 2,
    "76" : 2,
    "78" : 1,
    "83" : 2,
    "84" : 2,
    "86" : 1,
    "89" : 1,
    "92" : 1,
    "93" : 2,
    "95" : 1
  },
  "mean" : 16.74090972904675,
  "stdDev" : 10.194716068556863
}