{
  "distribution" : {
    "2" : 44,
    "3" : 179,
    "4" : 354,
    "5" : 560,
    "6" : 713,
    "7" : 819,
    "8" : 901,
    "9" : 904,
    "10" : 844,
    "11" : 883,
    "12" : 850,
    "13" : 791,
    "14" : 718,
    "15" : 628,
    "16" : 572,
    "17" : 526,
    "18" : 505,
    "19" : 447,
    "20" : 391,
    "21" : 356,
    "22" : 309,
    "23" : 288,
    "24" : 270,
    "25" : 224,
    "26" : 189,
    "27" : 175,
    "28" : 167,
    "29" : 141,
    "30" : 120,
    "31" : 104,
    "32" : 104,
    "33" : 76,
    "34" : 76,
    "35" : 82,
    "36" : 54,
    "37" : 58,
    "38" : 42,
    "39" : 41,
    "40" : 44,
    "41" : 41,
    "42" : 29,
    "43" : 28,
    "44" : 26,
    "45" : 14,
    "46" : 23,
    "47" : 23,
    "48" : 24,
    "49" : 19,
    "50" : 12,
    "51" : 14,
    "52" : 12,
    "53" : 8,
    "54" : 9,
    "55" : 7,
    "56" : 4,
    "57" : 8,
    "58" : 4,
    "59" : 3,
    "60" : 3,
    "61" : 5,
    "62" : 5,
    "63" : 10,
    "64" : 3,
    "65" : 4,
    "66" : 5,
    "67" : 1,
    "68" : 1,
    "69" : 3,
    "70" : 5,
    "71" : 3,
    "72" : 1,
    "73" : 2,
    "74" : 1,
    "75" : 1,
    "76" : 1,
    "77" : 1,
    "81" : 2,
    "83" : 2,
    "87" : 1
  },
  "mean" : 15.338875108936113,
  "stdDev" : 9.558299422329153
}