{
  "distribution" : {
    "1" : 2,
    "2" : 183,
    "3" : 641,
    "4" : 1072,
    "5" : 1196,
    "6" : 1335,
    "7" : 1315,
    "8" : 1257,
    "9" : 1187,
    "10" : 1088,
    "11" : 941,
    "12" : 831,
    "13" : 732,
    "14" : 677,
    "15" : 598,
    "16" : 550,
    "17" : 500,
    "18" : 400,
    "19" : 353,
    "20" : 318,
    "21" : 317,
    "22" : 278,
    "23" : 243,
    "24" : 193,
    "25" : 192,
    "26" : 148,
    "27" : 134,
    "28" : 100,
    "29" : 104,
    "30" : 104,
    "31" : 73,
    "32" : 69,
    "33" : 53,
    "34" : 67,
    "35" : 46,
    "36" : 45,
    "37" : 37,
    "38" : 32,
    "39" : 33,
    "40" : 23,
    "41" : 29,
    "42" : 28,
    "43" : 26,
    "44" : 18,
    "45" : 15,
    "46" : 10,
    "47" : 8,
    "48" : 11,
    "49" : 12,
    "50" : 5,
    "51" : 4,
    "52" : 16,
    "53" : 9,
    "54" : 8,
    "55" : 2,
    "56" : 2,
    "57" : 7,
    "58" : 2,
    "60" : 3,
    "61" : 1,
    "62" : 1,
    "63" : 1,
    "64" : 2,
    "67" : 1,
    "69" : 2,
    "71" : 2,
    "74" : 3,
    "77" : 2,
    "82" : 1
  },
  "mean" : 12.379703921347044,
  "stdDev" : 8.402683876247737
}