{
  "distribution" : {
    "1" : 3,
    "2" : 247,
    "3" : 999,
    "4" : 1351,
    "5" : 1447,
    "6" : 1462,
    "7" : 1364,
    "8" : 1219,
    "9" : 1192,
    "10" : 1021,
    "11" : 945,
    "12" : 738,
    "13" : 654,
    "14" : 564,
    "15" : 505,
    "16" : 415,
    "17" : 375,
    "18" : 381,
    "19" : 271,
    "20" : 247,
    "21" : 238,
    "22" : 183,
    "23" : 167,
    "24" : 124,
    "25" : 123,
    "26" : 103,
    "27" : 74,
    "28" : 71,
    "29" : 63,
    "30" : 52,
    "31" : 62,
    "32" : 37,
    "33" : 34,
    "34" : 24,
    "35" : 34,
    "36" : 17,
    "37" : 19,
    "38" : 20,
    "39" : 11,
    "40" : 9,
    "41" : 13,
    "42" : 6,
    "43" : 10,
    "44" : 3,
    "45" : 6,
    "46" : 6,
    "47" : 5,
    "48" : 2,
    "49" : 2,
    "50" : 5,
    "51" : 5,
    "52" : 1,
    "53" : 4,
    "54" : 2,
    "55" : 1,
    "56" : 1,
    "57" : 1,
    "58" : 1,
    "59" : 1,
    "60" : 1,
    "61" : 1,
    "63" : 1,
    "64" : 1,
    "67" : 1,
    "70" : 1
  },
  "mean" : 10.637495574176796,
  "stdDev" : 7.065198769791533
}