{
  "distribution" : {
    "1" : 376,
    "2" : 1503,
    "3" : 2078,
    "4" : 2159,
    "5" : 1993,
    "70" : 1,
    "6" : 1749,
    "7" : 1553,
    "8" : 1358,
    "9" : 1082,
    "10" : 908,
    "11" : 772,
    "12" : 617,
    "13" : 554,
    "14" : 493,
    "15" : 363,
    "16" : 308,
    "17" : 267,
    "18" : 207,
    "19" : 182,
    "20" : 153,
    "21" : 131,
    "22" : 95,
    "23" : 99,
    "24" : 74,
    "25" : 59,
    "26" : 55,
    "27" : 41,
    "28" : 31,
    "29" : 29,
    "30" : 20,
    "31" : 18,
    "32" : 16,
    "33" : 21,
    "34" : 9,
    "35" : 10,
    "36" : 9,
    "37" : 3,
    "38" : 5,
    "39" : 5,
    "40" : 4,
    "41" : 3,
    "43" : 2,
    "44" : 1,
    "46" : 1,
    "48" : 1,
    "57" : 1
  },
  "mean" : 7.905041454245842,
  "stdDev" : 5.620371186611475
}