{
  "distribution" : {
    "1" : 2,
    "2" : 13,
    "3" : 93,
    "4" : 290,
    "5" : 429,
    "6" : 598,
    "7" : 725,
    "8" : 770,
    "9" : 809,
    "10" : 778,
    "11" : 821,
    "12" : 757,
    "13" : 700,
    "14" : 674,
    "15" : 637,
    "16" : 616,
    "17" : 544,
    "18" : 528,
    "19" : 456,
    "20" : 398,
    "21" : 335,
    "22" : 349,
    "23" : 305,
    "24" : 290,
    "25" : 244,
    "26" : 207,
    "27" : 186,
    "28" : 185,
    "29" : 167,
    "30" : 159,
    "31" : 143,
    "32" : 114,
    "33" : 97,
    "34" : 112,
    "35" : 86,
    "36" : 59,
    "37" : 68,
    "38" : 64,
    "39" : 57,
    "40" : 41,
    "41" : 39,
    "42" : 31,
    "43" : 21,
    "44" : 26,
    "45" : 28,
    "46" : 28,
    "47" : 34,
    "48" : 27,
    "49" : 24,
    "50" : 16,
    "51" : 10,
    "52" : 7,
    "53" : 20,
    "54" : 12,
    "55" : 12,
    "56" : 10,
    "57" : 8,
    "58" : 5,
    "59" : 8,
    "60" : 4,
    "61" : 4,
    "62" : 6,
    "63" : 8,
    "64" : 6,
    "65" : 2,
    "66" : 3,
    "67" : 2,
    "68" : 1,
    "69" : 1,
    "70" : 1,
    "71" : 2,
    "72" : 1,
    "73" : 1,
    "74" : 1,
    "75" : 2,
    "76" : 2,
    "77" : 1,
    "79" : 2,
    "80" : 1,
    "82" : 1,
    "83" : 1,
    "89" : 1,
    "90" : 1,
    "93" : 1,
    "94" : 1,
    "101" : 1
  },
  "mean" : 16.424494068387997,
  "stdDev" : 10.030989746391146
}