{
  "distribution" : {
    "2" : 43,
    "3" : 187,
    "4" : 381,
    "5" : 635,
    "6" : 761,
    "7" : 858,
    "8" : 921,
    "9" : 937,
    "10" : 914,
    "11" : 851,
    "12" : 825,
    "13" : 795,
    "14" : 690,
    "15" : 619,
    "16" : 596,
    "17" : 557,
    "18" : 487,
    "19" : 417,
    "20" : 375,
    "21" : 336,
    "22" : 334,
    "23" : 316,
    "24" : 263,
    "25" : 224,
    "26" : 212,
    "27" : 167,
    "28" : 158,
    "29" : 167,
    "30" : 147,
    "31" : 104,
    "32" : 122,
    "33" : 98,
    "34" : 97,
    "35" : 65,
    "36" : 80,
    "37" : 57,
    "38" : 58,
    "39" : 59,
    "40" : 43,
    "41" : 51,
    "42" : 27,
    "43" : 28,
    "44" : 23,
    "45" : 19,
    "46" : 26,
    "47" : 31,
    "48" : 13,
    "49" : 21,
    "50" : 18,
    "51" : 15,
    "52" : 7,
    "53" : 7,
    "54" : 6,
    "55" : 8,
    "56" : 11,
    "57" : 8,
    "58" : 12,
    "59" : 1,
    "60" : 3,
    "61" : 2,
    "62" : 4,
    "63" : 1,
    "64" : 3,
    "65" : 1,
    "67" : 2,
    "68" : 3,
    "69" : 1,
    "70" : 1,
    "71" : 2,
    "72" : 3,
    "73" : 1,
    "74" : 1,
    "77" : 1,
    "78" : 1,
    "79" : 2,
    "80" : 1,
    "81" : 2,
    "82" : 1,
    "83" : 1,
    "85" : 2,
    "86" : 1,
    "87" : 2,
    "88" : 1,
    "90" : 1
  },
  "mean" : 15.379467779806939,
  "stdDev" : 9.715925478783493
}