{
  "distribution" : {
    "1" : 109,
    "2" : 628,
    "3" : 1197,
    "4" : 1430,
    "5" : 1546,
    "6" : 1561,
    "7" : 1455,
    "8" : 1315,
    "9" : 1181,
    "10" : 970,
    "11" : 881,
    "12" : 714,
    "13" : 607,
    "14" : 526,
    "15" : 422,
    "16" : 372,
    "17" : 340,
    "18" : 278,
    "19" : 231,
    "20" : 203,
    "21" : 155,
    "22" : 136,
    "23" : 106,
    "24" : 90,
    "25" : 85,
    "26" : 72,
    "27" : 60,
    "28" : 48,
    "29" : 43,
    "30" : 42,
    "31" : 34,
    "32" : 29,
    "33" : 20,
    "34" : 22,
    "35" : 16,
    "36" : 10,
    "37" : 11,
    "38" : 8,
    "39" : 8,
    "40" : 10,
    "41" : 6,
    "42" : 4,
    "43" : 7,
    "44" : 2,
    "45" : 4,
    "47" : 2,
    "48" : 1,
    "49" : 2,
    "50" : 1,
    "51" : 1,
    "52" : 1,
    "53" : 3,
    "54" : 1,
    "65" : 1,
    "69" : 1
  },
  "mean" : 9.5016462841016,
  "stdDev" : 6.322295534145516
}