{
  "distribution" : {
    "2" : 4,
    "3" : 46,
    "4" : 148,
    "5" : 276,
    "6" : 454,
    "7" : 552,
    "8" : 659,
    "9" : 702,
    "10" : 749,
    "11" : 717,
    "12" : 731,
    "13" : 673,
    "14" : 658,
    "15" : 625,
    "16" : 596,
    "17" : 577,
    "18" : 522,
    "19" : 463,
    "20" : 447,
    "21" : 394,
    "22" : 389,
    "23" : 366,
    "24" : 282,
    "25" : 275,
    "26" : 254,
    "27" : 243,
    "28" : 199,
    "29" : 195,
    "30" : 185,
    "31" : 134,
    "32" : 145,
    "33" : 134,
    "34" : 118,
    "35" : 95,
    "36" : 108,
    "37" : 83,
    "38" : 86,
    "39" : 81,
    "40" : 49,
    "41" : 58,
    "42" : 50,
    "43" : 44,
    "44" : 47,
    "45" : 24,
    "46" : 35,
    "47" : 38,
    "48" : 35,
    "49" : 28,
    "50" : 32,
    "51" : 21,
    "52" : 15,
    "53" : 21,
    "54" : 29,
    "55" : 18,
    "56" : 15,
    "57" : 13,
    "58" : 18,
    "59" : 8,
    "60" : 11,
    "61" : 9,
    "62" : 4,
    "63" : 5,
    "64" : 6,
    "65" : 2,
    "66" : 5,
    "67" : 6,
    "68" : 8,
    "70" : 5,
    "71" : 5,
    "72" : 3,
    "73" : 3,
    "74" : 3,
    "75" : 1,
    "76" : 1,
    "77" : 1,
    "78" : 4,
    "79" : 1,
    "81" : 1,
    "82" : 1,
    "83" : 1,
    "84" : 3,
    "85" : 1,
    "87" : 2,
    "92" : 1,
    "93" : 1,
    "99" : 1,
    "100" : 1,
    "105" : 1
  },
  "mean" : 18.2051920341394,
  "stdDev" : 11.013073534439759
}