{
  "distribution" : {
    "1" : 51,
    "2" : 388,
    "3" : 907,
    "4" : 1240,
    "5" : 1375,
    "6" : 1372,
    "7" : 1295,
    "8" : 1253,
    "9" : 1081,
    "10" : 1004,
    "11" : 850,
    "12" : 714,
    "13" : 582,
    "14" : 510,
    "15" : 476,
    "16" : 393,
    "17" : 344,
    "18" : 293,
    "19" : 239,
    "20" : 194,
    "21" : 177,
    "22" : 143,
    "23" : 97,
    "24" : 98,
    "25" : 99,
    "26" : 85,
    "27" : 73,
    "28" : 62,
    "29" : 33,
    "30" : 35,
    "31" : 36,
    "32" : 27,
    "33" : 24,
    "34" : 25,
    "35" : 14,
    "36" : 7,
    "37" : 7,
    "38" : 12,
    "39" : 11,
    "40" : 6,
    "41" : 8,
    "42" : 2,
    "43" : 6,
    "44" : 4,
    "45" : 4,
    "47" : 1,
    "48" : 1,
    "49" : 1,
    "50" : 3,
    "52" : 2,
    "54" : 1,
    "55" : 1,
    "56" : 1,
    "60" : 1
  },
  "mean" : 10.040209343885627,
  "stdDev" : 6.411729434546011
}