{
  "distribution" : {
    "1" : 421,
    "2" : 1437,
    "3" : 2207,
    "4" : 2299,
    "5" : 2109,
    "6" : 1787,
    "7" : 1547,
    "8" : 1288,
    "9" : 1057,
    "10" : 816,
    "11" : 707,
    "12" : 542,
    "13" : 455,
    "14" : 331,
    "15" : 346,
    "16" : 248,
    "17" : 211,
    "18" : 175,
    "19" : 131,
    "20" : 119,
    "21" : 105,
    "22" : 67,
    "23" : 47,
    "24" : 48,
    "25" : 42,
    "26" : 39,
    "27" : 31,
    "28" : 19,
    "29" : 17,
    "30" : 16,
    "31" : 12,
    "32" : 12,
    "33" : 11,
    "34" : 8,
    "35" : 6,
    "36" : 4,
    "37" : 2,
    "38" : 5,
    "39" : 2,
    "40" : 1,
    "41" : 3,
    "44" : 1,
    "51" : 1,
    "55" : 2
  },
  "mean" : 7.342372157574464,
  "stdDev" : 5.127437126552756
}