{
  "distribution" : {
    "1" : 1413,
    "2" : 2906,
    "3" : 3068,
    "4" : 2700,
    "5" : 2136,
    "6" : 1623,
    "7" : 1236,
    "8" : 935,
    "9" : 697,
    "10" : 566,
    "11" : 434,
    "12" : 292,
    "13" : 194,
    "14" : 173,
    "15" : 139,
    "16" : 88,
    "17" : 78,
    "18" : 54,
    "19" : 43,
    "20" : 31,
    "21" : 31,
    "22" : 23,
    "23" : 13,
    "24" : 10,
    "25" : 3,
    "26" : 2,
    "27" : 1,
    "28" : 3,
    "29" : 2,
    "31" : 1,
    "33" : 2,
    "34" : 1,
    "35" : 1
  },
  "mean" : 5.202391660934441,
  "stdDev" : 3.648841810810646
}