{
  "distribution" : {
    "1" : 265,
    "2" : 811,
    "3" : 1165,
    "4" : 1569,
    "5" : 1563,
    "6" : 1472,
    "7" : 1393,
    "8" : 1209,
    "9" : 1144,
    "10" : 1001,
    "11" : 782,
    "12" : 599,
    "13" : 531,
    "14" : 449,
    "15" : 351,
    "16" : 346,
    "17" : 246,
    "18" : 221,
    "19" : 162,
    "20" : 157,
    "21" : 128,
    "22" : 87,
    "23" : 77,
    "24" : 70,
    "25" : 63,
    "26" : 38,
    "27" : 39,
    "28" : 30,
    "29" : 25,
    "30" : 21,
    "31" : 18,
    "32" : 12,
    "33" : 9,
    "34" : 11,
    "35" : 7,
    "36" : 3,
    "37" : 4,
    "38" : 6,
    "39" : 2,
    "40" : 3,
    "42" : 5,
    "44" : 3,
    "47" : 1,
    "51" : 1,
    "54" : 1
  },
  "mean" : 8.639130434782608,
  "stdDev" : 5.592689471806085
}