{
  "distribution" : {
    "0" : 67,
    "1" : 1550,
    "2" : 2673,
    "3" : 3188,
    "4" : 2607,
    "5" : 2155,
    "6" : 1784,
    "7" : 1450,
    "8" : 1089,
    "9" : 879,
    "10" : 701,
    "11" : 524,
    "12" : 398,
    "13" : 310,
    "14" : 245,
    "15" : 180,
    "16" : 158,
    "17" : 122,
    "18" : 75,
    "19" : 73,
    "20" : 52,
    "21" : 40,
    "22" : 25,
    "23" : 33,
    "24" : 23,
    "25" : 15,
    "26" : 6,
    "27" : 5,
    "28" : 6,
    "29" : 7,
    "31" : 5,
    "32" : 7,
    "34" : 3,
    "35" : 1,
    "37" : 1,
    "38" : 1,
    "43" : 1
  },
  "mean" : 5.650373918568845,
  "stdDev" : 4.123343463477007
}