{
  "distribution" : {
    "1" : 70,
    "2" : 407,
    "3" : 947,
    "4" : 1280,
    "5" : 1396,
    "6" : 1414,
    "7" : 1374,
    "8" : 1228,
    "9" : 1094,
    "10" : 980,
    "11" : 828,
    "12" : 764,
    "13" : 610,
    "14" : 531,
    "15" : 453,
    "16" : 391,
    "17" : 342,
    "18" : 304,
    "19" : 205,
    "20" : 197,
    "21" : 156,
    "22" : 131,
    "23" : 130,
    "24" : 115,
    "25" : 68,
    "26" : 61,
    "27" : 50,
    "28" : 52,
    "29" : 54,
    "30" : 46,
    "31" : 29,
    "32" : 30,
    "33" : 30,
    "34" : 12,
    "35" : 15,
    "36" : 14,
    "37" : 6,
    "38" : 5,
    "39" : 7,
    "40" : 6,
    "41" : 3,
    "42" : 6,
    "43" : 8,
    "44" : 5,
    "45" : 4,
    "46" : 5,
    "47" : 2,
    "49" : 1,
    "50" : 4,
    "51" : 2,
    "52" : 1,
    "53" : 2,
    "55" : 2
  },
  "mean" : 9.915475215720853,
  "stdDev" : 6.374328116790625
}