{
  "distribution" : {
    "1" : 291,
    "2" : 926,
    "3" : 1350,
    "4" : 1679,
    "5" : 1731,
    "6" : 1698,
    "7" : 1497,
    "8" : 1398,
    "9" : 1218,
    "10" : 992,
    "11" : 900,
    "12" : 764,
    "13" : 644,
    "14" : 547,
    "15" : 490,
    "16" : 407,
    "17" : 363,
    "18" : 284,
    "19" : 264,
    "20" : 209,
    "21" : 204,
    "22" : 166,
    "23" : 123,
    "24" : 104,
    "25" : 92,
    "26" : 87,
    "27" : 68,
    "28" : 54,
    "29" : 62,
    "30" : 44,
    "31" : 35,
    "32" : 40,
    "33" : 34,
    "34" : 23,
    "35" : 21,
    "36" : 10,
    "37" : 17,
    "38" : 12,
    "39" : 11,
    "40" : 7,
    "41" : 12,
    "42" : 15,
    "43" : 4,
    "44" : 5,
    "45" : 5,
    "46" : 3,
    "47" : 1,
    "48" : 2,
    "49" : 2,
    "50" : 3,
    "51" : 2,
    "53" : 2,
    "54" : 1,
    "78" : 1
  },
  "mean" : 9.395001056859016,
  "stdDev" : 6.593921890868014
}