{
  "distribution" : {
    "1" : 64,
    "2" : 405,
    "3" : 816,
    "4" : 1064,
    "5" : 1253,
    "6" : 1370,
    "7" : 1291,
    "8" : 1258,
    "9" : 1151,
    "10" : 1099,
    "11" : 952,
    "12" : 860,
    "13" : 750,
    "14" : 607,
    "15" : 559,
    "16" : 509,
    "17" : 473,
    "18" : 416,
    "19" : 326,
    "20" : 303,
    "21" : 234,
    "22" : 229,
    "23" : 210,
    "24" : 162,
    "25" : 160,
    "26" : 130,
    "27" : 121,
    "28" : 118,
    "29" : 81,
    "30" : 85,
    "31" : 69,
    "32" : 48,
    "33" : 56,
    "34" : 47,
    "35" : 39,
    "36" : 38,
    "37" : 29,
    "38" : 30,
    "39" : 16,
    "40" : 18,
    "41" : 18,
    "42" : 14,
    "43" : 12,
    "44" : 6,
    "45" : 8,
    "46" : 4,
    "47" : 11,
    "48" : 10,
    "49" : 7,
    "50" : 4,
    "51" : 1,
    "52" : 6,
    "53" : 1,
    "54" : 6,
    "55" : 4,
    "56" : 2,
    "57" : 5,
    "58" : 1,
    "59" : 3,
    "60" : 3,
    "63" : 2,
    "64" : 1,
    "65" : 1,
    "66" : 3,
    "67" : 1,
    "71" : 1,
    "74" : 1
  },
  "mean" : 11.569957911500397,
  "stdDev" : 7.827085308085473
}