{
  "distribution" : {
    "1" : 1,
    "2" : 38,
    "3" : 171,
    "4" : 322,
    "5" : 562,
    "6" : 714,
    "7" : 830,
    "8" : 903,
    "9" : 856,
    "10" : 876,
    "11" : 867,
    "12" : 849,
    "13" : 789,
    "14" : 744,
    "15" : 652,
    "16" : 563,
    "17" : 534,
    "18" : 540,
    "19" : 483,
    "20" : 425,
    "21" : 372,
    "22" : 329,
    "23" : 299,
    "24" : 272,
    "25" : 275,
    "26" : 224,
    "27" : 207,
    "28" : 191,
    "29" : 176,
    "30" : 150,
    "31" : 139,
    "32" : 145,
    "33" : 131,
    "34" : 99,
    "35" : 86,
    "36" : 95,
    "37" : 59,
    "38" : 66,
    "39" : 66,
    "40" : 50,
    "41" : 54,
    "42" : 42,
    "43" : 38,
    "44" : 40,
    "45" : 39,
    "46" : 21,
    "47" : 28,
    "48" : 24,
    "49" : 24,
    "50" : 14,
    "51" : 19,
    "52" : 14,
    "53" : 15,
    "54" : 8,
    "55" : 10,
    "56" : 17,
    "57" : 9,
    "58" : 6,
    "59" : 6,
    "60" : 4,
    "61" : 6,
    "62" : 5,
    "63" : 5,
    "64" : 7,
    "65" : 4,
    "66" : 10,
    "67" : 2,
    "68" : 4,
    "69" : 3,
    "70" : 3,
    "71" : 1,
    "72" : 4,
    "73" : 1,
    "74" : 1,
    "75" : 3,
    "76" : 2,
    "78" : 2,
    "79" : 1,
    "80" : 2,
    "81" : 1,
    "82" : 1,
    "86" : 2,
    "87" : 1,
    "88" : 1,
    "93" : 2,
    "97" : 1,
    "98" : 1
  },
  "mean" : 16.210754885681443,
  "stdDev" : 10.34902348457069
}