{
  "distribution" : {
    "1" : 633,
    "2" : 1907,
    "3" : 2368,
    "4" : 2428,
    "5" : 2141,
    "6" : 1809,
    "7" : 1520,
    "8" : 1287,
    "9" : 1064,
    "10" : 842,
    "11" : 696,
    "12" : 560,
    "13" : 419,
    "14" : 357,
    "15" : 326,
    "16" : 259,
    "17" : 196,
    "18" : 152,
    "19" : 138,
    "20" : 93,
    "21" : 87,
    "22" : 69,
    "23" : 54,
    "24" : 45,
    "25" : 50,
    "26" : 38,
    "27" : 23,
    "28" : 18,
    "29" : 18,
    "30" : 11,
    "31" : 8,
    "32" : 11,
    "33" : 11,
    "34" : 2,
    "35" : 6,
    "36" : 6,
    "37" : 3,
    "38" : 1,
    "39" : 2,
    "40" : 1,
    "41" : 1,
    "43" : 1,
    "45" : 1,
    "49" : 1,
    "51" : 2,
    "53" : 1
  },
  "mean" : 7.022170243059087,
  "stdDev" : 5.024174125488221
}