{
  "distribution" : {
    "1" : 1,
    "2" : 22,
    "3" : 118,
    "4" : 325,
    "5" : 468,
    "6" : 665,
    "7" : 785,
    "8" : 779,
    "9" : 857,
    "10" : 828,
    "11" : 825,
    "12" : 773,
    "13" : 775,
    "14" : 675,
    "15" : 585,
    "16" : 575,
    "17" : 523,
    "18" : 509,
    "19" : 410,
    "20" : 433,
    "21" : 359,
    "22" : 353,
    "23" : 300,
    "24" : 260,
    "25" : 220,
    "26" : 220,
    "27" : 183,
    "28" : 184,
    "29" : 156,
    "30" : 116,
    "31" : 107,
    "32" : 103,
    "33" : 97,
    "34" : 108,
    "35" : 78,
    "36" : 76,
    "37" : 66,
    "38" : 60,
    "39" : 49,
    "40" : 51,
    "41" : 40,
    "42" : 39,
    "43" : 41,
    "44" : 27,
    "45" : 27,
    "46" : 23,
    "47" : 22,
    "48" : 23,
    "49" : 16,
    "50" : 17,
    "51" : 9,
    "52" : 14,
    "53" : 19,
    "54" : 9,
    "55" : 13,
    "56" : 4,
    "57" : 5,
    "58" : 6,
    "59" : 5,
    "60" : 2,
    "61" : 5,
    "62" : 3,
    "63" : 2,
    "64" : 4,
    "65" : 3,
    "66" : 1,
    "67" : 4,
    "69" : 2,
    "70" : 2,
    "71" : 2,
    "72" : 1,
    "73" : 1,
    "74" : 1,
    "75" : 1,
    "76" : 3,
    "78" : 3,
    "79" : 2,
    "82" : 1,
    "85" : 1,
    "104" : 1
  },
  "mean" : 15.982183550859748,
  "stdDev" : 9.812656035132413
}