{
  "distribution" : {
    "1" : 8,
    "2" : 117,
    "3" : 414,
    "4" : 713,
    "5" : 907,
    "6" : 1069,
    "7" : 1123,
    "8" : 1066,
    "9" : 1038,
    "10" : 1001,
    "11" : 935,
    "12" : 881,
    "13" : 748,
    "14" : 649,
    "15" : 590,
    "16" : 526,
    "17" : 476,
    "18" : 416,
    "19" : 397,
    "20" : 302,
    "21" : 258,
    "22" : 254,
    "23" : 251,
    "24" : 201,
    "25" : 153,
    "26" : 144,
    "27" : 124,
    "28" : 113,
    "29" : 100,
    "30" : 88,
    "31" : 99,
    "32" : 52,
    "33" : 72,
    "34" : 68,
    "35" : 35,
    "36" : 39,
    "37" : 47,
    "38" : 25,
    "39" : 25,
    "40" : 28,
    "41" : 22,
    "42" : 19,
    "43" : 21,
    "44" : 20,
    "45" : 11,
    "46" : 8,
    "47" : 8,
    "48" : 10,
    "49" : 9,
    "50" : 4,
    "51" : 6,
    "52" : 4,
    "53" : 6,
    "54" : 4,
    "55" : 3,
    "56" : 8,
    "57" : 3,
    "58" : 4,
    "59" : 1,
    "60" : 4,
    "61" : 1,
    "63" : 1,
    "65" : 1,
    "66" : 1,
    "68" : 1,
    "72" : 1,
    "75" : 2,
    "77" : 1,
    "91" : 1,
    "95" : 1
  },
  "mean" : 12.974583809886898,
  "stdDev" : 8.304469511087415
}