{
  "distribution" : {
    "1" : 8,
    "2" : 172,
    "3" : 473,
    "4" : 866,
    "5" : 1011,
    "6" : 1170,
    "7" : 1145,
    "8" : 1151,
    "9" : 1068,
    "10" : 980,
    "11" : 829,
    "12" : 803,
    "13" : 682,
    "14" : 602,
    "15" : 482,
    "16" : 455,
    "17" : 379,
    "18" : 351,
    "19" : 296,
    "20" : 271,
    "21" : 210,
    "22" : 201,
    "23" : 184,
    "24" : 139,
    "25" : 136,
    "26" : 109,
    "27" : 77,
    "28" : 73,
    "29" : 70,
    "30" : 58,
    "31" : 47,
    "32" : 46,
    "33" : 39,
    "34" : 31,
    "35" : 27,
    "36" : 26,
    "37" : 26,
    "38" : 22,
    "39" : 17,
    "40" : 15,
    "41" : 5,
    "42" : 12,
    "43" : 11,
    "44" : 5,
    "45" : 3,
    "46" : 3,
    "47" : 7,
    "48" : 3,
    "49" : 2,
    "50" : 3,
    "51" : 4,
    "52" : 3,
    "55" : 2,
    "56" : 2,
    "57" : 1,
    "61" : 1,
    "62" : 1,
    "64" : 1,
    "66" : 1,
    "68" : 1
  },
  "mean" : 11.634768524767175,
  "stdDev" : 7.225825277331252
}