{
  "distribution" : {
    "1" : 33,
    "2" : 257,
    "3" : 527,
    "4" : 863,
    "5" : 987,
    "6" : 1180,
    "7" : 1131,
    "8" : 1166,
    "9" : 1095,
    "10" : 997,
    "11" : 981,
    "12" : 881,
    "13" : 883,
    "14" : 760,
    "15" : 736,
    "16" : 670,
    "17" : 572,
    "18" : 524,
    "19" : 487,
    "20" : 434,
    "21" : 416,
    "22" : 380,
    "23" : 350,
    "24" : 325,
    "25" : 248,
    "26" : 246,
    "27" : 234,
    "28" : 208,
    "29" : 188,
    "30" : 175,
    "31" : 136,
    "32" : 135,
    "33" : 122,
    "34" : 116,
    "35" : 113,
    "36" : 93,
    "37" : 85,
    "38" : 74,
    "39" : 93,
    "40" : 68,
    "41" : 52,
    "42" : 51,
    "43" : 59,
    "44" : 53,
    "45" : 44,
    "46" : 42,
    "47" : 25,
    "48" : 33,
    "49" : 20,
    "50" : 20,
    "51" : 30,
    "52" : 24,
    "53" : 15,
    "54" : 16,
    "55" : 9,
    "56" : 11,
    "57" : 11,
    "58" : 4,
    "59" : 15,
    "60" : 12,
    "61" : 9,
    "62" : 8,
    "63" : 7,
    "64" : 5,
    "65" : 5,
    "66" : 6,
    "67" : 6,
    "68" : 5,
    "69" : 6,
    "70" : 1,
    "71" : 3,
    "72" : 6,
    "73" : 3,
    "74" : 1,
    "75" : 3,
    "76" : 1,
    "77" : 1,
    "78" : 1,
    "79" : 1,
    "80" : 2,
    "81" : 2,
    "82" : 4,
    "83" : 1,
    "84" : 1,
    "87" : 1,
    "88" : 1,
    "93" : 1,
    "94" : 2,
    "97" : 1
  },
  "mean" : 14.98786271609975,
  "stdDev" : 10.708154899934774
}