{
  "distribution" : {
    "1" : 1,
    "2" : 38,
    "3" : 129,
    "4" : 301,
    "5" : 494,
    "6" : 643,
    "7" : 732,
    "8" : 865,
    "9" : 825,
    "10" : 899,
    "11" : 857,
    "12" : 836,
    "13" : 783,
    "14" : 746,
    "15" : 679,
    "144" : 1,
    "16" : 637,
    "17" : 587,
    "18" : 555,
    "19" : 486,
    "20" : 438,
    "21" : 403,
    "22" : 354,
    "23" : 311,
    "24" : 304,
    "25" : 304,
    "26" : 265,
    "27" : 233,
    "28" : 208,
    "29" : 191,
    "30" : 185,
    "31" : 156,
    "32" : 142,
    "33" : 139,
    "34" : 122,
    "35" : 115,
    "36" : 82,
    "37" : 88,
    "38" : 70,
    "39" : 81,
    "40" : 64,
    "41" : 56,
    "42" : 53,
    "43" : 56,
    "44" : 41,
    "45" : 46,
    "46" : 32,
    "47" : 36,
    "48" : 34,
    "49" : 21,
    "50" : 20,
    "51" : 25,
    "52" : 24,
    "53" : 16,
    "54" : 17,
    "55" : 15,
    "56" : 17,
    "57" : 11,
    "58" : 8,
    "59" : 12,
    "60" : 4,
    "61" : 10,
    "62" : 7,
    "63" : 2,
    "64" : 4,
    "65" : 9,
    "66" : 7,
    "67" : 7,
    "68" : 6,
    "69" : 5,
    "70" : 5,
    "71" : 3,
    "72" : 5,
    "73" : 3,
    "74" : 4,
    "75" : 2,
    "76" : 2,
    "77" : 3,
    "78" : 1,
    "79" : 2,
    "80" : 1,
    "81" : 2,
    "82" : 1,
    "83" : 2,
    "84" : 1,
    "85" : 1,
    "86" : 2,
    "88" : 1,
    "89" : 3,
    "90" : 2,
    "91" : 1,
    "93" : 1,
    "94" : 1,
    "95" : 1,
    "118" : 1
  },
  "mean" : 17.101118680082497,
  "stdDev" : 11.036916434107702
}