{
  "distribution" : {
    "2" : 6,
    "3" : 25,
    "4" : 114,
    "5" : 277,
    "6" : 366,
    "7" : 500,
    "8" : 618,
    "9" : 633,
    "10" : 697,
    "11" : 690,
    "12" : 730,
    "13" : 676,
    "14" : 669,
    "15" : 667,
    "16" : 589,
    "17" : 577,
    "18" : 519,
    "19" : 499,
    "20" : 447,
    "21" : 423,
    "22" : 406,
    "23" : 334,
    "24" : 309,
    "25" : 315,
    "26" : 277,
    "27" : 264,
    "28" : 216,
    "29" : 196,
    "30" : 177,
    "31" : 199,
    "32" : 174,
    "33" : 160,
    "34" : 119,
    "35" : 131,
    "36" : 119,
    "37" : 111,
    "38" : 91,
    "39" : 81,
    "40" : 80,
    "41" : 75,
    "42" : 72,
    "43" : 66,
    "44" : 42,
    "45" : 57,
    "46" : 46,
    "47" : 46,
    "48" : 36,
    "49" : 30,
    "50" : 40,
    "51" : 25,
    "52" : 26,
    "53" : 14,
    "54" : 28,
    "55" : 20,
    "56" : 20,
    "57" : 17,
    "58" : 10,
    "59" : 18,
    "60" : 20,
    "61" : 11,
    "62" : 9,
    "63" : 10,
    "64" : 8,
    "65" : 13,
    "66" : 7,
    "67" : 10,
    "68" : 5,
    "69" : 4,
    "70" : 6,
    "71" : 8,
    "72" : 2,
    "73" : 8,
    "74" : 3,
    "75" : 3,
    "76" : 3,
    "77" : 6,
    "78" : 1,
    "79" : 3,
    "80" : 3,
    "81" : 2,
    "82" : 1,
    "84" : 2,
    "85" : 1,
    "86" : 1,
    "87" : 2,
    "88" : 3,
    "89" : 3,
    "90" : 1,
    "91" : 2,
    "92" : 1,
    "103" : 1
  },
  "mean" : 19.30093497069495,
  "stdDev" : 11.789139749201146
}