{
  "distribution" : {
    "1" : 1,
    "2" : 23,
    "3" : 220,
    "4" : 406,
    "5" : 651,
    "6" : 802,
    "7" : 899,
    "8" : 913,
    "9" : 1002,
    "10" : 886,
    "11" : 870,
    "12" : 839,
    "13" : 769,
    "14" : 708,
    "15" : 584,
    "16" : 578,
    "17" : 576,
    "18" : 458,
    "19" : 418,
    "20" : 367,
    "21" : 314,
    "22" : 300,
    "23" : 252,
    "24" : 239,
    "25" : 212,
    "26" : 218,
    "27" : 163,
    "28" : 165,
    "29" : 147,
    "30" : 140,
    "31" : 108,
    "32" : 97,
    "33" : 84,
    "34" : 71,
    "35" : 69,
    "36" : 61,
    "37" : 56,
    "38" : 55,
    "39" : 47,
    "40" : 56,
    "41" : 37,
    "42" : 28,
    "43" : 36,
    "44" : 20,
    "45" : 21,
    "46" : 21,
    "47" : 22,
    "48" : 27,
    "49" : 9,
    "50" : 11,
    "51" : 14,
    "52" : 16,
    "53" : 17,
    "54" : 8,
    "55" : 8,
    "56" : 5,
    "57" : 8,
    "58" : 5,
    "59" : 4,
    "60" : 2,
    "61" : 3,
    "62" : 3,
    "63" : 3,
    "64" : 1,
    "65" : 2,
    "67" : 2,
    "68" : 4,
    "69" : 2,
    "70" : 2,
    "71" : 1,
    "72" : 1,
    "74" : 1,
    "81" : 1,
    "84" : 1,
    "98" : 1
  },
  "mean" : 14.987673851427065,
  "stdDev" : 9.418731582067936
}