{
  "distribution" : {
    "2" : 24,
    "3" : 175,
    "4" : 359,
    "5" : 604,
    "6" : 776,
    "7" : 870,
    "8" : 946,
    "9" : 848,
    "10" : 867,
    "11" : 833,
    "12" : 824,
    "13" : 794,
    "14" : 665,
    "15" : 613,
    "16" : 613,
    "17" : 495,
    "18" : 429,
    "19" : 429,
    "20" : 416,
    "21" : 359,
    "22" : 322,
    "23" : 284,
    "24" : 242,
    "25" : 223,
    "26" : 203,
    "27" : 165,
    "28" : 161,
    "29" : 130,
    "30" : 112,
    "31" : 125,
    "32" : 99,
    "33" : 113,
    "34" : 95,
    "35" : 95,
    "36" : 71,
    "37" : 49,
    "38" : 53,
    "39" : 36,
    "40" : 29,
    "41" : 36,
    "42" : 32,
    "43" : 32,
    "44" : 26,
    "45" : 23,
    "46" : 23,
    "47" : 18,
    "48" : 19,
    "49" : 7,
    "50" : 15,
    "51" : 21,
    "52" : 10,
    "53" : 11,
    "54" : 7,
    "55" : 7,
    "56" : 10,
    "57" : 10,
    "58" : 9,
    "59" : 6,
    "60" : 3,
    "61" : 2,
    "62" : 6,
    "63" : 5,
    "65" : 4,
    "66" : 2,
    "68" : 2,
    "69" : 1,
    "70" : 1,
    "71" : 3,
    "75" : 1,
    "79" : 1,
    "83" : 2,
    "95" : 1,
    "100" : 1
  },
  "mean" : 15.28101724485003,
  "stdDev" : 9.517704894957195
}