{
  "distribution" : {
    "1" : 34,
    "2" : 332,
    "3" : 774,
    "4" : 1091,
    "5" : 1284,
    "6" : 1298,
    "7" : 1322,
    "8" : 1262,
    "9" : 1189,
    "10" : 986,
    "11" : 885,
    "12" : 811,
    "13" : 739,
    "14" : 601,
    "15" : 505,
    "16" : 435,
    "17" : 423,
    "18" : 336,
    "19" : 316,
    "20" : 243,
    "21" : 213,
    "22" : 179,
    "23" : 160,
    "24" : 143,
    "25" : 125,
    "26" : 96,
    "27" : 88,
    "28" : 66,
    "29" : 68,
    "30" : 57,
    "31" : 40,
    "32" : 51,
    "33" : 42,
    "34" : 29,
    "35" : 26,
    "36" : 17,
    "37" : 25,
    "38" : 17,
    "39" : 18,
    "40" : 16,
    "41" : 15,
    "42" : 11,
    "43" : 8,
    "44" : 18,
    "45" : 4,
    "46" : 2,
    "47" : 7,
    "49" : 6,
    "50" : 4,
    "51" : 3,
    "52" : 1,
    "53" : 1,
    "54" : 4,
    "55" : 1,
    "57" : 1,
    "59" : 1,
    "60" : 1,
    "61" : 2,
    "63" : 1,
    "68" : 1,
    "80" : 1
  },
  "mean" : 10.99507149376331,
  "stdDev" : 7.191433895914699
}