{
  "distribution" : {
    "1" : 11,
    "2" : 123,
    "3" : 371,
    "4" : 742,
    "5" : 976,
    "6" : 1164,
    "7" : 1114,
    "8" : 1186,
    "9" : 1069,
    "10" : 1023,
    "11" : 902,
    "12" : 803,
    "13" : 683,
    "14" : 643,
    "15" : 579,
    "16" : 551,
    "17" : 425,
    "18" : 392,
    "19" : 338,
    "20" : 305,
    "21" : 266,
    "22" : 207,
    "23" : 208,
    "24" : 184,
    "25" : 179,
    "26" : 133,
    "27" : 125,
    "28" : 115,
    "29" : 85,
    "30" : 78,
    "31" : 76,
    "32" : 69,
    "33" : 67,
    "34" : 42,
    "35" : 35,
    "36" : 34,
    "37" : 31,
    "38" : 29,
    "39" : 18,
    "40" : 14,
    "41" : 17,
    "42" : 16,
    "43" : 17,
    "44" : 15,
    "45" : 12,
    "46" : 9,
    "47" : 8,
    "48" : 6,
    "49" : 8,
    "50" : 6,
    "51" : 6,
    "52" : 4,
    "53" : 6,
    "54" : 2,
    "55" : 6,
    "57" : 1,
    "58" : 3,
    "59" : 2,
    "60" : 2,
    "62" : 2,
    "63" : 5,
    "67" : 1,
    "69" : 2,
    "70" : 1,
    "71" : 1,
    "72" : 1
  },
  "mean" : 12.574514594316575,
  "stdDev" : 8.001189945519355
}