{
  "distribution" : {
    "2" : 48,
    "3" : 206,
    "4" : 580,
    "5" : 760,
    "6" : 915,
    "7" : 1005,
    "8" : 1053,
    "9" : 1001,
    "10" : 980,
    "11" : 944,
    "12" : 792,
    "13" : 790,
    "14" : 678,
    "15" : 618,
    "16" : 558,
    "17" : 482,
    "18" : 418,
    "19" : 414,
    "20" : 342,
    "21" : 298,
    "22" : 272,
    "23" : 265,
    "24" : 207,
    "25" : 191,
    "26" : 193,
    "27" : 130,
    "28" : 145,
    "29" : 116,
    "30" : 105,
    "31" : 91,
    "32" : 84,
    "33" : 84,
    "34" : 63,
    "35" : 67,
    "36" : 64,
    "37" : 52,
    "38" : 46,
    "39" : 37,
    "40" : 32,
    "41" : 39,
    "42" : 24,
    "43" : 28,
    "44" : 17,
    "45" : 24,
    "46" : 15,
    "47" : 22,
    "48" : 17,
    "49" : 11,
    "50" : 13,
    "51" : 9,
    "52" : 10,
    "53" : 7,
    "54" : 4,
    "55" : 7,
    "56" : 4,
    "57" : 6,
    "58" : 3,
    "59" : 2,
    "61" : 2,
    "62" : 3,
    "64" : 2,
    "65" : 3,
    "67" : 1,
    "68" : 1,
    "69" : 2,
    "70" : 1,
    "71" : 1,
    "72" : 1,
    "79" : 1,
    "80" : 1,
    "95" : 1
  },
  "mean" : 14.087551921079958,
  "stdDev" : 8.92151106435889
}