{
  "distribution" : {
    "1" : 3,
    "2" : 78,
    "3" : 352,
    "4" : 754,
    "5" : 972,
    "6" : 1095,
    "7" : 1108,
    "8" : 1120,
    "9" : 1056,
    "10" : 995,
    "11" : 875,
    "12" : 777,
    "13" : 654,
    "14" : 625,
    "15" : 549,
    "16" : 499,
    "17" : 436,
    "18" : 384,
    "19" : 300,
    "20" : 288,
    "21" : 243,
    "22" : 195,
    "23" : 187,
    "24" : 184,
    "25" : 191,
    "26" : 134,
    "27" : 108,
    "28" : 83,
    "29" : 82,
    "30" : 89,
    "31" : 65,
    "32" : 62,
    "33" : 56,
    "34" : 44,
    "35" : 43,
    "36" : 40,
    "37" : 38,
    "38" : 25,
    "39" : 14,
    "40" : 24,
    "41" : 18,
    "42" : 17,
    "43" : 7,
    "44" : 11,
    "45" : 13,
    "46" : 8,
    "47" : 10,
    "48" : 10,
    "49" : 9,
    "50" : 3,
    "51" : 3,
    "52" : 1,
    "53" : 6,
    "54" : 1,
    "56" : 1,
    "59" : 1,
    "62" : 1,
    "63" : 1,
    "66" : 1,
    "80" : 1
  },
  "mean" : 12.477324414715719,
  "stdDev" : 7.783398825438908
}