{
  "distribution" : {
    "2" : 3,
    "3" : 56,
    "4" : 192,
    "5" : 290,
    "6" : 466,
    "7" : 555,
    "8" : 719,
    "9" : 666,
    "10" : 758,
    "11" : 762,
    "12" : 722,
    "13" : 721,
    "14" : 684,
    "15" : 622,
    "16" : 581,
    "17" : 522,
    "18" : 496,
    "19" : 435,
    "20" : 431,
    "21" : 344,
    "22" : 344,
    "23" : 343,
    "24" : 263,
    "25" : 206,
    "26" : 254,
    "27" : 225,
    "28" : 188,
    "29" : 196,
    "30" : 163,
    "31" : 150,
    "32" : 142,
    "33" : 134,
    "34" : 105,
    "35" : 91,
    "36" : 95,
    "37" : 78,
    "38" : 75,
    "39" : 63,
    "40" : 58,
    "41" : 42,
    "42" : 40,
    "43" : 53,
    "44" : 32,
    "45" : 33,
    "46" : 36,
    "47" : 30,
    "48" : 23,
    "49" : 22,
    "50" : 26,
    "51" : 17,
    "52" : 19,
    "53" : 8,
    "54" : 18,
    "55" : 15,
    "56" : 8,
    "57" : 10,
    "58" : 12,
    "59" : 9,
    "60" : 11,
    "61" : 6,
    "62" : 10,
    "63" : 5,
    "64" : 3,
    "65" : 1,
    "66" : 3,
    "67" : 5,
    "68" : 3,
    "70" : 2,
    "71" : 3,
    "72" : 5,
    "73" : 1,
    "74" : 3,
    "75" : 3,
    "77" : 2,
    "80" : 1,
    "81" : 2,
    "82" : 1,
    "84" : 1,
    "92" : 2
  },
  "mean" : 17.563975517341884,
  "stdDev" : 10.497890293378147
}