{
  "distribution" : {
    "2" : 11,
    "3" : 60,
    "4" : 177,
    "5" : 371,
    "6" : 494,
    "7" : 560,
    "8" : 697,
    "9" : 751,
    "10" : 770,
    "11" : 758,
    "12" : 718,
    "13" : 762,
    "14" : 687,
    "15" : 666,
    "16" : 595,
    "17" : 588,
    "18" : 543,
    "19" : 468,
    "20" : 409,
    "21" : 382,
    "22" : 369,
    "23" : 311,
    "24" : 311,
    "25" : 268,
    "26" : 243,
    "27" : 233,
    "28" : 188,
    "29" : 188,
    "30" : 151,
    "31" : 133,
    "32" : 138,
    "33" : 143,
    "34" : 105,
    "35" : 93,
    "36" : 81,
    "37" : 70,
    "38" : 91,
    "39" : 59,
    "40" : 61,
    "41" : 62,
    "42" : 41,
    "43" : 53,
    "44" : 32,
    "45" : 33,
    "46" : 30,
    "47" : 36,
    "48" : 34,
    "49" : 22,
    "50" : 15,
    "51" : 20,
    "52" : 20,
    "53" : 13,
    "54" : 11,
    "55" : 18,
    "56" : 10,
    "57" : 14,
    "58" : 10,
    "59" : 10,
    "60" : 11,
    "61" : 14,
    "62" : 5,
    "63" : 9,
    "64" : 7,
    "65" : 5,
    "66" : 3,
    "67" : 5,
    "68" : 3,
    "69" : 5,
    "70" : 4,
    "71" : 3,
    "72" : 3,
    "73" : 2,
    "74" : 2,
    "75" : 2,
    "76" : 2,
    "78" : 4,
    "80" : 3,
    "83" : 1,
    "84" : 1,
    "85" : 1,
    "86" : 1,
    "93" : 1,
    "94" : 1,
    "97" : 1,
    "98" : 1,
    "110" : 1
  },
  "mean" : 17.59350503919373,
  "stdDev" : 10.729547722119777
}