{
  "distribution" : {
    "1" : 1290,
    "2" : 2271,
    "3" : 2572,
    "4" : 2478,
    "5" : 2280,
    "70" : 1,
    "6" : 1779,
    "7" : 1539,
    "8" : 1219,
    "9" : 999,
    "10" : 826,
    "11" : 567,
    "12" : 476,
    "13" : 429,
    "14" : 341,
    "15" : 245,
    "16" : 191,
    "17" : 153,
    "18" : 145,
    "19" : 100,
    "20" : 75,
    "21" : 66,
    "22" : 60,
    "23" : 47,
    "24" : 32,
    "25" : 29,
    "26" : 20,
    "27" : 12,
    "28" : 12,
    "29" : 8,
    "30" : 9,
    "31" : 5,
    "32" : 7,
    "33" : 3,
    "34" : 1,
    "35" : 3,
    "36" : 2,
    "39" : 1,
    "42" : 2,
    "49" : 1
  },
  "mean" : 6.348295230587308,
  "stdDev" : 4.614228137671388
}