{
  "distribution" : {
    "1" : 45,
    "2" : 364,
    "3" : 784,
    "4" : 1168,
    "5" : 1248,
    "6" : 1479,
    "7" : 1402,
    "8" : 1318,
    "9" : 1141,
    "10" : 959,
    "11" : 874,
    "12" : 749,
    "13" : 660,
    "14" : 567,
    "15" : 511,
    "16" : 455,
    "17" : 369,
    "18" : 294,
    "19" : 291,
    "20" : 248,
    "21" : 215,
    "22" : 178,
    "23" : 145,
    "24" : 122,
    "25" : 118,
    "26" : 103,
    "27" : 86,
    "28" : 61,
    "29" : 66,
    "30" : 53,
    "31" : 49,
    "32" : 40,
    "33" : 33,
    "34" : 24,
    "35" : 20,
    "36" : 28,
    "37" : 15,
    "38" : 22,
    "39" : 15,
    "40" : 10,
    "41" : 10,
    "42" : 10,
    "43" : 3,
    "44" : 5,
    "45" : 7,
    "46" : 3,
    "47" : 2,
    "48" : 4,
    "49" : 4,
    "50" : 4,
    "51" : 2,
    "52" : 1,
    "53" : 4,
    "56" : 2,
    "57" : 3,
    "59" : 1,
    "64" : 1,
    "67" : 1
  },
  "mean" : 10.676018541107588,
  "stdDev" : 6.974527830345136
}