{
  "distribution" : {
    "1" : 3,
    "2" : 36,
    "3" : 147,
    "4" : 380,
    "5" : 560,
    "6" : 711,
    "7" : 823,
    "8" : 940,
    "9" : 900,
    "10" : 906,
    "11" : 863,
    "12" : 805,
    "13" : 764,
    "14" : 701,
    "15" : 672,
    "16" : 601,
    "17" : 556,
    "18" : 495,
    "19" : 419,
    "20" : 388,
    "21" : 387,
    "22" : 320,
    "23" : 309,
    "24" : 250,
    "25" : 229,
    "26" : 225,
    "27" : 210,
    "28" : 187,
    "29" : 153,
    "30" : 128,
    "31" : 108,
    "32" : 106,
    "33" : 105,
    "34" : 105,
    "35" : 85,
    "36" : 80,
    "37" : 64,
    "38" : 50,
    "39" : 54,
    "40" : 40,
    "41" : 36,
    "42" : 54,
    "43" : 29,
    "44" : 30,
    "45" : 37,
    "46" : 22,
    "47" : 23,
    "48" : 26,
    "49" : 23,
    "50" : 13,
    "51" : 13,
    "52" : 16,
    "53" : 14,
    "54" : 10,
    "55" : 12,
    "56" : 11,
    "57" : 3,
    "58" : 8,
    "59" : 3,
    "60" : 7,
    "61" : 8,
    "62" : 5,
    "63" : 2,
    "64" : 4,
    "65" : 3,
    "66" : 4,
    "67" : 3,
    "68" : 2,
    "69" : 2,
    "70" : 2,
    "71" : 3,
    "72" : 3,
    "73" : 3,
    "75" : 4,
    "76" : 1,
    "78" : 1,
    "81" : 1,
    "82" : 1,
    "83" : 1,
    "86" : 1,
    "113" : 1
  },
  "mean" : 15.743762246897452,
  "stdDev" : 9.938756150493273
}