{
  "distribution" : {
    "2" : 6,
    "3" : 29,
    "4" : 114,
    "5" : 227,
    "6" : 393,
    "7" : 486,
    "8" : 557,
    "9" : 602,
    "10" : 648,
    "11" : 682,
    "12" : 732,
    "13" : 682,
    "14" : 681,
    "15" : 571,
    "16" : 588,
    "17" : 534,
    "18" : 497,
    "19" : 464,
    "20" : 437,
    "21" : 410,
    "22" : 355,
    "23" : 331,
    "24" : 316,
    "25" : 301,
    "26" : 235,
    "27" : 234,
    "28" : 218,
    "29" : 174,
    "30" : 166,
    "31" : 179,
    "32" : 138,
    "33" : 130,
    "34" : 139,
    "35" : 93,
    "36" : 99,
    "37" : 88,
    "38" : 88,
    "39" : 90,
    "40" : 78,
    "41" : 47,
    "42" : 52,
    "43" : 58,
    "44" : 56,
    "45" : 54,
    "46" : 40,
    "47" : 31,
    "48" : 43,
    "49" : 30,
    "50" : 30,
    "51" : 20,
    "52" : 25,
    "53" : 21,
    "54" : 19,
    "55" : 14,
    "56" : 18,
    "57" : 18,
    "58" : 13,
    "59" : 11,
    "60" : 15,
    "61" : 6,
    "62" : 4,
    "63" : 6,
    "64" : 9,
    "65" : 8,
    "66" : 5,
    "67" : 4,
    "69" : 3,
    "70" : 2,
    "71" : 2,
    "72" : 5,
    "73" : 1,
    "74" : 3,
    "75" : 3,
    "77" : 2,
    "78" : 2,
    "79" : 1,
    "80" : 2,
    "82" : 1,
    "83" : 2,
    "84" : 1,
    "85" : 1,
    "86" : 1,
    "87" : 2,
    "90" : 2,
    "104" : 1
  },
  "mean" : 18.814622571555688,
  "stdDev" : 11.147358133554452
}