{
  "distribution" : {
    "1" : 2,
    "2" : 55,
    "3" : 262,
    "4" : 463,
    "5" : 648,
    "6" : 825,
    "7" : 934,
    "8" : 957,
    "9" : 943,
    "10" : 918,
    "11" : 868,
    "12" : 809,
    "13" : 736,
    "14" : 706,
    "15" : 616,
    "16" : 570,
    "17" : 491,
    "18" : 438,
    "19" : 397,
    "20" : 363,
    "21" : 309,
    "22" : 271,
    "23" : 283,
    "24" : 235,
    "25" : 208,
    "26" : 170,
    "27" : 159,
    "28" : 136,
    "29" : 131,
    "30" : 127,
    "31" : 100,
    "32" : 97,
    "33" : 68,
    "34" : 60,
    "35" : 65,
    "36" : 60,
    "37" : 50,
    "38" : 41,
    "39" : 44,
    "40" : 38,
    "41" : 25,
    "42" : 26,
    "43" : 24,
    "44" : 20,
    "45" : 11,
    "46" : 12,
    "47" : 18,
    "48" : 9,
    "49" : 16,
    "50" : 10,
    "51" : 8,
    "52" : 10,
    "53" : 12,
    "54" : 3,
    "55" : 1,
    "56" : 6,
    "57" : 5,
    "58" : 2,
    "59" : 2,
    "60" : 6,
    "61" : 3,
    "62" : 5,
    "63" : 2,
    "64" : 2,
    "65" : 1,
    "66" : 1,
    "68" : 1,
    "69" : 1,
    "70" : 1,
    "71" : 2,
    "72" : 2,
    "75" : 1,
    "78" : 1,
    "80" : 1,
    "82" : 1,
    "87" : 1
  },
  "mean" : 14.411741026501174,
  "stdDev" : 8.976695484251774
}