{
  "distribution" : {
    "1" : 9,
    "2" : 163,
    "3" : 449,
    "4" : 740,
    "5" : 946,
    "6" : 1053,
    "7" : 1181,
    "8" : 1118,
    "9" : 1013,
    "10" : 1013,
    "11" : 919,
    "12" : 864,
    "13" : 770,
    "14" : 664,
    "15" : 610,
    "16" : 548,
    "17" : 442,
    "18" : 420,
    "19" : 374,
    "20" : 297,
    "21" : 269,
    "22" : 255,
    "23" : 209,
    "24" : 186,
    "25" : 155,
    "26" : 156,
    "27" : 128,
    "28" : 113,
    "29" : 111,
    "30" : 78,
    "31" : 76,
    "32" : 62,
    "33" : 53,
    "34" : 54,
    "35" : 46,
    "36" : 35,
    "37" : 38,
    "38" : 26,
    "39" : 34,
    "40" : 22,
    "41" : 24,
    "42" : 15,
    "43" : 14,
    "44" : 12,
    "45" : 15,
    "46" : 7,
    "47" : 13,
    "48" : 7,
    "49" : 8,
    "50" : 3,
    "51" : 6,
    "52" : 7,
    "53" : 7,
    "54" : 3,
    "55" : 2,
    "56" : 4,
    "57" : 4,
    "58" : 1,
    "59" : 3,
    "61" : 2,
    "63" : 3,
    "64" : 1,
    "65" : 2,
    "67" : 2,
    "68" : 1,
    "72" : 1,
    "74" : 2,
    "79" : 1,
    "80" : 1,
    "91" : 1
  },
  "mean" : 12.753512696112406,
  "stdDev" : 8.19742125859946
}