{
  "distribution" : {
    "3" : 12,
    "4" : 67,
    "5" : 146,
    "6" : 268,
    "7" : 418,
    "8" : 459,
    "9" : 564,
    "10" : 675,
    "11" : 704,
    "12" : 630,
    "13" : 650,
    "14" : 611,
    "15" : 585,
    "16" : 578,
    "17" : 523,
    "18" : 479,
    "19" : 455,
    "20" : 424,
    "21" : 405,
    "22" : 360,
    "23" : 312,
    "24" : 343,
    "25" : 290,
    "26" : 276,
    "27" : 250,
    "28" : 208,
    "29" : 194,
    "30" : 191,
    "31" : 158,
    "32" : 146,
    "33" : 124,
    "34" : 121,
    "35" : 135,
    "36" : 109,
    "37" : 97,
    "38" : 82,
    "39" : 83,
    "40" : 69,
    "41" : 53,
    "42" : 80,
    "43" : 54,
    "44" : 44,
    "45" : 55,
    "46" : 34,
    "47" : 29,
    "48" : 35,
    "49" : 29,
    "50" : 30,
    "51" : 22,
    "52" : 29,
    "53" : 23,
    "54" : 24,
    "55" : 13,
    "56" : 8,
    "57" : 12,
    "58" : 16,
    "59" : 14,
    "60" : 6,
    "61" : 10,
    "62" : 13,
    "63" : 9,
    "64" : 5,
    "65" : 10,
    "67" : 8,
    "68" : 9,
    "69" : 5,
    "70" : 6,
    "71" : 5,
    "72" : 2,
    "73" : 4,
    "74" : 2,
    "75" : 3,
    "76" : 3,
    "77" : 2,
    "78" : 1,
    "79" : 3,
    "80" : 2,
    "82" : 1,
    "83" : 1,
    "85" : 1,
    "89" : 1,
    "92" : 1,
    "94" : 1,
    "95" : 2,
    "99" : 1
  },
  "mean" : 19.49791054016406,
  "stdDev" : 11.307757064549243
}