{
  "distribution" : {
    "1" : 6,
    "2" : 142,
    "3" : 452,
    "4" : 766,
    "5" : 992,
    "6" : 1093,
    "7" : 1129,
    "8" : 1132,
    "9" : 1069,
    "10" : 1006,
    "11" : 921,
    "12" : 871,
    "13" : 783,
    "14" : 648,
    "15" : 661,
    "16" : 569,
    "17" : 476,
    "18" : 472,
    "19" : 402,
    "20" : 362,
    "21" : 329,
    "22" : 245,
    "23" : 241,
    "24" : 220,
    "25" : 201,
    "26" : 180,
    "27" : 168,
    "28" : 137,
    "29" : 112,
    "30" : 106,
    "31" : 102,
    "32" : 81,
    "33" : 65,
    "34" : 83,
    "35" : 69,
    "36" : 59,
    "37" : 47,
    "38" : 43,
    "39" : 42,
    "40" : 25,
    "41" : 31,
    "42" : 26,
    "43" : 26,
    "44" : 20,
    "45" : 16,
    "46" : 14,
    "47" : 13,
    "48" : 16,
    "49" : 11,
    "50" : 7,
    "51" : 9,
    "52" : 12,
    "53" : 10,
    "54" : 4,
    "55" : 4,
    "56" : 4,
    "57" : 1,
    "58" : 5,
    "59" : 5,
    "60" : 2,
    "61" : 1,
    "62" : 6,
    "63" : 3,
    "64" : 2,
    "66" : 1,
    "67" : 1,
    "68" : 2,
    "69" : 1,
    "70" : 3,
    "71" : 1,
    "73" : 1,
    "76" : 1,
    "91" : 1,
    "95" : 1
  },
  "mean" : 13.407502385496183,
  "stdDev" : 8.857757266484933
}