{
  "distribution" : {
    "1" : 20,
    "2" : 341,
    "3" : 730,
    "4" : 1120,
    "5" : 1272,
    "6" : 1326,
    "7" : 1293,
    "8" : 1299,
    "9" : 1173,
    "10" : 1032,
    "11" : 957,
    "12" : 909,
    "13" : 853,
    "14" : 767,
    "15" : 677,
    "16" : 623,
    "17" : 527,
    "18" : 471,
    "19" : 444,
    "20" : 395,
    "21" : 292,
    "22" : 272,
    "23" : 310,
    "24" : 258,
    "25" : 234,
    "26" : 183,
    "27" : 159,
    "28" : 166,
    "29" : 140,
    "30" : 131,
    "31" : 114,
    "32" : 98,
    "33" : 103,
    "34" : 79,
    "35" : 74,
    "36" : 62,
    "37" : 58,
    "38" : 54,
    "39" : 36,
    "40" : 39,
    "41" : 40,
    "42" : 32,
    "43" : 32,
    "44" : 30,
    "45" : 22,
    "46" : 18,
    "47" : 31,
    "48" : 18,
    "49" : 12,
    "50" : 17,
    "51" : 13,
    "52" : 9,
    "53" : 11,
    "54" : 7,
    "55" : 4,
    "56" : 3,
    "57" : 6,
    "58" : 5,
    "59" : 2,
    "60" : 7,
    "61" : 6,
    "62" : 5,
    "63" : 6,
    "64" : 3,
    "65" : 1,
    "66" : 3,
    "67" : 2,
    "68" : 4,
    "69" : 1,
    "70" : 1,
    "71" : 1,
    "72" : 3,
    "76" : 1,
    "77" : 1,
    "79" : 1,
    "80" : 1,
    "82" : 1,
    "84" : 1,
    "85" : 1,
    "89" : 1,
    "101" : 1
  },
  "mean" : 13.101156515034695,
  "stdDev" : 9.323434879651098
}