{
  "distribution" : {
    "2" : 22,
    "3" : 130,
    "4" : 309,
    "5" : 499,
    "6" : 662,
    "7" : 823,
    "8" : 826,
    "9" : 917,
    "10" : 882,
    "11" : 875,
    "12" : 847,
    "13" : 746,
    "14" : 727,
    "15" : 716,
    "16" : 614,
    "17" : 563,
    "18" : 508,
    "19" : 469,
    "20" : 384,
    "21" : 341,
    "22" : 339,
    "23" : 302,
    "24" : 279,
    "25" : 242,
    "26" : 214,
    "27" : 186,
    "28" : 202,
    "29" : 150,
    "30" : 135,
    "31" : 132,
    "32" : 123,
    "33" : 102,
    "34" : 101,
    "35" : 76,
    "36" : 66,
    "37" : 72,
    "38" : 70,
    "39" : 51,
    "40" : 63,
    "41" : 62,
    "42" : 49,
    "43" : 46,
    "44" : 41,
    "45" : 38,
    "46" : 30,
    "47" : 21,
    "48" : 26,
    "49" : 21,
    "50" : 21,
    "51" : 17,
    "52" : 22,
    "53" : 16,
    "54" : 4,
    "55" : 15,
    "56" : 14,
    "57" : 15,
    "58" : 5,
    "59" : 9,
    "60" : 4,
    "61" : 7,
    "62" : 4,
    "63" : 3,
    "64" : 5,
    "65" : 2,
    "66" : 2,
    "67" : 5,
    "68" : 4,
    "69" : 9,
    "70" : 1,
    "71" : 3,
    "72" : 1,
    "73" : 1,
    "74" : 1,
    "76" : 3,
    "77" : 2,
    "78" : 1,
    "80" : 1,
    "81" : 1,
    "85" : 1,
    "87" : 1,
    "92" : 1,
    "93" : 1,
    "94" : 1
  },
  "mean" : 16.233041432492485,
  "stdDev" : 10.24475641173589
}