{
  "distribution" : {
    "1" : 22,
    "2" : 334,
    "3" : 713,
    "4" : 1065,
    "5" : 1206,
    "6" : 1327,
    "7" : 1235,
    "8" : 1202,
    "9" : 1156,
    "10" : 1040,
    "11" : 918,
    "12" : 810,
    "13" : 713,
    "14" : 600,
    "15" : 534,
    "16" : 505,
    "17" : 419,
    "18" : 347,
    "19" : 316,
    "20" : 246,
    "21" : 234,
    "22" : 209,
    "23" : 173,
    "24" : 162,
    "25" : 126,
    "26" : 102,
    "27" : 104,
    "28" : 86,
    "29" : 67,
    "30" : 63,
    "31" : 54,
    "32" : 52,
    "33" : 40,
    "34" : 28,
    "35" : 42,
    "36" : 26,
    "37" : 23,
    "38" : 20,
    "39" : 23,
    "40" : 15,
    "41" : 21,
    "42" : 9,
    "43" : 14,
    "44" : 6,
    "45" : 9,
    "46" : 7,
    "47" : 5,
    "48" : 5,
    "49" : 2,
    "50" : 2,
    "51" : 4,
    "52" : 5,
    "53" : 3,
    "54" : 2,
    "55" : 1,
    "57" : 1,
    "58" : 1,
    "61" : 1,
    "64" : 1,
    "66" : 2,
    "67" : 3
  },
  "mean" : 11.313650446509932,
  "stdDev" : 7.40555611727546
}