{
  "distribution" : {
    "2" : 26,
    "3" : 202,
    "4" : 468,
    "5" : 731,
    "6" : 903,
    "7" : 1014,
    "8" : 1044,
    "9" : 960,
    "10" : 878,
    "11" : 814,
    "12" : 740,
    "13" : 633,
    "14" : 571,
    "15" : 511,
    "16" : 390,
    "17" : 375,
    "18" : 287,
    "19" : 245,
    "20" : 249,
    "21" : 186,
    "22" : 186,
    "23" : 152,
    "24" : 127,
    "25" : 97,
    "26" : 93,
    "27" : 87,
    "28" : 64,
    "29" : 66,
    "30" : 50,
    "31" : 36,
    "32" : 35,
    "33" : 28,
    "34" : 20,
    "35" : 14,
    "36" : 22,
    "37" : 7,
    "38" : 13,
    "39" : 11,
    "40" : 18,
    "41" : 16,
    "42" : 7,
    "43" : 5,
    "44" : 1,
    "45" : 8,
    "46" : 4,
    "47" : 4,
    "48" : 7,
    "49" : 1,
    "50" : 1,
    "51" : 2,
    "52" : 1,
    "53" : 1,
    "54" : 3,
    "56" : 2,
    "57" : 1,
    "64" : 1
  },
  "mean" : 12.123771943952327,
  "stdDev" : 6.8931067067791245
}