{
  "distribution" : {
    "1" : 1,
    "2" : 16,
    "3" : 139,
    "4" : 323,
    "5" : 482,
    "6" : 667,
    "7" : 789,
    "8" : 833,
    "9" : 867,
    "10" : 880,
    "11" : 811,
    "12" : 756,
    "13" : 742,
    "14" : 694,
    "15" : 612,
    "16" : 616,
    "17" : 500,
    "18" : 482,
    "19" : 418,
    "20" : 416,
    "21" : 361,
    "22" : 283,
    "23" : 262,
    "24" : 257,
    "25" : 245,
    "26" : 223,
    "27" : 205,
    "28" : 196,
    "29" : 138,
    "30" : 131,
    "31" : 118,
    "32" : 117,
    "33" : 105,
    "34" : 77,
    "35" : 63,
    "36" : 69,
    "37" : 67,
    "38" : 60,
    "39" : 55,
    "40" : 51,
    "41" : 38,
    "42" : 39,
    "43" : 29,
    "44" : 46,
    "45" : 24,
    "46" : 20,
    "47" : 21,
    "48" : 23,
    "49" : 17,
    "50" : 6,
    "51" : 11,
    "52" : 18,
    "53" : 13,
    "54" : 10,
    "55" : 6,
    "56" : 9,
    "57" : 4,
    "58" : 6,
    "59" : 4,
    "60" : 5,
    "61" : 10,
    "63" : 6,
    "64" : 3,
    "65" : 1,
    "66" : 3,
    "67" : 3,
    "68" : 2,
    "69" : 3,
    "71" : 1,
    "73" : 2,
    "75" : 1,
    "76" : 2,
    "79" : 1,
    "82" : 3,
    "83" : 1,
    "92" : 1
  },
  "mean" : 15.845719402162683,
  "stdDev" : 9.74135273586043
}