{
  "distribution" : {
    "2" : 8,
    "3" : 47,
    "4" : 144,
    "5" : 291,
    "6" : 416,
    "7" : 543,
    "8" : 614,
    "9" : 691,
    "10" : 681,
    "11" : 765,
    "12" : 719,
    "13" : 687,
    "14" : 629,
    "15" : 649,
    "16" : 598,
    "17" : 540,
    "18" : 498,
    "19" : 474,
    "20" : 482,
    "21" : 420,
    "22" : 383,
    "23" : 323,
    "24" : 312,
    "25" : 303,
    "26" : 267,
    "27" : 231,
    "28" : 210,
    "29" : 193,
    "30" : 163,
    "31" : 144,
    "32" : 155,
    "33" : 133,
    "34" : 132,
    "35" : 121,
    "36" : 108,
    "37" : 109,
    "38" : 85,
    "39" : 60,
    "40" : 78,
    "41" : 59,
    "42" : 58,
    "43" : 57,
    "44" : 49,
    "45" : 37,
    "46" : 39,
    "47" : 36,
    "48" : 34,
    "49" : 38,
    "50" : 21,
    "51" : 25,
    "52" : 29,
    "53" : 17,
    "54" : 17,
    "55" : 18,
    "56" : 15,
    "57" : 21,
    "58" : 16,
    "59" : 11,
    "60" : 9,
    "61" : 9,
    "62" : 10,
    "63" : 10,
    "64" : 2,
    "65" : 5,
    "66" : 4,
    "67" : 4,
    "68" : 9,
    "69" : 2,
    "70" : 2,
    "71" : 4,
    "72" : 2,
    "73" : 3,
    "74" : 2,
    "75" : 4,
    "76" : 2,
    "77" : 1,
    "78" : 4,
    "79" : 1,
    "81" : 1,
    "83" : 1,
    "87" : 1,
    "88" : 3,
    "89" : 1,
    "90" : 1,
    "92" : 3,
    "94" : 1,
    "102" : 2,
    "104" : 1
  },
  "mean" : 18.529382576026087,
  "stdDev" : 11.22852273802598
}