{
  "distribution" : {
    "2" : 13,
    "3" : 61,
    "4" : 171,
    "5" : 329,
    "6" : 493,
    "7" : 550,
    "8" : 741,
    "9" : 715,
    "10" : 750,
    "11" : 829,
    "12" : 740,
    "13" : 698,
    "14" : 686,
    "15" : 594,
    "16" : 633,
    "17" : 544,
    "18" : 555,
    "19" : 428,
    "20" : 426,
    "21" : 415,
    "22" : 383,
    "23" : 358,
    "24" : 322,
    "25" : 308,
    "26" : 252,
    "27" : 223,
    "28" : 207,
    "29" : 203,
    "30" : 176,
    "31" : 151,
    "32" : 151,
    "33" : 137,
    "34" : 121,
    "35" : 112,
    "36" : 106,
    "37" : 97,
    "38" : 95,
    "39" : 89,
    "40" : 64,
    "41" : 71,
    "42" : 62,
    "43" : 52,
    "44" : 50,
    "45" : 43,
    "46" : 44,
    "47" : 46,
    "48" : 39,
    "49" : 29,
    "50" : 32,
    "51" : 26,
    "52" : 26,
    "53" : 28,
    "54" : 21,
    "55" : 18,
    "56" : 19,
    "57" : 17,
    "58" : 10,
    "59" : 14,
    "60" : 7,
    "61" : 6,
    "62" : 13,
    "63" : 10,
    "64" : 9,
    "65" : 8,
    "66" : 6,
    "67" : 2,
    "68" : 2,
    "69" : 1,
    "70" : 6,
    "71" : 6,
    "72" : 3,
    "74" : 4,
    "75" : 4,
    "77" : 1,
    "78" : 1,
    "79" : 2,
    "81" : 1,
    "82" : 2,
    "83" : 1,
    "84" : 2,
    "86" : 1,
    "88" : 1,
    "89" : 1,
    "90" : 1,
    "91" : 1,
    "98" : 1,
    "99" : 1,
    "101" : 1,
    "102" : 1
  },
  "mean" : 18.27924245520812,
  "stdDev" : 11.299157594111389
}