{
  "distribution" : {
    "1" : 195,
    "2" : 864,
    "3" : 1455,
    "4" : 1615,
    "5" : 1684,
    "6" : 1592,
    "7" : 1551,
    "8" : 1302,
    "9" : 1083,
    "10" : 903,
    "11" : 817,
    "12" : 673,
    "13" : 597,
    "14" : 511,
    "15" : 403,
    "16" : 338,
    "17" : 261,
    "18" : 240,
    "19" : 204,
    "20" : 168,
    "21" : 142,
    "22" : 90,
    "23" : 100,
    "24" : 76,
    "25" : 63,
    "26" : 58,
    "27" : 46,
    "28" : 31,
    "29" : 33,
    "30" : 26,
    "31" : 28,
    "32" : 19,
    "33" : 20,
    "34" : 12,
    "35" : 8,
    "36" : 14,
    "37" : 9,
    "38" : 9,
    "39" : 2,
    "40" : 2,
    "41" : 3,
    "42" : 5,
    "43" : 3,
    "44" : 3,
    "45" : 2,
    "46" : 1,
    "49" : 1,
    "51" : 2,
    "61" : 1
  },
  "mean" : 8.764147118447726,
  "stdDev" : 5.875265493312548
}