{
  "distribution" : {
    "1" : 1,
    "2" : 10,
    "3" : 83,
    "4" : 251,
    "5" : 395,
    "6" : 540,
    "7" : 631,
    "8" : 741,
    "9" : 822,
    "10" : 807,
    "11" : 771,
    "12" : 762,
    "13" : 801,
    "14" : 680,
    "15" : 631,
    "16" : 586,
    "17" : 544,
    "18" : 495,
    "19" : 434,
    "20" : 410,
    "21" : 427,
    "22" : 403,
    "23" : 315,
    "24" : 294,
    "25" : 267,
    "26" : 230,
    "27" : 214,
    "28" : 199,
    "29" : 178,
    "30" : 169,
    "31" : 129,
    "32" : 124,
    "33" : 126,
    "34" : 108,
    "35" : 100,
    "36" : 86,
    "37" : 82,
    "38" : 71,
    "39" : 73,
    "40" : 40,
    "41" : 47,
    "42" : 44,
    "43" : 46,
    "44" : 34,
    "45" : 35,
    "46" : 37,
    "47" : 21,
    "48" : 27,
    "49" : 24,
    "50" : 23,
    "51" : 26,
    "52" : 25,
    "53" : 25,
    "54" : 22,
    "55" : 12,
    "56" : 13,
    "57" : 10,
    "58" : 11,
    "59" : 8,
    "60" : 12,
    "61" : 9,
    "62" : 6,
    "63" : 6,
    "64" : 1,
    "65" : 1,
    "66" : 1,
    "67" : 2,
    "68" : 3,
    "69" : 5,
    "70" : 2,
    "71" : 1,
    "72" : 2,
    "73" : 2,
    "74" : 3,
    "75" : 1,
    "78" : 1,
    "79" : 2,
    "82" : 2,
    "83" : 1,
    "84" : 1,
    "85" : 1,
    "87" : 1,
    "88" : 1,
    "89" : 1,
    "92" : 1,
    "93" : 2,
    "99" : 1,
    "104" : 1
  },
  "mean" : 17.178236140615365,
  "stdDev" : 10.587548182712666
}