{
  "distribution" : {
    "1" : 55,
    "2" : 537,
    "3" : 1256,
    "4" : 1662,
    "5" : 1737,
    "6" : 1644,
    "7" : 1492,
    "8" : 1353,
    "9" : 1116,
    "10" : 999,
    "11" : 909,
    "12" : 750,
    "13" : 598,
    "14" : 545,
    "15" : 482,
    "16" : 389,
    "17" : 328,
    "18" : 279,
    "19" : 234,
    "20" : 179,
    "21" : 158,
    "22" : 146,
    "23" : 125,
    "24" : 87,
    "25" : 85,
    "26" : 74,
    "27" : 75,
    "28" : 52,
    "29" : 44,
    "30" : 44,
    "31" : 34,
    "32" : 38,
    "33" : 34,
    "34" : 25,
    "35" : 16,
    "36" : 19,
    "37" : 18,
    "38" : 8,
    "39" : 12,
    "40" : 8,
    "41" : 8,
    "42" : 9,
    "43" : 3,
    "44" : 7,
    "45" : 4,
    "46" : 5,
    "47" : 2,
    "48" : 3,
    "49" : 1,
    "50" : 1,
    "52" : 1,
    "53" : 2,
    "57" : 1,
    "58" : 1,
    "62" : 1,
    "65" : 1,
    "72" : 1
  },
  "mean" : 9.55540487088207,
  "stdDev" : 6.485447288567029
}