{
  "distribution" : {
    "1" : 122,
    "2" : 628,
    "3" : 1159,
    "4" : 1547,
    "5" : 1713,
    "6" : 1566,
    "7" : 1433,
    "8" : 1329,
    "9" : 1174,
    "10" : 1054,
    "11" : 890,
    "12" : 728,
    "13" : 659,
    "14" : 558,
    "15" : 456,
    "16" : 396,
    "17" : 340,
    "18" : 271,
    "19" : 241,
    "20" : 219,
    "21" : 176,
    "22" : 138,
    "23" : 137,
    "24" : 121,
    "25" : 80,
    "26" : 90,
    "27" : 63,
    "28" : 69,
    "29" : 48,
    "30" : 45,
    "31" : 28,
    "32" : 25,
    "33" : 20,
    "34" : 23,
    "35" : 20,
    "36" : 19,
    "37" : 19,
    "38" : 7,
    "39" : 6,
    "40" : 10,
    "41" : 3,
    "42" : 7,
    "43" : 10,
    "44" : 6,
    "45" : 10,
    "46" : 4,
    "47" : 3,
    "48" : 4,
    "49" : 2,
    "50" : 2,
    "51" : 3,
    "52" : 2,
    "55" : 2,
    "56" : 2,
    "58" : 1
  },
  "mean" : 9.6609565807327,
  "stdDev" : 6.555536032414293
}