{
  "distribution" : {
    "1" : 3,
    "2" : 44,
    "3" : 161,
    "4" : 340,
    "5" : 528,
    "6" : 749,
    "7" : 801,
    "8" : 895,
    "9" : 921,
    "10" : 917,
    "11" : 815,
    "12" : 762,
    "13" : 779,
    "14" : 707,
    "15" : 633,
    "16" : 567,
    "17" : 512,
    "18" : 481,
    "19" : 418,
    "20" : 352,
    "21" : 375,
    "22" : 332,
    "23" : 267,
    "24" : 239,
    "25" : 225,
    "26" : 197,
    "27" : 161,
    "28" : 137,
    "29" : 125,
    "30" : 111,
    "31" : 101,
    "32" : 86,
    "33" : 81,
    "34" : 89,
    "35" : 61,
    "36" : 66,
    "37" : 50,
    "38" : 53,
    "39" : 40,
    "40" : 38,
    "41" : 36,
    "42" : 34,
    "43" : 29,
    "44" : 32,
    "45" : 18,
    "46" : 14,
    "47" : 10,
    "48" : 22,
    "49" : 12,
    "50" : 16,
    "51" : 14,
    "52" : 12,
    "53" : 9,
    "54" : 10,
    "55" : 6,
    "56" : 2,
    "57" : 3,
    "58" : 4,
    "59" : 2,
    "60" : 3,
    "61" : 4,
    "62" : 2,
    "63" : 5,
    "64" : 4,
    "65" : 1,
    "66" : 3,
    "67" : 5,
    "68" : 1,
    "69" : 3,
    "70" : 2,
    "73" : 2,
    "74" : 3,
    "75" : 2,
    "76" : 2,
    "77" : 1,
    "78" : 1,
    "81" : 1
  },
  "mean" : 15.162554127431438,
  "stdDev" : 9.330976729028283
}