{
  "distribution" : {
    "1" : 88,
    "2" : 518,
    "3" : 1012,
    "4" : 1396,
    "5" : 1508,
    "6" : 1491,
    "7" : 1451,
    "8" : 1269,
    "9" : 1176,
    "10" : 995,
    "11" : 866,
    "12" : 738,
    "13" : 637,
    "14" : 545,
    "15" : 491,
    "16" : 397,
    "17" : 322,
    "18" : 269,
    "19" : 241,
    "20" : 208,
    "21" : 174,
    "22" : 154,
    "23" : 141,
    "24" : 107,
    "25" : 89,
    "26" : 88,
    "27" : 76,
    "28" : 54,
    "29" : 42,
    "30" : 34,
    "31" : 37,
    "32" : 37,
    "33" : 31,
    "34" : 22,
    "35" : 15,
    "36" : 17,
    "37" : 14,
    "38" : 8,
    "39" : 7,
    "40" : 7,
    "41" : 8,
    "42" : 9,
    "43" : 4,
    "44" : 4,
    "45" : 3,
    "46" : 3,
    "47" : 1,
    "48" : 3,
    "49" : 2,
    "51" : 2,
    "52" : 1,
    "54" : 2,
    "55" : 1,
    "56" : 1,
    "62" : 1,
    "67" : 1,
    "68" : 1,
    "70" : 1
  },
  "mean" : 9.879667063020214,
  "stdDev" : 6.537294374434104
}