{
  "distribution" : {
    "1" : 627,
    "2" : 2194,
    "3" : 2809,
    "4" : 2559,
    "5" : 2220,
    "6" : 1907,
    "7" : 1584,
    "8" : 1263,
    "9" : 1052,
    "10" : 831,
    "11" : 738,
    "12" : 573,
    "13" : 488,
    "14" : 394,
    "15" : 328,
    "16" : 269,
    "17" : 225,
    "18" : 183,
    "19" : 161,
    "20" : 128,
    "21" : 93,
    "22" : 90,
    "23" : 73,
    "24" : 51,
    "25" : 49,
    "26" : 35,
    "27" : 31,
    "28" : 24,
    "29" : 18,
    "30" : 12,
    "31" : 14,
    "32" : 14,
    "33" : 10,
    "34" : 13,
    "35" : 7,
    "36" : 6,
    "37" : 5,
    "38" : 3,
    "40" : 2,
    "41" : 5,
    "43" : 1,
    "45" : 2,
    "52" : 1,
    "57" : 2
  },
  "mean" : 7.033564046648336,
  "stdDev" : 5.211827501829951
}