{
  "distribution" : {
    "2" : 12,
    "3" : 80,
    "4" : 185,
    "5" : 359,
    "134" : 1,
    "6" : 473,
    "7" : 605,
    "8" : 713,
    "9" : 745,
    "10" : 778,
    "11" : 722,
    "12" : 781,
    "13" : 771,
    "14" : 644,
    "15" : 645,
    "16" : 635,
    "17" : 538,
    "18" : 505,
    "19" : 468,
    "20" : 479,
    "21" : 389,
    "22" : 371,
    "23" : 310,
    "24" : 273,
    "25" : 258,
    "26" : 235,
    "27" : 232,
    "28" : 195,
    "29" : 161,
    "30" : 151,
    "31" : 149,
    "32" : 153,
    "33" : 117,
    "34" : 109,
    "35" : 100,
    "36" : 80,
    "37" : 69,
    "38" : 75,
    "39" : 61,
    "40" : 57,
    "41" : 65,
    "42" : 44,
    "43" : 41,
    "44" : 41,
    "45" : 34,
    "46" : 39,
    "47" : 26,
    "48" : 37,
    "49" : 24,
    "50" : 27,
    "51" : 12,
    "52" : 17,
    "53" : 12,
    "54" : 8,
    "55" : 14,
    "56" : 12,
    "57" : 7,
    "58" : 8,
    "59" : 6,
    "60" : 12,
    "61" : 3,
    "62" : 8,
    "63" : 4,
    "64" : 7,
    "65" : 6,
    "66" : 2,
    "67" : 2,
    "68" : 4,
    "69" : 1,
    "70" : 3,
    "71" : 6,
    "72" : 2,
    "73" : 1,
    "74" : 3,
    "75" : 2,
    "76" : 4,
    "77" : 2,
    "78" : 2,
    "79" : 1,
    "80" : 1,
    "81" : 2,
    "82" : 1,
    "83" : 1,
    "85" : 1,
    "86" : 1,
    "89" : 1,
    "99" : 1,
    "113" : 2
  },
  "mean" : 17.42965459140691,
  "stdDev" : 10.612732917206456
}