{
  "distribution" : {
    "2" : 11,
    "3" : 39,
    "4" : 147,
    "5" : 283,
    "6" : 389,
    "7" : 536,
    "8" : 630,
    "9" : 683,
    "10" : 744,
    "11" : 757,
    "12" : 711,
    "13" : 702,
    "14" : 656,
    "15" : 652,
    "16" : 553,
    "17" : 557,
    "18" : 498,
    "19" : 449,
    "20" : 413,
    "21" : 418,
    "22" : 366,
    "23" : 357,
    "24" : 351,
    "25" : 278,
    "26" : 220,
    "27" : 223,
    "28" : 217,
    "29" : 183,
    "30" : 169,
    "31" : 162,
    "32" : 128,
    "33" : 134,
    "34" : 125,
    "35" : 139,
    "36" : 112,
    "37" : 81,
    "38" : 81,
    "39" : 83,
    "40" : 60,
    "41" : 74,
    "42" : 59,
    "43" : 51,
    "44" : 39,
    "45" : 56,
    "46" : 34,
    "47" : 38,
    "48" : 37,
    "49" : 31,
    "50" : 24,
    "51" : 22,
    "52" : 18,
    "53" : 21,
    "54" : 15,
    "55" : 21,
    "56" : 15,
    "57" : 18,
    "58" : 13,
    "59" : 11,
    "60" : 3,
    "61" : 12,
    "62" : 8,
    "63" : 5,
    "64" : 7,
    "65" : 9,
    "66" : 10,
    "67" : 4,
    "68" : 2,
    "69" : 4,
    "70" : 4,
    "71" : 1,
    "72" : 4,
    "73" : 3,
    "74" : 4,
    "75" : 4,
    "76" : 1,
    "77" : 3,
    "78" : 1,
    "79" : 2,
    "80" : 3,
    "83" : 1,
    "84" : 1,
    "86" : 2,
    "87" : 1,
    "90" : 2,
    "96" : 1
  },
  "mean" : 18.441697627893685,
  "stdDev" : 11.130809558131423
}