{
  "distribution" : {
    "2" : 6,
    "3" : 34,
    "4" : 103,
    "5" : 209,
    "6" : 327,
    "7" : 466,
    "8" : 533,
    "9" : 576,
    "10" : 639,
    "11" : 685,
    "12" : 693,
    "13" : 660,
    "14" : 660,
    "15" : 585,
    "16" : 551,
    "17" : 558,
    "18" : 514,
    "19" : 469,
    "20" : 464,
    "21" : 435,
    "22" : 380,
    "23" : 336,
    "24" : 315,
    "25" : 285,
    "26" : 258,
    "27" : 261,
    "28" : 267,
    "29" : 181,
    "30" : 179,
    "31" : 177,
    "32" : 151,
    "33" : 122,
    "34" : 123,
    "35" : 120,
    "36" : 105,
    "37" : 90,
    "38" : 81,
    "39" : 81,
    "40" : 65,
    "41" : 70,
    "42" : 60,
    "43" : 58,
    "44" : 58,
    "45" : 54,
    "46" : 46,
    "47" : 41,
    "48" : 39,
    "49" : 39,
    "50" : 23,
    "51" : 26,
    "52" : 27,
    "53" : 14,
    "54" : 22,
    "55" : 22,
    "56" : 23,
    "57" : 17,
    "58" : 12,
    "59" : 13,
    "60" : 16,
    "61" : 9,
    "62" : 10,
    "63" : 12,
    "64" : 16,
    "65" : 8,
    "66" : 3,
    "67" : 4,
    "68" : 4,
    "69" : 5,
    "70" : 3,
    "71" : 2,
    "72" : 6,
    "73" : 3,
    "74" : 2,
    "75" : 3,
    "76" : 1,
    "77" : 2,
    "78" : 4,
    "80" : 2,
    "81" : 2,
    "82" : 1,
    "83" : 1,
    "84" : 1,
    "85" : 2,
    "86" : 3,
    "89" : 1,
    "91" : 1,
    "97" : 1,
    "99" : 1
  },
  "mean" : 19.31690921178991,
  "stdDev" : 11.467011412308372
}