{
  "distribution" : {
    "1" : 597,
    "2" : 1633,
    "3" : 2209,
    "4" : 2324,
    "5" : 2047,
    "6" : 1836,
    "7" : 1511,
    "8" : 1330,
    "9" : 1018,
    "10" : 834,
    "11" : 678,
    "12" : 544,
    "13" : 410,
    "14" : 330,
    "15" : 316,
    "16" : 232,
    "17" : 190,
    "18" : 152,
    "19" : 143,
    "20" : 104,
    "21" : 87,
    "22" : 68,
    "23" : 53,
    "24" : 45,
    "25" : 44,
    "26" : 27,
    "27" : 15,
    "28" : 15,
    "29" : 16,
    "30" : 7,
    "31" : 16,
    "32" : 6,
    "33" : 7,
    "34" : 2,
    "35" : 6,
    "36" : 6,
    "37" : 2,
    "38" : 3,
    "39" : 1,
    "40" : 2,
    "42" : 1,
    "44" : 3,
    "48" : 1,
    "50" : 1,
    "58" : 1
  },
  "mean" : 7.093731786149526,
  "stdDev" : 4.972056232465534
}