{
  "distribution" : {
    "1" : 42,
    "2" : 183,
    "3" : 1044,
    "4" : 1205,
    "5" : 1418,
    "6" : 1426,
    "7" : 1314,
    "8" : 1216,
    "9" : 1123,
    "10" : 980,
    "11" : 922,
    "12" : 790,
    "13" : 664,
    "14" : 591,
    "15" : 532,
    "16" : 430,
    "17" : 375,
    "18" : 306,
    "19" : 284,
    "20" : 264,
    "21" : 217,
    "22" : 211,
    "23" : 178,
    "24" : 130,
    "25" : 140,
    "26" : 119,
    "27" : 97,
    "28" : 80,
    "29" : 73,
    "30" : 61,
    "31" : 48,
    "32" : 34,
    "33" : 30,
    "34" : 32,
    "35" : 26,
    "36" : 27,
    "37" : 21,
    "38" : 21,
    "39" : 15,
    "40" : 16,
    "41" : 13,
    "42" : 9,
    "43" : 7,
    "44" : 10,
    "45" : 4,
    "46" : 5,
    "47" : 3,
    "48" : 6,
    "49" : 3,
    "50" : 8,
    "51" : 4,
    "52" : 3,
    "53" : 1,
    "56" : 1,
    "64" : 2
  },
  "mean" : 10.830947267955143,
  "stdDev" : 7.154805997024716
}