{
  "distribution" : {
    "1" : 234,
    "2" : 837,
    "3" : 1381,
    "4" : 1692,
    "5" : 1705,
    "6" : 1643,
    "7" : 1467,
    "8" : 1264,
    "9" : 1095,
    "10" : 961,
    "11" : 814,
    "12" : 697,
    "13" : 539,
    "14" : 450,
    "15" : 426,
    "16" : 316,
    "17" : 285,
    "18" : 235,
    "19" : 166,
    "20" : 167,
    "21" : 132,
    "22" : 114,
    "23" : 66,
    "24" : 70,
    "25" : 75,
    "26" : 63,
    "27" : 40,
    "28" : 43,
    "29" : 23,
    "30" : 27,
    "31" : 22,
    "32" : 12,
    "33" : 17,
    "34" : 11,
    "35" : 10,
    "36" : 12,
    "37" : 8,
    "38" : 7,
    "39" : 8,
    "40" : 5,
    "41" : 2,
    "42" : 4,
    "43" : 1,
    "44" : 1,
    "45" : 3,
    "47" : 1,
    "49" : 1,
    "53" : 2
  },
  "mean" : 8.684330185379503,
  "stdDev" : 5.803088654030158
}