{
  "distribution" : {
    "1" : 4,
    "2" : 46,
    "3" : 205,
    "4" : 434,
    "5" : 647,
    "6" : 772,
    "7" : 867,
    "8" : 949,
    "9" : 955,
    "10" : 963,
    "11" : 869,
    "12" : 746,
    "13" : 675,
    "14" : 653,
    "15" : 618,
    "16" : 562,
    "17" : 567,
    "18" : 462,
    "19" : 414,
    "20" : 343,
    "21" : 337,
    "22" : 289,
    "23" : 248,
    "24" : 224,
    "25" : 178,
    "26" : 177,
    "27" : 156,
    "28" : 145,
    "29" : 146,
    "30" : 123,
    "31" : 101,
    "32" : 85,
    "33" : 76,
    "34" : 77,
    "35" : 70,
    "36" : 47,
    "37" : 43,
    "38" : 44,
    "39" : 51,
    "40" : 30,
    "41" : 27,
    "42" : 27,
    "43" : 29,
    "44" : 25,
    "45" : 21,
    "46" : 13,
    "47" : 10,
    "48" : 16,
    "49" : 12,
    "50" : 7,
    "51" : 11,
    "52" : 9,
    "53" : 6,
    "54" : 7,
    "55" : 3,
    "56" : 1,
    "57" : 3,
    "58" : 5,
    "59" : 3,
    "61" : 4,
    "62" : 1,
    "63" : 3,
    "64" : 2,
    "65" : 1,
    "66" : 2,
    "67" : 2,
    "68" : 4,
    "69" : 3,
    "70" : 2,
    "71" : 1,
    "75" : 1,
    "76" : 1,
    "82" : 1,
    "83" : 2
  },
  "mean" : 14.583577712609971,
  "stdDev" : 9.009351624301342
}