{
  "distribution" : {
    "1" : 288,
    "2" : 1233,
    "3" : 1783,
    "4" : 2028,
    "5" : 1957,
    "6" : 1801,
    "7" : 1473,
    "8" : 1196,
    "9" : 1082,
    "10" : 867,
    "11" : 734,
    "12" : 596,
    "13" : 517,
    "14" : 414,
    "15" : 296,
    "16" : 270,
    "17" : 199,
    "18" : 173,
    "19" : 123,
    "20" : 110,
    "21" : 106,
    "22" : 79,
    "23" : 55,
    "24" : 60,
    "25" : 36,
    "26" : 39,
    "27" : 36,
    "28" : 27,
    "29" : 22,
    "30" : 17,
    "31" : 11,
    "32" : 10,
    "33" : 4,
    "34" : 3,
    "35" : 5,
    "36" : 8,
    "37" : 6,
    "38" : 3,
    "39" : 2,
    "40" : 1,
    "41" : 3,
    "43" : 3,
    "44" : 2,
    "46" : 1,
    "50" : 1,
    "54" : 1,
    "56" : 1
  },
  "mean" : 7.716717565886212,
  "stdDev" : 5.23535789095065
}