{
  "distribution" : {
    "1" : 269,
    "2" : 1006,
    "3" : 1636,
    "4" : 1872,
    "5" : 1875,
    "6" : 1754,
    "7" : 1488,
    "8" : 1240,
    "9" : 1089,
    "10" : 921,
    "11" : 735,
    "12" : 615,
    "13" : 499,
    "14" : 419,
    "15" : 348,
    "16" : 274,
    "17" : 236,
    "18" : 182,
    "19" : 156,
    "20" : 133,
    "21" : 105,
    "22" : 99,
    "23" : 68,
    "24" : 59,
    "25" : 48,
    "26" : 36,
    "27" : 33,
    "28" : 26,
    "29" : 20,
    "30" : 13,
    "31" : 19,
    "32" : 17,
    "33" : 11,
    "34" : 15,
    "35" : 7,
    "36" : 8,
    "37" : 3,
    "38" : 1,
    "39" : 2,
    "40" : 3,
    "42" : 2,
    "43" : 5,
    "44" : 1,
    "46" : 1,
    "48" : 1,
    "54" : 1,
    "55" : 1
  },
  "mean" : 8.055382664822499,
  "stdDev" : 5.413881544710512
}