{
  "distribution" : {
    "2" : 437,
    "3" : 835,
    "4" : 1034,
    "5" : 1271,
    "6" : 1322,
    "7" : 1222,
    "8" : 1224,
    "9" : 1128,
    "10" : 1072,
    "11" : 906,
    "12" : 811,
    "13" : 732,
    "14" : 658,
    "15" : 614,
    "16" : 517,
    "17" : 440,
    "18" : 394,
    "19" : 358,
    "20" : 320,
    "21" : 288,
    "22" : 227,
    "23" : 181,
    "24" : 166,
    "25" : 156,
    "26" : 138,
    "27" : 138,
    "28" : 113,
    "29" : 90,
    "30" : 75,
    "31" : 66,
    "32" : 80,
    "33" : 48,
    "34" : 44,
    "35" : 39,
    "36" : 31,
    "37" : 32,
    "38" : 28,
    "39" : 29,
    "40" : 21,
    "41" : 18,
    "42" : 16,
    "43" : 9,
    "44" : 11,
    "45" : 3,
    "46" : 10,
    "47" : 9,
    "48" : 11,
    "49" : 4,
    "50" : 9,
    "51" : 5,
    "53" : 2,
    "54" : 5,
    "55" : 2,
    "56" : 6,
    "57" : 1,
    "59" : 1,
    "61" : 3,
    "62" : 2,
    "63" : 2,
    "65" : 2,
    "66" : 1,
    "67" : 1,
    "68" : 1,
    "69" : 1
  },
  "mean" : 11.711481056257176,
  "stdDev" : 7.8862467178522895
}