{
  "distribution" : {
    "65" : 1,
    "1" : 558,
    "2" : 1574,
    "3" : 2075,
    "4" : 2249,
    "5" : 2016,
    "6" : 1733,
    "7" : 1549,
    "8" : 1277,
    "9" : 1121,
    "10" : 843,
    "11" : 699,
    "12" : 618,
    "13" : 519,
    "14" : 373,
    "15" : 332,
    "16" : 263,
    "17" : 208,
    "18" : 188,
    "19" : 165,
    "20" : 136,
    "21" : 104,
    "22" : 80,
    "23" : 68,
    "24" : 53,
    "25" : 49,
    "26" : 38,
    "27" : 27,
    "28" : 31,
    "29" : 16,
    "30" : 14,
    "31" : 10,
    "32" : 8,
    "33" : 9,
    "34" : 12,
    "35" : 2,
    "36" : 6,
    "37" : 1,
    "38" : 4,
    "39" : 1,
    "40" : 2,
    "41" : 1,
    "44" : 3,
    "46" : 1,
    "47" : 1,
    "52" : 1
  },
  "mean" : 7.444823782761699,
  "stdDev" : 5.241032378257738
}