{
  "distribution" : {
    "2" : 62,
    "3" : 308,
    "4" : 563,
    "5" : 806,
    "6" : 1016,
    "7" : 1062,
    "8" : 1076,
    "9" : 968,
    "10" : 908,
    "11" : 889,
    "12" : 804,
    "13" : 718,
    "14" : 664,
    "15" : 613,
    "16" : 502,
    "17" : 490,
    "18" : 413,
    "19" : 377,
    "20" : 299,
    "21" : 257,
    "22" : 235,
    "23" : 228,
    "24" : 201,
    "25" : 192,
    "26" : 131,
    "27" : 135,
    "28" : 106,
    "29" : 114,
    "30" : 94,
    "31" : 87,
    "32" : 72,
    "33" : 79,
    "34" : 53,
    "35" : 51,
    "36" : 47,
    "37" : 35,
    "38" : 28,
    "39" : 23,
    "40" : 31,
    "41" : 22,
    "42" : 25,
    "43" : 19,
    "44" : 15,
    "45" : 14,
    "46" : 14,
    "47" : 11,
    "48" : 10,
    "49" : 9,
    "50" : 6,
    "51" : 7,
    "52" : 3,
    "53" : 5,
    "54" : 5,
    "55" : 3,
    "56" : 4,
    "57" : 3,
    "58" : 2,
    "60" : 3,
    "61" : 2,
    "62" : 1,
    "63" : 1,
    "65" : 1,
    "70" : 1,
    "75" : 1,
    "91" : 1
  },
  "mean" : 13.35390284757119,
  "stdDev" : 8.323678033077293
}