{
  "distribution" : {
    "1" : 9,
    "2" : 134,
    "3" : 360,
    "4" : 612,
    "5" : 880,
    "6" : 1024,
    "7" : 1045,
    "8" : 1093,
    "9" : 1048,
    "10" : 969,
    "11" : 921,
    "12" : 815,
    "13" : 719,
    "14" : 662,
    "15" : 629,
    "16" : 502,
    "17" : 447,
    "18" : 390,
    "19" : 347,
    "20" : 321,
    "21" : 303,
    "22" : 233,
    "23" : 228,
    "24" : 191,
    "25" : 158,
    "26" : 147,
    "27" : 128,
    "28" : 125,
    "29" : 101,
    "30" : 96,
    "31" : 79,
    "32" : 71,
    "33" : 62,
    "34" : 54,
    "35" : 45,
    "36" : 35,
    "37" : 43,
    "38" : 43,
    "39" : 31,
    "40" : 14,
    "41" : 16,
    "42" : 12,
    "43" : 18,
    "44" : 22,
    "45" : 11,
    "46" : 9,
    "47" : 8,
    "48" : 13,
    "49" : 7,
    "50" : 13,
    "51" : 8,
    "52" : 3,
    "53" : 4,
    "54" : 2,
    "55" : 3,
    "56" : 4,
    "57" : 2,
    "58" : 2,
    "59" : 2,
    "60" : 2,
    "61" : 1,
    "62" : 2,
    "63" : 1,
    "64" : 2,
    "65" : 3,
    "66" : 1,
    "67" : 1,
    "68" : 1
  },
  "mean" : 13.067181265127232,
  "stdDev" : 8.24315639948982
}