{
  "distribution" : {
    "1" : 60,
    "2" : 428,
    "3" : 839,
    "4" : 1184,
    "5" : 1317,
    "6" : 1404,
    "7" : 1340,
    "8" : 1275,
    "9" : 1055,
    "10" : 1054,
    "11" : 860,
    "12" : 742,
    "13" : 634,
    "14" : 588,
    "15" : 510,
    "16" : 454,
    "17" : 352,
    "18" : 317,
    "19" : 269,
    "20" : 216,
    "21" : 185,
    "22" : 165,
    "23" : 160,
    "24" : 126,
    "25" : 109,
    "26" : 90,
    "27" : 78,
    "28" : 56,
    "29" : 52,
    "30" : 44,
    "31" : 42,
    "32" : 41,
    "33" : 23,
    "34" : 30,
    "35" : 24,
    "36" : 16,
    "37" : 14,
    "38" : 14,
    "39" : 10,
    "40" : 12,
    "41" : 3,
    "42" : 9,
    "43" : 7,
    "44" : 6,
    "45" : 1,
    "46" : 6,
    "47" : 3,
    "48" : 4,
    "49" : 3,
    "51" : 1,
    "52" : 2,
    "54" : 2,
    "55" : 1,
    "58" : 2,
    "59" : 2,
    "60" : 1,
    "62" : 2
  },
  "mean" : 10.452105392760403,
  "stdDev" : 6.796420221944447
}