{
  "distribution" : {
    "1" : 9,
    "2" : 153,
    "3" : 449,
    "4" : 699,
    "5" : 989,
    "6" : 1103,
    "7" : 1160,
    "8" : 1154,
    "9" : 1042,
    "10" : 902,
    "11" : 910,
    "12" : 801,
    "13" : 742,
    "14" : 611,
    "15" : 574,
    "16" : 518,
    "17" : 411,
    "18" : 396,
    "19" : 318,
    "20" : 291,
    "21" : 236,
    "22" : 236,
    "23" : 213,
    "24" : 182,
    "25" : 161,
    "26" : 128,
    "27" : 115,
    "28" : 111,
    "29" : 90,
    "30" : 79,
    "31" : 65,
    "32" : 55,
    "33" : 43,
    "34" : 33,
    "35" : 29,
    "36" : 40,
    "37" : 19,
    "38" : 36,
    "39" : 23,
    "40" : 13,
    "41" : 21,
    "42" : 12,
    "43" : 11,
    "44" : 12,
    "45" : 7,
    "46" : 10,
    "47" : 6,
    "48" : 4,
    "49" : 4,
    "50" : 1,
    "51" : 5,
    "52" : 4,
    "53" : 6,
    "54" : 2,
    "55" : 3,
    "56" : 3,
    "57" : 2,
    "58" : 3,
    "59" : 2,
    "60" : 1,
    "61" : 3,
    "63" : 1,
    "64" : 2,
    "66" : 1,
    "71" : 1,
    "85" : 1
  },
  "mean" : 12.36870374009301,
  "stdDev" : 7.797363088150793
}