{
  "distribution" : {
    "1" : 4,
    "2" : 110,
    "3" : 384,
    "4" : 656,
    "5" : 944,
    "6" : 1077,
    "7" : 1136,
    "8" : 1108,
    "9" : 995,
    "10" : 998,
    "11" : 925,
    "12" : 774,
    "13" : 685,
    "14" : 671,
    "15" : 602,
    "16" : 480,
    "17" : 434,
    "18" : 384,
    "19" : 338,
    "20" : 265,
    "21" : 250,
    "22" : 225,
    "23" : 213,
    "24" : 194,
    "25" : 145,
    "26" : 131,
    "27" : 114,
    "28" : 99,
    "29" : 90,
    "30" : 72,
    "31" : 67,
    "32" : 67,
    "33" : 45,
    "34" : 41,
    "35" : 34,
    "36" : 27,
    "37" : 34,
    "38" : 29,
    "39" : 27,
    "40" : 18,
    "41" : 12,
    "42" : 13,
    "43" : 12,
    "44" : 11,
    "45" : 11,
    "46" : 5,
    "47" : 9,
    "48" : 11,
    "49" : 4,
    "50" : 2,
    "51" : 5,
    "52" : 3,
    "53" : 2,
    "54" : 3,
    "55" : 4,
    "56" : 2,
    "57" : 2,
    "58" : 1,
    "60" : 2,
    "62" : 1,
    "64" : 1,
    "65" : 1,
    "66" : 1,
    "67" : 1,
    "76" : 2,
    "78" : 2,
    "94" : 1
  },
  "mean" : 12.537093766648908,
  "stdDev" : 7.838026192662808
}