{
  "distribution" : {
    "2" : 10,
    "3" : 59,
    "4" : 227,
    "5" : 386,
    "6" : 525,
    "7" : 653,
    "8" : 747,
    "9" : 716,
    "10" : 766,
    "11" : 800,
    "12" : 731,
    "13" : 721,
    "14" : 662,
    "15" : 677,
    "16" : 572,
    "17" : 541,
    "18" : 472,
    "19" : 437,
    "20" : 398,
    "21" : 383,
    "22" : 342,
    "23" : 320,
    "24" : 250,
    "25" : 236,
    "26" : 216,
    "27" : 208,
    "28" : 171,
    "29" : 171,
    "30" : 162,
    "31" : 140,
    "32" : 128,
    "33" : 106,
    "34" : 91,
    "35" : 82,
    "36" : 68,
    "37" : 65,
    "38" : 61,
    "39" : 65,
    "40" : 51,
    "41" : 44,
    "42" : 41,
    "43" : 27,
    "44" : 36,
    "45" : 32,
    "46" : 29,
    "47" : 28,
    "48" : 16,
    "49" : 18,
    "50" : 15,
    "51" : 11,
    "52" : 15,
    "53" : 13,
    "54" : 10,
    "55" : 9,
    "56" : 10,
    "57" : 6,
    "58" : 13,
    "59" : 9,
    "60" : 6,
    "61" : 13,
    "62" : 7,
    "63" : 1,
    "64" : 9,
    "65" : 3,
    "66" : 2,
    "67" : 2,
    "68" : 2,
    "69" : 3,
    "70" : 2,
    "71" : 6,
    "74" : 2,
    "75" : 2,
    "76" : 2,
    "77" : 1,
    "78" : 2,
    "84" : 1,
    "88" : 1
  },
  "mean" : 16.811107104219257,
  "stdDev" : 10.099277430068382
}