{
  "distribution" : {
    "1" : 286,
    "2" : 880,
    "3" : 1400,
    "4" : 1727,
    "5" : 1702,
    "6" : 1619,
    "7" : 1479,
    "8" : 1331,
    "9" : 1136,
    "10" : 975,
    "11" : 855,
    "12" : 716,
    "13" : 642,
    "14" : 541,
    "15" : 461,
    "16" : 413,
    "17" : 340,
    "18" : 244,
    "19" : 230,
    "20" : 190,
    "21" : 155,
    "22" : 130,
    "23" : 110,
    "24" : 104,
    "25" : 94,
    "26" : 66,
    "27" : 60,
    "28" : 55,
    "29" : 38,
    "30" : 34,
    "31" : 25,
    "32" : 25,
    "33" : 23,
    "34" : 15,
    "35" : 13,
    "36" : 11,
    "37" : 11,
    "38" : 14,
    "39" : 10,
    "40" : 7,
    "41" : 6,
    "42" : 1,
    "43" : 1,
    "44" : 2,
    "45" : 6,
    "46" : 2,
    "47" : 3,
    "48" : 2,
    "49" : 2,
    "50" : 2,
    "51" : 1,
    "53" : 1,
    "55" : 1,
    "57" : 1,
    "66" : 1
  },
  "mean" : 9.089840101104457,
  "stdDev" : 6.256330397491032
}