{
  "distribution" : {
    "2" : 1,
    "3" : 21,
    "4" : 69,
    "5" : 177,
    "6" : 330,
    "7" : 406,
    "8" : 504,
    "9" : 615,
    "10" : 636,
    "11" : 697,
    "12" : 709,
    "13" : 627,
    "14" : 634,
    "15" : 603,
    "16" : 626,
    "17" : 553,
    "18" : 507,
    "19" : 488,
    "20" : 417,
    "21" : 362,
    "22" : 379,
    "23" : 361,
    "24" : 325,
    "25" : 303,
    "26" : 236,
    "27" : 243,
    "28" : 216,
    "29" : 211,
    "30" : 196,
    "31" : 161,
    "32" : 152,
    "33" : 127,
    "34" : 129,
    "35" : 112,
    "36" : 109,
    "37" : 94,
    "38" : 89,
    "39" : 71,
    "40" : 75,
    "41" : 83,
    "42" : 64,
    "43" : 46,
    "44" : 47,
    "45" : 54,
    "46" : 50,
    "47" : 43,
    "48" : 24,
    "49" : 24,
    "50" : 29,
    "51" : 25,
    "52" : 27,
    "53" : 23,
    "54" : 14,
    "55" : 24,
    "56" : 16,
    "57" : 17,
    "58" : 12,
    "59" : 13,
    "60" : 14,
    "61" : 4,
    "62" : 8,
    "63" : 11,
    "64" : 11,
    "65" : 5,
    "66" : 4,
    "67" : 4,
    "68" : 7,
    "69" : 8,
    "70" : 3,
    "71" : 2,
    "72" : 2,
    "74" : 6,
    "75" : 1,
    "76" : 3,
    "77" : 4,
    "78" : 4,
    "79" : 1,
    "80" : 2,
    "81" : 1,
    "82" : 1,
    "84" : 2,
    "86" : 1,
    "87" : 1,
    "88" : 1,
    "90" : 1,
    "91" : 2,
    "92" : 1,
    "94" : 1,
    "95" : 1,
    "96" : 1,
    "100" : 1,
    "116" : 1
  },
  "mean" : 19.363124718595227,
  "stdDev" : 11.404498106982786
}