{
  "distribution" : {
    "1" : 831,
    "2" : 2505,
    "3" : 2567,
    "4" : 2514,
    "5" : 2158,
    "6" : 1727,
    "7" : 1401,
    "8" : 1122,
    "9" : 775,
    "10" : 592,
    "11" : 454,
    "12" : 391,
    "13" : 265,
    "14" : 207,
    "15" : 156,
    "16" : 124,
    "17" : 84,
    "18" : 88,
    "19" : 49,
    "20" : 46,
    "21" : 38,
    "22" : 23,
    "23" : 16,
    "24" : 16,
    "25" : 11,
    "26" : 6,
    "27" : 14,
    "28" : 3,
    "29" : 4,
    "30" : 3,
    "31" : 5,
    "32" : 1,
    "33" : 4,
    "34" : 1,
    "35" : 3,
    "37" : 1,
    "41" : 1
  },
  "mean" : 5.78572997912776,
  "stdDev" : 3.982915538275427
}