{
  "distribution" : {
    "1" : 1,
    "2" : 12,
    "3" : 96,
    "4" : 256,
    "5" : 459,
    "6" : 604,
    "7" : 682,
    "8" : 811,
    "9" : 789,
    "10" : 812,
    "11" : 849,
    "12" : 740,
    "13" : 734,
    "14" : 631,
    "15" : 622,
    "16" : 560,
    "17" : 543,
    "18" : 455,
    "19" : 450,
    "20" : 388,
    "21" : 363,
    "22" : 321,
    "23" : 283,
    "24" : 281,
    "25" : 222,
    "26" : 197,
    "27" : 158,
    "28" : 170,
    "29" : 159,
    "30" : 133,
    "31" : 112,
    "32" : 105,
    "33" : 104,
    "34" : 73,
    "35" : 77,
    "36" : 70,
    "37" : 73,
    "38" : 41,
    "39" : 49,
    "40" : 44,
    "41" : 32,
    "42" : 30,
    "43" : 35,
    "44" : 28,
    "45" : 28,
    "46" : 24,
    "47" : 26,
    "48" : 13,
    "49" : 27,
    "50" : 19,
    "51" : 9,
    "52" : 17,
    "53" : 8,
    "54" : 14,
    "55" : 12,
    "56" : 13,
    "57" : 4,
    "58" : 3,
    "59" : 8,
    "60" : 5,
    "61" : 2,
    "62" : 4,
    "63" : 6,
    "64" : 1,
    "66" : 3,
    "67" : 2,
    "68" : 2,
    "69" : 3,
    "70" : 1,
    "71" : 1,
    "72" : 2,
    "74" : 1,
    "75" : 1,
    "87" : 2
  },
  "mean" : 16.058569888609416,
  "stdDev" : 9.664842229955948
}