{
  "distribution" : {
    "2" : 9,
    "3" : 93,
    "4" : 242,
    "5" : 439,
    "6" : 581,
    "7" : 689,
    "8" : 776,
    "9" : 810,
    "10" : 856,
    "11" : 808,
    "12" : 763,
    "13" : 720,
    "14" : 679,
    "15" : 654,
    "16" : 580,
    "17" : 513,
    "18" : 485,
    "19" : 460,
    "20" : 399,
    "21" : 383,
    "22" : 339,
    "23" : 310,
    "24" : 296,
    "25" : 234,
    "26" : 238,
    "27" : 178,
    "28" : 186,
    "29" : 171,
    "30" : 138,
    "31" : 116,
    "32" : 130,
    "33" : 109,
    "34" : 96,
    "35" : 88,
    "36" : 74,
    "37" : 62,
    "38" : 62,
    "39" : 54,
    "40" : 44,
    "41" : 43,
    "42" : 34,
    "43" : 49,
    "44" : 39,
    "45" : 30,
    "46" : 26,
    "47" : 30,
    "48" : 25,
    "49" : 19,
    "50" : 21,
    "51" : 17,
    "52" : 17,
    "53" : 9,
    "54" : 13,
    "55" : 15,
    "56" : 13,
    "57" : 7,
    "58" : 11,
    "59" : 5,
    "60" : 3,
    "61" : 4,
    "62" : 4,
    "63" : 4,
    "64" : 4,
    "65" : 4,
    "66" : 2,
    "67" : 3,
    "68" : 4,
    "69" : 1,
    "70" : 1,
    "71" : 1,
    "72" : 1,
    "73" : 1,
    "74" : 1,
    "75" : 2,
    "76" : 2,
    "77" : 1,
    "79" : 1,
    "80" : 1,
    "81" : 2,
    "82" : 1,
    "83" : 1,
    "85" : 1,
    "87" : 1,
    "93" : 1,
    "94" : 1
  },
  "mean" : 16.556834030683405,
  "stdDev" : 10.115563098408975
}