{
  "distribution" : {
    "1" : 147,
    "2" : 458,
    "3" : 939,
    "4" : 1261,
    "5" : 1453,
    "6" : 1454,
    "7" : 1371,
    "8" : 1292,
    "9" : 1267,
    "10" : 1211,
    "11" : 1032,
    "12" : 958,
    "13" : 863,
    "14" : 837,
    "15" : 774,
    "16" : 659,
    "17" : 580,
    "18" : 533,
    "19" : 506,
    "20" : 465,
    "21" : 435,
    "22" : 390,
    "23" : 363,
    "24" : 333,
    "25" : 286,
    "26" : 277,
    "27" : 239,
    "28" : 264,
    "29" : 206,
    "30" : 200,
    "31" : 162,
    "32" : 169,
    "33" : 139,
    "34" : 125,
    "35" : 117,
    "36" : 124,
    "37" : 110,
    "38" : 97,
    "39" : 93,
    "40" : 92,
    "41" : 64,
    "42" : 69,
    "43" : 51,
    "44" : 53,
    "45" : 46,
    "46" : 53,
    "47" : 44,
    "48" : 36,
    "49" : 36,
    "50" : 31,
    "51" : 32,
    "52" : 21,
    "53" : 23,
    "54" : 20,
    "55" : 12,
    "56" : 20,
    "57" : 12,
    "58" : 9,
    "59" : 23,
    "60" : 11,
    "61" : 10,
    "62" : 9,
    "63" : 12,
    "64" : 12,
    "65" : 11,
    "66" : 11,
    "67" : 3,
    "68" : 10,
    "69" : 3,
    "71" : 6,
    "72" : 3,
    "73" : 3,
    "74" : 2,
    "75" : 4,
    "76" : 1,
    "77" : 4,
    "78" : 2,
    "79" : 2,
    "80" : 3,
    "81" : 1,
    "82" : 3,
    "83" : 2,
    "84" : 2,
    "86" : 1,
    "87" : 1,
    "88" : 2,
    "89" : 2,
    "90" : 1,
    "94" : 1,
    "98" : 1,
    "111" : 1,
    "113" : 1
  },
  "mean" : 14.414135286215712,
  "stdDev" : 11.171958970254064
}