{
  "distribution" : {
    "1" : 18,
    "2" : 223,
    "3" : 577,
    "4" : 909,
    "5" : 1135,
    "6" : 1286,
    "7" : 1212,
    "8" : 1186,
    "9" : 1073,
    "10" : 1027,
    "11" : 885,
    "12" : 783,
    "13" : 703,
    "14" : 638,
    "15" : 562,
    "16" : 478,
    "17" : 426,
    "18" : 367,
    "19" : 322,
    "20" : 277,
    "21" : 257,
    "22" : 205,
    "23" : 177,
    "24" : 156,
    "25" : 144,
    "26" : 107,
    "27" : 108,
    "28" : 91,
    "29" : 67,
    "30" : 75,
    "31" : 63,
    "32" : 46,
    "33" : 55,
    "34" : 31,
    "35" : 46,
    "36" : 34,
    "37" : 22,
    "38" : 25,
    "39" : 21,
    "40" : 16,
    "41" : 13,
    "42" : 11,
    "43" : 16,
    "44" : 9,
    "45" : 9,
    "46" : 5,
    "47" : 11,
    "48" : 3,
    "49" : 4,
    "50" : 6,
    "51" : 3,
    "52" : 2,
    "53" : 5,
    "54" : 1,
    "55" : 1,
    "56" : 3,
    "57" : 2,
    "58" : 3,
    "59" : 1,
    "63" : 1,
    "70" : 1,
    "74" : 1
  },
  "mean" : 11.743790767686905,
  "stdDev" : 7.565857480536745
}