{
  "distribution" : {
    "2" : 7,
    "3" : 54,
    "4" : 182,
    "5" : 346,
    "6" : 494,
    "7" : 621,
    "8" : 761,
    "9" : 767,
    "10" : 728,
    "11" : 800,
    "12" : 727,
    "13" : 701,
    "14" : 679,
    "15" : 625,
    "16" : 572,
    "17" : 560,
    "18" : 578,
    "19" : 462,
    "20" : 399,
    "21" : 402,
    "22" : 371,
    "23" : 345,
    "24" : 327,
    "25" : 275,
    "26" : 254,
    "27" : 216,
    "28" : 194,
    "29" : 169,
    "30" : 192,
    "31" : 164,
    "32" : 164,
    "33" : 119,
    "34" : 117,
    "35" : 99,
    "36" : 109,
    "37" : 73,
    "38" : 89,
    "39" : 85,
    "40" : 78,
    "41" : 59,
    "42" : 50,
    "43" : 51,
    "44" : 33,
    "45" : 44,
    "46" : 40,
    "47" : 23,
    "48" : 29,
    "49" : 23,
    "50" : 29,
    "51" : 21,
    "52" : 20,
    "53" : 18,
    "54" : 21,
    "55" : 18,
    "56" : 15,
    "57" : 9,
    "58" : 13,
    "59" : 9,
    "60" : 6,
    "61" : 12,
    "62" : 7,
    "63" : 4,
    "64" : 9,
    "65" : 12,
    "66" : 8,
    "67" : 6,
    "68" : 3,
    "69" : 4,
    "70" : 3,
    "71" : 4,
    "72" : 2,
    "73" : 1,
    "74" : 3,
    "75" : 4,
    "76" : 1,
    "77" : 3,
    "78" : 2,
    "79" : 2,
    "80" : 1,
    "81" : 1,
    "82" : 1,
    "84" : 1,
    "86" : 1,
    "88" : 1,
    "90" : 1,
    "91" : 1,
    "92" : 1,
    "97" : 1,
    "98" : 1
  },
  "mean" : 17.866891380614984,
  "stdDev" : 10.990563054436393
}