{
  "distribution" : {
    "1" : 117,
    "2" : 749,
    "3" : 1388,
    "4" : 1631,
    "5" : 1732,
    "6" : 1567,
    "7" : 1465,
    "8" : 1198,
    "9" : 1095,
    "10" : 796,
    "11" : 696,
    "12" : 561,
    "13" : 449,
    "14" : 392,
    "15" : 306,
    "16" : 247,
    "17" : 210,
    "18" : 158,
    "19" : 107,
    "20" : 102,
    "21" : 79,
    "22" : 64,
    "23" : 47,
    "24" : 57,
    "25" : 39,
    "26" : 46,
    "27" : 22,
    "28" : 16,
    "29" : 19,
    "30" : 7,
    "31" : 6,
    "32" : 9,
    "33" : 10,
    "34" : 6,
    "35" : 11,
    "36" : 5,
    "37" : 4,
    "38" : 4,
    "39" : 2,
    "42" : 1,
    "51" : 1,
    "53" : 1,
    "54" : 1
  },
  "mean" : 8.066005316734747,
  "stdDev" : 5.1108247418010775
}