{
  "distribution" : {
    "2" : 3,
    "3" : 36,
    "4" : 113,
    "5" : 258,
    "6" : 368,
    "7" : 495,
    "8" : 615,
    "9" : 645,
    "10" : 704,
    "11" : 706,
    "12" : 712,
    "13" : 672,
    "14" : 642,
    "15" : 661,
    "16" : 635,
    "17" : 550,
    "18" : 528,
    "19" : 477,
    "20" : 430,
    "21" : 408,
    "22" : 363,
    "23" : 340,
    "24" : 317,
    "25" : 279,
    "26" : 275,
    "27" : 228,
    "28" : 227,
    "29" : 183,
    "30" : 202,
    "31" : 180,
    "32" : 157,
    "33" : 129,
    "34" : 116,
    "35" : 114,
    "36" : 79,
    "37" : 85,
    "38" : 99,
    "39" : 55,
    "40" : 74,
    "41" : 65,
    "42" : 58,
    "43" : 61,
    "44" : 41,
    "45" : 52,
    "46" : 34,
    "47" : 39,
    "48" : 39,
    "49" : 31,
    "50" : 27,
    "51" : 31,
    "52" : 25,
    "53" : 18,
    "54" : 14,
    "55" : 11,
    "56" : 13,
    "57" : 20,
    "58" : 16,
    "59" : 16,
    "60" : 12,
    "61" : 6,
    "62" : 12,
    "63" : 11,
    "64" : 13,
    "65" : 5,
    "66" : 7,
    "67" : 8,
    "68" : 2,
    "69" : 3,
    "70" : 4,
    "71" : 5,
    "72" : 6,
    "73" : 4,
    "74" : 4,
    "75" : 2,
    "76" : 1,
    "77" : 7,
    "78" : 1,
    "79" : 1,
    "80" : 3,
    "81" : 2,
    "85" : 3,
    "86" : 1,
    "87" : 1,
    "92" : 1,
    "96" : 1,
    "108" : 1
  },
  "mean" : 18.795726003741546,
  "stdDev" : 11.304886787988806
}