{
  "distribution" : {
    "1" : 22,
    "2" : 180,
    "3" : 546,
    "4" : 821,
    "5" : 1109,
    "6" : 1156,
    "7" : 1199,
    "8" : 1171,
    "9" : 1112,
    "10" : 1050,
    "11" : 895,
    "12" : 786,
    "13" : 795,
    "14" : 676,
    "15" : 557,
    "16" : 471,
    "17" : 443,
    "18" : 375,
    "19" : 370,
    "20" : 300,
    "21" : 241,
    "22" : 236,
    "23" : 195,
    "24" : 199,
    "25" : 143,
    "26" : 132,
    "27" : 114,
    "28" : 94,
    "29" : 84,
    "30" : 86,
    "31" : 69,
    "32" : 54,
    "33" : 62,
    "34" : 42,
    "35" : 45,
    "36" : 36,
    "37" : 34,
    "38" : 29,
    "39" : 24,
    "40" : 15,
    "41" : 16,
    "42" : 17,
    "43" : 11,
    "44" : 19,
    "45" : 6,
    "46" : 16,
    "47" : 7,
    "48" : 7,
    "49" : 5,
    "50" : 8,
    "51" : 8,
    "52" : 6,
    "53" : 1,
    "54" : 1,
    "55" : 4,
    "57" : 1,
    "58" : 1,
    "59" : 2,
    "60" : 1,
    "61" : 1,
    "62" : 1,
    "64" : 1,
    "66" : 1,
    "67" : 1,
    "68" : 1,
    "74" : 1,
    "76" : 1,
    "78" : 2
  },
  "mean" : 12.207012100527459,
  "stdDev" : 7.906080379360875
}