{
  "distribution" : {
    "1" : 46,
    "2" : 217,
    "3" : 597,
    "4" : 855,
    "5" : 1037,
    "6" : 1093,
    "7" : 1153,
    "8" : 1094,
    "9" : 1055,
    "10" : 1067,
    "11" : 941,
    "12" : 802,
    "13" : 820,
    "14" : 742,
    "15" : 645,
    "16" : 555,
    "17" : 563,
    "18" : 483,
    "19" : 436,
    "20" : 355,
    "21" : 322,
    "22" : 335,
    "23" : 288,
    "24" : 227,
    "25" : 217,
    "26" : 184,
    "27" : 180,
    "28" : 143,
    "29" : 148,
    "30" : 139,
    "31" : 100,
    "32" : 121,
    "33" : 91,
    "34" : 76,
    "35" : 81,
    "36" : 60,
    "37" : 44,
    "38" : 50,
    "39" : 45,
    "40" : 36,
    "41" : 24,
    "42" : 39,
    "43" : 34,
    "44" : 23,
    "45" : 23,
    "46" : 16,
    "47" : 14,
    "48" : 21,
    "49" : 13,
    "50" : 15,
    "51" : 12,
    "52" : 8,
    "53" : 15,
    "54" : 7,
    "55" : 9,
    "56" : 5,
    "57" : 5,
    "58" : 5,
    "59" : 3,
    "60" : 7,
    "61" : 1,
    "62" : 1,
    "63" : 3,
    "64" : 2,
    "65" : 1,
    "66" : 2,
    "67" : 1,
    "68" : 2,
    "69" : 2,
    "70" : 1,
    "71" : 1,
    "74" : 1,
    "75" : 1,
    "76" : 1,
    "82" : 1,
    "84" : 1,
    "87" : 1,
    "90" : 1
  },
  "mean" : 13.589642555586828,
  "stdDev" : 9.240940640052985
}