{
  "distribution" : {
    "1" : 5,
    "2" : 162,
    "3" : 462,
    "4" : 773,
    "5" : 1018,
    "6" : 1066,
    "7" : 1122,
    "8" : 1147,
    "9" : 1076,
    "10" : 965,
    "11" : 908,
    "12" : 796,
    "13" : 674,
    "14" : 625,
    "15" : 506,
    "16" : 456,
    "17" : 425,
    "18" : 350,
    "19" : 288,
    "20" : 283,
    "21" : 240,
    "22" : 202,
    "23" : 174,
    "24" : 164,
    "25" : 145,
    "26" : 111,
    "27" : 104,
    "28" : 95,
    "29" : 72,
    "30" : 56,
    "31" : 56,
    "32" : 34,
    "33" : 52,
    "34" : 46,
    "35" : 41,
    "36" : 35,
    "37" : 21,
    "38" : 28,
    "39" : 7,
    "40" : 17,
    "41" : 9,
    "42" : 9,
    "43" : 12,
    "44" : 11,
    "45" : 6,
    "46" : 5,
    "47" : 9,
    "48" : 4,
    "49" : 6,
    "50" : 1,
    "51" : 4,
    "52" : 1,
    "53" : 2,
    "54" : 3,
    "56" : 1,
    "57" : 1,
    "58" : 2,
    "59" : 3,
    "60" : 1,
    "86" : 1
  },
  "mean" : 11.967780910189287,
  "stdDev" : 7.452791770740351
}