{
  "distribution" : {
    "2" : 4,
    "3" : 32,
    "4" : 93,
    "5" : 187,
    "6" : 317,
    "7" : 411,
    "8" : 540,
    "9" : 612,
    "10" : 618,
    "11" : 693,
    "12" : 680,
    "13" : 647,
    "14" : 697,
    "15" : 645,
    "16" : 595,
    "17" : 553,
    "18" : 525,
    "19" : 480,
    "20" : 487,
    "21" : 431,
    "22" : 356,
    "23" : 344,
    "24" : 292,
    "25" : 324,
    "26" : 256,
    "27" : 238,
    "28" : 222,
    "29" : 219,
    "30" : 165,
    "31" : 169,
    "32" : 158,
    "33" : 165,
    "34" : 150,
    "35" : 125,
    "36" : 112,
    "37" : 106,
    "38" : 87,
    "39" : 93,
    "40" : 72,
    "41" : 50,
    "42" : 66,
    "43" : 66,
    "44" : 48,
    "45" : 49,
    "46" : 51,
    "47" : 30,
    "48" : 36,
    "49" : 31,
    "50" : 32,
    "51" : 39,
    "52" : 28,
    "53" : 19,
    "54" : 16,
    "55" : 24,
    "56" : 21,
    "57" : 18,
    "58" : 14,
    "59" : 20,
    "60" : 11,
    "61" : 11,
    "62" : 7,
    "63" : 11,
    "64" : 10,
    "65" : 8,
    "66" : 9,
    "67" : 7,
    "68" : 1,
    "69" : 4,
    "70" : 4,
    "71" : 9,
    "72" : 2,
    "73" : 1,
    "74" : 4,
    "75" : 1,
    "76" : 5,
    "77" : 1,
    "78" : 4,
    "79" : 2,
    "80" : 1,
    "81" : 3,
    "82" : 1,
    "84" : 2,
    "85" : 1,
    "86" : 2,
    "88" : 3,
    "89" : 2,
    "94" : 1,
    "95" : 1,
    "97" : 3,
    "105" : 1,
    "118" : 2
  },
  "mean" : 19.535675162491785,
  "stdDev" : 11.66334983531268
}