{
  "distribution" : {
    "2" : 20,
    "3" : 137,
    "4" : 276,
    "5" : 478,
    "6" : 609,
    "7" : 757,
    "8" : 777,
    "9" : 817,
    "10" : 831,
    "11" : 812,
    "12" : 762,
    "13" : 730,
    "14" : 702,
    "15" : 636,
    "16" : 585,
    "17" : 541,
    "18" : 493,
    "19" : 427,
    "20" : 403,
    "21" : 341,
    "22" : 345,
    "23" : 276,
    "24" : 261,
    "25" : 228,
    "26" : 212,
    "27" : 185,
    "28" : 186,
    "29" : 152,
    "30" : 142,
    "31" : 135,
    "32" : 119,
    "33" : 114,
    "34" : 110,
    "35" : 83,
    "36" : 62,
    "37" : 57,
    "38" : 70,
    "39" : 44,
    "40" : 53,
    "41" : 40,
    "42" : 38,
    "43" : 41,
    "44" : 34,
    "45" : 32,
    "46" : 24,
    "47" : 14,
    "48" : 15,
    "49" : 14,
    "50" : 9,
    "51" : 10,
    "52" : 21,
    "53" : 10,
    "54" : 11,
    "55" : 7,
    "56" : 3,
    "57" : 6,
    "58" : 7,
    "59" : 8,
    "60" : 6,
    "61" : 3,
    "62" : 6,
    "63" : 3,
    "64" : 5,
    "65" : 3,
    "66" : 1,
    "67" : 4,
    "68" : 6,
    "69" : 3,
    "70" : 2,
    "72" : 1,
    "74" : 2,
    "76" : 3,
    "82" : 1,
    "84" : 1,
    "85" : 1,
    "86" : 1,
    "87" : 1,
    "118" : 1
  },
  "mean" : 16.131699846860645,
  "stdDev" : 9.86488893426217
}