{
  "distribution" : {
    "1" : 588,
    "2" : 1274,
    "3" : 1989,
    "4" : 2086,
    "5" : 2006,
    "6" : 1761,
    "7" : 1523,
    "8" : 1270,
    "9" : 1085,
    "10" : 841,
    "11" : 808,
    "12" : 610,
    "13" : 505,
    "14" : 401,
    "15" : 351,
    "16" : 279,
    "17" : 205,
    "18" : 185,
    "19" : 134,
    "20" : 114,
    "21" : 90,
    "22" : 88,
    "23" : 80,
    "24" : 75,
    "25" : 38,
    "26" : 47,
    "27" : 30,
    "28" : 16,
    "29" : 27,
    "30" : 10,
    "31" : 9,
    "32" : 9,
    "33" : 9,
    "34" : 8,
    "35" : 12,
    "36" : 2,
    "37" : 1,
    "38" : 3,
    "39" : 3,
    "40" : 1,
    "41" : 1,
    "42" : 1,
    "43" : 2,
    "45" : 1,
    "46" : 2,
    "47" : 1,
    "53" : 1,
    "60" : 2
  },
  "mean" : 7.599924666379682,
  "stdDev" : 5.286030768731869
}