{
  "distribution" : {
    "1" : 1,
    "2" : 6,
    "3" : 80,
    "4" : 232,
    "5" : 413,
    "6" : 563,
    "7" : 697,
    "8" : 746,
    "9" : 783,
    "10" : 784,
    "11" : 811,
    "12" : 713,
    "13" : 704,
    "14" : 631,
    "15" : 572,
    "16" : 529,
    "17" : 423,
    "18" : 381,
    "19" : 395,
    "20" : 346,
    "21" : 332,
    "22" : 257,
    "23" : 234,
    "24" : 203,
    "25" : 185,
    "26" : 170,
    "27" : 164,
    "28" : 132,
    "29" : 127,
    "30" : 95,
    "31" : 72,
    "32" : 77,
    "33" : 76,
    "34" : 53,
    "35" : 49,
    "36" : 46,
    "37" : 38,
    "38" : 34,
    "39" : 40,
    "40" : 29,
    "41" : 28,
    "42" : 23,
    "43" : 15,
    "44" : 18,
    "45" : 14,
    "46" : 7,
    "47" : 12,
    "48" : 11,
    "49" : 8,
    "50" : 10,
    "51" : 6,
    "52" : 5,
    "53" : 2,
    "54" : 4,
    "55" : 4,
    "56" : 5,
    "57" : 2,
    "58" : 3,
    "59" : 2,
    "60" : 2,
    "61" : 3,
    "62" : 4,
    "64" : 1,
    "65" : 1,
    "66" : 1,
    "67" : 1,
    "69" : 1,
    "71" : 1,
    "73" : 1,
    "79" : 1
  },
  "mean" : 15.065786295192849,
  "stdDev" : 8.565772794602786
}