{
  "distribution" : {
    "2" : 21,
    "3" : 92,
    "4" : 279,
    "5" : 446,
    "6" : 607,
    "7" : 711,
    "8" : 763,
    "9" : 802,
    "10" : 828,
    "11" : 892,
    "12" : 738,
    "13" : 694,
    "14" : 634,
    "15" : 566,
    "16" : 564,
    "17" : 537,
    "18" : 494,
    "19" : 480,
    "20" : 383,
    "21" : 341,
    "22" : 329,
    "23" : 293,
    "24" : 260,
    "25" : 233,
    "26" : 233,
    "27" : 207,
    "28" : 185,
    "29" : 129,
    "30" : 142,
    "31" : 119,
    "32" : 115,
    "33" : 97,
    "34" : 96,
    "35" : 86,
    "36" : 70,
    "37" : 57,
    "38" : 52,
    "39" : 48,
    "40" : 41,
    "41" : 49,
    "42" : 22,
    "43" : 33,
    "44" : 23,
    "45" : 28,
    "46" : 26,
    "47" : 27,
    "48" : 24,
    "49" : 21,
    "50" : 14,
    "51" : 13,
    "52" : 11,
    "53" : 10,
    "54" : 6,
    "55" : 8,
    "56" : 5,
    "57" : 7,
    "58" : 6,
    "59" : 3,
    "60" : 3,
    "61" : 3,
    "62" : 1,
    "63" : 3,
    "64" : 3,
    "65" : 3,
    "66" : 5,
    "67" : 1,
    "68" : 3,
    "69" : 1,
    "70" : 1,
    "71" : 1,
    "72" : 2,
    "73" : 1,
    "74" : 2,
    "75" : 3,
    "76" : 1,
    "77" : 1,
    "79" : 1,
    "80" : 2,
    "81" : 2,
    "86" : 1,
    "89" : 1,
    "97" : 1
  },
  "mean" : 16.139043143955575,
  "stdDev" : 9.758856275669523
}