{
  "distribution" : {
    "1" : 6,
    "2" : 58,
    "3" : 202,
    "4" : 445,
    "5" : 596,
    "6" : 788,
    "7" : 842,
    "8" : 915,
    "9" : 921,
    "10" : 892,
    "11" : 850,
    "12" : 856,
    "13" : 695,
    "14" : 664,
    "15" : 600,
    "16" : 607,
    "17" : 529,
    "18" : 447,
    "19" : 392,
    "20" : 354,
    "21" : 380,
    "22" : 295,
    "23" : 251,
    "24" : 231,
    "25" : 196,
    "26" : 170,
    "27" : 181,
    "28" : 140,
    "29" : 152,
    "30" : 119,
    "31" : 100,
    "32" : 92,
    "33" : 80,
    "34" : 76,
    "35" : 61,
    "36" : 53,
    "37" : 54,
    "38" : 34,
    "39" : 43,
    "40" : 40,
    "41" : 40,
    "42" : 29,
    "43" : 23,
    "44" : 23,
    "45" : 14,
    "46" : 20,
    "47" : 16,
    "48" : 15,
    "49" : 12,
    "50" : 14,
    "51" : 5,
    "52" : 4,
    "53" : 9,
    "54" : 6,
    "55" : 5,
    "56" : 8,
    "57" : 4,
    "58" : 5,
    "59" : 5,
    "60" : 7,
    "61" : 2,
    "62" : 2,
    "63" : 2,
    "64" : 3,
    "65" : 2,
    "67" : 1,
    "69" : 2,
    "70" : 1,
    "71" : 2,
    "72" : 1,
    "75" : 1,
    "76" : 1,
    "77" : 1,
    "80" : 1,
    "81" : 1,
    "88" : 1
  },
  "mean" : 14.745831915617558,
  "stdDev" : 9.120056147449297
}