{
  "distribution" : {
    "1" : 8,
    "2" : 127,
    "3" : 384,
    "4" : 804,
    "5" : 1052,
    "6" : 1152,
    "7" : 1190,
    "8" : 1160,
    "9" : 1058,
    "10" : 902,
    "11" : 883,
    "12" : 683,
    "13" : 620,
    "14" : 577,
    "15" : 492,
    "16" : 397,
    "17" : 325,
    "18" : 340,
    "19" : 266,
    "20" : 235,
    "21" : 191,
    "22" : 158,
    "23" : 144,
    "24" : 128,
    "25" : 99,
    "26" : 97,
    "27" : 69,
    "28" : 69,
    "29" : 77,
    "30" : 49,
    "31" : 39,
    "32" : 29,
    "33" : 33,
    "34" : 16,
    "35" : 15,
    "36" : 10,
    "37" : 17,
    "38" : 14,
    "39" : 5,
    "40" : 8,
    "41" : 8,
    "42" : 7,
    "43" : 4,
    "44" : 3,
    "45" : 5,
    "46" : 6,
    "47" : 3,
    "48" : 6,
    "49" : 5,
    "50" : 2,
    "51" : 3,
    "52" : 2,
    "53" : 1,
    "55" : 1,
    "56" : 2,
    "65" : 1,
    "68" : 1
  },
  "mean" : 11.274495780288943,
  "stdDev" : 6.8018985577087685
}