{
  "distribution" : {
    "2" : 394,
    "3" : 1070,
    "4" : 1465,
    "5" : 1664,
    "6" : 1582,
    "7" : 1455,
    "8" : 1258,
    "9" : 1064,
    "10" : 781,
    "11" : 714,
    "12" : 587,
    "13" : 483,
    "14" : 363,
    "15" : 370,
    "16" : 262,
    "17" : 214,
    "18" : 221,
    "19" : 153,
    "20" : 128,
    "21" : 95,
    "22" : 85,
    "23" : 71,
    "24" : 44,
    "25" : 62,
    "26" : 40,
    "27" : 26,
    "28" : 30,
    "29" : 14,
    "30" : 20,
    "31" : 14,
    "32" : 16,
    "33" : 12,
    "34" : 14,
    "35" : 8,
    "36" : 3,
    "37" : 6,
    "38" : 8,
    "39" : 3,
    "40" : 2,
    "41" : 4,
    "44" : 2,
    "45" : 1,
    "46" : 1,
    "49" : 1,
    "56" : 1
  },
  "mean" : 8.740665721423266,
  "stdDev" : 5.427061615110494
}