{
  "distribution" : {
    "1" : 997,
    "2" : 2969,
    "3" : 3083,
    "4" : 2640,
    "5" : 2121,
    "6" : 1608,
    "7" : 1232,
    "8" : 960,
    "9" : 720,
    "10" : 539,
    "11" : 435,
    "12" : 341,
    "13" : 253,
    "14" : 187,
    "15" : 160,
    "16" : 88,
    "17" : 83,
    "18" : 56,
    "19" : 46,
    "20" : 24,
    "21" : 22,
    "22" : 16,
    "23" : 11,
    "24" : 11,
    "25" : 14,
    "26" : 9,
    "27" : 2,
    "28" : 7,
    "29" : 3,
    "30" : 1,
    "31" : 1,
    "32" : 1,
    "33" : 1,
    "35" : 1,
    "40" : 1
  },
  "mean" : 5.363353537520785,
  "stdDev" : 3.7362963010421306
}