{
  "distribution" : {
    "1" : 28,
    "2" : 218,
    "3" : 608,
    "4" : 962,
    "5" : 1121,
    "6" : 1244,
    "7" : 1269,
    "8" : 1197,
    "9" : 1089,
    "10" : 1014,
    "11" : 893,
    "12" : 786,
    "13" : 782,
    "14" : 652,
    "15" : 519,
    "16" : 478,
    "17" : 433,
    "18" : 420,
    "19" : 310,
    "20" : 297,
    "21" : 241,
    "22" : 226,
    "23" : 193,
    "24" : 168,
    "25" : 144,
    "26" : 122,
    "27" : 104,
    "28" : 88,
    "29" : 91,
    "30" : 78,
    "31" : 76,
    "32" : 62,
    "33" : 44,
    "34" : 40,
    "35" : 45,
    "36" : 27,
    "37" : 30,
    "38" : 26,
    "39" : 18,
    "40" : 14,
    "41" : 21,
    "42" : 13,
    "43" : 12,
    "44" : 16,
    "45" : 9,
    "46" : 8,
    "47" : 11,
    "48" : 5,
    "49" : 5,
    "50" : 7,
    "51" : 4,
    "52" : 5,
    "53" : 2,
    "54" : 1,
    "55" : 2,
    "56" : 1,
    "57" : 1,
    "58" : 1,
    "59" : 1,
    "61" : 2,
    "62" : 2,
    "64" : 1,
    "66" : 1,
    "74" : 1,
    "79" : 1
  },
  "mean" : 11.858133824432167,
  "stdDev" : 7.721776359571161
}