{
  "distribution" : {
    "1" : 8,
    "2" : 104,
    "3" : 368,
    "4" : 662,
    "5" : 882,
    "6" : 1054,
    "7" : 1040,
    "8" : 1071,
    "9" : 1038,
    "10" : 1037,
    "11" : 947,
    "12" : 807,
    "13" : 754,
    "14" : 679,
    "15" : 598,
    "16" : 540,
    "17" : 464,
    "18" : 385,
    "19" : 334,
    "20" : 333,
    "21" : 313,
    "22" : 233,
    "23" : 212,
    "24" : 200,
    "25" : 163,
    "26" : 151,
    "27" : 127,
    "28" : 136,
    "29" : 89,
    "30" : 77,
    "31" : 81,
    "32" : 58,
    "33" : 73,
    "34" : 48,
    "35" : 55,
    "36" : 37,
    "37" : 33,
    "38" : 28,
    "39" : 30,
    "40" : 33,
    "41" : 18,
    "42" : 13,
    "43" : 13,
    "44" : 14,
    "45" : 15,
    "46" : 11,
    "47" : 11,
    "48" : 15,
    "49" : 9,
    "50" : 7,
    "51" : 8,
    "52" : 9,
    "53" : 2,
    "54" : 2,
    "55" : 7,
    "56" : 3,
    "57" : 3,
    "58" : 3,
    "59" : 3,
    "62" : 4,
    "63" : 1,
    "64" : 1,
    "65" : 2,
    "68" : 2,
    "70" : 2,
    "86" : 1,
    "90" : 1
  },
  "mean" : 13.053874013711033,
  "stdDev" : 8.281697648422458
}