{
  "distribution" : {
    "1" : 274,
    "2" : 917,
    "3" : 1548,
    "4" : 1855,
    "5" : 1822,
    "6" : 1813,
    "7" : 1480,
    "8" : 1380,
    "9" : 1127,
    "10" : 960,
    "11" : 825,
    "12" : 651,
    "13" : 546,
    "14" : 482,
    "15" : 384,
    "16" : 356,
    "17" : 271,
    "18" : 239,
    "19" : 186,
    "20" : 189,
    "21" : 138,
    "22" : 105,
    "23" : 99,
    "24" : 75,
    "25" : 70,
    "26" : 51,
    "27" : 47,
    "28" : 40,
    "29" : 39,
    "30" : 23,
    "31" : 28,
    "32" : 25,
    "33" : 8,
    "34" : 13,
    "35" : 9,
    "36" : 9,
    "37" : 7,
    "38" : 5,
    "39" : 6,
    "40" : 5,
    "41" : 3,
    "42" : 2,
    "43" : 4,
    "44" : 5,
    "45" : 1,
    "46" : 2,
    "47" : 1,
    "51" : 1,
    "57" : 1,
    "58" : 1,
    "59" : 2,
    "61" : 1,
    "76" : 1
  },
  "mean" : 8.569711008162365,
  "stdDev" : 5.887585551867588
}