{
  "distribution" : {
    "1" : 402,
    "2" : 1450,
    "3" : 2219,
    "4" : 2227,
    "5" : 2111,
    "6" : 1842,
    "7" : 1507,
    "8" : 1218,
    "9" : 1013,
    "10" : 772,
    "11" : 644,
    "12" : 510,
    "13" : 404,
    "14" : 317,
    "15" : 257,
    "16" : 226,
    "17" : 149,
    "18" : 164,
    "19" : 98,
    "20" : 90,
    "21" : 90,
    "22" : 63,
    "23" : 43,
    "24" : 47,
    "25" : 39,
    "26" : 34,
    "27" : 21,
    "28" : 18,
    "29" : 16,
    "30" : 3,
    "31" : 7,
    "32" : 8,
    "33" : 6,
    "34" : 5,
    "35" : 2,
    "36" : 3,
    "37" : 3,
    "38" : 3,
    "39" : 2,
    "41" : 2,
    "44" : 1,
    "47" : 1,
    "52" : 1
  },
  "mean" : 7.070628672801862,
  "stdDev" : 4.844880018937106
}