{
  "distribution" : {
    "2" : 276,
    "3" : 704,
    "4" : 970,
    "5" : 1195,
    "6" : 1260,
    "7" : 1323,
    "8" : 1118,
    "9" : 1128,
    "10" : 1060,
    "11" : 928,
    "12" : 888,
    "13" : 731,
    "14" : 708,
    "15" : 648,
    "16" : 535,
    "17" : 502,
    "18" : 408,
    "19" : 374,
    "20" : 349,
    "21" : 286,
    "22" : 277,
    "23" : 248,
    "24" : 212,
    "25" : 183,
    "26" : 160,
    "27" : 129,
    "28" : 118,
    "29" : 112,
    "30" : 91,
    "31" : 75,
    "32" : 81,
    "33" : 70,
    "34" : 66,
    "35" : 56,
    "36" : 49,
    "37" : 47,
    "38" : 34,
    "39" : 42,
    "40" : 27,
    "41" : 24,
    "42" : 21,
    "43" : 13,
    "44" : 9,
    "45" : 17,
    "46" : 16,
    "47" : 6,
    "48" : 8,
    "49" : 13,
    "50" : 7,
    "51" : 9,
    "52" : 9,
    "53" : 6,
    "54" : 9,
    "55" : 2,
    "56" : 5,
    "57" : 3,
    "58" : 2,
    "59" : 2,
    "60" : 2,
    "61" : 5,
    "62" : 2,
    "64" : 5,
    "65" : 1,
    "66" : 1,
    "67" : 1,
    "72" : 1,
    "76" : 1,
    "79" : 1,
    "83" : 1,
    "87" : 1
  },
  "mean" : 12.49844377794126,
  "stdDev" : 8.476925994620546
}