{
  "distribution" : {
    "2" : 15,
    "3" : 72,
    "4" : 240,
    "5" : 442,
    "6" : 594,
    "7" : 701,
    "8" : 769,
    "9" : 800,
    "10" : 827,
    "11" : 845,
    "12" : 770,
    "13" : 725,
    "14" : 638,
    "15" : 626,
    "16" : 602,
    "17" : 572,
    "18" : 493,
    "19" : 464,
    "20" : 398,
    "21" : 365,
    "22" : 342,
    "23" : 275,
    "24" : 304,
    "25" : 217,
    "26" : 221,
    "27" : 232,
    "28" : 188,
    "29" : 182,
    "30" : 164,
    "31" : 136,
    "32" : 114,
    "33" : 104,
    "34" : 101,
    "35" : 83,
    "36" : 95,
    "37" : 59,
    "38" : 51,
    "39" : 64,
    "40" : 36,
    "41" : 46,
    "42" : 53,
    "43" : 48,
    "44" : 42,
    "45" : 35,
    "46" : 26,
    "47" : 24,
    "48" : 22,
    "49" : 23,
    "50" : 20,
    "51" : 21,
    "52" : 14,
    "53" : 24,
    "54" : 14,
    "55" : 6,
    "56" : 7,
    "57" : 10,
    "58" : 12,
    "59" : 9,
    "60" : 6,
    "61" : 2,
    "62" : 5,
    "63" : 5,
    "64" : 6,
    "65" : 2,
    "66" : 5,
    "67" : 4,
    "68" : 6,
    "69" : 3,
    "70" : 2,
    "71" : 2,
    "72" : 3,
    "73" : 1,
    "74" : 1,
    "77" : 1,
    "78" : 1,
    "79" : 4,
    "80" : 1,
    "85" : 1,
    "94" : 1
  },
  "mean" : 16.704306286347272,
  "stdDev" : 10.24263588370798
}