{
  "distribution" : {
    "1" : 22,
    "2" : 380,
    "3" : 807,
    "4" : 1120,
    "5" : 1335,
    "6" : 1395,
    "7" : 1347,
    "8" : 1284,
    "9" : 1151,
    "10" : 1073,
    "11" : 884,
    "12" : 821,
    "13" : 687,
    "14" : 622,
    "15" : 504,
    "16" : 496,
    "17" : 377,
    "18" : 332,
    "19" : 310,
    "20" : 243,
    "21" : 241,
    "22" : 157,
    "23" : 169,
    "24" : 131,
    "25" : 127,
    "26" : 103,
    "27" : 92,
    "28" : 93,
    "29" : 73,
    "30" : 64,
    "31" : 42,
    "32" : 52,
    "33" : 36,
    "34" : 36,
    "35" : 27,
    "36" : 24,
    "37" : 25,
    "38" : 17,
    "39" : 18,
    "40" : 15,
    "41" : 12,
    "42" : 9,
    "43" : 8,
    "44" : 8,
    "45" : 9,
    "46" : 6,
    "47" : 4,
    "48" : 1,
    "49" : 2,
    "50" : 5,
    "51" : 1,
    "52" : 5,
    "53" : 2,
    "54" : 1,
    "55" : 3,
    "56" : 2,
    "57" : 1,
    "58" : 1,
    "59" : 1,
    "60" : 3,
    "64" : 2,
    "66" : 1,
    "67" : 1,
    "70" : 1
  },
  "mean" : 10.95131086142322,
  "stdDev" : 7.246562691646699
}