{
  "distribution" : {
    "2" : 27,
    "3" : 149,
    "4" : 305,
    "5" : 538,
    "6" : 699,
    "7" : 807,
    "8" : 870,
    "9" : 970,
    "10" : 858,
    "11" : 857,
    "12" : 793,
    "13" : 779,
    "14" : 710,
    "15" : 586,
    "16" : 568,
    "17" : 460,
    "18" : 451,
    "19" : 434,
    "20" : 396,
    "21" : 315,
    "22" : 311,
    "23" : 261,
    "24" : 255,
    "25" : 203,
    "26" : 215,
    "27" : 172,
    "28" : 135,
    "29" : 139,
    "30" : 120,
    "31" : 110,
    "32" : 86,
    "33" : 88,
    "34" : 84,
    "35" : 71,
    "36" : 66,
    "37" : 64,
    "38" : 44,
    "39" : 37,
    "40" : 30,
    "41" : 35,
    "42" : 38,
    "43" : 31,
    "44" : 20,
    "45" : 21,
    "46" : 13,
    "47" : 20,
    "48" : 13,
    "49" : 19,
    "50" : 18,
    "51" : 17,
    "52" : 5,
    "53" : 12,
    "54" : 8,
    "55" : 10,
    "56" : 4,
    "57" : 5,
    "58" : 9,
    "59" : 6,
    "60" : 2,
    "61" : 3,
    "62" : 2,
    "63" : 5,
    "64" : 2,
    "65" : 3,
    "66" : 2,
    "67" : 2,
    "68" : 1,
    "69" : 1,
    "70" : 2,
    "71" : 1,
    "72" : 1,
    "74" : 1,
    "76" : 1,
    "77" : 1,
    "85" : 1,
    "93" : 1
  },
  "mean" : 15.261476491423016,
  "stdDev" : 9.343220702421908
}