{
  "distribution" : {
    "1" : 93,
    "2" : 402,
    "3" : 820,
    "4" : 1198,
    "5" : 1394,
    "6" : 1428,
    "7" : 1337,
    "8" : 1195,
    "9" : 1143,
    "10" : 999,
    "11" : 871,
    "12" : 762,
    "13" : 725,
    "14" : 584,
    "15" : 480,
    "16" : 432,
    "17" : 347,
    "18" : 289,
    "19" : 315,
    "20" : 223,
    "21" : 197,
    "22" : 153,
    "23" : 131,
    "24" : 133,
    "25" : 86,
    "26" : 97,
    "27" : 77,
    "28" : 75,
    "29" : 57,
    "30" : 46,
    "31" : 52,
    "32" : 29,
    "33" : 25,
    "34" : 26,
    "35" : 28,
    "36" : 21,
    "37" : 19,
    "38" : 15,
    "39" : 10,
    "40" : 4,
    "41" : 5,
    "42" : 3,
    "43" : 8,
    "44" : 2,
    "45" : 5,
    "46" : 8,
    "47" : 2,
    "48" : 7,
    "49" : 3,
    "50" : 5,
    "51" : 1,
    "52" : 2,
    "53" : 1,
    "54" : 1,
    "57" : 3,
    "58" : 2,
    "62" : 1
  },
  "mean" : 10.445197533125725,
  "stdDev" : 6.819794069980103
}