{
  "distribution" : {
    "1" : 9,
    "2" : 105,
    "3" : 344,
    "4" : 683,
    "5" : 922,
    "6" : 1082,
    "7" : 1083,
    "8" : 1040,
    "9" : 983,
    "10" : 888,
    "11" : 814,
    "12" : 759,
    "13" : 674,
    "14" : 601,
    "15" : 567,
    "16" : 471,
    "17" : 369,
    "18" : 346,
    "19" : 320,
    "20" : 253,
    "21" : 250,
    "22" : 212,
    "23" : 176,
    "24" : 131,
    "25" : 128,
    "26" : 103,
    "27" : 99,
    "28" : 85,
    "29" : 67,
    "30" : 57,
    "31" : 64,
    "32" : 38,
    "33" : 32,
    "34" : 33,
    "35" : 28,
    "36" : 29,
    "37" : 20,
    "38" : 11,
    "39" : 14,
    "40" : 13,
    "41" : 8,
    "42" : 11,
    "43" : 8,
    "44" : 10,
    "45" : 9,
    "46" : 7,
    "47" : 3,
    "48" : 1,
    "49" : 3,
    "50" : 5,
    "51" : 1,
    "52" : 6,
    "54" : 1,
    "55" : 1,
    "57" : 3,
    "58" : 1,
    "60" : 1,
    "62" : 1,
    "64" : 1,
    "70" : 1
  },
  "mean" : 12.06957454415445,
  "stdDev" : 7.281835060703932
}