{
  "distribution" : {
    "1" : 10,
    "2" : 77,
    "3" : 307,
    "4" : 561,
    "5" : 770,
    "6" : 932,
    "7" : 1026,
    "8" : 1039,
    "9" : 1005,
    "10" : 993,
    "11" : 942,
    "12" : 863,
    "13" : 771,
    "14" : 709,
    "15" : 645,
    "16" : 610,
    "17" : 547,
    "18" : 493,
    "19" : 384,
    "20" : 380,
    "21" : 389,
    "22" : 288,
    "23" : 291,
    "24" : 247,
    "25" : 227,
    "26" : 221,
    "27" : 188,
    "28" : 173,
    "29" : 122,
    "30" : 141,
    "31" : 126,
    "32" : 94,
    "33" : 117,
    "34" : 90,
    "35" : 83,
    "36" : 71,
    "37" : 66,
    "38" : 66,
    "39" : 54,
    "40" : 43,
    "41" : 39,
    "42" : 40,
    "43" : 36,
    "44" : 24,
    "45" : 23,
    "46" : 20,
    "47" : 20,
    "48" : 21,
    "49" : 17,
    "50" : 23,
    "51" : 13,
    "52" : 19,
    "53" : 7,
    "54" : 10,
    "55" : 8,
    "56" : 7,
    "57" : 11,
    "58" : 7,
    "59" : 4,
    "60" : 8,
    "61" : 5,
    "62" : 4,
    "63" : 4,
    "64" : 1,
    "65" : 2,
    "66" : 3,
    "67" : 5,
    "68" : 2,
    "69" : 2,
    "70" : 3,
    "71" : 3,
    "73" : 3,
    "77" : 1,
    "84" : 1,
    "91" : 1,
    "94" : 1
  },
  "mean" : 14.76079473398152,
  "stdDev" : 9.691040425112051
}