{
  "distribution" : {
    "1" : 1,
    "2" : 47,
    "3" : 184,
    "4" : 365,
    "5" : 567,
    "6" : 745,
    "7" : 821,
    "8" : 905,
    "9" : 882,
    "10" : 866,
    "11" : 901,
    "12" : 863,
    "13" : 734,
    "14" : 734,
    "15" : 674,
    "16" : 559,
    "17" : 554,
    "18" : 483,
    "19" : 422,
    "20" : 361,
    "21" : 362,
    "22" : 348,
    "23" : 279,
    "24" : 260,
    "25" : 220,
    "26" : 204,
    "27" : 203,
    "28" : 172,
    "29" : 158,
    "30" : 128,
    "31" : 119,
    "32" : 95,
    "33" : 98,
    "34" : 101,
    "35" : 89,
    "36" : 80,
    "37" : 60,
    "38" : 59,
    "39" : 40,
    "40" : 40,
    "41" : 35,
    "42" : 30,
    "43" : 31,
    "44" : 30,
    "45" : 25,
    "46" : 31,
    "47" : 22,
    "48" : 9,
    "49" : 18,
    "50" : 18,
    "51" : 12,
    "52" : 13,
    "53" : 10,
    "54" : 7,
    "55" : 13,
    "56" : 3,
    "57" : 5,
    "58" : 6,
    "59" : 2,
    "60" : 5,
    "61" : 3,
    "62" : 6,
    "63" : 2,
    "64" : 5,
    "65" : 4,
    "66" : 1,
    "67" : 1,
    "68" : 3,
    "69" : 3,
    "70" : 3,
    "71" : 2,
    "72" : 2,
    "73" : 2,
    "76" : 1,
    "77" : 4,
    "78" : 1,
    "80" : 1,
    "81" : 1,
    "82" : 1,
    "85" : 2,
    "87" : 1,
    "104" : 1,
    "105" : 1
  },
  "mean" : 15.491325285309058,
  "stdDev" : 9.731263724966768
}