{
  "distribution" : {
    "1" : 3,
    "2" : 62,
    "3" : 235,
    "4" : 472,
    "5" : 652,
    "6" : 753,
    "7" : 927,
    "8" : 1011,
    "9" : 1030,
    "10" : 973,
    "11" : 932,
    "12" : 840,
    "13" : 781,
    "14" : 730,
    "15" : 648,
    "16" : 594,
    "17" : 500,
    "18" : 489,
    "19" : 424,
    "20" : 402,
    "21" : 338,
    "22" : 285,
    "23" : 293,
    "24" : 253,
    "25" : 220,
    "26" : 193,
    "27" : 172,
    "28" : 174,
    "29" : 121,
    "30" : 127,
    "31" : 114,
    "32" : 110,
    "33" : 97,
    "34" : 93,
    "35" : 72,
    "36" : 66,
    "37" : 55,
    "38" : 48,
    "39" : 43,
    "40" : 34,
    "41" : 28,
    "42" : 36,
    "43" : 31,
    "44" : 30,
    "45" : 25,
    "46" : 12,
    "47" : 24,
    "48" : 15,
    "49" : 19,
    "50" : 19,
    "51" : 13,
    "52" : 7,
    "53" : 8,
    "54" : 13,
    "55" : 7,
    "56" : 10,
    "57" : 7,
    "58" : 4,
    "59" : 2,
    "60" : 9,
    "61" : 3,
    "62" : 1,
    "63" : 5,
    "64" : 3,
    "65" : 1,
    "66" : 3,
    "67" : 4,
    "68" : 1,
    "69" : 1,
    "70" : 1,
    "73" : 5,
    "74" : 1,
    "77" : 1,
    "78" : 1,
    "79" : 2,
    "83" : 2,
    "86" : 1,
    "91" : 1,
    "96" : 1,
    "99" : 1,
    "114" : 1
  },
  "mean" : 14.88985691573927,
  "stdDev" : 9.526393707248761
}