{
  "distribution" : {
    "2" : 11,
    "3" : 43,
    "4" : 158,
    "5" : 320,
    "6" : 424,
    "7" : 537,
    "8" : 653,
    "9" : 719,
    "10" : 660,
    "11" : 766,
    "12" : 725,
    "13" : 719,
    "14" : 626,
    "15" : 650,
    "16" : 582,
    "17" : 567,
    "18" : 527,
    "19" : 492,
    "20" : 434,
    "21" : 420,
    "22" : 349,
    "23" : 338,
    "24" : 275,
    "25" : 271,
    "26" : 264,
    "27" : 234,
    "28" : 207,
    "29" : 193,
    "30" : 191,
    "31" : 141,
    "32" : 145,
    "33" : 106,
    "34" : 119,
    "35" : 90,
    "36" : 97,
    "37" : 72,
    "38" : 89,
    "39" : 72,
    "40" : 64,
    "41" : 53,
    "42" : 70,
    "43" : 50,
    "44" : 47,
    "45" : 34,
    "46" : 33,
    "47" : 38,
    "48" : 29,
    "49" : 32,
    "50" : 24,
    "51" : 20,
    "52" : 16,
    "53" : 19,
    "54" : 13,
    "55" : 17,
    "56" : 13,
    "57" : 10,
    "58" : 9,
    "59" : 13,
    "60" : 4,
    "61" : 11,
    "62" : 10,
    "63" : 12,
    "64" : 5,
    "65" : 4,
    "66" : 5,
    "67" : 2,
    "68" : 5,
    "69" : 3,
    "70" : 2,
    "71" : 2,
    "72" : 4,
    "73" : 6,
    "74" : 4,
    "75" : 4,
    "76" : 2,
    "77" : 1,
    "78" : 2,
    "79" : 1,
    "80" : 1,
    "81" : 1,
    "86" : 2,
    "87" : 1,
    "89" : 1,
    "90" : 1,
    "92" : 2,
    "95" : 1,
    "114" : 1
  },
  "mean" : 18.10879199428163,
  "stdDev" : 10.928004826293845
}