{
  "distribution" : {
    "1" : 78,
    "2" : 404,
    "3" : 894,
    "4" : 1242,
    "5" : 1363,
    "6" : 1449,
    "7" : 1353,
    "8" : 1253,
    "9" : 1091,
    "10" : 1027,
    "11" : 867,
    "12" : 777,
    "13" : 687,
    "14" : 549,
    "15" : 516,
    "16" : 418,
    "17" : 391,
    "18" : 307,
    "19" : 255,
    "20" : 251,
    "21" : 214,
    "22" : 187,
    "23" : 146,
    "24" : 129,
    "25" : 111,
    "26" : 93,
    "27" : 75,
    "28" : 59,
    "29" : 53,
    "30" : 51,
    "31" : 49,
    "32" : 28,
    "33" : 35,
    "34" : 33,
    "35" : 22,
    "36" : 19,
    "37" : 15,
    "38" : 20,
    "39" : 15,
    "40" : 8,
    "41" : 9,
    "42" : 9,
    "43" : 5,
    "44" : 7,
    "45" : 4,
    "46" : 3,
    "47" : 3,
    "48" : 3,
    "50" : 3,
    "51" : 4,
    "52" : 3,
    "53" : 1,
    "56" : 2,
    "57" : 3,
    "64" : 1,
    "69" : 1
  },
  "mean" : 10.472431455257608,
  "stdDev" : 6.8828772238474025
}