{
  "distribution" : {
    "2" : 63,
    "3" : 309,
    "4" : 664,
    "5" : 890,
    "6" : 1063,
    "7" : 1124,
    "8" : 1161,
    "9" : 1087,
    "10" : 995,
    "11" : 910,
    "12" : 808,
    "13" : 743,
    "14" : 626,
    "15" : 568,
    "16" : 473,
    "17" : 455,
    "18" : 387,
    "19" : 321,
    "20" : 281,
    "21" : 244,
    "22" : 235,
    "23" : 201,
    "24" : 188,
    "25" : 153,
    "26" : 121,
    "27" : 104,
    "28" : 99,
    "29" : 90,
    "30" : 72,
    "31" : 86,
    "32" : 59,
    "33" : 63,
    "34" : 45,
    "35" : 33,
    "36" : 34,
    "37" : 23,
    "38" : 33,
    "39" : 25,
    "40" : 23,
    "41" : 14,
    "42" : 14,
    "43" : 13,
    "44" : 9,
    "45" : 5,
    "46" : 13,
    "47" : 12,
    "48" : 3,
    "49" : 6,
    "50" : 3,
    "51" : 2,
    "52" : 6,
    "53" : 2,
    "54" : 2,
    "55" : 6,
    "56" : 5,
    "57" : 4,
    "58" : 2,
    "59" : 1,
    "61" : 1,
    "62" : 1,
    "63" : 1,
    "64" : 1,
    "65" : 2,
    "66" : 1,
    "76" : 1,
    "78" : 1,
    "79" : 1,
    "92" : 1,
    "94" : 1
  },
  "mean" : 12.669445741345962,
  "stdDev" : 7.91464847135787
}