{
  "distribution" : {
    "2" : 37,
    "3" : 184,
    "4" : 377,
    "5" : 609,
    "6" : 798,
    "7" : 889,
    "8" : 933,
    "9" : 948,
    "10" : 878,
    "11" : 871,
    "12" : 861,
    "13" : 780,
    "14" : 724,
    "15" : 665,
    "16" : 561,
    "17" : 509,
    "18" : 472,
    "19" : 457,
    "20" : 376,
    "21" : 350,
    "22" : 334,
    "23" : 301,
    "24" : 263,
    "25" : 235,
    "26" : 184,
    "27" : 183,
    "28" : 161,
    "29" : 154,
    "30" : 140,
    "31" : 128,
    "32" : 96,
    "33" : 92,
    "34" : 67,
    "35" : 86,
    "36" : 73,
    "37" : 64,
    "38" : 53,
    "39" : 42,
    "40" : 33,
    "41" : 52,
    "42" : 24,
    "43" : 34,
    "44" : 36,
    "45" : 15,
    "46" : 23,
    "47" : 20,
    "48" : 18,
    "49" : 14,
    "50" : 12,
    "51" : 11,
    "52" : 14,
    "53" : 14,
    "54" : 10,
    "55" : 6,
    "56" : 10,
    "57" : 11,
    "58" : 8,
    "59" : 3,
    "60" : 8,
    "61" : 5,
    "62" : 10,
    "63" : 4,
    "64" : 3,
    "65" : 2,
    "66" : 1,
    "67" : 4,
    "68" : 4,
    "71" : 3,
    "74" : 4,
    "75" : 1,
    "76" : 1,
    "80" : 1,
    "83" : 1,
    "89" : 1,
    "104" : 1,
    "124" : 1
  },
  "mean" : 15.298867039979164,
  "stdDev" : 9.673023129268676
}