{
  "distribution" : {
    "0" : 1,
    "1" : 153,
    "2" : 672,
    "3" : 1163,
    "4" : 1588,
    "5" : 1664,
    "6" : 1611,
    "7" : 1485,
    "8" : 1341,
    "9" : 1238,
    "10" : 1035,
    "11" : 907,
    "12" : 751,
    "13" : 684,
    "14" : 531,
    "15" : 468,
    "16" : 373,
    "17" : 308,
    "18" : 289,
    "19" : 244,
    "20" : 205,
    "21" : 176,
    "22" : 154,
    "23" : 131,
    "24" : 102,
    "25" : 88,
    "26" : 74,
    "27" : 67,
    "28" : 72,
    "29" : 50,
    "30" : 60,
    "31" : 42,
    "32" : 30,
    "33" : 21,
    "34" : 32,
    "35" : 18,
    "36" : 10,
    "37" : 17,
    "38" : 9,
    "39" : 9,
    "40" : 8,
    "41" : 6,
    "42" : 6,
    "43" : 11,
    "44" : 7,
    "45" : 2,
    "46" : 4,
    "47" : 4,
    "48" : 4,
    "49" : 5,
    "50" : 3,
    "51" : 3,
    "52" : 1,
    "55" : 1,
    "58" : 1,
    "60" : 1,
    "62" : 1
  },
  "mean" : 9.620589710718466,
  "stdDev" : 6.5746309592074645
}