{
  "distribution" : {
    "1" : 84,
    "2" : 753,
    "3" : 1416,
    "4" : 1699,
    "5" : 1695,
    "6" : 1677,
    "7" : 1432,
    "8" : 1208,
    "9" : 975,
    "10" : 824,
    "11" : 662,
    "12" : 489,
    "13" : 426,
    "14" : 350,
    "15" : 304,
    "16" : 216,
    "17" : 192,
    "18" : 150,
    "19" : 96,
    "20" : 83,
    "21" : 79,
    "22" : 56,
    "23" : 47,
    "24" : 44,
    "25" : 34,
    "26" : 34,
    "27" : 10,
    "28" : 15,
    "29" : 16,
    "30" : 5,
    "31" : 11,
    "32" : 13,
    "33" : 7,
    "34" : 7,
    "35" : 6,
    "36" : 4,
    "37" : 2,
    "38" : 1,
    "39" : 2,
    "40" : 1,
    "41" : 1,
    "42" : 3,
    "47" : 1
  },
  "mean" : 7.866226040978189,
  "stdDev" : 4.9366349167027765
}