{
  "distribution" : {
    "0" : 62,
    "1" : 1574,
    "2" : 3033,
    "3" : 3082,
    "4" : 2743,
    "5" : 2215,
    "6" : 1596,
    "7" : 1287,
    "8" : 907,
    "9" : 705,
    "10" : 510,
    "11" : 385,
    "12" : 266,
    "13" : 223,
    "14" : 165,
    "15" : 112,
    "16" : 75,
    "17" : 62,
    "18" : 56,
    "19" : 42,
    "20" : 26,
    "21" : 20,
    "22" : 13,
    "23" : 7,
    "24" : 8,
    "25" : 5,
    "26" : 5,
    "27" : 4,
    "28" : 1,
    "29" : 1,
    "30" : 4,
    "31" : 3,
    "32" : 1,
    "33" : 1,
    "36" : 1,
    "38" : 1
  },
  "mean" : 5.049007864173741,
  "stdDev" : 3.5695681607383407
}