{
  "distribution" : {
    "1" : 107,
    "2" : 636,
    "3" : 1168,
    "4" : 1593,
    "5" : 1659,
    "6" : 1591,
    "7" : 1422,
    "8" : 1229,
    "9" : 1055,
    "10" : 901,
    "11" : 733,
    "12" : 576,
    "13" : 523,
    "14" : 440,
    "15" : 335,
    "16" : 302,
    "17" : 253,
    "18" : 183,
    "19" : 176,
    "20" : 124,
    "21" : 108,
    "22" : 99,
    "23" : 76,
    "24" : 71,
    "25" : 54,
    "26" : 41,
    "27" : 31,
    "28" : 43,
    "29" : 19,
    "30" : 17,
    "31" : 16,
    "32" : 15,
    "33" : 8,
    "34" : 8,
    "35" : 5,
    "36" : 2,
    "37" : 7,
    "38" : 4,
    "39" : 7,
    "41" : 5,
    "42" : 1,
    "43" : 3,
    "45" : 1,
    "46" : 1,
    "47" : 1,
    "49" : 1
  },
  "mean" : 8.62741214057508,
  "stdDev" : 5.506538443800787
}