{
  "distribution" : {
    "1" : 4,
    "2" : 40,
    "3" : 185,
    "4" : 340,
    "5" : 562,
    "6" : 753,
    "7" : 882,
    "8" : 909,
    "9" : 960,
    "10" : 851,
    "11" : 905,
    "12" : 829,
    "13" : 735,
    "14" : 669,
    "15" : 635,
    "16" : 612,
    "17" : 518,
    "18" : 489,
    "19" : 419,
    "20" : 412,
    "21" : 349,
    "22" : 333,
    "23" : 308,
    "24" : 277,
    "25" : 225,
    "26" : 185,
    "27" : 185,
    "28" : 169,
    "29" : 142,
    "30" : 109,
    "31" : 113,
    "32" : 101,
    "33" : 85,
    "34" : 73,
    "35" : 77,
    "36" : 62,
    "37" : 62,
    "38" : 74,
    "39" : 45,
    "40" : 55,
    "41" : 37,
    "42" : 26,
    "43" : 43,
    "44" : 23,
    "45" : 17,
    "46" : 20,
    "47" : 20,
    "48" : 23,
    "49" : 12,
    "50" : 20,
    "51" : 8,
    "52" : 10,
    "53" : 9,
    "54" : 6,
    "55" : 13,
    "56" : 7,
    "57" : 7,
    "58" : 5,
    "59" : 6,
    "60" : 2,
    "61" : 7,
    "62" : 4,
    "63" : 1,
    "65" : 5,
    "66" : 3,
    "68" : 2,
    "69" : 3,
    "70" : 2,
    "71" : 2,
    "72" : 2,
    "73" : 2,
    "78" : 2,
    "79" : 1,
    "80" : 1,
    "81" : 1,
    "82" : 1,
    "85" : 1,
    "86" : 1,
    "91" : 1,
    "94" : 1,
    "96" : 1,
    "100" : 1
  },
  "mean" : 15.35483870967742,
  "stdDev" : 9.62538971961079
}