{
  "distribution" : {
    "0" : 13,
    "1" : 546,
    "2" : 1472,
    "3" : 2055,
    "4" : 2193,
    "5" : 1986,
    "6" : 1750,
    "7" : 1559,
    "8" : 1306,
    "9" : 1068,
    "10" : 819,
    "11" : 684,
    "12" : 575,
    "13" : 405,
    "14" : 364,
    "15" : 273,
    "16" : 252,
    "17" : 195,
    "18" : 149,
    "19" : 144,
    "20" : 105,
    "21" : 82,
    "22" : 65,
    "23" : 56,
    "24" : 40,
    "25" : 50,
    "26" : 25,
    "27" : 32,
    "28" : 16,
    "29" : 12,
    "30" : 9,
    "31" : 8,
    "32" : 5,
    "33" : 4,
    "34" : 3,
    "35" : 4,
    "36" : 4,
    "37" : 2,
    "39" : 3,
    "40" : 3,
    "41" : 1,
    "42" : 2,
    "43" : 1,
    "45" : 2,
    "46" : 1,
    "48" : 1,
    "55" : 1,
    "57" : 1
  },
  "mean" : 7.232966314182928,
  "stdDev" : 4.998164296288102
}