{
  "distribution" : {
    "1" : 31,
    "2" : 303,
    "3" : 843,
    "4" : 1146,
    "5" : 1364,
    "6" : 1411,
    "7" : 1325,
    "8" : 1210,
    "9" : 990,
    "10" : 929,
    "11" : 878,
    "12" : 665,
    "13" : 578,
    "14" : 507,
    "15" : 373,
    "16" : 325,
    "17" : 305,
    "18" : 257,
    "19" : 230,
    "20" : 176,
    "21" : 131,
    "22" : 122,
    "23" : 112,
    "24" : 95,
    "25" : 53,
    "26" : 63,
    "27" : 50,
    "28" : 36,
    "29" : 36,
    "30" : 33,
    "31" : 31,
    "32" : 31,
    "33" : 20,
    "34" : 18,
    "35" : 16,
    "36" : 7,
    "37" : 13,
    "38" : 7,
    "39" : 3,
    "40" : 6,
    "41" : 2,
    "42" : 2,
    "43" : 3,
    "44" : 1,
    "45" : 3,
    "46" : 3,
    "48" : 1,
    "49" : 1,
    "56" : 1
  },
  "mean" : 9.798521632985217,
  "stdDev" : 6.070728191741026
}