{
  "distribution" : {
    "1" : 702,
    "2" : 1302,
    "3" : 1949,
    "4" : 1978,
    "5" : 1930,
    "6" : 1769,
    "7" : 1499,
    "8" : 1385,
    "9" : 1230,
    "10" : 1044,
    "11" : 887,
    "12" : 793,
    "13" : 637,
    "14" : 536,
    "15" : 462,
    "16" : 406,
    "17" : 329,
    "18" : 271,
    "19" : 265,
    "20" : 209,
    "21" : 152,
    "22" : 137,
    "23" : 132,
    "24" : 90,
    "25" : 83,
    "26" : 92,
    "27" : 64,
    "28" : 53,
    "29" : 42,
    "30" : 47,
    "31" : 39,
    "32" : 29,
    "33" : 25,
    "34" : 27,
    "35" : 25,
    "36" : 12,
    "37" : 11,
    "38" : 6,
    "39" : 4,
    "40" : 6,
    "41" : 6,
    "42" : 4,
    "43" : 5,
    "44" : 3,
    "45" : 1,
    "46" : 2,
    "47" : 2,
    "48" : 4,
    "49" : 1,
    "51" : 1,
    "52" : 1,
    "53" : 2,
    "62" : 1,
    "73" : 1
  },
  "mean" : 8.606098680713284,
  "stdDev" : 6.316130176252557
}