{
  "distribution" : {
    "1" : 255,
    "2" : 1033,
    "3" : 1643,
    "4" : 1803,
    "5" : 1824,
    "6" : 1685,
    "7" : 1413,
    "8" : 1314,
    "9" : 1049,
    "10" : 827,
    "11" : 692,
    "12" : 561,
    "13" : 475,
    "14" : 420,
    "15" : 324,
    "16" : 274,
    "17" : 214,
    "18" : 177,
    "19" : 152,
    "20" : 103,
    "21" : 108,
    "22" : 91,
    "23" : 71,
    "24" : 47,
    "25" : 42,
    "26" : 46,
    "27" : 29,
    "28" : 21,
    "29" : 13,
    "30" : 15,
    "31" : 8,
    "32" : 12,
    "33" : 7,
    "34" : 9,
    "35" : 3,
    "36" : 5,
    "37" : 2,
    "38" : 2,
    "39" : 2,
    "40" : 2,
    "41" : 2,
    "43" : 1,
    "44" : 1,
    "46" : 1,
    "52" : 1
  },
  "mean" : 7.910185350736039,
  "stdDev" : 5.227598810803208
}