{
  "distribution" : {
    "0" : 4,
    "1" : 371,
    "2" : 1296,
    "3" : 2073,
    "4" : 2130,
    "5" : 1848,
    "6" : 1707,
    "7" : 1417,
    "8" : 1100,
    "9" : 937,
    "10" : 788,
    "11" : 648,
    "12" : 513,
    "13" : 360,
    "14" : 275,
    "15" : 190,
    "16" : 160,
    "17" : 137,
    "18" : 112,
    "19" : 90,
    "20" : 87,
    "21" : 60,
    "22" : 42,
    "23" : 37,
    "24" : 35,
    "25" : 25,
    "26" : 22,
    "27" : 13,
    "28" : 7,
    "29" : 6,
    "30" : 4,
    "31" : 3,
    "32" : 4,
    "33" : 6,
    "34" : 2,
    "35" : 3,
    "36" : 2,
    "37" : 2,
    "39" : 1,
    "40" : 1,
    "48" : 1
  },
  "mean" : 6.901931109631334,
  "stdDev" : 4.525887975703355
}