{
  "distribution" : {
    "2" : 24,
    "3" : 117,
    "4" : 319,
    "5" : 460,
    "6" : 628,
    "7" : 724,
    "8" : 809,
    "9" : 791,
    "10" : 784,
    "11" : 825,
    "12" : 808,
    "13" : 748,
    "14" : 660,
    "15" : 650,
    "16" : 592,
    "17" : 545,
    "18" : 482,
    "19" : 471,
    "20" : 419,
    "21" : 406,
    "22" : 349,
    "23" : 290,
    "24" : 311,
    "25" : 248,
    "26" : 240,
    "27" : 223,
    "28" : 198,
    "29" : 184,
    "30" : 163,
    "31" : 128,
    "32" : 129,
    "33" : 110,
    "34" : 83,
    "35" : 92,
    "36" : 70,
    "37" : 74,
    "38" : 64,
    "39" : 69,
    "40" : 62,
    "41" : 54,
    "42" : 47,
    "43" : 30,
    "44" : 37,
    "45" : 29,
    "46" : 34,
    "47" : 24,
    "48" : 21,
    "49" : 24,
    "50" : 21,
    "51" : 15,
    "52" : 17,
    "53" : 18,
    "54" : 10,
    "55" : 7,
    "56" : 9,
    "57" : 12,
    "58" : 7,
    "59" : 8,
    "60" : 4,
    "61" : 4,
    "62" : 3,
    "64" : 8,
    "65" : 5,
    "66" : 6,
    "67" : 5,
    "68" : 5,
    "69" : 1,
    "70" : 3,
    "71" : 2,
    "72" : 2,
    "74" : 1,
    "75" : 1,
    "76" : 1,
    "77" : 4,
    "78" : 4,
    "81" : 1,
    "83" : 2,
    "84" : 1,
    "87" : 1,
    "89" : 1,
    "90" : 1,
    "92" : 1,
    "109" : 1
  },
  "mean" : 16.601576713159492,
  "stdDev" : 10.318202594998613
}