{
  "distribution" : {
    "1" : 1,
    "2" : 24,
    "3" : 116,
    "4" : 269,
    "5" : 471,
    "6" : 620,
    "7" : 757,
    "8" : 837,
    "9" : 781,
    "10" : 828,
    "11" : 790,
    "12" : 774,
    "13" : 796,
    "14" : 643,
    "15" : 630,
    "16" : 572,
    "17" : 531,
    "18" : 458,
    "19" : 435,
    "20" : 359,
    "21" : 374,
    "22" : 321,
    "23" : 284,
    "24" : 260,
    "25" : 220,
    "26" : 202,
    "27" : 197,
    "28" : 183,
    "29" : 145,
    "30" : 155,
    "31" : 115,
    "32" : 114,
    "33" : 111,
    "34" : 101,
    "35" : 82,
    "36" : 70,
    "37" : 65,
    "38" : 62,
    "39" : 61,
    "40" : 50,
    "41" : 52,
    "42" : 37,
    "43" : 26,
    "44" : 32,
    "45" : 30,
    "46" : 25,
    "47" : 26,
    "48" : 17,
    "49" : 16,
    "50" : 21,
    "51" : 14,
    "52" : 8,
    "53" : 9,
    "54" : 14,
    "55" : 5,
    "56" : 7,
    "57" : 13,
    "58" : 4,
    "59" : 4,
    "60" : 8,
    "61" : 4,
    "62" : 4,
    "63" : 6,
    "64" : 2,
    "65" : 2,
    "66" : 4,
    "67" : 3,
    "70" : 1,
    "71" : 1,
    "74" : 1,
    "77" : 1,
    "79" : 2,
    "80" : 1,
    "82" : 1,
    "84" : 1,
    "104" : 1
  },
  "mean" : 16.105137730426858,
  "stdDev" : 9.814608048785951
}