{
  "distribution" : {
    "1" : 27,
    "2" : 298,
    "3" : 703,
    "4" : 1011,
    "5" : 1217,
    "6" : 1268,
    "7" : 1318,
    "8" : 1199,
    "9" : 1127,
    "10" : 1050,
    "11" : 904,
    "12" : 803,
    "13" : 751,
    "14" : 639,
    "15" : 560,
    "16" : 476,
    "17" : 416,
    "18" : 395,
    "19" : 318,
    "20" : 276,
    "21" : 246,
    "22" : 235,
    "23" : 181,
    "24" : 189,
    "25" : 116,
    "26" : 128,
    "27" : 99,
    "28" : 89,
    "29" : 75,
    "30" : 59,
    "31" : 49,
    "32" : 48,
    "33" : 36,
    "34" : 36,
    "35" : 34,
    "36" : 36,
    "37" : 35,
    "38" : 21,
    "39" : 24,
    "40" : 25,
    "41" : 14,
    "42" : 12,
    "43" : 5,
    "44" : 8,
    "45" : 7,
    "46" : 8,
    "47" : 8,
    "48" : 4,
    "49" : 3,
    "50" : 5,
    "51" : 8,
    "52" : 3,
    "53" : 5,
    "54" : 4,
    "55" : 1,
    "58" : 1,
    "59" : 1,
    "60" : 3,
    "61" : 2,
    "62" : 1,
    "63" : 1,
    "64" : 2,
    "70" : 2,
    "73" : 2
  },
  "mean" : 11.528537920250196,
  "stdDev" : 7.5845655824835125
}