{
  "distribution" : {
    "1" : 84,
    "2" : 748,
    "3" : 1382,
    "4" : 1743,
    "5" : 1782,
    "6" : 1591,
    "7" : 1541,
    "8" : 1293,
    "9" : 1088,
    "10" : 870,
    "11" : 771,
    "12" : 659,
    "13" : 521,
    "14" : 464,
    "15" : 394,
    "16" : 304,
    "17" : 291,
    "18" : 223,
    "19" : 183,
    "20" : 170,
    "21" : 112,
    "22" : 122,
    "23" : 92,
    "24" : 87,
    "25" : 63,
    "26" : 48,
    "27" : 35,
    "28" : 41,
    "29" : 27,
    "30" : 23,
    "31" : 33,
    "32" : 17,
    "33" : 8,
    "34" : 12,
    "35" : 8,
    "36" : 7,
    "37" : 3,
    "38" : 9,
    "39" : 4,
    "40" : 6,
    "41" : 6,
    "42" : 3,
    "43" : 2,
    "45" : 1,
    "46" : 2,
    "48" : 2,
    "51" : 1,
    "53" : 1,
    "55" : 1,
    "57" : 1
  },
  "mean" : 8.721073523312992,
  "stdDev" : 5.780757672600569
}