{
  "distribution" : {
    "2" : 5,
    "3" : 58,
    "4" : 191,
    "5" : 337,
    "6" : 509,
    "7" : 623,
    "8" : 752,
    "9" : 767,
    "10" : 794,
    "11" : 816,
    "12" : 767,
    "13" : 678,
    "14" : 687,
    "15" : 626,
    "16" : 559,
    "17" : 538,
    "18" : 498,
    "19" : 455,
    "20" : 412,
    "21" : 412,
    "22" : 365,
    "23" : 303,
    "24" : 256,
    "25" : 286,
    "26" : 217,
    "27" : 180,
    "28" : 168,
    "29" : 140,
    "30" : 150,
    "31" : 135,
    "32" : 99,
    "33" : 102,
    "34" : 98,
    "35" : 78,
    "36" : 72,
    "37" : 75,
    "38" : 57,
    "39" : 57,
    "40" : 46,
    "41" : 57,
    "42" : 40,
    "43" : 36,
    "44" : 34,
    "45" : 26,
    "46" : 29,
    "47" : 32,
    "48" : 23,
    "49" : 30,
    "50" : 16,
    "51" : 16,
    "52" : 18,
    "53" : 18,
    "54" : 9,
    "55" : 7,
    "56" : 7,
    "57" : 4,
    "58" : 10,
    "59" : 7,
    "60" : 5,
    "61" : 5,
    "62" : 5,
    "63" : 4,
    "64" : 4,
    "65" : 5,
    "67" : 3,
    "68" : 4,
    "69" : 3,
    "70" : 3,
    "71" : 4,
    "72" : 2,
    "74" : 2,
    "75" : 2,
    "76" : 2,
    "79" : 1,
    "80" : 1,
    "81" : 1,
    "85" : 1,
    "88" : 1,
    "96" : 2,
    "103" : 1,
    "106" : 1
  },
  "mean" : 16.889233879702505,
  "stdDev" : 10.140000939943945
}