{
  "distribution" : {
    "1" : 4,
    "2" : 65,
    "3" : 250,
    "4" : 501,
    "5" : 729,
    "6" : 925,
    "7" : 973,
    "8" : 1017,
    "9" : 1001,
    "10" : 929,
    "11" : 864,
    "12" : 810,
    "13" : 780,
    "14" : 646,
    "15" : 579,
    "16" : 550,
    "17" : 454,
    "18" : 456,
    "19" : 368,
    "20" : 351,
    "21" : 292,
    "22" : 284,
    "23" : 241,
    "24" : 233,
    "25" : 187,
    "26" : 146,
    "27" : 120,
    "28" : 121,
    "29" : 94,
    "30" : 106,
    "31" : 76,
    "32" : 82,
    "33" : 69,
    "34" : 63,
    "35" : 48,
    "36" : 57,
    "37" : 34,
    "38" : 44,
    "39" : 33,
    "40" : 35,
    "41" : 26,
    "42" : 15,
    "43" : 16,
    "44" : 22,
    "45" : 11,
    "46" : 18,
    "47" : 15,
    "48" : 10,
    "49" : 9,
    "50" : 10,
    "51" : 5,
    "52" : 9,
    "53" : 7,
    "54" : 4,
    "55" : 2,
    "56" : 1,
    "57" : 2,
    "58" : 4,
    "59" : 2,
    "61" : 1,
    "62" : 6,
    "63" : 5,
    "64" : 1,
    "66" : 3,
    "67" : 1,
    "68" : 1,
    "75" : 1,
    "77" : 1,
    "80" : 1,
    "84" : 1
  },
  "mean" : 13.801173534767653,
  "stdDev" : 8.57415365257619
}