{
  "distribution" : {
    "0" : 34,
    "1" : 809,
    "2" : 1788,
    "3" : 2297,
    "4" : 2328,
    "5" : 2188,
    "6" : 1917,
    "7" : 1547,
    "8" : 1280,
    "9" : 1045,
    "10" : 873,
    "11" : 678,
    "12" : 542,
    "13" : 414,
    "14" : 389,
    "15" : 290,
    "16" : 238,
    "17" : 199,
    "18" : 149,
    "19" : 123,
    "20" : 119,
    "21" : 89,
    "22" : 51,
    "23" : 60,
    "24" : 46,
    "25" : 29,
    "26" : 26,
    "27" : 21,
    "28" : 17,
    "29" : 23,
    "30" : 12,
    "31" : 12,
    "32" : 10,
    "33" : 5,
    "34" : 6,
    "35" : 7,
    "36" : 2,
    "37" : 3,
    "38" : 3,
    "39" : 4,
    "40" : 2,
    "41" : 1,
    "42" : 1,
    "45" : 1,
    "46" : 3,
    "50" : 1
  },
  "mean" : 6.96397723808556,
  "stdDev" : 4.984705329737958
}