{
  "distribution" : {
    "0" : 33,
    "1" : 808,
    "2" : 1977,
    "3" : 2415,
    "4" : 2436,
    "5" : 2094,
    "6" : 1800,
    "7" : 1389,
    "8" : 1160,
    "9" : 886,
    "10" : 729,
    "11" : 592,
    "12" : 473,
    "13" : 331,
    "14" : 307,
    "15" : 214,
    "16" : 203,
    "17" : 143,
    "18" : 115,
    "19" : 83,
    "20" : 82,
    "21" : 51,
    "22" : 50,
    "23" : 30,
    "24" : 25,
    "25" : 28,
    "26" : 17,
    "27" : 13,
    "28" : 10,
    "29" : 7,
    "30" : 2,
    "31" : 3,
    "32" : 4,
    "34" : 3,
    "36" : 1,
    "37" : 2,
    "38" : 1,
    "39" : 1
  },
  "mean" : 6.386218814126796,
  "stdDev" : 4.433908353448821
}