{
  "distribution" : {
    "1" : 10,
    "2" : 244,
    "3" : 658,
    "4" : 994,
    "5" : 1229,
    "6" : 1299,
    "7" : 1290,
    "8" : 1163,
    "9" : 1095,
    "10" : 963,
    "11" : 814,
    "12" : 728,
    "13" : 634,
    "14" : 554,
    "15" : 490,
    "16" : 399,
    "17" : 359,
    "18" : 294,
    "19" : 265,
    "20" : 201,
    "21" : 194,
    "22" : 146,
    "23" : 122,
    "24" : 127,
    "25" : 82,
    "26" : 68,
    "27" : 70,
    "28" : 68,
    "29" : 58,
    "30" : 40,
    "31" : 38,
    "32" : 26,
    "33" : 28,
    "34" : 16,
    "35" : 23,
    "36" : 15,
    "37" : 8,
    "38" : 11,
    "39" : 7,
    "40" : 9,
    "41" : 8,
    "42" : 5,
    "43" : 8,
    "44" : 1,
    "45" : 1,
    "46" : 6,
    "47" : 4,
    "48" : 1,
    "49" : 1,
    "50" : 2,
    "51" : 1,
    "52" : 3,
    "53" : 1,
    "54" : 1,
    "55" : 1,
    "56" : 1,
    "59" : 2,
    "61" : 1,
    "73" : 1
  },
  "mean" : 10.625403009134875,
  "stdDev" : 6.614650555672961
}