{
  "distribution" : {
    "129" : 1,
    "3" : 4,
    "4" : 70,
    "5" : 188,
    "6" : 275,
    "7" : 435,
    "8" : 566,
    "9" : 654,
    "10" : 699,
    "11" : 700,
    "12" : 734,
    "13" : 673,
    "14" : 620,
    "15" : 559,
    "16" : 503,
    "17" : 530,
    "18" : 504,
    "19" : 458,
    "20" : 403,
    "21" : 347,
    "22" : 352,
    "23" : 297,
    "24" : 273,
    "25" : 268,
    "26" : 215,
    "27" : 174,
    "28" : 162,
    "29" : 159,
    "30" : 128,
    "31" : 143,
    "32" : 109,
    "33" : 97,
    "34" : 90,
    "35" : 81,
    "36" : 68,
    "37" : 57,
    "38" : 61,
    "39" : 51,
    "40" : 49,
    "41" : 45,
    "42" : 33,
    "43" : 31,
    "44" : 31,
    "45" : 31,
    "46" : 25,
    "47" : 18,
    "48" : 21,
    "49" : 13,
    "50" : 11,
    "51" : 15,
    "52" : 18,
    "53" : 20,
    "54" : 9,
    "55" : 10,
    "56" : 11,
    "57" : 8,
    "58" : 5,
    "59" : 5,
    "60" : 3,
    "61" : 5,
    "62" : 5,
    "63" : 1,
    "64" : 4,
    "65" : 4,
    "67" : 2,
    "68" : 3,
    "69" : 1,
    "70" : 2,
    "71" : 3,
    "73" : 2,
    "75" : 1,
    "76" : 3,
    "77" : 3,
    "78" : 2,
    "80" : 2,
    "81" : 1,
    "83" : 1,
    "84" : 1,
    "86" : 2,
    "98" : 1
  },
  "mean" : 17.71057605390747,
  "stdDev" : 9.968015289009552
}