{
  "distribution" : {
    "1" : 30,
    "2" : 213,
    "3" : 488,
    "4" : 757,
    "5" : 951,
    "6" : 1065,
    "7" : 1141,
    "8" : 1136,
    "9" : 1071,
    "10" : 953,
    "11" : 940,
    "12" : 843,
    "13" : 767,
    "14" : 667,
    "15" : 634,
    "16" : 512,
    "17" : 494,
    "18" : 411,
    "19" : 390,
    "20" : 324,
    "21" : 336,
    "22" : 274,
    "23" : 252,
    "24" : 186,
    "25" : 167,
    "26" : 149,
    "27" : 134,
    "28" : 122,
    "29" : 139,
    "30" : 104,
    "31" : 76,
    "32" : 57,
    "33" : 71,
    "34" : 50,
    "35" : 40,
    "36" : 39,
    "37" : 46,
    "38" : 27,
    "39" : 38,
    "40" : 20,
    "41" : 33,
    "42" : 15,
    "43" : 23,
    "44" : 10,
    "45" : 19,
    "46" : 8,
    "47" : 8,
    "48" : 14,
    "49" : 10,
    "50" : 7,
    "51" : 11,
    "52" : 8,
    "53" : 3,
    "54" : 6,
    "55" : 7,
    "56" : 1,
    "57" : 1,
    "58" : 6,
    "59" : 4,
    "60" : 2,
    "61" : 1,
    "62" : 2,
    "63" : 1,
    "65" : 1,
    "66" : 2,
    "67" : 1,
    "70" : 1,
    "71" : 1,
    "72" : 1,
    "89" : 1,
    "91" : 1
  },
  "mean" : 12.938491698829871,
  "stdDev" : 8.433810875906229
}