{
  "distribution" : {
    "0" : 6,
    "1" : 921,
    "2" : 2199,
    "3" : 2760,
    "4" : 2426,
    "5" : 2068,
    "6" : 1560,
    "7" : 1250,
    "8" : 971,
    "9" : 719,
    "10" : 557,
    "11" : 444,
    "12" : 321,
    "13" : 191,
    "14" : 144,
    "15" : 132,
    "16" : 94,
    "17" : 76,
    "18" : 45,
    "19" : 36,
    "20" : 22,
    "21" : 22,
    "22" : 13,
    "23" : 10,
    "24" : 12,
    "25" : 2,
    "26" : 6,
    "27" : 4,
    "28" : 4,
    "29" : 4,
    "30" : 2,
    "31" : 1,
    "32" : 3,
    "33" : 2
  },
  "mean" : 5.495272214717801,
  "stdDev" : 3.658353832960612
}