{
  "distribution" : {
    "1" : 51,
    "2" : 370,
    "3" : 776,
    "4" : 1158,
    "5" : 1319,
    "6" : 1325,
    "7" : 1330,
    "8" : 1297,
    "9" : 1165,
    "10" : 944,
    "11" : 926,
    "12" : 817,
    "13" : 694,
    "14" : 639,
    "15" : 524,
    "16" : 459,
    "17" : 398,
    "18" : 331,
    "19" : 285,
    "20" : 238,
    "21" : 215,
    "22" : 187,
    "23" : 162,
    "24" : 141,
    "25" : 121,
    "26" : 99,
    "27" : 103,
    "28" : 98,
    "29" : 73,
    "30" : 64,
    "31" : 56,
    "32" : 41,
    "33" : 38,
    "34" : 32,
    "35" : 28,
    "36" : 25,
    "37" : 20,
    "38" : 17,
    "39" : 17,
    "40" : 15,
    "41" : 9,
    "42" : 7,
    "43" : 8,
    "44" : 9,
    "45" : 12,
    "46" : 9,
    "47" : 5,
    "48" : 4,
    "49" : 2,
    "50" : 2,
    "51" : 4,
    "52" : 1,
    "53" : 2,
    "54" : 1,
    "55" : 4,
    "56" : 1,
    "59" : 1,
    "60" : 1,
    "67" : 1,
    "68" : 1,
    "72" : 1
  },
  "mean" : 10.956482647005934,
  "stdDev" : 7.220184471701717
}