{
  "distribution" : {
    "1" : 330,
    "2" : 949,
    "3" : 1480,
    "4" : 1739,
    "5" : 1806,
    "6" : 1767,
    "7" : 1498,
    "8" : 1301,
    "9" : 1198,
    "10" : 977,
    "11" : 785,
    "12" : 647,
    "13" : 595,
    "14" : 462,
    "15" : 423,
    "16" : 316,
    "17" : 261,
    "18" : 214,
    "19" : 212,
    "20" : 145,
    "21" : 156,
    "22" : 130,
    "23" : 83,
    "24" : 82,
    "25" : 64,
    "26" : 61,
    "27" : 52,
    "28" : 36,
    "29" : 34,
    "30" : 32,
    "31" : 28,
    "32" : 18,
    "33" : 9,
    "34" : 12,
    "35" : 16,
    "36" : 4,
    "37" : 11,
    "38" : 6,
    "39" : 6,
    "40" : 6,
    "41" : 1,
    "43" : 4,
    "44" : 3,
    "45" : 2,
    "46" : 1,
    "47" : 1,
    "48" : 2,
    "51" : 1,
    "52" : 1,
    "60" : 1,
    "61" : 1
  },
  "mean" : 8.586398797929768,
  "stdDev" : 5.8724292222463115
}