{
  "distribution" : {
    "2" : 9,
    "3" : 65,
    "4" : 180,
    "5" : 330,
    "6" : 456,
    "7" : 577,
    "8" : 675,
    "9" : 680,
    "10" : 683,
    "11" : 749,
    "12" : 738,
    "13" : 671,
    "14" : 667,
    "15" : 614,
    "16" : 628,
    "17" : 546,
    "18" : 498,
    "19" : 482,
    "20" : 460,
    "21" : 442,
    "22" : 329,
    "23" : 346,
    "24" : 337,
    "25" : 283,
    "26" : 258,
    "27" : 246,
    "28" : 211,
    "29" : 201,
    "30" : 181,
    "31" : 146,
    "32" : 136,
    "33" : 144,
    "34" : 120,
    "35" : 113,
    "36" : 102,
    "37" : 96,
    "38" : 76,
    "39" : 73,
    "40" : 67,
    "41" : 74,
    "42" : 55,
    "43" : 52,
    "44" : 52,
    "45" : 44,
    "46" : 43,
    "47" : 29,
    "48" : 30,
    "49" : 29,
    "50" : 22,
    "51" : 22,
    "52" : 17,
    "53" : 20,
    "54" : 18,
    "55" : 11,
    "56" : 19,
    "57" : 11,
    "58" : 10,
    "59" : 13,
    "60" : 11,
    "61" : 7,
    "62" : 9,
    "63" : 9,
    "64" : 12,
    "65" : 3,
    "66" : 6,
    "67" : 3,
    "68" : 4,
    "69" : 3,
    "70" : 5,
    "71" : 3,
    "72" : 4,
    "73" : 3,
    "74" : 3,
    "75" : 3,
    "77" : 2,
    "78" : 3,
    "79" : 4,
    "80" : 1,
    "81" : 3,
    "82" : 3,
    "84" : 1,
    "88" : 1,
    "90" : 1,
    "92" : 1,
    "96" : 1,
    "102" : 1,
    "108" : 1
  },
  "mean" : 18.235993565083582,
  "stdDev" : 11.124894313335785
}