{
  "distribution" : {
    "1" : 14,
    "2" : 223,
    "3" : 552,
    "4" : 936,
    "5" : 1126,
    "6" : 1212,
    "7" : 1208,
    "8" : 1212,
    "9" : 1084,
    "10" : 980,
    "11" : 931,
    "12" : 785,
    "13" : 698,
    "14" : 618,
    "15" : 511,
    "16" : 476,
    "17" : 441,
    "18" : 358,
    "19" : 283,
    "20" : 274,
    "21" : 240,
    "22" : 233,
    "23" : 161,
    "24" : 154,
    "25" : 145,
    "26" : 131,
    "27" : 115,
    "28" : 93,
    "29" : 82,
    "30" : 68,
    "31" : 50,
    "32" : 52,
    "33" : 51,
    "34" : 31,
    "35" : 25,
    "36" : 27,
    "37" : 23,
    "38" : 23,
    "39" : 23,
    "40" : 17,
    "41" : 15,
    "42" : 16,
    "43" : 12,
    "44" : 11,
    "45" : 7,
    "46" : 11,
    "47" : 8,
    "48" : 5,
    "49" : 2,
    "50" : 4,
    "51" : 3,
    "52" : 1,
    "53" : 3,
    "54" : 1,
    "55" : 6,
    "56" : 1,
    "57" : 1,
    "60" : 1,
    "63" : 1,
    "65" : 1,
    "66" : 1
  },
  "mean" : 11.719338277239018,
  "stdDev" : 7.510148770294317
}