{
  "distribution" : {
    "1" : 9,
    "2" : 208,
    "3" : 521,
    "4" : 799,
    "5" : 983,
    "6" : 1169,
    "7" : 1134,
    "8" : 1182,
    "9" : 1088,
    "10" : 1054,
    "11" : 1009,
    "12" : 858,
    "13" : 764,
    "14" : 737,
    "15" : 663,
    "16" : 589,
    "17" : 499,
    "18" : 441,
    "19" : 436,
    "20" : 388,
    "21" : 343,
    "22" : 271,
    "23" : 269,
    "24" : 245,
    "25" : 224,
    "26" : 180,
    "27" : 169,
    "28" : 144,
    "29" : 139,
    "30" : 104,
    "31" : 110,
    "32" : 105,
    "33" : 85,
    "34" : 82,
    "35" : 61,
    "36" : 70,
    "37" : 45,
    "38" : 44,
    "39" : 43,
    "40" : 38,
    "41" : 35,
    "42" : 23,
    "43" : 28,
    "44" : 29,
    "45" : 27,
    "46" : 16,
    "47" : 26,
    "48" : 13,
    "49" : 17,
    "50" : 12,
    "51" : 9,
    "52" : 15,
    "53" : 6,
    "54" : 6,
    "55" : 4,
    "56" : 8,
    "57" : 6,
    "58" : 1,
    "59" : 3,
    "60" : 4,
    "61" : 7,
    "62" : 6,
    "63" : 6,
    "64" : 5,
    "65" : 3,
    "67" : 2,
    "69" : 1,
    "71" : 1,
    "72" : 2,
    "74" : 1,
    "77" : 2,
    "78" : 1,
    "79" : 1,
    "82" : 1,
    "94" : 1
  },
  "mean" : 13.572093023255814,
  "stdDev" : 9.194422361524962
}