{
  "distribution" : {
    "1" : 77,
    "2" : 595,
    "3" : 1256,
    "4" : 1601,
    "5" : 1702,
    "6" : 1664,
    "7" : 1486,
    "8" : 1348,
    "9" : 1132,
    "10" : 968,
    "11" : 801,
    "12" : 693,
    "13" : 605,
    "14" : 502,
    "15" : 437,
    "16" : 353,
    "17" : 280,
    "18" : 228,
    "19" : 220,
    "20" : 183,
    "21" : 131,
    "22" : 123,
    "23" : 120,
    "24" : 72,
    "25" : 68,
    "26" : 66,
    "27" : 47,
    "28" : 50,
    "29" : 37,
    "30" : 34,
    "31" : 40,
    "32" : 27,
    "33" : 16,
    "34" : 18,
    "35" : 20,
    "36" : 12,
    "37" : 10,
    "38" : 13,
    "39" : 6,
    "40" : 10,
    "41" : 7,
    "42" : 4,
    "43" : 5,
    "44" : 2,
    "46" : 2,
    "47" : 1,
    "48" : 2,
    "50" : 1,
    "51" : 2,
    "53" : 1,
    "64" : 2
  },
  "mean" : 9.205913348946137,
  "stdDev" : 6.13849948065348
}