{
  "distribution" : {
    "1" : 675,
    "2" : 1738,
    "3" : 2282,
    "4" : 2304,
    "5" : 2083,
    "6" : 1746,
    "7" : 1374,
    "8" : 1108,
    "9" : 973,
    "10" : 743,
    "11" : 570,
    "12" : 422,
    "13" : 372,
    "14" : 295,
    "15" : 230,
    "16" : 190,
    "17" : 130,
    "18" : 106,
    "19" : 83,
    "20" : 73,
    "21" : 57,
    "22" : 49,
    "23" : 25,
    "24" : 23,
    "25" : 22,
    "26" : 17,
    "27" : 13,
    "28" : 13,
    "29" : 7,
    "30" : 4,
    "31" : 4,
    "32" : 3,
    "33" : 2,
    "34" : 3,
    "35" : 1,
    "36" : 1,
    "37" : 2,
    "38" : 1,
    "43" : 1
  },
  "mean" : 6.523753169907016,
  "stdDev" : 4.433827653647072
}