{
  "distribution" : {
    "2" : 14,
    "3" : 118,
    "4" : 274,
    "5" : 468,
    "6" : 647,
    "7" : 774,
    "8" : 843,
    "9" : 836,
    "10" : 830,
    "11" : 852,
    "12" : 743,
    "13" : 712,
    "14" : 705,
    "15" : 635,
    "16" : 563,
    "17" : 531,
    "18" : 471,
    "19" : 423,
    "20" : 404,
    "21" : 351,
    "22" : 343,
    "23" : 265,
    "24" : 271,
    "25" : 235,
    "26" : 202,
    "27" : 188,
    "28" : 185,
    "29" : 138,
    "30" : 154,
    "31" : 126,
    "32" : 112,
    "33" : 123,
    "34" : 75,
    "35" : 87,
    "36" : 74,
    "37" : 71,
    "38" : 63,
    "39" : 53,
    "40" : 47,
    "41" : 33,
    "42" : 39,
    "43" : 33,
    "44" : 24,
    "45" : 30,
    "46" : 21,
    "47" : 29,
    "48" : 20,
    "49" : 17,
    "50" : 8,
    "51" : 10,
    "52" : 16,
    "53" : 9,
    "54" : 9,
    "55" : 7,
    "56" : 8,
    "57" : 9,
    "58" : 8,
    "59" : 6,
    "60" : 9,
    "61" : 1,
    "62" : 7,
    "63" : 5,
    "64" : 1,
    "65" : 1,
    "66" : 1,
    "67" : 3,
    "68" : 3,
    "69" : 2,
    "70" : 2,
    "71" : 2,
    "72" : 1,
    "73" : 2,
    "74" : 2,
    "75" : 1,
    "76" : 1,
    "77" : 1,
    "78" : 1,
    "79" : 1,
    "82" : 1,
    "83" : 1,
    "86" : 2
  },
  "mean" : 16.036753977628013,
  "stdDev" : 9.816201246752627
}