{
  "distribution" : {
    "2" : 2,
    "3" : 26,
    "4" : 115,
    "5" : 227,
    "6" : 358,
    "7" : 503,
    "8" : 572,
    "9" : 676,
    "10" : 711,
    "11" : 729,
    "12" : 751,
    "13" : 681,
    "14" : 693,
    "15" : 641,
    "16" : 548,
    "17" : 509,
    "18" : 499,
    "19" : 410,
    "20" : 417,
    "21" : 405,
    "22" : 341,
    "23" : 277,
    "24" : 265,
    "25" : 248,
    "26" : 220,
    "27" : 172,
    "28" : 181,
    "29" : 158,
    "30" : 147,
    "31" : 134,
    "32" : 127,
    "33" : 95,
    "34" : 96,
    "35" : 80,
    "36" : 81,
    "37" : 75,
    "38" : 53,
    "39" : 54,
    "40" : 52,
    "41" : 38,
    "42" : 48,
    "43" : 33,
    "44" : 30,
    "45" : 29,
    "46" : 30,
    "47" : 18,
    "48" : 22,
    "49" : 18,
    "50" : 18,
    "51" : 8,
    "52" : 16,
    "53" : 19,
    "54" : 6,
    "55" : 10,
    "56" : 10,
    "57" : 3,
    "58" : 12,
    "59" : 7,
    "60" : 8,
    "61" : 4,
    "62" : 8,
    "63" : 5,
    "64" : 2,
    "65" : 2,
    "66" : 3,
    "67" : 6,
    "68" : 3,
    "69" : 4,
    "70" : 2,
    "71" : 2,
    "72" : 2,
    "73" : 2,
    "75" : 2,
    "77" : 1,
    "78" : 1,
    "79" : 1,
    "80" : 2,
    "81" : 1,
    "82" : 1,
    "83" : 2,
    "84" : 1,
    "99" : 1,
    "103" : 1
  },
  "mean" : 17.521494009866103,
  "stdDev" : 10.102485214507446
}