{
  "distribution" : {
    "1" : 1,
    "2" : 23,
    "3" : 132,
    "4" : 317,
    "5" : 550,
    "6" : 704,
    "7" : 773,
    "8" : 865,
    "9" : 929,
    "10" : 885,
    "11" : 829,
    "12" : 791,
    "13" : 765,
    "14" : 700,
    "15" : 663,
    "16" : 569,
    "17" : 559,
    "18" : 526,
    "19" : 410,
    "20" : 374,
    "21" : 365,
    "22" : 345,
    "23" : 280,
    "24" : 291,
    "25" : 241,
    "26" : 221,
    "27" : 211,
    "28" : 193,
    "29" : 141,
    "30" : 165,
    "31" : 130,
    "32" : 119,
    "33" : 120,
    "34" : 99,
    "35" : 115,
    "36" : 87,
    "37" : 69,
    "38" : 60,
    "39" : 52,
    "40" : 60,
    "41" : 52,
    "42" : 31,
    "43" : 28,
    "44" : 35,
    "45" : 35,
    "46" : 24,
    "47" : 18,
    "48" : 22,
    "49" : 15,
    "50" : 20,
    "51" : 14,
    "52" : 11,
    "53" : 12,
    "54" : 9,
    "55" : 8,
    "56" : 9,
    "57" : 4,
    "58" : 4,
    "59" : 8,
    "60" : 8,
    "61" : 9,
    "62" : 7,
    "63" : 3,
    "64" : 7,
    "65" : 2,
    "66" : 2,
    "67" : 3,
    "68" : 3,
    "69" : 6,
    "70" : 5,
    "71" : 1,
    "72" : 3,
    "73" : 3,
    "74" : 3,
    "75" : 1,
    "76" : 1,
    "77" : 4,
    "80" : 1,
    "83" : 1,
    "85" : 2,
    "93" : 2
  },
  "mean" : 16.0936366633696,
  "stdDev" : 10.11173737061063
}