{
  "distribution" : {
    "1" : 111,
    "2" : 679,
    "3" : 1201,
    "4" : 1590,
    "5" : 1680,
    "6" : 1594,
    "7" : 1466,
    "8" : 1291,
    "9" : 1155,
    "10" : 971,
    "11" : 814,
    "12" : 760,
    "13" : 586,
    "14" : 509,
    "15" : 485,
    "16" : 360,
    "17" : 313,
    "18" : 259,
    "19" : 216,
    "20" : 196,
    "21" : 162,
    "22" : 142,
    "23" : 123,
    "24" : 71,
    "25" : 76,
    "26" : 62,
    "27" : 51,
    "28" : 61,
    "29" : 42,
    "30" : 33,
    "31" : 26,
    "32" : 26,
    "33" : 15,
    "34" : 21,
    "35" : 14,
    "36" : 10,
    "37" : 10,
    "38" : 8,
    "39" : 9,
    "40" : 13,
    "41" : 4,
    "42" : 6,
    "43" : 7,
    "44" : 2,
    "45" : 2,
    "46" : 1,
    "47" : 4,
    "48" : 2,
    "50" : 1,
    "51" : 2,
    "52" : 1,
    "56" : 1,
    "58" : 1,
    "59" : 2,
    "64" : 1
  },
  "mean" : 9.321776437847866,
  "stdDev" : 6.246210149251804
}