{
  "distribution" : {
    "1" : 4,
    "2" : 163,
    "3" : 606,
    "4" : 988,
    "5" : 1239,
    "6" : 1409,
    "7" : 1293,
    "8" : 1274,
    "9" : 1032,
    "10" : 982,
    "11" : 828,
    "12" : 729,
    "13" : 689,
    "14" : 530,
    "15" : 527,
    "16" : 418,
    "17" : 374,
    "18" : 289,
    "19" : 244,
    "20" : 221,
    "21" : 191,
    "22" : 170,
    "23" : 135,
    "24" : 126,
    "25" : 99,
    "26" : 81,
    "27" : 71,
    "28" : 77,
    "29" : 55,
    "30" : 51,
    "31" : 48,
    "32" : 41,
    "33" : 37,
    "34" : 24,
    "35" : 20,
    "36" : 28,
    "37" : 18,
    "38" : 11,
    "39" : 10,
    "40" : 8,
    "41" : 5,
    "42" : 7,
    "43" : 3,
    "44" : 5,
    "45" : 5,
    "46" : 6,
    "47" : 2,
    "48" : 2,
    "49" : 1,
    "50" : 3,
    "51" : 1,
    "52" : 1,
    "53" : 1,
    "54" : 1,
    "55" : 2,
    "56" : 1,
    "60" : 2,
    "62" : 1,
    "63" : 2,
    "70" : 1,
    "74" : 1
  },
  "mean" : 10.867241492792733,
  "stdDev" : 6.833994236962945
}