{
  "distribution" : {
    "2" : 15,
    "3" : 90,
    "4" : 256,
    "5" : 421,
    "6" : 600,
    "7" : 709,
    "8" : 817,
    "9" : 816,
    "10" : 795,
    "11" : 793,
    "12" : 795,
    "13" : 769,
    "14" : 719,
    "15" : 657,
    "16" : 643,
    "17" : 501,
    "18" : 495,
    "19" : 429,
    "20" : 384,
    "21" : 355,
    "22" : 350,
    "23" : 300,
    "24" : 288,
    "25" : 261,
    "26" : 231,
    "27" : 231,
    "28" : 180,
    "29" : 171,
    "30" : 155,
    "31" : 149,
    "32" : 124,
    "33" : 107,
    "34" : 96,
    "35" : 84,
    "36" : 80,
    "37" : 70,
    "38" : 73,
    "39" : 47,
    "40" : 44,
    "41" : 48,
    "42" : 49,
    "43" : 38,
    "44" : 43,
    "45" : 28,
    "46" : 31,
    "47" : 21,
    "48" : 22,
    "49" : 19,
    "50" : 13,
    "51" : 22,
    "52" : 15,
    "53" : 14,
    "54" : 14,
    "55" : 11,
    "56" : 10,
    "57" : 8,
    "58" : 4,
    "59" : 7,
    "60" : 7,
    "61" : 6,
    "62" : 5,
    "63" : 1,
    "64" : 5,
    "65" : 5,
    "66" : 2,
    "67" : 9,
    "68" : 3,
    "69" : 1,
    "70" : 3,
    "71" : 1,
    "72" : 1,
    "73" : 4,
    "75" : 2,
    "76" : 1,
    "77" : 3,
    "78" : 1,
    "82" : 1,
    "83" : 2,
    "89" : 1,
    "92" : 1,
    "95" : 2,
    "97" : 1,
    "98" : 1,
    "103" : 1
  },
  "mean" : 16.626379653115787,
  "stdDev" : 10.24525711590515
}