{
  "distribution" : {
    "2" : 80,
    "3" : 358,
    "4" : 740,
    "5" : 968,
    "6" : 1210,
    "7" : 1196,
    "8" : 1097,
    "9" : 998,
    "10" : 864,
    "11" : 765,
    "12" : 648,
    "13" : 572,
    "14" : 487,
    "15" : 372,
    "16" : 299,
    "17" : 289,
    "18" : 246,
    "19" : 189,
    "20" : 154,
    "21" : 113,
    "22" : 101,
    "23" : 94,
    "24" : 70,
    "25" : 62,
    "26" : 48,
    "27" : 41,
    "28" : 38,
    "29" : 28,
    "30" : 26,
    "31" : 13,
    "32" : 16,
    "33" : 9,
    "34" : 8,
    "35" : 16,
    "36" : 10,
    "37" : 13,
    "38" : 3,
    "39" : 6,
    "40" : 5,
    "41" : 4,
    "43" : 3,
    "44" : 1,
    "45" : 1,
    "46" : 2,
    "47" : 1,
    "50" : 1,
    "51" : 2,
    "52" : 1,
    "57" : 1,
    "77" : 1
  },
  "mean" : 10.364710676446618,
  "stdDev" : 5.857428841400705
}