{
  "distribution" : {
    "1" : 258,
    "2" : 1072,
    "3" : 1620,
    "4" : 1938,
    "5" : 1927,
    "6" : 1677,
    "7" : 1432,
    "8" : 1278,
    "9" : 1030,
    "10" : 892,
    "11" : 712,
    "12" : 558,
    "13" : 439,
    "14" : 361,
    "15" : 315,
    "16" : 229,
    "17" : 209,
    "18" : 180,
    "19" : 141,
    "20" : 117,
    "21" : 86,
    "22" : 66,
    "23" : 57,
    "24" : 48,
    "25" : 48,
    "26" : 35,
    "27" : 17,
    "28" : 20,
    "29" : 22,
    "30" : 14,
    "31" : 10,
    "32" : 6,
    "33" : 9,
    "34" : 4,
    "35" : 9,
    "36" : 5,
    "37" : 3,
    "39" : 3,
    "40" : 2,
    "41" : 2,
    "44" : 3,
    "45" : 1,
    "46" : 1,
    "52" : 1
  },
  "mean" : 7.750014830634158,
  "stdDev" : 5.133716050758287
}