{
  "distribution" : {
    "2" : 27,
    "3" : 114,
    "4" : 268,
    "5" : 432,
    "6" : 634,
    "7" : 682,
    "8" : 830,
    "9" : 774,
    "10" : 831,
    "11" : 789,
    "12" : 754,
    "13" : 709,
    "14" : 718,
    "15" : 636,
    "16" : 557,
    "17" : 560,
    "18" : 506,
    "19" : 432,
    "20" : 404,
    "21" : 394,
    "22" : 334,
    "23" : 319,
    "24" : 293,
    "25" : 254,
    "26" : 193,
    "27" : 203,
    "28" : 194,
    "29" : 170,
    "30" : 153,
    "31" : 126,
    "32" : 130,
    "33" : 109,
    "34" : 91,
    "35" : 93,
    "36" : 71,
    "37" : 70,
    "38" : 70,
    "39" : 60,
    "40" : 50,
    "41" : 43,
    "42" : 31,
    "43" : 40,
    "44" : 30,
    "45" : 39,
    "46" : 22,
    "47" : 27,
    "48" : 24,
    "49" : 19,
    "50" : 18,
    "51" : 29,
    "52" : 15,
    "53" : 13,
    "54" : 10,
    "55" : 4,
    "56" : 10,
    "57" : 12,
    "58" : 6,
    "59" : 6,
    "60" : 8,
    "61" : 5,
    "62" : 3,
    "63" : 4,
    "64" : 6,
    "65" : 5,
    "66" : 5,
    "67" : 2,
    "69" : 2,
    "70" : 3,
    "71" : 1,
    "72" : 1,
    "73" : 1,
    "74" : 1,
    "75" : 2,
    "76" : 3,
    "78" : 1,
    "79" : 1,
    "81" : 2,
    "82" : 1,
    "87" : 1,
    "88" : 1,
    "91" : 1,
    "98" : 1
  },
  "mean" : 16.517698199130614,
  "stdDev" : 10.145480245825352
}