{
  "distribution" : {
    "2" : 23,
    "3" : 151,
    "4" : 327,
    "5" : 565,
    "6" : 654,
    "7" : 771,
    "8" : 888,
    "9" : 857,
    "10" : 859,
    "11" : 864,
    "12" : 793,
    "13" : 771,
    "14" : 692,
    "15" : 615,
    "16" : 618,
    "17" : 570,
    "18" : 497,
    "19" : 422,
    "20" : 405,
    "21" : 350,
    "22" : 337,
    "23" : 293,
    "24" : 287,
    "25" : 247,
    "26" : 190,
    "27" : 192,
    "28" : 188,
    "29" : 170,
    "30" : 144,
    "31" : 120,
    "32" : 113,
    "33" : 101,
    "34" : 92,
    "35" : 70,
    "36" : 72,
    "37" : 64,
    "38" : 53,
    "39" : 50,
    "40" : 59,
    "41" : 51,
    "42" : 45,
    "43" : 35,
    "44" : 34,
    "45" : 27,
    "46" : 24,
    "47" : 24,
    "48" : 27,
    "49" : 24,
    "50" : 14,
    "51" : 10,
    "52" : 12,
    "53" : 12,
    "54" : 14,
    "55" : 8,
    "56" : 11,
    "57" : 6,
    "58" : 4,
    "59" : 7,
    "60" : 5,
    "61" : 2,
    "62" : 2,
    "63" : 6,
    "64" : 5,
    "65" : 3,
    "66" : 5,
    "67" : 2,
    "68" : 2,
    "69" : 1,
    "71" : 1,
    "72" : 2,
    "73" : 1,
    "74" : 2,
    "75" : 1,
    "76" : 2,
    "78" : 1,
    "79" : 1,
    "82" : 1,
    "84" : 1,
    "95" : 1,
    "98" : 1,
    "99" : 1,
    "109" : 1,
    "113" : 1
  },
  "mean" : 15.925671163349806,
  "stdDev" : 9.942875213698562
}