{
  "distribution" : {
    "1" : 126,
    "2" : 740,
    "3" : 1272,
    "4" : 1613,
    "5" : 1731,
    "6" : 1544,
    "7" : 1408,
    "8" : 1175,
    "9" : 956,
    "10" : 741,
    "11" : 625,
    "12" : 502,
    "13" : 403,
    "14" : 276,
    "15" : 268,
    "16" : 194,
    "17" : 145,
    "18" : 134,
    "19" : 102,
    "20" : 74,
    "21" : 63,
    "22" : 49,
    "23" : 43,
    "24" : 29,
    "25" : 25,
    "26" : 26,
    "27" : 12,
    "28" : 13,
    "29" : 5,
    "30" : 10,
    "31" : 6,
    "32" : 4,
    "33" : 7,
    "34" : 2,
    "35" : 1,
    "36" : 2,
    "37" : 2,
    "38" : 1,
    "39" : 1,
    "40" : 1,
    "42" : 1,
    "46" : 1,
    "48" : 1
  },
  "mean" : 7.677619645597879,
  "stdDev" : 4.689621975396399
}