{
  "distribution" : {
    "1" : 169,
    "2" : 711,
    "3" : 1300,
    "4" : 1525,
    "5" : 1730,
    "6" : 1653,
    "7" : 1434,
    "8" : 1295,
    "9" : 1148,
    "10" : 948,
    "11" : 849,
    "12" : 727,
    "13" : 555,
    "14" : 495,
    "15" : 423,
    "16" : 352,
    "17" : 295,
    "18" : 274,
    "19" : 226,
    "20" : 164,
    "21" : 144,
    "22" : 133,
    "23" : 101,
    "24" : 89,
    "25" : 79,
    "26" : 50,
    "27" : 58,
    "28" : 41,
    "29" : 32,
    "30" : 39,
    "31" : 29,
    "32" : 15,
    "33" : 24,
    "34" : 14,
    "35" : 10,
    "36" : 5,
    "37" : 12,
    "38" : 13,
    "39" : 8,
    "40" : 4,
    "41" : 3,
    "42" : 5,
    "43" : 6,
    "44" : 1,
    "45" : 7,
    "47" : 2,
    "48" : 3,
    "50" : 1,
    "51" : 1,
    "52" : 1,
    "54" : 1,
    "55" : 1
  },
  "mean" : 9.102470212147631,
  "stdDev" : 6.0915778483218945
}