{
  "distribution" : {
    "1" : 311,
    "2" : 1027,
    "3" : 1593,
    "4" : 1786,
    "5" : 1762,
    "6" : 1716,
    "7" : 1558,
    "8" : 1330,
    "9" : 1250,
    "10" : 977,
    "11" : 874,
    "12" : 726,
    "13" : 597,
    "14" : 528,
    "15" : 468,
    "16" : 384,
    "17" : 319,
    "18" : 289,
    "19" : 221,
    "20" : 198,
    "21" : 164,
    "22" : 116,
    "23" : 100,
    "24" : 105,
    "25" : 95,
    "26" : 74,
    "27" : 58,
    "28" : 48,
    "29" : 50,
    "30" : 31,
    "31" : 34,
    "32" : 40,
    "33" : 21,
    "34" : 19,
    "35" : 9,
    "36" : 22,
    "37" : 8,
    "38" : 11,
    "39" : 5,
    "40" : 8,
    "41" : 10,
    "42" : 2,
    "43" : 5,
    "44" : 2,
    "45" : 1,
    "46" : 1,
    "47" : 4,
    "48" : 4,
    "49" : 1,
    "50" : 3,
    "53" : 1,
    "54" : 2,
    "55" : 1,
    "56" : 1
  },
  "mean" : 8.937269372693727,
  "stdDev" : 6.280152530596269
}