{
  "distribution" : {
    "2" : 19,
    "3" : 97,
    "4" : 306,
    "5" : 476,
    "6" : 653,
    "7" : 769,
    "8" : 845,
    "9" : 883,
    "10" : 906,
    "11" : 912,
    "12" : 808,
    "13" : 737,
    "14" : 700,
    "15" : 675,
    "16" : 564,
    "17" : 500,
    "18" : 479,
    "19" : 434,
    "20" : 399,
    "21" : 354,
    "22" : 343,
    "23" : 327,
    "24" : 292,
    "25" : 267,
    "26" : 235,
    "27" : 191,
    "28" : 192,
    "29" : 169,
    "30" : 132,
    "31" : 159,
    "32" : 120,
    "33" : 114,
    "34" : 80,
    "35" : 69,
    "36" : 72,
    "37" : 71,
    "38" : 77,
    "39" : 54,
    "40" : 45,
    "41" : 45,
    "42" : 46,
    "43" : 39,
    "44" : 31,
    "45" : 29,
    "46" : 24,
    "47" : 26,
    "48" : 21,
    "49" : 17,
    "50" : 17,
    "51" : 20,
    "52" : 9,
    "53" : 11,
    "54" : 8,
    "55" : 6,
    "56" : 15,
    "57" : 7,
    "58" : 8,
    "59" : 9,
    "60" : 4,
    "61" : 5,
    "62" : 4,
    "64" : 4,
    "65" : 3,
    "66" : 2,
    "67" : 2,
    "68" : 3,
    "69" : 3,
    "70" : 1,
    "71" : 4,
    "72" : 2,
    "73" : 2,
    "74" : 2,
    "75" : 2,
    "76" : 2,
    "77" : 3,
    "78" : 1,
    "79" : 1,
    "80" : 1,
    "84" : 1,
    "85" : 1,
    "86" : 2,
    "88" : 1,
    "89" : 2,
    "91" : 1,
    "94" : 2,
    "96" : 1,
    "101" : 1
  },
  "mean" : 16.211605235042736,
  "stdDev" : 10.122028154341011
}