{
  "distribution" : {
    "1" : 1,
    "2" : 28,
    "3" : 141,
    "4" : 303,
    "5" : 502,
    "6" : 649,
    "7" : 782,
    "8" : 875,
    "9" : 896,
    "10" : 842,
    "11" : 869,
    "12" : 752,
    "13" : 703,
    "14" : 739,
    "15" : 624,
    "16" : 602,
    "17" : 546,
    "18" : 476,
    "19" : 449,
    "20" : 405,
    "21" : 356,
    "22" : 333,
    "23" : 300,
    "24" : 265,
    "25" : 260,
    "26" : 227,
    "27" : 197,
    "28" : 172,
    "29" : 156,
    "30" : 112,
    "31" : 115,
    "32" : 122,
    "33" : 107,
    "34" : 89,
    "35" : 101,
    "36" : 83,
    "37" : 68,
    "38" : 57,
    "39" : 53,
    "40" : 59,
    "41" : 52,
    "42" : 44,
    "43" : 34,
    "44" : 27,
    "45" : 39,
    "46" : 25,
    "47" : 21,
    "48" : 34,
    "49" : 20,
    "50" : 19,
    "51" : 15,
    "52" : 16,
    "53" : 13,
    "54" : 11,
    "55" : 11,
    "56" : 10,
    "57" : 6,
    "58" : 13,
    "59" : 3,
    "60" : 9,
    "61" : 1,
    "62" : 5,
    "63" : 2,
    "64" : 3,
    "65" : 6,
    "68" : 3,
    "69" : 1,
    "70" : 3,
    "71" : 1,
    "72" : 2,
    "74" : 1,
    "75" : 2,
    "78" : 3,
    "79" : 2,
    "80" : 1,
    "81" : 1,
    "87" : 2,
    "89" : 1
  },
  "mean" : 16.09725769592687,
  "stdDev" : 10.017146918148923
}