{
  "distribution" : {
    "2" : 15,
    "3" : 66,
    "4" : 191,
    "5" : 375,
    "6" : 514,
    "7" : 607,
    "8" : 730,
    "9" : 794,
    "10" : 775,
    "11" : 812,
    "12" : 807,
    "13" : 772,
    "14" : 698,
    "15" : 645,
    "16" : 653,
    "17" : 593,
    "18" : 535,
    "19" : 468,
    "20" : 447,
    "21" : 392,
    "22" : 365,
    "23" : 350,
    "24" : 356,
    "25" : 295,
    "26" : 300,
    "27" : 225,
    "28" : 174,
    "29" : 147,
    "30" : 176,
    "31" : 170,
    "32" : 156,
    "33" : 118,
    "34" : 121,
    "35" : 102,
    "36" : 107,
    "37" : 93,
    "38" : 100,
    "39" : 68,
    "40" : 64,
    "41" : 56,
    "42" : 52,
    "43" : 57,
    "44" : 65,
    "45" : 36,
    "46" : 44,
    "47" : 30,
    "48" : 36,
    "49" : 23,
    "50" : 33,
    "51" : 24,
    "52" : 22,
    "53" : 24,
    "54" : 17,
    "55" : 20,
    "56" : 15,
    "57" : 15,
    "58" : 13,
    "59" : 6,
    "60" : 11,
    "61" : 6,
    "62" : 6,
    "63" : 10,
    "64" : 4,
    "65" : 9,
    "66" : 8,
    "67" : 2,
    "68" : 7,
    "69" : 6,
    "70" : 1,
    "71" : 6,
    "72" : 1,
    "73" : 6,
    "74" : 2,
    "75" : 8,
    "76" : 1,
    "77" : 3,
    "78" : 2,
    "79" : 2,
    "80" : 1,
    "81" : 1,
    "82" : 3,
    "83" : 1,
    "85" : 2,
    "86" : 2,
    "87" : 1,
    "89" : 3,
    "90" : 1,
    "91" : 1,
    "98" : 2,
    "99" : 1,
    "103" : 1,
    "116" : 1
  },
  "mean" : 17.909319899244334,
  "stdDev" : 11.222461819737685
}