{
  "distribution" : {
    "1" : 90,
    "2" : 535,
    "3" : 1105,
    "4" : 1377,
    "5" : 1587,
    "6" : 1566,
    "7" : 1348,
    "8" : 1312,
    "9" : 1144,
    "10" : 949,
    "11" : 856,
    "12" : 711,
    "13" : 647,
    "14" : 486,
    "15" : 434,
    "16" : 354,
    "17" : 303,
    "18" : 260,
    "19" : 211,
    "20" : 188,
    "21" : 141,
    "22" : 159,
    "23" : 121,
    "24" : 96,
    "25" : 86,
    "26" : 72,
    "27" : 41,
    "28" : 39,
    "29" : 46,
    "30" : 34,
    "31" : 29,
    "32" : 27,
    "33" : 22,
    "34" : 14,
    "35" : 10,
    "36" : 16,
    "37" : 15,
    "38" : 11,
    "39" : 7,
    "40" : 7,
    "41" : 5,
    "42" : 4,
    "43" : 2,
    "44" : 7,
    "45" : 5,
    "46" : 2,
    "47" : 2,
    "48" : 1,
    "49" : 1,
    "51" : 2,
    "61" : 1,
    "65" : 1
  },
  "mean" : 9.522105646188368,
  "stdDev" : 6.2382941931523295
}