{
  "distribution" : {
    "1" : 5,
    "2" : 47,
    "3" : 237,
    "4" : 487,
    "5" : 726,
    "6" : 903,
    "7" : 928,
    "8" : 1046,
    "9" : 937,
    "10" : 952,
    "11" : 909,
    "12" : 820,
    "13" : 741,
    "14" : 668,
    "15" : 618,
    "16" : 515,
    "17" : 468,
    "18" : 437,
    "19" : 364,
    "20" : 348,
    "21" : 319,
    "22" : 268,
    "23" : 243,
    "24" : 225,
    "25" : 200,
    "26" : 152,
    "27" : 156,
    "28" : 129,
    "29" : 106,
    "30" : 106,
    "31" : 85,
    "32" : 92,
    "33" : 71,
    "34" : 67,
    "35" : 59,
    "36" : 52,
    "37" : 54,
    "38" : 40,
    "39" : 45,
    "40" : 27,
    "41" : 18,
    "42" : 20,
    "43" : 22,
    "44" : 18,
    "45" : 9,
    "46" : 16,
    "47" : 9,
    "48" : 8,
    "49" : 7,
    "50" : 8,
    "51" : 4,
    "52" : 6,
    "53" : 10,
    "54" : 5,
    "55" : 4,
    "56" : 3,
    "57" : 3,
    "58" : 2,
    "60" : 2,
    "61" : 1,
    "62" : 1,
    "63" : 1,
    "65" : 5,
    "66" : 1,
    "67" : 5,
    "68" : 4,
    "70" : 1,
    "73" : 1,
    "76" : 1,
    "77" : 1,
    "82" : 2,
    "83" : 1,
    "89" : 1
  },
  "mean" : 13.984177215189874,
  "stdDev" : 8.694631204760023
}