{
  "distribution" : {
    "3" : 44,
    "4" : 143,
    "5" : 253,
    "6" : 405,
    "7" : 544,
    "8" : 617,
    "9" : 671,
    "10" : 701,
    "11" : 758,
    "12" : 767,
    "13" : 681,
    "14" : 647,
    "15" : 606,
    "16" : 610,
    "17" : 536,
    "18" : 516,
    "19" : 425,
    "20" : 391,
    "21" : 388,
    "22" : 384,
    "23" : 331,
    "24" : 276,
    "25" : 278,
    "26" : 223,
    "27" : 223,
    "28" : 208,
    "29" : 181,
    "30" : 172,
    "31" : 142,
    "32" : 136,
    "33" : 131,
    "34" : 106,
    "35" : 135,
    "36" : 106,
    "37" : 80,
    "38" : 67,
    "39" : 69,
    "40" : 65,
    "41" : 61,
    "42" : 53,
    "43" : 48,
    "44" : 30,
    "45" : 40,
    "46" : 35,
    "47" : 31,
    "48" : 23,
    "49" : 20,
    "50" : 17,
    "51" : 14,
    "52" : 17,
    "53" : 17,
    "54" : 18,
    "55" : 14,
    "56" : 20,
    "57" : 16,
    "58" : 16,
    "59" : 12,
    "60" : 8,
    "61" : 12,
    "62" : 5,
    "63" : 3,
    "64" : 4,
    "65" : 6,
    "66" : 7,
    "67" : 5,
    "68" : 3,
    "69" : 2,
    "70" : 3,
    "71" : 2,
    "72" : 1,
    "74" : 6,
    "75" : 4,
    "76" : 1,
    "78" : 3,
    "83" : 1,
    "84" : 1,
    "91" : 1,
    "98" : 1,
    "110" : 1,
    "126" : 1
  },
  "mean" : 18.0918449886021,
  "stdDev" : 10.764272415818452
}