{
  "distribution" : {
    "1" : 4,
    "2" : 44,
    "3" : 279,
    "4" : 567,
    "5" : 780,
    "6" : 965,
    "7" : 974,
    "8" : 1081,
    "9" : 959,
    "10" : 944,
    "11" : 909,
    "12" : 860,
    "13" : 669,
    "14" : 681,
    "15" : 538,
    "16" : 532,
    "17" : 495,
    "18" : 413,
    "19" : 364,
    "20" : 367,
    "21" : 292,
    "22" : 256,
    "23" : 232,
    "24" : 193,
    "25" : 188,
    "26" : 151,
    "27" : 125,
    "28" : 130,
    "29" : 109,
    "30" : 98,
    "31" : 78,
    "32" : 76,
    "33" : 46,
    "34" : 59,
    "35" : 52,
    "36" : 50,
    "37" : 39,
    "38" : 43,
    "39" : 39,
    "40" : 23,
    "41" : 33,
    "42" : 18,
    "43" : 20,
    "44" : 16,
    "45" : 17,
    "46" : 12,
    "47" : 9,
    "48" : 11,
    "49" : 5,
    "50" : 6,
    "51" : 5,
    "52" : 10,
    "53" : 2,
    "54" : 5,
    "55" : 7,
    "56" : 3,
    "57" : 3,
    "58" : 4,
    "59" : 1,
    "60" : 3,
    "61" : 3,
    "63" : 1,
    "64" : 1,
    "65" : 1,
    "66" : 1,
    "67" : 1,
    "72" : 1,
    "74" : 1,
    "79" : 1,
    "91" : 1
  },
  "mean" : 13.571917348718637,
  "stdDev" : 8.45412430033332
}