{
  "distribution" : {
    "1" : 216,
    "2" : 772,
    "3" : 1428,
    "4" : 1730,
    "5" : 1711,
    "6" : 1666,
    "7" : 1485,
    "8" : 1342,
    "9" : 1159,
    "10" : 964,
    "11" : 883,
    "12" : 739,
    "13" : 636,
    "14" : 543,
    "15" : 468,
    "16" : 393,
    "17" : 382,
    "18" : 328,
    "19" : 242,
    "20" : 218,
    "21" : 193,
    "22" : 137,
    "23" : 113,
    "24" : 111,
    "25" : 114,
    "26" : 73,
    "27" : 72,
    "28" : 61,
    "29" : 56,
    "30" : 46,
    "31" : 31,
    "32" : 33,
    "33" : 23,
    "34" : 25,
    "35" : 19,
    "36" : 12,
    "37" : 15,
    "38" : 11,
    "39" : 11,
    "40" : 12,
    "41" : 3,
    "42" : 7,
    "43" : 5,
    "44" : 2,
    "45" : 3,
    "46" : 2,
    "47" : 1,
    "48" : 6,
    "49" : 3,
    "52" : 1,
    "53" : 1,
    "54" : 2,
    "56" : 1,
    "65" : 1,
    "92" : 1
  },
  "mean" : 9.40071305099395,
  "stdDev" : 6.525878019685316
}