{
  "distribution" : {
    "1" : 9,
    "2" : 103,
    "3" : 317,
    "4" : 563,
    "5" : 820,
    "6" : 987,
    "7" : 1005,
    "8" : 1060,
    "9" : 1020,
    "10" : 951,
    "11" : 864,
    "12" : 801,
    "13" : 754,
    "14" : 697,
    "15" : 573,
    "16" : 530,
    "17" : 501,
    "18" : 438,
    "19" : 346,
    "20" : 316,
    "21" : 283,
    "22" : 302,
    "23" : 237,
    "24" : 219,
    "25" : 201,
    "26" : 175,
    "27" : 131,
    "28" : 109,
    "29" : 118,
    "30" : 93,
    "31" : 77,
    "32" : 70,
    "33" : 66,
    "34" : 48,
    "35" : 45,
    "36" : 47,
    "37" : 37,
    "38" : 39,
    "39" : 34,
    "40" : 23,
    "41" : 22,
    "42" : 22,
    "43" : 22,
    "44" : 10,
    "45" : 13,
    "46" : 8,
    "47" : 8,
    "48" : 9,
    "49" : 16,
    "50" : 8,
    "51" : 7,
    "52" : 7,
    "53" : 2,
    "54" : 4,
    "55" : 3,
    "56" : 4,
    "57" : 1,
    "58" : 4,
    "59" : 2,
    "60" : 4,
    "61" : 1,
    "62" : 1,
    "64" : 3,
    "66" : 3,
    "68" : 1,
    "79" : 1,
    "81" : 1,
    "82" : 1,
    "84" : 1,
    "90" : 1,
    "116" : 1
  },
  "mean" : 13.454671052631578,
  "stdDev" : 8.462985936006307
}