{
  "distribution" : {
    "3" : 2,
    "4" : 16,
    "5" : 85,
    "6" : 155,
    "7" : 262,
    "8" : 440,
    "9" : 517,
    "10" : 605,
    "11" : 633,
    "12" : 555,
    "13" : 578,
    "14" : 553,
    "15" : 483,
    "16" : 463,
    "17" : 459,
    "18" : 368,
    "19" : 352,
    "20" : 263,
    "21" : 250,
    "22" : 212,
    "23" : 179,
    "24" : 169,
    "25" : 152,
    "26" : 123,
    "27" : 119,
    "28" : 92,
    "29" : 75,
    "30" : 63,
    "31" : 81,
    "32" : 49,
    "33" : 50,
    "34" : 29,
    "35" : 31,
    "36" : 31,
    "37" : 27,
    "38" : 16,
    "39" : 25,
    "40" : 15,
    "41" : 14,
    "42" : 8,
    "43" : 8,
    "44" : 5,
    "45" : 10,
    "46" : 8,
    "47" : 8,
    "48" : 3,
    "49" : 4,
    "50" : 3,
    "51" : 7,
    "52" : 4,
    "54" : 3,
    "56" : 1,
    "58" : 2,
    "60" : 3,
    "62" : 1,
    "63" : 2,
    "70" : 1,
    "76" : 1,
    "94" : 1
  },
  "mean" : 16.035393128890938,
  "stdDev" : 7.619739685397346
}