{
  "distribution" : {
    "1" : 59,
    "2" : 404,
    "3" : 910,
    "4" : 1257,
    "5" : 1427,
    "6" : 1412,
    "7" : 1389,
    "8" : 1300,
    "9" : 1183,
    "10" : 1045,
    "11" : 908,
    "12" : 783,
    "13" : 621,
    "14" : 617,
    "15" : 490,
    "16" : 449,
    "17" : 373,
    "18" : 275,
    "19" : 279,
    "20" : 209,
    "21" : 207,
    "22" : 170,
    "23" : 155,
    "24" : 147,
    "25" : 106,
    "26" : 82,
    "27" : 84,
    "28" : 78,
    "29" : 61,
    "30" : 50,
    "31" : 43,
    "32" : 36,
    "33" : 32,
    "34" : 34,
    "35" : 27,
    "36" : 16,
    "37" : 18,
    "38" : 14,
    "39" : 14,
    "40" : 13,
    "41" : 5,
    "42" : 11,
    "43" : 11,
    "44" : 9,
    "45" : 6,
    "46" : 4,
    "47" : 6,
    "48" : 1,
    "49" : 3,
    "51" : 1,
    "52" : 1,
    "53" : 1,
    "54" : 1,
    "55" : 2,
    "57" : 1,
    "58" : 2,
    "60" : 1,
    "61" : 1,
    "62" : 1,
    "64" : 1,
    "78" : 1
  },
  "mean" : 10.464949249124473,
  "stdDev" : 6.930023929197
}