{
  "distribution" : {
    "2" : 15,
    "3" : 116,
    "4" : 273,
    "5" : 481,
    "6" : 680,
    "7" : 837,
    "8" : 825,
    "9" : 906,
    "10" : 869,
    "11" : 870,
    "12" : 762,
    "13" : 712,
    "14" : 717,
    "15" : 591,
    "16" : 526,
    "17" : 479,
    "18" : 445,
    "19" : 393,
    "20" : 375,
    "21" : 299,
    "22" : 263,
    "23" : 222,
    "24" : 233,
    "25" : 210,
    "26" : 172,
    "27" : 153,
    "28" : 123,
    "29" : 145,
    "30" : 125,
    "31" : 117,
    "32" : 89,
    "33" : 81,
    "34" : 63,
    "35" : 63,
    "36" : 54,
    "37" : 50,
    "38" : 38,
    "39" : 41,
    "40" : 40,
    "41" : 30,
    "42" : 18,
    "43" : 30,
    "44" : 24,
    "45" : 12,
    "46" : 27,
    "47" : 18,
    "48" : 12,
    "49" : 6,
    "50" : 11,
    "51" : 5,
    "52" : 12,
    "53" : 11,
    "54" : 6,
    "55" : 3,
    "56" : 2,
    "57" : 5,
    "58" : 4,
    "60" : 6,
    "62" : 1,
    "63" : 1,
    "64" : 1,
    "66" : 1,
    "67" : 2,
    "68" : 1,
    "72" : 3,
    "73" : 2,
    "74" : 1,
    "75" : 1,
    "77" : 1,
    "78" : 2,
    "79" : 1,
    "90" : 1
  },
  "mean" : 15.04331340236255,
  "stdDev" : 8.987680751845279
}