{
  "distribution" : {
    "0" : 2,
    "1" : 99,
    "2" : 510,
    "3" : 964,
    "4" : 1346,
    "5" : 1396,
    "6" : 1475,
    "7" : 1387,
    "8" : 1287,
    "9" : 1153,
    "10" : 986,
    "11" : 934,
    "12" : 820,
    "13" : 687,
    "14" : 606,
    "15" : 563,
    "16" : 462,
    "17" : 397,
    "18" : 315,
    "19" : 291,
    "20" : 254,
    "21" : 229,
    "22" : 188,
    "23" : 159,
    "24" : 164,
    "25" : 133,
    "26" : 96,
    "27" : 87,
    "28" : 77,
    "29" : 81,
    "30" : 49,
    "31" : 48,
    "32" : 42,
    "33" : 40,
    "34" : 33,
    "35" : 30,
    "36" : 19,
    "37" : 19,
    "38" : 19,
    "39" : 22,
    "40" : 10,
    "41" : 15,
    "42" : 17,
    "43" : 8,
    "44" : 4,
    "45" : 9,
    "46" : 5,
    "47" : 6,
    "48" : 6,
    "49" : 3,
    "50" : 4,
    "51" : 2,
    "52" : 1,
    "53" : 3,
    "55" : 3,
    "57" : 2,
    "58" : 1,
    "59" : 1,
    "61" : 1,
    "62" : 1
  },
  "mean" : 10.612258835581356,
  "stdDev" : 7.177120573703049
}