{
  "distribution" : {
    "1" : 12,
    "2" : 142,
    "3" : 384,
    "4" : 748,
    "5" : 905,
    "6" : 1066,
    "7" : 1133,
    "8" : 1119,
    "9" : 1055,
    "10" : 996,
    "11" : 873,
    "12" : 821,
    "13" : 728,
    "14" : 611,
    "15" : 580,
    "16" : 535,
    "17" : 448,
    "18" : 394,
    "19" : 338,
    "20" : 295,
    "21" : 278,
    "22" : 235,
    "23" : 206,
    "24" : 188,
    "25" : 143,
    "26" : 135,
    "27" : 121,
    "28" : 106,
    "29" : 83,
    "30" : 76,
    "31" : 70,
    "32" : 50,
    "33" : 40,
    "34" : 47,
    "35" : 37,
    "36" : 25,
    "37" : 32,
    "38" : 31,
    "39" : 22,
    "40" : 23,
    "41" : 18,
    "42" : 11,
    "43" : 21,
    "44" : 8,
    "45" : 12,
    "46" : 9,
    "47" : 8,
    "48" : 8,
    "49" : 9,
    "50" : 2,
    "51" : 4,
    "52" : 6,
    "53" : 4,
    "54" : 3,
    "55" : 3,
    "56" : 1,
    "57" : 4,
    "58" : 1,
    "59" : 3,
    "60" : 2,
    "61" : 3,
    "63" : 3,
    "68" : 1,
    "69" : 1,
    "70" : 1,
    "95" : 1
  },
  "mean" : 12.555831915172144,
  "stdDev" : 7.918043719046945
}