{
  "distribution" : {
    "1" : 141,
    "2" : 699,
    "3" : 1243,
    "4" : 1473,
    "5" : 1607,
    "6" : 1555,
    "7" : 1460,
    "8" : 1337,
    "9" : 1127,
    "10" : 1006,
    "11" : 831,
    "12" : 791,
    "13" : 569,
    "14" : 519,
    "15" : 436,
    "16" : 365,
    "17" : 302,
    "18" : 243,
    "19" : 220,
    "20" : 200,
    "21" : 165,
    "22" : 134,
    "23" : 113,
    "24" : 81,
    "25" : 80,
    "26" : 67,
    "27" : 66,
    "28" : 52,
    "29" : 35,
    "30" : 34,
    "31" : 23,
    "32" : 20,
    "33" : 26,
    "34" : 18,
    "35" : 12,
    "36" : 18,
    "37" : 12,
    "38" : 6,
    "39" : 14,
    "40" : 5,
    "41" : 4,
    "42" : 8,
    "43" : 1,
    "44" : 4,
    "45" : 2,
    "46" : 1,
    "47" : 3,
    "48" : 1,
    "50" : 2,
    "51" : 1,
    "52" : 1,
    "54" : 1,
    "55" : 1,
    "56" : 1,
    "67" : 1
  },
  "mean" : 9.322927000058353,
  "stdDev" : 6.22689436779295
}