{
  "distribution" : {
    "1" : 3,
    "2" : 81,
    "3" : 310,
    "4" : 552,
    "5" : 818,
    "6" : 898,
    "7" : 1014,
    "8" : 1061,
    "9" : 989,
    "10" : 926,
    "11" : 913,
    "12" : 815,
    "13" : 783,
    "14" : 688,
    "15" : 645,
    "16" : 563,
    "17" : 535,
    "18" : 459,
    "19" : 406,
    "20" : 340,
    "21" : 329,
    "22" : 324,
    "23" : 282,
    "24" : 221,
    "25" : 233,
    "26" : 196,
    "27" : 183,
    "28" : 144,
    "29" : 163,
    "30" : 110,
    "31" : 107,
    "32" : 82,
    "33" : 83,
    "34" : 73,
    "35" : 57,
    "36" : 64,
    "37" : 57,
    "38" : 51,
    "39" : 32,
    "40" : 41,
    "41" : 41,
    "42" : 24,
    "43" : 26,
    "44" : 37,
    "45" : 24,
    "46" : 23,
    "47" : 23,
    "48" : 9,
    "49" : 15,
    "50" : 11,
    "51" : 10,
    "52" : 9,
    "53" : 13,
    "54" : 11,
    "55" : 11,
    "56" : 4,
    "57" : 7,
    "58" : 11,
    "59" : 1,
    "60" : 5,
    "61" : 3,
    "62" : 1,
    "63" : 4,
    "64" : 3,
    "65" : 1,
    "66" : 4,
    "69" : 1,
    "72" : 1,
    "73" : 1,
    "76" : 1,
    "79" : 1,
    "110" : 1
  },
  "mean" : 14.354584168336673,
  "stdDev" : 9.254724441964996
}