{
  "distribution" : {
    "1" : 1,
    "2" : 47,
    "3" : 253,
    "4" : 512,
    "5" : 677,
    "6" : 869,
    "7" : 1006,
    "8" : 981,
    "9" : 983,
    "10" : 988,
    "11" : 901,
    "12" : 750,
    "13" : 730,
    "14" : 636,
    "15" : 581,
    "16" : 562,
    "17" : 500,
    "18" : 419,
    "19" : 351,
    "20" : 313,
    "21" : 291,
    "22" : 253,
    "23" : 222,
    "24" : 173,
    "25" : 156,
    "26" : 158,
    "27" : 127,
    "28" : 113,
    "29" : 115,
    "30" : 87,
    "31" : 76,
    "32" : 60,
    "33" : 72,
    "34" : 57,
    "35" : 53,
    "36" : 47,
    "37" : 33,
    "38" : 27,
    "39" : 29,
    "40" : 26,
    "41" : 27,
    "42" : 16,
    "43" : 14,
    "44" : 15,
    "45" : 13,
    "46" : 13,
    "47" : 12,
    "48" : 8,
    "49" : 9,
    "50" : 9,
    "51" : 5,
    "52" : 6,
    "53" : 6,
    "54" : 4,
    "55" : 6,
    "56" : 4,
    "57" : 3,
    "58" : 2,
    "59" : 1,
    "60" : 1,
    "61" : 5,
    "62" : 4,
    "63" : 1,
    "67" : 1,
    "69" : 1,
    "72" : 1,
    "77" : 1,
    "81" : 1
  },
  "mean" : 13.605310593455352,
  "stdDev" : 8.336572574754634
}