{
  "distribution" : {
    "1" : 145,
    "2" : 861,
    "3" : 1538,
    "4" : 1865,
    "5" : 1746,
    "6" : 1667,
    "7" : 1416,
    "8" : 1274,
    "9" : 1067,
    "10" : 898,
    "11" : 790,
    "12" : 645,
    "13" : 538,
    "14" : 406,
    "15" : 350,
    "16" : 279,
    "17" : 252,
    "18" : 217,
    "19" : 173,
    "20" : 141,
    "21" : 118,
    "22" : 101,
    "23" : 77,
    "24" : 56,
    "25" : 45,
    "26" : 37,
    "27" : 43,
    "28" : 25,
    "29" : 18,
    "30" : 30,
    "31" : 11,
    "32" : 13,
    "33" : 9,
    "34" : 12,
    "35" : 7,
    "36" : 7,
    "37" : 3,
    "38" : 2,
    "39" : 2,
    "40" : 4,
    "41" : 3,
    "42" : 3,
    "43" : 2,
    "44" : 2,
    "45" : 1,
    "46" : 1,
    "47" : 2,
    "48" : 1,
    "50" : 1,
    "54" : 2,
    "58" : 1
  },
  "mean" : 8.335009167800319,
  "stdDev" : 5.52934648458974
}