{
  "distribution" : {
    "128" : 1,
    "1" : 1,
    "2" : 53,
    "3" : 194,
    "4" : 388,
    "5" : 590,
    "6" : 774,
    "7" : 860,
    "8" : 967,
    "9" : 928,
    "10" : 908,
    "11" : 914,
    "12" : 802,
    "13" : 753,
    "14" : 675,
    "15" : 620,
    "16" : 590,
    "17" : 570,
    "18" : 531,
    "19" : 459,
    "20" : 429,
    "21" : 366,
    "22" : 347,
    "23" : 330,
    "24" : 270,
    "25" : 244,
    "26" : 227,
    "27" : 192,
    "28" : 180,
    "29" : 169,
    "30" : 135,
    "31" : 113,
    "32" : 121,
    "33" : 105,
    "34" : 91,
    "35" : 81,
    "36" : 79,
    "37" : 59,
    "38" : 66,
    "39" : 48,
    "40" : 55,
    "41" : 35,
    "42" : 35,
    "43" : 28,
    "44" : 36,
    "45" : 34,
    "46" : 25,
    "47" : 26,
    "48" : 34,
    "49" : 14,
    "50" : 16,
    "51" : 21,
    "52" : 19,
    "53" : 9,
    "54" : 13,
    "55" : 12,
    "56" : 6,
    "57" : 10,
    "58" : 10,
    "59" : 6,
    "60" : 6,
    "61" : 7,
    "62" : 5,
    "63" : 5,
    "64" : 2,
    "65" : 6,
    "66" : 8,
    "67" : 3,
    "68" : 2,
    "69" : 3,
    "70" : 2,
    "71" : 3,
    "72" : 3,
    "76" : 2,
    "77" : 1,
    "78" : 1,
    "79" : 1,
    "82" : 1,
    "84" : 1,
    "91" : 1,
    "101" : 1
  },
  "mean" : 15.698691066209175,
  "stdDev" : 10.04780210125047
}