{
  "distribution" : {
    "1" : 251,
    "2" : 1000,
    "3" : 1574,
    "4" : 1962,
    "5" : 1906,
    "6" : 1635,
    "7" : 1488,
    "8" : 1331,
    "9" : 1115,
    "10" : 921,
    "11" : 720,
    "12" : 632,
    "13" : 548,
    "14" : 427,
    "15" : 408,
    "16" : 317,
    "17" : 225,
    "18" : 190,
    "19" : 173,
    "20" : 140,
    "21" : 103,
    "22" : 98,
    "23" : 83,
    "24" : 68,
    "25" : 50,
    "26" : 52,
    "27" : 38,
    "28" : 26,
    "29" : 33,
    "30" : 24,
    "31" : 13,
    "32" : 8,
    "33" : 13,
    "34" : 10,
    "35" : 9,
    "36" : 6,
    "37" : 5,
    "38" : 1,
    "39" : 4,
    "40" : 2,
    "41" : 2,
    "42" : 3,
    "43" : 2,
    "44" : 2,
    "46" : 2,
    "47" : 1,
    "49" : 2,
    "51" : 2,
    "52" : 1,
    "54" : 2,
    "57" : 1
  },
  "mean" : 8.216518236995858,
  "stdDev" : 5.565881947988079
}