{
  "distribution" : {
    "1" : 13,
    "2" : 189,
    "3" : 477,
    "4" : 843,
    "5" : 1062,
    "6" : 1237,
    "7" : 1189,
    "8" : 1126,
    "9" : 1068,
    "10" : 948,
    "11" : 941,
    "12" : 834,
    "13" : 722,
    "14" : 689,
    "15" : 541,
    "16" : 498,
    "17" : 406,
    "18" : 368,
    "19" : 302,
    "20" : 284,
    "21" : 256,
    "22" : 210,
    "23" : 164,
    "24" : 165,
    "25" : 156,
    "26" : 95,
    "27" : 103,
    "28" : 85,
    "29" : 90,
    "30" : 78,
    "31" : 59,
    "32" : 53,
    "33" : 35,
    "34" : 37,
    "35" : 38,
    "36" : 34,
    "37" : 29,
    "38" : 22,
    "39" : 14,
    "40" : 25,
    "41" : 13,
    "42" : 17,
    "43" : 7,
    "44" : 5,
    "45" : 15,
    "46" : 10,
    "47" : 8,
    "48" : 2,
    "49" : 4,
    "50" : 6,
    "51" : 10,
    "52" : 2,
    "53" : 1,
    "54" : 2,
    "55" : 1,
    "56" : 2,
    "57" : 3,
    "59" : 2,
    "60" : 1,
    "62" : 1,
    "64" : 1,
    "67" : 1,
    "69" : 1,
    "70" : 1,
    "72" : 2
  },
  "mean" : 11.9567390886368,
  "stdDev" : 7.620054799985164
}