{
  "distribution" : {
    "1" : 606,
    "2" : 1555,
    "3" : 2095,
    "4" : 2266,
    "5" : 1993,
    "6" : 1733,
    "7" : 1513,
    "8" : 1262,
    "9" : 1006,
    "10" : 779,
    "11" : 712,
    "12" : 540,
    "13" : 454,
    "14" : 354,
    "15" : 303,
    "16" : 243,
    "17" : 216,
    "18" : 176,
    "19" : 144,
    "20" : 96,
    "21" : 86,
    "22" : 72,
    "23" : 58,
    "24" : 46,
    "25" : 34,
    "26" : 29,
    "27" : 19,
    "28" : 12,
    "29" : 10,
    "30" : 11,
    "31" : 14,
    "32" : 8,
    "33" : 4,
    "34" : 5,
    "35" : 4,
    "36" : 4,
    "37" : 1,
    "38" : 1,
    "39" : 1,
    "40" : 1,
    "42" : 2,
    "44" : 2,
    "46" : 1,
    "48" : 1
  },
  "mean" : 7.181409701169337,
  "stdDev" : 4.979646169426148
}