{
  "distribution" : {
    "2" : 8,
    "3" : 34,
    "4" : 111,
    "5" : 216,
    "6" : 335,
    "7" : 464,
    "8" : 559,
    "9" : 621,
    "10" : 613,
    "11" : 671,
    "12" : 660,
    "13" : 667,
    "14" : 605,
    "15" : 683,
    "16" : 569,
    "17" : 557,
    "18" : 523,
    "19" : 443,
    "20" : 419,
    "21" : 389,
    "22" : 343,
    "23" : 309,
    "24" : 317,
    "25" : 297,
    "26" : 250,
    "27" : 242,
    "28" : 207,
    "29" : 195,
    "30" : 194,
    "31" : 143,
    "32" : 142,
    "33" : 143,
    "34" : 120,
    "35" : 110,
    "36" : 93,
    "37" : 77,
    "38" : 84,
    "39" : 67,
    "40" : 52,
    "41" : 66,
    "42" : 52,
    "43" : 51,
    "44" : 45,
    "45" : 37,
    "46" : 40,
    "47" : 29,
    "48" : 29,
    "49" : 24,
    "50" : 23,
    "51" : 31,
    "52" : 18,
    "53" : 20,
    "54" : 12,
    "55" : 17,
    "56" : 14,
    "57" : 12,
    "58" : 8,
    "59" : 8,
    "60" : 9,
    "61" : 11,
    "62" : 6,
    "63" : 5,
    "64" : 5,
    "65" : 6,
    "66" : 5,
    "67" : 5,
    "68" : 2,
    "69" : 4,
    "71" : 3,
    "72" : 4,
    "73" : 3,
    "74" : 1,
    "75" : 5,
    "76" : 1,
    "78" : 3,
    "79" : 2,
    "80" : 2,
    "81" : 2,
    "82" : 1,
    "83" : 1,
    "88" : 1,
    "89" : 3,
    "92" : 2,
    "94" : 1,
    "98" : 1,
    "101" : 1
  },
  "mean" : 18.710324394135075,
  "stdDev" : 10.951997272521544
}