{
  "distribution" : {
    "0" : 57,
    "1" : 1521,
    "2" : 2877,
    "3" : 2982,
    "4" : 2680,
    "5" : 2128,
    "6" : 1767,
    "7" : 1303,
    "8" : 980,
    "9" : 704,
    "10" : 587,
    "11" : 460,
    "12" : 359,
    "13" : 267,
    "14" : 169,
    "15" : 118,
    "16" : 112,
    "17" : 67,
    "18" : 70,
    "19" : 47,
    "20" : 45,
    "21" : 21,
    "22" : 17,
    "23" : 14,
    "24" : 13,
    "25" : 3,
    "26" : 6,
    "27" : 2,
    "29" : 2,
    "30" : 6,
    "32" : 4,
    "33" : 1,
    "34" : 1,
    "40" : 1,
    "41" : 1
  },
  "mean" : 5.288624174917492,
  "stdDev" : 3.757484892572383
}