{
  "distribution" : {
    "2" : 13,
    "3" : 68,
    "4" : 176,
    "5" : 309,
    "6" : 467,
    "7" : 564,
    "8" : 668,
    "9" : 665,
    "10" : 772,
    "11" : 739,
    "12" : 726,
    "13" : 732,
    "14" : 699,
    "15" : 653,
    "16" : 620,
    "17" : 598,
    "18" : 481,
    "19" : 446,
    "20" : 428,
    "21" : 407,
    "22" : 384,
    "23" : 326,
    "24" : 276,
    "25" : 287,
    "26" : 265,
    "27" : 226,
    "28" : 221,
    "29" : 202,
    "30" : 175,
    "31" : 154,
    "32" : 143,
    "33" : 135,
    "34" : 103,
    "35" : 88,
    "36" : 105,
    "37" : 85,
    "38" : 83,
    "39" : 78,
    "40" : 61,
    "41" : 65,
    "42" : 58,
    "43" : 47,
    "44" : 48,
    "45" : 41,
    "46" : 33,
    "47" : 33,
    "48" : 38,
    "49" : 21,
    "50" : 28,
    "51" : 20,
    "52" : 21,
    "53" : 13,
    "54" : 14,
    "55" : 16,
    "56" : 17,
    "57" : 11,
    "58" : 14,
    "59" : 10,
    "60" : 12,
    "61" : 2,
    "62" : 5,
    "63" : 4,
    "64" : 7,
    "65" : 6,
    "66" : 4,
    "67" : 5,
    "68" : 3,
    "69" : 3,
    "70" : 4,
    "71" : 6,
    "72" : 1,
    "73" : 2,
    "74" : 2,
    "76" : 4,
    "77" : 3,
    "78" : 2,
    "79" : 3,
    "80" : 4,
    "81" : 1,
    "82" : 2,
    "83" : 1,
    "86" : 1,
    "88" : 3,
    "90" : 1,
    "94" : 1,
    "95" : 1,
    "96" : 1,
    "103" : 1,
    "109" : 1
  },
  "mean" : 18.019758968609864,
  "stdDev" : 10.98326367713127
}