{
  "distribution" : {
    "2" : 3,
    "3" : 38,
    "4" : 154,
    "5" : 305,
    "6" : 432,
    "7" : 576,
    "8" : 660,
    "9" : 752,
    "10" : 727,
    "11" : 705,
    "12" : 738,
    "13" : 712,
    "14" : 640,
    "15" : 622,
    "16" : 615,
    "17" : 530,
    "18" : 499,
    "19" : 453,
    "20" : 386,
    "21" : 395,
    "22" : 375,
    "23" : 355,
    "24" : 304,
    "25" : 301,
    "26" : 227,
    "27" : 220,
    "28" : 191,
    "29" : 168,
    "30" : 185,
    "31" : 155,
    "32" : 141,
    "33" : 116,
    "34" : 126,
    "35" : 125,
    "36" : 96,
    "37" : 78,
    "38" : 71,
    "39" : 67,
    "40" : 64,
    "41" : 50,
    "42" : 50,
    "43" : 47,
    "44" : 47,
    "45" : 40,
    "46" : 32,
    "47" : 38,
    "48" : 35,
    "49" : 21,
    "50" : 23,
    "51" : 17,
    "52" : 16,
    "53" : 17,
    "54" : 19,
    "55" : 13,
    "56" : 9,
    "57" : 11,
    "58" : 9,
    "59" : 15,
    "60" : 9,
    "61" : 7,
    "62" : 7,
    "63" : 2,
    "64" : 5,
    "65" : 8,
    "66" : 2,
    "67" : 10,
    "68" : 6,
    "69" : 5,
    "70" : 1,
    "72" : 1,
    "74" : 5,
    "75" : 2,
    "76" : 3,
    "77" : 3,
    "78" : 1,
    "80" : 4,
    "82" : 1,
    "84" : 1,
    "85" : 1,
    "87" : 2,
    "89" : 2,
    "90" : 1,
    "103" : 1
  },
  "mean" : 17.97432762836186,
  "stdDev" : 10.814202957871982
}