{
  "distribution" : {
    "2" : 107,
    "3" : 425,
    "4" : 656,
    "5" : 858,
    "6" : 1097,
    "7" : 1055,
    "8" : 1094,
    "9" : 995,
    "10" : 1004,
    "11" : 857,
    "12" : 851,
    "13" : 799,
    "14" : 696,
    "15" : 605,
    "16" : 561,
    "17" : 521,
    "18" : 433,
    "19" : 400,
    "20" : 329,
    "21" : 314,
    "22" : 265,
    "23" : 240,
    "24" : 196,
    "25" : 185,
    "26" : 168,
    "27" : 130,
    "28" : 138,
    "29" : 106,
    "30" : 106,
    "31" : 96,
    "32" : 88,
    "33" : 46,
    "34" : 57,
    "35" : 52,
    "36" : 51,
    "37" : 34,
    "38" : 37,
    "39" : 27,
    "40" : 23,
    "41" : 33,
    "42" : 19,
    "43" : 15,
    "44" : 25,
    "45" : 16,
    "46" : 17,
    "47" : 9,
    "48" : 8,
    "49" : 11,
    "50" : 9,
    "51" : 11,
    "52" : 4,
    "53" : 6,
    "54" : 5,
    "55" : 6,
    "56" : 7,
    "57" : 5,
    "59" : 6,
    "60" : 1,
    "61" : 5,
    "62" : 2,
    "63" : 3,
    "64" : 1,
    "65" : 4,
    "70" : 2,
    "71" : 1,
    "73" : 1,
    "74" : 1,
    "75" : 1,
    "76" : 1,
    "79" : 1,
    "81" : 1
  },
  "mean" : 13.373611895351026,
  "stdDev" : 8.614242792660379
}