{
  "distribution" : {
    "1" : 162,
    "2" : 765,
    "3" : 1586,
    "4" : 1770,
    "5" : 1823,
    "6" : 1630,
    "7" : 1424,
    "8" : 1152,
    "9" : 975,
    "10" : 757,
    "11" : 596,
    "12" : 444,
    "13" : 385,
    "14" : 290,
    "15" : 274,
    "16" : 239,
    "17" : 156,
    "18" : 150,
    "19" : 84,
    "20" : 78,
    "21" : 79,
    "22" : 47,
    "23" : 40,
    "24" : 36,
    "25" : 26,
    "26" : 21,
    "27" : 18,
    "28" : 9,
    "29" : 4,
    "30" : 7,
    "31" : 6,
    "32" : 6,
    "33" : 4,
    "34" : 2,
    "35" : 4,
    "37" : 3,
    "38" : 1,
    "40" : 2,
    "43" : 1,
    "44" : 1,
    "45" : 1,
    "52" : 1
  },
  "mean" : 7.5179626801248425,
  "stdDev" : 4.707064313256382
}